[STEP 0]
[ACTION] RESET
[BOARD] 1/1 settled
5 5 5 5 5 5 5 5 5 5 5 5 5 5 5 5 5 5 5 5 5 5 5 5 5 5 5 5 5 5 5 5 5 5 5 5 5 5 5 5 5 5 5 5 5 5 5 5 5 5 5 5 5 5 5 5 5 5 5 5 5 5 5 5
5 5 5 5 5 5 5 5 5 5 5 5 5 5 5 5 5 5 5 5 5 5 5 5 5 5 5 5 5 5 5 5 5 5 5 5 5 5 5 5 5 5 5 5 5 5 5 5 5 5 5 5 5 5 5 5 5 5 5 5 5 5 5 5
5 5 5 5 9 9 9 9 9 9 5 5 8 8 8 8 8 8 5 5 9 9 9 9 9 9 5 5 5 5 5 5 5 5 5 5 5 5 9 9 9 9 9 9 5 5 8 8 8 8 8 8 5 5 9 9 9 9 9 9 5 5 5 5
5 5 5 5 9 9 9 9 9 9 5 5 8 8 8 8 8 8 5 5 9 9 9 9 9 9 5 5 5 5 5 5 5 5 5 5 5 5 9 9 9 9 9 9 5 5 8 8 8 8 8 8 5 5 9 9 9 9 9 9 5 5 5 5
5 5 5 5 9 9 9 9 9 9 5 5 8 8 8 8 8 8 5 5 9 9 9 9 9 9 5 5 5 5 5 5 5 5 5 5 5 5 9 9 9 9 9 9 5 5 8 8 8 8 8 8 5 5 9 9 9 9 9 9 5 5 5 5
5 5 5 5 9 9 9 9 9 9 5 5 8 8 8 8 8 8 5 5 9 9 9 9 9 9 5 5 5 5 5 5 5 5 5 5 5 5 9 9 9 9 9 9 5 5 8 8 8 8 8 8 5 5 9 9 9 9 9 9 5 5 5 5
5 5 5 5 9 9 9 9 9 9 5 5 8 8 8 8 8 8 5 5 9 9 9 9 9 9 5 5 5 5 5 5 5 5 5 5 5 5 9 9 9 9 9 9 5 5 8 8 8 8 8 8 5 5 9 9 9 9 9 9 5 5 5 5
5 5 5 5 9 9 9 9 9 9 5 5 8 8 8 8 8 8 5 5 9 9 9 9 9 9 5 5 5 5 5 5 5 5 5 5 5 5 9 9 9 9 9 9 5 5 8 8 8 8 8 8 5 5 9 9 9 9 9 9 5 5 5 5
5 5 5 5 5 5 5 5 5 5 5 5 5 5 5 5 5 5 5 5 5 5 5 5 5 5 5 5 5 5 5 5 5 5 5 5 5 5 5 5 5 5 5 5 5 5 5 5 5 5 5 5 5 5 5 5 5 5 5 5 5 5 5 5
5 5 5 5 5 5 5 5 5 5 5 5 5 5 5 5 5 5 5 5 5 5 5 5 5 5 5 5 5 5 5 5 5 5 5 5 5 5 5 5 5 5 5 5 5 5 5 5 5 5 5 5 5 5 5 5 5 5 5 5 5 5 5 5
5 5 5 5 8 8 8 8 8 8 5 5 2 2 0 0 2 2 5 5 9 9 9 9 9 9 5 5 5 5 5 5 5 5 5 5 5 5 8 8 8 8 8 8 5 5 2 2 0 0 2 2 5 5 8 8 8 8 8 8 5 5 5 5
5 5 5 5 8 8 8 8 8 8 5 5 2 2 0 0 2 2 5 5 9 9 9 9 9 9 5 5 5 5 5 5 5 5 5 5 5 5 8 8 8 8 8 8 5 5 2 2 0 0 2 2 5 5 8 8 8 8 8 8 5 5 5 5
5 5 5 5 8 8 8 8 8 8 5 5 0 0 8 8 2 2 5 5 9 9 9 9 9 9 5 5 5 5 5 5 5 5 5 5 5 5 8 8 8 8 8 8 5 5 0 0 8 8 0 0 5 5 8 8 8 8 8 8 5 5 5 5
5 5 5 5 8 8 8 8 8 8 5 5 0 0 8 8 2 2 5 5 9 9 9 9 9 9 5 5 5 5 5 5 5 5 5 5 5 5 8 8 8 8 8 8 5 5 0 0 8 8 0 0 5 5 8 8 8 8 8 8 5 5 5 5
5 5 5 5 8 8 8 8 8 8 5 5 2 2 0 0 0 0 5 5 9 9 9 9 9 9 5 5 5 5 5 5 5 5 5 5 5 5 8 8 8 8 8 8 5 5 2 2 0 0 2 2 5 5 8 8 8 8 8 8 5 5 5 5
5 5 5 5 8 8 8 8 8 8 5 5 2 2 0 0 0 0 5 5 9 9 9 9 9 9 5 5 5 5 5 5 5 5 5 5 5 5 8 8 8 8 8 8 5 5 2 2 0 0 2 2 5 5 8 8 8 8 8 8 5 5 5 5
5 5 5 5 5 5 5 5 5 5 5 5 5 5 5 5 5 5 5 5 5 5 5 5 5 5 5 5 5 5 5 5 5 5 5 5 5 5 5 5 5 5 5 5 5 5 5 5 5 5 5 5 5 5 5 5 5 5 5 5 5 5 5 5
5 5 5 5 5 5 5 5 5 5 5 5 5 5 5 5 5 5 5 5 5 5 5 5 5 5 5 5 5 5 5 5 5 5 5 5 5 5 5 5 5 5 5 5 5 5 5 5 5 5 5 5 5 5 5 5 5 5 5 5 5 5 5 5
5 5 5 5 9 9 9 9 9 9 5 5 8 8 8 8 8 8 5 5 8 8 8 8 8 8 5 5 5 5 5 5 5 5 5 5 5 5 9 9 9 9 9 9 5 5 8 8 8 8 8 8 5 5 9 9 9 9 9 9 5 5 5 5
5 5 5 5 9 9 9 9 9 9 5 5 8 8 8 8 8 8 5 5 8 8 8 8 8 8 5 5 5 5 5 5 5 5 5 5 5 5 9 9 9 9 9 9 5 5 8 8 8 8 8 8 5 5 9 9 9 9 9 9 5 5 5 5
5 5 5 5 9 9 9 9 9 9 5 5 8 8 8 8 8 8 5 5 8 8 8 8 8 8 5 5 5 5 5 5 5 5 5 5 5 5 9 9 9 9 9 9 5 5 8 8 8 8 8 8 5 5 9 9 9 9 9 9 5 5 5 5
5 5 5 5 9 9 9 9 9 9 5 5 8 8 8 8 8 8 5 5 8 8 8 8 8 8 5 5 5 5 5 5 5 5 5 5 5 5 9 9 9 9 9 9 5 5 8 8 8 8 8 8 5 5 9 9 9 9 9 9 5 5 5 5
5 5 5 5 9 9 9 9 9 9 5 5 8 8 8 8 8 8 5 5 8 8 8 8 8 8 5 5 5 5 5 5 5 5 5 5 5 5 9 9 9 9 9 9 5 5 8 8 8 8 8 8 5 5 9 9 9 9 9 9 5 5 5 5
5 5 5 5 9 9 9 9 9 9 5 5 8 8 8 8 8 8 5 5 8 8 8 8 8 8 5 5 5 5 5 5 5 5 5 5 5 5 9 9 9 9 9 9 5 5 8 8 8 8 8 8 5 5 9 9 9 9 9 9 5 5 5 5
5 5 5 5 5 5 5 5 5 5 5 5 5 5 5 5 5 5 5 5 5 5 5 5 5 5 5 5 5 5 5 5 5 5 5 5 5 5 5 5 5 5 5 5 5 5 5 5 5 5 5 5 5 5 5 5 5 5 5 5 5 5 5 5
5 5 5 5 5 5 5 5 5 5 5 5 5 5 5 5 5 5 5 5 5 5 5 5 5 5 5 5 5 5 5 5 5 5 5 5 5 5 5 5 5 5 5 5 5 5 5 5 5 5 5 5 5 5 5 5 5 5 5 5 5 5 5 5
5 5 5 5 5 5 5 5 5 5 5 5 5 5 5 5 5 5 5 5 5 5 5 5 5 5 5 5 5 5 5 5 5 5 5 5 5 5 5 5 5 5 5 5 5 5 5 5 5 5 5 5 5 5 5 5 5 5 5 5 5 5 5 5
5 5 5 5 5 5 5 5 5 5 5 5 5 5 5 5 5 5 5 5 5 5 5 5 5 5 5 5 5 5 5 5 5 5 5 5 5 5 5 5 5 5 5 5 5 5 5 5 5 5 5 5 5 5 5 5 5 5 5 5 5 5 5 5
5 5 5 5 5 5 5 5 5 5 5 5 5 5 5 5 5 5 5 5 5 5 5 5 5 5 5 5 5 5 5 5 5 5 5 5 5 5 5 5 5 5 5 5 5 5 5 5 5 5 5 5 5 5 5 5 5 5 5 5 5 5 5 5
5 5 5 5 5 5 5 5 5 5 5 5 5 5 5 5 5 5 5 5 5 5 5 5 5 5 5 5 5 5 5 5 5 5 5 5 5 5 5 5 5 5 5 5 5 5 5 5 5 5 5 5 5 5 5 5 5 5 5 5 5 5 5 5
5 5 5 5 5 5 5 5 5 5 5 5 5 5 5 5 5 5 5 5 5 5 5 5 5 5 5 5 5 5 5 5 5 5 5 5 5 5 5 5 5 5 5 5 5 5 5 5 5 5 5 5 5 5 5 5 5 5 5 5 5 5 5 5
5 5 5 5 5 5 5 5 5 5 5 5 5 5 5 5 5 5 5 5 5 5 5 5 5 5 5 5 5 5 5 5 5 5 5 5 5 5 5 5 5 5 5 5 5 5 5 5 5 5 5 5 5 5 5 5 5 5 5 5 5 5 5 5
5 5 5 5 5 5 5 5 5 5 5 5 5 5 5 5 5 5 5 5 5 5 5 5 5 5 5 5 5 5 5 5 2 2 2 2 2 2 4 4 4 4 4 4 4 4 4 4 4 4 4 4 4 4 4 4 2 2 2 2 2 2 5 5
5 5 5 5 5 5 5 5 5 5 5 5 5 5 5 5 5 5 5 5 5 5 5 5 5 5 5 5 5 5 5 5 2 2 2 2 2 2 4 4 4 4 4 4 4 4 4 4 4 4 4 4 4 4 4 4 2 2 2 2 2 2 5 5
5 5 5 5 5 5 5 5 5 5 5 5 5 5 5 5 5 5 5 5 5 5 5 5 5 5 5 5 5 5 5 5 2 2 4 4 4 4 4 4 4 4 4 4 4 4 4 4 4 4 4 4 4 4 4 4 4 4 4 4 2 2 5 5
5 5 5 5 5 5 5 5 5 5 5 5 5 5 5 5 5 5 5 5 5 5 5 5 5 5 5 5 5 5 5 5 2 2 4 4 4 4 4 4 4 4 4 4 4 4 4 4 4 4 4 4 4 4 4 4 4 4 4 4 2 2 5 5
5 5 5 5 8 8 8 8 8 8 5 5 9 9 9 9 9 9 5 5 9 9 9 9 9 9 5 5 5 5 5 5 2 2 4 4 9 9 9 9 9 9 4 4 9 9 9 9 9 9 4 4 9 9 9 9 9 9 4 4 2 2 5 5
5 5 5 5 8 8 8 8 8 8 5 5 9 9 9 9 9 9 5 5 9 9 9 9 9 9 5 5 5 5 5 5 2 2 4 4 9 9 9 9 9 9 4 4 9 9 9 9 9 9 4 4 9 9 9 9 9 9 4 4 2 2 5 5
5 5 5 5 8 8 8 8 8 8 5 5 9 9 9 9 9 9 5 5 9 9 9 9 9 9 5 5 5 5 5 5 4 4 4 4 9 9 9 9 9 9 4 4 9 9 9 9 9 9 4 4 9 9 9 9 9 9 4 4 4 4 5 5
5 5 5 5 8 8 8 8 8 8 5 5 9 9 9 9 9 9 5 5 9 9 9 9 9 9 5 5 5 5 5 5 4 4 4 4 9 9 9 9 9 9 4 4 9 9 9 9 9 9 4 4 9 9 9 9 9 9 4 4 4 4 5 5
5 5 5 5 8 8 8 8 8 8 5 5 9 9 9 9 9 9 5 5 9 9 9 9 9 9 5 5 5 5 5 5 4 4 4 4 9 9 9 9 9 9 4 4 9 9 9 9 9 9 4 4 9 9 9 9 9 9 4 4 4 4 5 5
5 5 5 5 8 8 8 8 8 8 5 5 9 9 9 9 9 9 5 5 9 9 9 9 9 9 5 5 5 5 5 5 4 4 4 4 9 9 9 9 9 9 4 4 9 9 9 9 9 9 4 4 9 9 9 9 9 9 4 4 4 4 5 5
5 5 5 5 5 5 5 5 5 5 5 5 5 5 5 5 5 5 5 5 5 5 5 5 5 5 5 5 5 5 5 5 4 4 4 4 4 4 4 4 4 4 4 4 4 4 4 4 4 4 4 4 4 4 4 4 4 4 4 4 4 4 5 5
5 5 5 5 5 5 5 5 5 5 5 5 5 5 5 5 5 5 5 5 5 5 5 5 5 5 5 5 5 5 5 5 4 4 4 4 4 4 4 4 4 4 4 4 4 4 4 4 4 4 4 4 4 4 4 4 4 4 4 4 4 4 5 5
5 5 5 5 8 8 8 8 8 8 5 5 0 0 2 2 2 2 5 5 8 8 8 8 8 8 5 5 5 5 5 5 4 4 4 4 9 9 9 9 9 9 4 4 0 0 2 2 2 2 4 4 9 9 9 9 9 9 4 4 4 4 5 5
5 5 5 5 8 8 8 8 8 8 5 5 0 0 2 2 2 2 5 5 8 8 8 8 8 8 5 5 5 5 5 5 4 4 4 4 9 9 9 9 9 9 4 4 0 0 2 2 2 2 4 4 9 9 9 9 9 9 4 4 4 4 5 5
5 5 5 5 8 8 8 8 8 8 5 5 0 0 8 8 0 0 5 5 8 8 8 8 8 8 5 5 5 5 5 5 4 4 4 4 9 9 9 9 9 9 4 4 0 0 8 8 0 0 4 4 9 9 9 9 9 9 4 4 4 4 5 5
5 5 5 5 8 8 8 8 8 8 5 5 0 0 8 8 0 0 5 5 8 8 8 8 8 8 5 5 5 5 5 5 4 4 4 4 9 9 9 9 9 9 4 4 0 0 8 8 0 0 4 4 9 9 9 9 9 9 4 4 4 4 5 5
5 5 5 5 8 8 8 8 8 8 5 5 2 2 2 2 0 0 5 5 8 8 8 8 8 8 5 5 5 5 5 5 4 4 4 4 9 9 9 9 9 9 4 4 0 0 2 2 2 2 4 4 9 9 9 9 9 9 4 4 4 4 5 5
5 5 5 5 8 8 8 8 8 8 5 5 2 2 2 2 0 0 5 5 8 8 8 8 8 8 5 5 5 5 5 5 4 4 4 4 9 9 9 9 9 9 4 4 0 0 2 2 2 2 4 4 9 9 9 9 9 9 4 4 4 4 5 5
5 5 5 5 5 5 5 5 5 5 5 5 5 5 5 5 5 5 5 5 5 5 5 5 5 5 5 5 5 5 5 5 4 4 4 4 4 4 4 4 4 4 4 4 4 4 4 4 4 4 4 4 4 4 4 4 4 4 4 4 4 4 5 5
5 5 5 5 5 5 5 5 5 5 5 5 5 5 5 5 5 5 5 5 5 5 5 5 5 5 5 5 5 5 5 5 4 4 4 4 4 4 4 4 4 4 4 4 4 4 4 4 4 4 4 4 4 4 4 4 4 4 4 4 4 4 5 5
5 5 5 5 9 9 9 9 9 9 5 5 9 9 9 9 9 9 5 5 8 8 8 8 8 8 5 5 5 5 5 5 4 4 4 4 9 9 9 9 9 9 4 4 9 9 9 9 9 9 4 4 9 9 9 9 9 9 4 4 4 4 5 5
5 5 5 5 9 9 9 9 9 9 5 5 9 9 9 9 9 9 5 5 8 8 8 8 8 8 5 5 5 5 5 5 4 4 4 4 9 9 9 9 9 9 4 4 9 9 9 9 9 9 4 4 9 9 9 9 9 9 4 4 4 4 5 5
5 5 5 5 9 9 9 9 9 9 5 5 9 9 9 9 9 9 5 5 8 8 8 8 8 8 5 5 5 5 5 5 4 4 4 4 9 9 9 9 9 9 4 4 9 9 9 9 9 9 4 4 9 9 9 9 9 9 4 4 4 4 5 5
5 5 5 5 9 9 9 9 9 9 5 5 9 9 9 9 9 9 5 5 8 8 8 8 8 8 5 5 5 5 5 5 4 4 4 4 9 9 9 9 9 9 4 4 9 9 9 9 9 9 4 4 9 9 9 9 9 9 4 4 4 4 5 5
5 5 5 5 9 9 9 9 9 9 5 5 9 9 9 9 9 9 5 5 8 8 8 8 8 8 5 5 5 5 5 5 2 2 4 4 9 9 9 9 9 9 4 4 9 9 9 9 9 9 4 4 9 9 9 9 9 9 4 4 2 2 5 5
5 5 5 5 9 9 9 9 9 9 5 5 9 9 9 9 9 9 5 5 8 8 8 8 8 8 5 5 5 5 5 5 2 2 4 4 9 9 9 9 9 9 4 4 9 9 9 9 9 9 4 4 9 9 9 9 9 9 4 4 2 2 5 5
5 5 5 5 5 5 5 5 5 5 5 5 5 5 5 5 5 5 5 5 5 5 5 5 5 5 5 5 5 5 5 5 2 2 4 4 4 4 4 4 4 4 4 4 4 4 4 4 4 4 4 4 4 4 4 4 4 4 4 4 2 2 5 5
5 5 5 5 5 5 5 5 5 5 5 5 5 5 5 5 5 5 5 5 5 5 5 5 5 5 5 5 5 5 5 5 2 2 4 4 4 4 4 4 4 4 4 4 4 4 4 4 4 4 4 4 4 4 4 4 4 4 4 4 2 2 5 5
5 5 5 5 5 5 5 5 5 5 5 5 5 5 5 5 5 5 5 5 5 5 5 5 5 5 5 5 5 5 5 5 2 2 2 2 2 2 4 4 4 4 4 4 4 4 4 4 4 4 4 4 4 4 4 4 2 2 2 2 2 2 5 5
5 5 5 5 5 5 5 5 5 5 5 5 5 5 5 5 5 5 5 5 5 5 5 5 5 5 5 5 5 5 5 5 2 2 2 2 2 2 4 4 4 4 4 4 4 4 4 4 4 4 4 4 4 4 4 4 2 2 2 2 2 2 5 5
5 5 5 5 5 5 5 5 5 5 5 5 5 5 5 5 5 5 5 5 5 5 5 5 5 5 5 5 5 5 5 5 5 5 5 5 5 5 5 5 5 5 5 5 5 5 5 5 5 5 5 5 5 5 5 5 5 5 5 5 5 5 5 5
12 12 12 12 12 12 12 12 12 12 12 12 12 12 12 12 12 12 12 12 12 12 12 12 12 12 12 12 12 12 12 12 12 12 12 12 12 12 12 12 12 12 12 12 12 12 12 12 12 12 12 12 12 12 12 12 12 12 12 12 12 12 12 12
[LEVELS] 0/6
[STATE] NOT_FINISHED
[AVAILABLE] ACTION6

[PLAN] invocation 1
Probe the active top-left tile, which the center micro-map identifies as color 8, to verify that ACTION6 changes an outer tile from 9 to 8.
plan: ACTION6(x=38,y=38)
[END PLAN]

[STEP 1]
[ACTION] ACTION6 x=38 y=38
[BOARD] 1/1 settled
5 5 5 5 5 5 5 5 5 5 5 5 5 5 5 5 5 5 5 5 5 5 5 5 5 5 5 5 5 5 5 5 5 5 5 5 5 5 5 5 5 5 5 5 5 5 5 5 5 5 5 5 5 5 5 5 5 5 5 5 5 5 5 5
5 5 5 5 5 5 5 5 5 5 5 5 5 5 5 5 5 5 5 5 5 5 5 5 5 5 5 5 5 5 5 5 5 5 5 5 5 5 5 5 5 5 5 5 5 5 5 5 5 5 5 5 5 5 5 5 5 5 5 5 5 5 5 5
5 5 5 5 9 9 9 9 9 9 5 5 8 8 8 8 8 8 5 5 9 9 9 9 9 9 5 5 5 5 5 5 5 5 5 5 5 5 9 9 9 9 9 9 5 5 8 8 8 8 8 8 5 5 9 9 9 9 9 9 5 5 5 5
5 5 5 5 9 9 9 9 9 9 5 5 8 8 8 8 8 8 5 5 9 9 9 9 9 9 5 5 5 5 5 5 5 5 5 5 5 5 9 9 9 9 9 9 5 5 8 8 8 8 8 8 5 5 9 9 9 9 9 9 5 5 5 5
5 5 5 5 9 9 9 9 9 9 5 5 8 8 8 8 8 8 5 5 9 9 9 9 9 9 5 5 5 5 5 5 5 5 5 5 5 5 9 9 9 9 9 9 5 5 8 8 8 8 8 8 5 5 9 9 9 9 9 9 5 5 5 5
5 5 5 5 9 9 9 9 9 9 5 5 8 8 8 8 8 8 5 5 9 9 9 9 9 9 5 5 5 5 5 5 5 5 5 5 5 5 9 9 9 9 9 9 5 5 8 8 8 8 8 8 5 5 9 9 9 9 9 9 5 5 5 5
5 5 5 5 9 9 9 9 9 9 5 5 8 8 8 8 8 8 5 5 9 9 9 9 9 9 5 5 5 5 5 5 5 5 5 5 5 5 9 9 9 9 9 9 5 5 8 8 8 8 8 8 5 5 9 9 9 9 9 9 5 5 5 5
5 5 5 5 9 9 9 9 9 9 5 5 8 8 8 8 8 8 5 5 9 9 9 9 9 9 5 5 5 5 5 5 5 5 5 5 5 5 9 9 9 9 9 9 5 5 8 8 8 8 8 8 5 5 9 9 9 9 9 9 5 5 5 5
5 5 5 5 5 5 5 5 5 5 5 5 5 5 5 5 5 5 5 5 5 5 5 5 5 5 5 5 5 5 5 5 5 5 5 5 5 5 5 5 5 5 5 5 5 5 5 5 5 5 5 5 5 5 5 5 5 5 5 5 5 5 5 5
5 5 5 5 5 5 5 5 5 5 5 5 5 5 5 5 5 5 5 5 5 5 5 5 5 5 5 5 5 5 5 5 5 5 5 5 5 5 5 5 5 5 5 5 5 5 5 5 5 5 5 5 5 5 5 5 5 5 5 5 5 5 5 5
5 5 5 5 8 8 8 8 8 8 5 5 2 2 0 0 2 2 5 5 9 9 9 9 9 9 5 5 5 5 5 5 5 5 5 5 5 5 8 8 8 8 8 8 5 5 2 2 0 0 2 2 5 5 8 8 8 8 8 8 5 5 5 5
5 5 5 5 8 8 8 8 8 8 5 5 2 2 0 0 2 2 5 5 9 9 9 9 9 9 5 5 5 5 5 5 5 5 5 5 5 5 8 8 8 8 8 8 5 5 2 2 0 0 2 2 5 5 8 8 8 8 8 8 5 5 5 5
5 5 5 5 8 8 8 8 8 8 5 5 0 0 8 8 2 2 5 5 9 9 9 9 9 9 5 5 5 5 5 5 5 5 5 5 5 5 8 8 8 8 8 8 5 5 0 0 8 8 0 0 5 5 8 8 8 8 8 8 5 5 5 5
5 5 5 5 8 8 8 8 8 8 5 5 0 0 8 8 2 2 5 5 9 9 9 9 9 9 5 5 5 5 5 5 5 5 5 5 5 5 8 8 8 8 8 8 5 5 0 0 8 8 0 0 5 5 8 8 8 8 8 8 5 5 5 5
5 5 5 5 8 8 8 8 8 8 5 5 2 2 0 0 0 0 5 5 9 9 9 9 9 9 5 5 5 5 5 5 5 5 5 5 5 5 8 8 8 8 8 8 5 5 2 2 0 0 2 2 5 5 8 8 8 8 8 8 5 5 5 5
5 5 5 5 8 8 8 8 8 8 5 5 2 2 0 0 0 0 5 5 9 9 9 9 9 9 5 5 5 5 5 5 5 5 5 5 5 5 8 8 8 8 8 8 5 5 2 2 0 0 2 2 5 5 8 8 8 8 8 8 5 5 5 5
5 5 5 5 5 5 5 5 5 5 5 5 5 5 5 5 5 5 5 5 5 5 5 5 5 5 5 5 5 5 5 5 5 5 5 5 5 5 5 5 5 5 5 5 5 5 5 5 5 5 5 5 5 5 5 5 5 5 5 5 5 5 5 5
5 5 5 5 5 5 5 5 5 5 5 5 5 5 5 5 5 5 5 5 5 5 5 5 5 5 5 5 5 5 5 5 5 5 5 5 5 5 5 5 5 5 5 5 5 5 5 5 5 5 5 5 5 5 5 5 5 5 5 5 5 5 5 5
5 5 5 5 9 9 9 9 9 9 5 5 8 8 8 8 8 8 5 5 8 8 8 8 8 8 5 5 5 5 5 5 5 5 5 5 5 5 9 9 9 9 9 9 5 5 8 8 8 8 8 8 5 5 9 9 9 9 9 9 5 5 5 5
5 5 5 5 9 9 9 9 9 9 5 5 8 8 8 8 8 8 5 5 8 8 8 8 8 8 5 5 5 5 5 5 5 5 5 5 5 5 9 9 9 9 9 9 5 5 8 8 8 8 8 8 5 5 9 9 9 9 9 9 5 5 5 5
5 5 5 5 9 9 9 9 9 9 5 5 8 8 8 8 8 8 5 5 8 8 8 8 8 8 5 5 5 5 5 5 5 5 5 5 5 5 9 9 9 9 9 9 5 5 8 8 8 8 8 8 5 5 9 9 9 9 9 9 5 5 5 5
5 5 5 5 9 9 9 9 9 9 5 5 8 8 8 8 8 8 5 5 8 8 8 8 8 8 5 5 5 5 5 5 5 5 5 5 5 5 9 9 9 9 9 9 5 5 8 8 8 8 8 8 5 5 9 9 9 9 9 9 5 5 5 5
5 5 5 5 9 9 9 9 9 9 5 5 8 8 8 8 8 8 5 5 8 8 8 8 8 8 5 5 5 5 5 5 5 5 5 5 5 5 9 9 9 9 9 9 5 5 8 8 8 8 8 8 5 5 9 9 9 9 9 9 5 5 5 5
5 5 5 5 9 9 9 9 9 9 5 5 8 8 8 8 8 8 5 5 8 8 8 8 8 8 5 5 5 5 5 5 5 5 5 5 5 5 9 9 9 9 9 9 5 5 8 8 8 8 8 8 5 5 9 9 9 9 9 9 5 5 5 5
5 5 5 5 5 5 5 5 5 5 5 5 5 5 5 5 5 5 5 5 5 5 5 5 5 5 5 5 5 5 5 5 5 5 5 5 5 5 5 5 5 5 5 5 5 5 5 5 5 5 5 5 5 5 5 5 5 5 5 5 5 5 5 5
5 5 5 5 5 5 5 5 5 5 5 5 5 5 5 5 5 5 5 5 5 5 5 5 5 5 5 5 5 5 5 5 5 5 5 5 5 5 5 5 5 5 5 5 5 5 5 5 5 5 5 5 5 5 5 5 5 5 5 5 5 5 5 5
5 5 5 5 5 5 5 5 5 5 5 5 5 5 5 5 5 5 5 5 5 5 5 5 5 5 5 5 5 5 5 5 5 5 5 5 5 5 5 5 5 5 5 5 5 5 5 5 5 5 5 5 5 5 5 5 5 5 5 5 5 5 5 5
5 5 5 5 5 5 5 5 5 5 5 5 5 5 5 5 5 5 5 5 5 5 5 5 5 5 5 5 5 5 5 5 5 5 5 5 5 5 5 5 5 5 5 5 5 5 5 5 5 5 5 5 5 5 5 5 5 5 5 5 5 5 5 5
5 5 5 5 5 5 5 5 5 5 5 5 5 5 5 5 5 5 5 5 5 5 5 5 5 5 5 5 5 5 5 5 5 5 5 5 5 5 5 5 5 5 5 5 5 5 5 5 5 5 5 5 5 5 5 5 5 5 5 5 5 5 5 5
5 5 5 5 5 5 5 5 5 5 5 5 5 5 5 5 5 5 5 5 5 5 5 5 5 5 5 5 5 5 5 5 5 5 5 5 5 5 5 5 5 5 5 5 5 5 5 5 5 5 5 5 5 5 5 5 5 5 5 5 5 5 5 5
5 5 5 5 5 5 5 5 5 5 5 5 5 5 5 5 5 5 5 5 5 5 5 5 5 5 5 5 5 5 5 5 5 5 5 5 5 5 5 5 5 5 5 5 5 5 5 5 5 5 5 5 5 5 5 5 5 5 5 5 5 5 5 5
5 5 5 5 5 5 5 5 5 5 5 5 5 5 5 5 5 5 5 5 5 5 5 5 5 5 5 5 5 5 5 5 5 5 5 5 5 5 5 5 5 5 5 5 5 5 5 5 5 5 5 5 5 5 5 5 5 5 5 5 5 5 5 5
5 5 5 5 5 5 5 5 5 5 5 5 5 5 5 5 5 5 5 5 5 5 5 5 5 5 5 5 5 5 5 5 2 2 2 2 2 2 4 4 4 4 4 4 4 4 4 4 4 4 4 4 4 4 4 4 2 2 2 2 2 2 5 5
5 5 5 5 5 5 5 5 5 5 5 5 5 5 5 5 5 5 5 5 5 5 5 5 5 5 5 5 5 5 5 5 2 2 2 2 2 2 4 4 4 4 4 4 4 4 4 4 4 4 4 4 4 4 4 4 2 2 2 2 2 2 5 5
5 5 5 5 5 5 5 5 5 5 5 5 5 5 5 5 5 5 5 5 5 5 5 5 5 5 5 5 5 5 5 5 2 2 4 4 4 4 4 4 4 4 4 4 4 4 4 4 4 4 4 4 4 4 4 4 4 4 4 4 2 2 5 5
5 5 5 5 5 5 5 5 5 5 5 5 5 5 5 5 5 5 5 5 5 5 5 5 5 5 5 5 5 5 5 5 2 2 4 4 4 4 4 4 4 4 4 4 4 4 4 4 4 4 4 4 4 4 4 4 4 4 4 4 2 2 5 5
5 5 5 5 8 8 8 8 8 8 5 5 9 9 9 9 9 9 5 5 9 9 9 9 9 9 5 5 5 5 5 5 2 2 4 4 8 8 8 8 8 8 4 4 9 9 9 9 9 9 4 4 9 9 9 9 9 9 4 4 2 2 5 5
5 5 5 5 8 8 8 8 8 8 5 5 9 9 9 9 9 9 5 5 9 9 9 9 9 9 5 5 5 5 5 5 2 2 4 4 8 8 8 8 8 8 4 4 9 9 9 9 9 9 4 4 9 9 9 9 9 9 4 4 2 2 5 5
5 5 5 5 8 8 8 8 8 8 5 5 9 9 9 9 9 9 5 5 9 9 9 9 9 9 5 5 5 5 5 5 4 4 4 4 8 8 8 8 8 8 4 4 9 9 9 9 9 9 4 4 9 9 9 9 9 9 4 4 4 4 5 5
5 5 5 5 8 8 8 8 8 8 5 5 9 9 9 9 9 9 5 5 9 9 9 9 9 9 5 5 5 5 5 5 4 4 4 4 8 8 8 8 8 8 4 4 9 9 9 9 9 9 4 4 9 9 9 9 9 9 4 4 4 4 5 5
5 5 5 5 8 8 8 8 8 8 5 5 9 9 9 9 9 9 5 5 9 9 9 9 9 9 5 5 5 5 5 5 4 4 4 4 8 8 8 8 8 8 4 4 9 9 9 9 9 9 4 4 9 9 9 9 9 9 4 4 4 4 5 5
5 5 5 5 8 8 8 8 8 8 5 5 9 9 9 9 9 9 5 5 9 9 9 9 9 9 5 5 5 5 5 5 4 4 4 4 8 8 8 8 8 8 4 4 9 9 9 9 9 9 4 4 9 9 9 9 9 9 4 4 4 4 5 5
5 5 5 5 5 5 5 5 5 5 5 5 5 5 5 5 5 5 5 5 5 5 5 5 5 5 5 5 5 5 5 5 4 4 4 4 4 4 4 4 4 4 4 4 4 4 4 4 4 4 4 4 4 4 4 4 4 4 4 4 4 4 5 5
5 5 5 5 5 5 5 5 5 5 5 5 5 5 5 5 5 5 5 5 5 5 5 5 5 5 5 5 5 5 5 5 4 4 4 4 4 4 4 4 4 4 4 4 4 4 4 4 4 4 4 4 4 4 4 4 4 4 4 4 4 4 5 5
5 5 5 5 8 8 8 8 8 8 5 5 0 0 2 2 2 2 5 5 8 8 8 8 8 8 5 5 5 5 5 5 4 4 4 4 9 9 9 9 9 9 4 4 0 0 2 2 2 2 4 4 9 9 9 9 9 9 4 4 4 4 5 5
5 5 5 5 8 8 8 8 8 8 5 5 0 0 2 2 2 2 5 5 8 8 8 8 8 8 5 5 5 5 5 5 4 4 4 4 9 9 9 9 9 9 4 4 0 0 2 2 2 2 4 4 9 9 9 9 9 9 4 4 4 4 5 5
5 5 5 5 8 8 8 8 8 8 5 5 0 0 8 8 0 0 5 5 8 8 8 8 8 8 5 5 5 5 5 5 4 4 4 4 9 9 9 9 9 9 4 4 0 0 8 8 0 0 4 4 9 9 9 9 9 9 4 4 4 4 5 5
5 5 5 5 8 8 8 8 8 8 5 5 0 0 8 8 0 0 5 5 8 8 8 8 8 8 5 5 5 5 5 5 4 4 4 4 9 9 9 9 9 9 4 4 0 0 8 8 0 0 4 4 9 9 9 9 9 9 4 4 4 4 5 5
5 5 5 5 8 8 8 8 8 8 5 5 2 2 2 2 0 0 5 5 8 8 8 8 8 8 5 5 5 5 5 5 4 4 4 4 9 9 9 9 9 9 4 4 0 0 2 2 2 2 4 4 9 9 9 9 9 9 4 4 4 4 5 5
5 5 5 5 8 8 8 8 8 8 5 5 2 2 2 2 0 0 5 5 8 8 8 8 8 8 5 5 5 5 5 5 4 4 4 4 9 9 9 9 9 9 4 4 0 0 2 2 2 2 4 4 9 9 9 9 9 9 4 4 4 4 5 5
5 5 5 5 5 5 5 5 5 5 5 5 5 5 5 5 5 5 5 5 5 5 5 5 5 5 5 5 5 5 5 5 4 4 4 4 4 4 4 4 4 4 4 4 4 4 4 4 4 4 4 4 4 4 4 4 4 4 4 4 4 4 5 5
5 5 5 5 5 5 5 5 5 5 5 5 5 5 5 5 5 5 5 5 5 5 5 5 5 5 5 5 5 5 5 5 4 4 4 4 4 4 4 4 4 4 4 4 4 4 4 4 4 4 4 4 4 4 4 4 4 4 4 4 4 4 5 5
5 5 5 5 9 9 9 9 9 9 5 5 9 9 9 9 9 9 5 5 8 8 8 8 8 8 5 5 5 5 5 5 4 4 4 4 9 9 9 9 9 9 4 4 9 9 9 9 9 9 4 4 9 9 9 9 9 9 4 4 4 4 5 5
5 5 5 5 9 9 9 9 9 9 5 5 9 9 9 9 9 9 5 5 8 8 8 8 8 8 5 5 5 5 5 5 4 4 4 4 9 9 9 9 9 9 4 4 9 9 9 9 9 9 4 4 9 9 9 9 9 9 4 4 4 4 5 5
5 5 5 5 9 9 9 9 9 9 5 5 9 9 9 9 9 9 5 5 8 8 8 8 8 8 5 5 5 5 5 5 4 4 4 4 9 9 9 9 9 9 4 4 9 9 9 9 9 9 4 4 9 9 9 9 9 9 4 4 4 4 5 5
5 5 5 5 9 9 9 9 9 9 5 5 9 9 9 9 9 9 5 5 8 8 8 8 8 8 5 5 5 5 5 5 4 4 4 4 9 9 9 9 9 9 4 4 9 9 9 9 9 9 4 4 9 9 9 9 9 9 4 4 4 4 5 5
5 5 5 5 9 9 9 9 9 9 5 5 9 9 9 9 9 9 5 5 8 8 8 8 8 8 5 5 5 5 5 5 2 2 4 4 9 9 9 9 9 9 4 4 9 9 9 9 9 9 4 4 9 9 9 9 9 9 4 4 2 2 5 5
5 5 5 5 9 9 9 9 9 9 5 5 9 9 9 9 9 9 5 5 8 8 8 8 8 8 5 5 5 5 5 5 2 2 4 4 9 9 9 9 9 9 4 4 9 9 9 9 9 9 4 4 9 9 9 9 9 9 4 4 2 2 5 5
5 5 5 5 5 5 5 5 5 5 5 5 5 5 5 5 5 5 5 5 5 5 5 5 5 5 5 5 5 5 5 5 2 2 4 4 4 4 4 4 4 4 4 4 4 4 4 4 4 4 4 4 4 4 4 4 4 4 4 4 2 2 5 5
5 5 5 5 5 5 5 5 5 5 5 5 5 5 5 5 5 5 5 5 5 5 5 5 5 5 5 5 5 5 5 5 2 2 4 4 4 4 4 4 4 4 4 4 4 4 4 4 4 4 4 4 4 4 4 4 4 4 4 4 2 2 5 5
5 5 5 5 5 5 5 5 5 5 5 5 5 5 5 5 5 5 5 5 5 5 5 5 5 5 5 5 5 5 5 5 2 2 2 2 2 2 4 4 4 4 4 4 4 4 4 4 4 4 4 4 4 4 4 4 2 2 2 2 2 2 5 5
5 5 5 5 5 5 5 5 5 5 5 5 5 5 5 5 5 5 5 5 5 5 5 5 5 5 5 5 5 5 5 5 2 2 2 2 2 2 4 4 4 4 4 4 4 4 4 4 4 4 4 4 4 4 4 4 2 2 2 2 2 2 5 5
5 5 5 5 5 5 5 5 5 5 5 5 5 5 5 5 5 5 5 5 5 5 5 5 5 5 5 5 5 5 5 5 5 5 5 5 5 5 5 5 5 5 5 5 5 5 5 5 5 5 5 5 5 5 5 5 5 5 5 5 5 5 5 5
12 12 12 12 12 12 12 12 12 12 12 12 12 12 12 12 12 12 12 12 12 12 12 12 12 12 12 12 12 12 12 12 12 12 12 12 12 12 12 12 12 12 12 12 12 12 12 12 12 12 12 12 12 12 12 12 12 12 12 12 12 12 11 11
[LEVELS] 0/6
[STATE] NOT_FINISHED
[AVAILABLE] ACTION6
[DIFF] 38 cells: (36,36) 9>8; (37,36) 9>8; (38,36) 9>8; (39,36) 9>8; (40,36) 9>8; (41,36) 9>8; (36,37) 9>8; (37,37) 9>8; (38,37) 9>8; (39,37) 9>8; (40,37) 9>8; (41,37) 9>8; (36,38) 9>8; (37,38) 9>8; (38,38) 9>8; (39,38) 9>8; (40,38) 9>8; (41,38) 9>8; (36,39) 9>8; (37,39) 9>8; (38,39) 9>8; (39,39) 9>8; (40,39) 9>8; (41,39) 9>8; (36,40) 9>8; (37,40) 9>8; (38,40) 9>8; (39,40) 9>8; (40,40) 9>8; (41,40) 9>8; (36,41) 9>8; (37,41) 9>8; (38,41) 9>8; (39,41) 9>8; (40,41) 9>8; (41,41) 9>8; (62,63) 12>11; (63,63) 12>11

[PLAN] invocation 2
These are the three remaining outer tiles whose center-clue entries are color 0, so painting them color 8 should complete level 1.
plan: ACTION6(x=38,y=46) ACTION6(x=54,y=46) ACTION6(x=38,y=54)
[END PLAN]

[STEP 2]
[ACTION] ACTION6 x=38 y=46
[BOARD] 1/1 settled
5 5 5 5 5 5 5 5 5 5 5 5 5 5 5 5 5 5 5 5 5 5 5 5 5 5 5 5 5 5 5 5 5 5 5 5 5 5 5 5 5 5 5 5 5 5 5 5 5 5 5 5 5 5 5 5 5 5 5 5 5 5 5 5
5 5 5 5 5 5 5 5 5 5 5 5 5 5 5 5 5 5 5 5 5 5 5 5 5 5 5 5 5 5 5 5 5 5 5 5 5 5 5 5 5 5 5 5 5 5 5 5 5 5 5 5 5 5 5 5 5 5 5 5 5 5 5 5
5 5 5 5 9 9 9 9 9 9 5 5 8 8 8 8 8 8 5 5 9 9 9 9 9 9 5 5 5 5 5 5 5 5 5 5 5 5 9 9 9 9 9 9 5 5 8 8 8 8 8 8 5 5 9 9 9 9 9 9 5 5 5 5
5 5 5 5 9 9 9 9 9 9 5 5 8 8 8 8 8 8 5 5 9 9 9 9 9 9 5 5 5 5 5 5 5 5 5 5 5 5 9 9 9 9 9 9 5 5 8 8 8 8 8 8 5 5 9 9 9 9 9 9 5 5 5 5
5 5 5 5 9 9 9 9 9 9 5 5 8 8 8 8 8 8 5 5 9 9 9 9 9 9 5 5 5 5 5 5 5 5 5 5 5 5 9 9 9 9 9 9 5 5 8 8 8 8 8 8 5 5 9 9 9 9 9 9 5 5 5 5
5 5 5 5 9 9 9 9 9 9 5 5 8 8 8 8 8 8 5 5 9 9 9 9 9 9 5 5 5 5 5 5 5 5 5 5 5 5 9 9 9 9 9 9 5 5 8 8 8 8 8 8 5 5 9 9 9 9 9 9 5 5 5 5
5 5 5 5 9 9 9 9 9 9 5 5 8 8 8 8 8 8 5 5 9 9 9 9 9 9 5 5 5 5 5 5 5 5 5 5 5 5 9 9 9 9 9 9 5 5 8 8 8 8 8 8 5 5 9 9 9 9 9 9 5 5 5 5
5 5 5 5 9 9 9 9 9 9 5 5 8 8 8 8 8 8 5 5 9 9 9 9 9 9 5 5 5 5 5 5 5 5 5 5 5 5 9 9 9 9 9 9 5 5 8 8 8 8 8 8 5 5 9 9 9 9 9 9 5 5 5 5
5 5 5 5 5 5 5 5 5 5 5 5 5 5 5 5 5 5 5 5 5 5 5 5 5 5 5 5 5 5 5 5 5 5 5 5 5 5 5 5 5 5 5 5 5 5 5 5 5 5 5 5 5 5 5 5 5 5 5 5 5 5 5 5
5 5 5 5 5 5 5 5 5 5 5 5 5 5 5 5 5 5 5 5 5 5 5 5 5 5 5 5 5 5 5 5 5 5 5 5 5 5 5 5 5 5 5 5 5 5 5 5 5 5 5 5 5 5 5 5 5 5 5 5 5 5 5 5
5 5 5 5 8 8 8 8 8 8 5 5 2 2 0 0 2 2 5 5 9 9 9 9 9 9 5 5 5 5 5 5 5 5 5 5 5 5 8 8 8 8 8 8 5 5 2 2 0 0 2 2 5 5 8 8 8 8 8 8 5 5 5 5
5 5 5 5 8 8 8 8 8 8 5 5 2 2 0 0 2 2 5 5 9 9 9 9 9 9 5 5 5 5 5 5 5 5 5 5 5 5 8 8 8 8 8 8 5 5 2 2 0 0 2 2 5 5 8 8 8 8 8 8 5 5 5 5
5 5 5 5 8 8 8 8 8 8 5 5 0 0 8 8 2 2 5 5 9 9 9 9 9 9 5 5 5 5 5 5 5 5 5 5 5 5 8 8 8 8 8 8 5 5 0 0 8 8 0 0 5 5 8 8 8 8 8 8 5 5 5 5
5 5 5 5 8 8 8 8 8 8 5 5 0 0 8 8 2 2 5 5 9 9 9 9 9 9 5 5 5 5 5 5 5 5 5 5 5 5 8 8 8 8 8 8 5 5 0 0 8 8 0 0 5 5 8 8 8 8 8 8 5 5 5 5
5 5 5 5 8 8 8 8 8 8 5 5 2 2 0 0 0 0 5 5 9 9 9 9 9 9 5 5 5 5 5 5 5 5 5 5 5 5 8 8 8 8 8 8 5 5 2 2 0 0 2 2 5 5 8 8 8 8 8 8 5 5 5 5
5 5 5 5 8 8 8 8 8 8 5 5 2 2 0 0 0 0 5 5 9 9 9 9 9 9 5 5 5 5 5 5 5 5 5 5 5 5 8 8 8 8 8 8 5 5 2 2 0 0 2 2 5 5 8 8 8 8 8 8 5 5 5 5
5 5 5 5 5 5 5 5 5 5 5 5 5 5 5 5 5 5 5 5 5 5 5 5 5 5 5 5 5 5 5 5 5 5 5 5 5 5 5 5 5 5 5 5 5 5 5 5 5 5 5 5 5 5 5 5 5 5 5 5 5 5 5 5
5 5 5 5 5 5 5 5 5 5 5 5 5 5 5 5 5 5 5 5 5 5 5 5 5 5 5 5 5 5 5 5 5 5 5 5 5 5 5 5 5 5 5 5 5 5 5 5 5 5 5 5 5 5 5 5 5 5 5 5 5 5 5 5
5 5 5 5 9 9 9 9 9 9 5 5 8 8 8 8 8 8 5 5 8 8 8 8 8 8 5 5 5 5 5 5 5 5 5 5 5 5 9 9 9 9 9 9 5 5 8 8 8 8 8 8 5 5 9 9 9 9 9 9 5 5 5 5
5 5 5 5 9 9 9 9 9 9 5 5 8 8 8 8 8 8 5 5 8 8 8 8 8 8 5 5 5 5 5 5 5 5 5 5 5 5 9 9 9 9 9 9 5 5 8 8 8 8 8 8 5 5 9 9 9 9 9 9 5 5 5 5
5 5 5 5 9 9 9 9 9 9 5 5 8 8 8 8 8 8 5 5 8 8 8 8 8 8 5 5 5 5 5 5 5 5 5 5 5 5 9 9 9 9 9 9 5 5 8 8 8 8 8 8 5 5 9 9 9 9 9 9 5 5 5 5
5 5 5 5 9 9 9 9 9 9 5 5 8 8 8 8 8 8 5 5 8 8 8 8 8 8 5 5 5 5 5 5 5 5 5 5 5 5 9 9 9 9 9 9 5 5 8 8 8 8 8 8 5 5 9 9 9 9 9 9 5 5 5 5
5 5 5 5 9 9 9 9 9 9 5 5 8 8 8 8 8 8 5 5 8 8 8 8 8 8 5 5 5 5 5 5 5 5 5 5 5 5 9 9 9 9 9 9 5 5 8 8 8 8 8 8 5 5 9 9 9 9 9 9 5 5 5 5
5 5 5 5 9 9 9 9 9 9 5 5 8 8 8 8 8 8 5 5 8 8 8 8 8 8 5 5 5 5 5 5 5 5 5 5 5 5 9 9 9 9 9 9 5 5 8 8 8 8 8 8 5 5 9 9 9 9 9 9 5 5 5 5
5 5 5 5 5 5 5 5 5 5 5 5 5 5 5 5 5 5 5 5 5 5 5 5 5 5 5 5 5 5 5 5 5 5 5 5 5 5 5 5 5 5 5 5 5 5 5 5 5 5 5 5 5 5 5 5 5 5 5 5 5 5 5 5
5 5 5 5 5 5 5 5 5 5 5 5 5 5 5 5 5 5 5 5 5 5 5 5 5 5 5 5 5 5 5 5 5 5 5 5 5 5 5 5 5 5 5 5 5 5 5 5 5 5 5 5 5 5 5 5 5 5 5 5 5 5 5 5
5 5 5 5 5 5 5 5 5 5 5 5 5 5 5 5 5 5 5 5 5 5 5 5 5 5 5 5 5 5 5 5 5 5 5 5 5 5 5 5 5 5 5 5 5 5 5 5 5 5 5 5 5 5 5 5 5 5 5 5 5 5 5 5
5 5 5 5 5 5 5 5 5 5 5 5 5 5 5 5 5 5 5 5 5 5 5 5 5 5 5 5 5 5 5 5 5 5 5 5 5 5 5 5 5 5 5 5 5 5 5 5 5 5 5 5 5 5 5 5 5 5 5 5 5 5 5 5
5 5 5 5 5 5 5 5 5 5 5 5 5 5 5 5 5 5 5 5 5 5 5 5 5 5 5 5 5 5 5 5 5 5 5 5 5 5 5 5 5 5 5 5 5 5 5 5 5 5 5 5 5 5 5 5 5 5 5 5 5 5 5 5
5 5 5 5 5 5 5 5 5 5 5 5 5 5 5 5 5 5 5 5 5 5 5 5 5 5 5 5 5 5 5 5 5 5 5 5 5 5 5 5 5 5 5 5 5 5 5 5 5 5 5 5 5 5 5 5 5 5 5 5 5 5 5 5
5 5 5 5 5 5 5 5 5 5 5 5 5 5 5 5 5 5 5 5 5 5 5 5 5 5 5 5 5 5 5 5 5 5 5 5 5 5 5 5 5 5 5 5 5 5 5 5 5 5 5 5 5 5 5 5 5 5 5 5 5 5 5 5
5 5 5 5 5 5 5 5 5 5 5 5 5 5 5 5 5 5 5 5 5 5 5 5 5 5 5 5 5 5 5 5 5 5 5 5 5 5 5 5 5 5 5 5 5 5 5 5 5 5 5 5 5 5 5 5 5 5 5 5 5 5 5 5
5 5 5 5 5 5 5 5 5 5 5 5 5 5 5 5 5 5 5 5 5 5 5 5 5 5 5 5 5 5 5 5 2 2 2 2 2 2 4 4 4 4 4 4 4 4 4 4 4 4 4 4 4 4 4 4 2 2 2 2 2 2 5 5
5 5 5 5 5 5 5 5 5 5 5 5 5 5 5 5 5 5 5 5 5 5 5 5 5 5 5 5 5 5 5 5 2 2 2 2 2 2 4 4 4 4 4 4 4 4 4 4 4 4 4 4 4 4 4 4 2 2 2 2 2 2 5 5
5 5 5 5 5 5 5 5 5 5 5 5 5 5 5 5 5 5 5 5 5 5 5 5 5 5 5 5 5 5 5 5 2 2 4 4 4 4 4 4 4 4 4 4 4 4 4 4 4 4 4 4 4 4 4 4 4 4 4 4 2 2 5 5
5 5 5 5 5 5 5 5 5 5 5 5 5 5 5 5 5 5 5 5 5 5 5 5 5 5 5 5 5 5 5 5 2 2 4 4 4 4 4 4 4 4 4 4 4 4 4 4 4 4 4 4 4 4 4 4 4 4 4 4 2 2 5 5
5 5 5 5 8 8 8 8 8 8 5 5 9 9 9 9 9 9 5 5 9 9 9 9 9 9 5 5 5 5 5 5 2 2 4 4 8 8 8 8 8 8 4 4 9 9 9 9 9 9 4 4 9 9 9 9 9 9 4 4 2 2 5 5
5 5 5 5 8 8 8 8 8 8 5 5 9 9 9 9 9 9 5 5 9 9 9 9 9 9 5 5 5 5 5 5 2 2 4 4 8 8 8 8 8 8 4 4 9 9 9 9 9 9 4 4 9 9 9 9 9 9 4 4 2 2 5 5
5 5 5 5 8 8 8 8 8 8 5 5 9 9 9 9 9 9 5 5 9 9 9 9 9 9 5 5 5 5 5 5 4 4 4 4 8 8 8 8 8 8 4 4 9 9 9 9 9 9 4 4 9 9 9 9 9 9 4 4 4 4 5 5
5 5 5 5 8 8 8 8 8 8 5 5 9 9 9 9 9 9 5 5 9 9 9 9 9 9 5 5 5 5 5 5 4 4 4 4 8 8 8 8 8 8 4 4 9 9 9 9 9 9 4 4 9 9 9 9 9 9 4 4 4 4 5 5
5 5 5 5 8 8 8 8 8 8 5 5 9 9 9 9 9 9 5 5 9 9 9 9 9 9 5 5 5 5 5 5 4 4 4 4 8 8 8 8 8 8 4 4 9 9 9 9 9 9 4 4 9 9 9 9 9 9 4 4 4 4 5 5
5 5 5 5 8 8 8 8 8 8 5 5 9 9 9 9 9 9 5 5 9 9 9 9 9 9 5 5 5 5 5 5 4 4 4 4 8 8 8 8 8 8 4 4 9 9 9 9 9 9 4 4 9 9 9 9 9 9 4 4 4 4 5 5
5 5 5 5 5 5 5 5 5 5 5 5 5 5 5 5 5 5 5 5 5 5 5 5 5 5 5 5 5 5 5 5 4 4 4 4 4 4 4 4 4 4 4 4 4 4 4 4 4 4 4 4 4 4 4 4 4 4 4 4 4 4 5 5
5 5 5 5 5 5 5 5 5 5 5 5 5 5 5 5 5 5 5 5 5 5 5 5 5 5 5 5 5 5 5 5 4 4 4 4 4 4 4 4 4 4 4 4 4 4 4 4 4 4 4 4 4 4 4 4 4 4 4 4 4 4 5 5
5 5 5 5 8 8 8 8 8 8 5 5 0 0 2 2 2 2 5 5 8 8 8 8 8 8 5 5 5 5 5 5 4 4 4 4 8 8 8 8 8 8 4 4 0 0 2 2 2 2 4 4 9 9 9 9 9 9 4 4 4 4 5 5
5 5 5 5 8 8 8 8 8 8 5 5 0 0 2 2 2 2 5 5 8 8 8 8 8 8 5 5 5 5 5 5 4 4 4 4 8 8 8 8 8 8 4 4 0 0 2 2 2 2 4 4 9 9 9 9 9 9 4 4 4 4 5 5
5 5 5 5 8 8 8 8 8 8 5 5 0 0 8 8 0 0 5 5 8 8 8 8 8 8 5 5 5 5 5 5 4 4 4 4 8 8 8 8 8 8 4 4 0 0 8 8 0 0 4 4 9 9 9 9 9 9 4 4 4 4 5 5
5 5 5 5 8 8 8 8 8 8 5 5 0 0 8 8 0 0 5 5 8 8 8 8 8 8 5 5 5 5 5 5 4 4 4 4 8 8 8 8 8 8 4 4 0 0 8 8 0 0 4 4 9 9 9 9 9 9 4 4 4 4 5 5
5 5 5 5 8 8 8 8 8 8 5 5 2 2 2 2 0 0 5 5 8 8 8 8 8 8 5 5 5 5 5 5 4 4 4 4 8 8 8 8 8 8 4 4 0 0 2 2 2 2 4 4 9 9 9 9 9 9 4 4 4 4 5 5
5 5 5 5 8 8 8 8 8 8 5 5 2 2 2 2 0 0 5 5 8 8 8 8 8 8 5 5 5 5 5 5 4 4 4 4 8 8 8 8 8 8 4 4 0 0 2 2 2 2 4 4 9 9 9 9 9 9 4 4 4 4 5 5
5 5 5 5 5 5 5 5 5 5 5 5 5 5 5 5 5 5 5 5 5 5 5 5 5 5 5 5 5 5 5 5 4 4 4 4 4 4 4 4 4 4 4 4 4 4 4 4 4 4 4 4 4 4 4 4 4 4 4 4 4 4 5 5
5 5 5 5 5 5 5 5 5 5 5 5 5 5 5 5 5 5 5 5 5 5 5 5 5 5 5 5 5 5 5 5 4 4 4 4 4 4 4 4 4 4 4 4 4 4 4 4 4 4 4 4 4 4 4 4 4 4 4 4 4 4 5 5
5 5 5 5 9 9 9 9 9 9 5 5 9 9 9 9 9 9 5 5 8 8 8 8 8 8 5 5 5 5 5 5 4 4 4 4 9 9 9 9 9 9 4 4 9 9 9 9 9 9 4 4 9 9 9 9 9 9 4 4 4 4 5 5
5 5 5 5 9 9 9 9 9 9 5 5 9 9 9 9 9 9 5 5 8 8 8 8 8 8 5 5 5 5 5 5 4 4 4 4 9 9 9 9 9 9 4 4 9 9 9 9 9 9 4 4 9 9 9 9 9 9 4 4 4 4 5 5
5 5 5 5 9 9 9 9 9 9 5 5 9 9 9 9 9 9 5 5 8 8 8 8 8 8 5 5 5 5 5 5 4 4 4 4 9 9 9 9 9 9 4 4 9 9 9 9 9 9 4 4 9 9 9 9 9 9 4 4 4 4 5 5
5 5 5 5 9 9 9 9 9 9 5 5 9 9 9 9 9 9 5 5 8 8 8 8 8 8 5 5 5 5 5 5 4 4 4 4 9 9 9 9 9 9 4 4 9 9 9 9 9 9 4 4 9 9 9 9 9 9 4 4 4 4 5 5
5 5 5 5 9 9 9 9 9 9 5 5 9 9 9 9 9 9 5 5 8 8 8 8 8 8 5 5 5 5 5 5 2 2 4 4 9 9 9 9 9 9 4 4 9 9 9 9 9 9 4 4 9 9 9 9 9 9 4 4 2 2 5 5
5 5 5 5 9 9 9 9 9 9 5 5 9 9 9 9 9 9 5 5 8 8 8 8 8 8 5 5 5 5 5 5 2 2 4 4 9 9 9 9 9 9 4 4 9 9 9 9 9 9 4 4 9 9 9 9 9 9 4 4 2 2 5 5
5 5 5 5 5 5 5 5 5 5 5 5 5 5 5 5 5 5 5 5 5 5 5 5 5 5 5 5 5 5 5 5 2 2 4 4 4 4 4 4 4 4 4 4 4 4 4 4 4 4 4 4 4 4 4 4 4 4 4 4 2 2 5 5
5 5 5 5 5 5 5 5 5 5 5 5 5 5 5 5 5 5 5 5 5 5 5 5 5 5 5 5 5 5 5 5 2 2 4 4 4 4 4 4 4 4 4 4 4 4 4 4 4 4 4 4 4 4 4 4 4 4 4 4 2 2 5 5
5 5 5 5 5 5 5 5 5 5 5 5 5 5 5 5 5 5 5 5 5 5 5 5 5 5 5 5 5 5 5 5 2 2 2 2 2 2 4 4 4 4 4 4 4 4 4 4 4 4 4 4 4 4 4 4 2 2 2 2 2 2 5 5
5 5 5 5 5 5 5 5 5 5 5 5 5 5 5 5 5 5 5 5 5 5 5 5 5 5 5 5 5 5 5 5 2 2 2 2 2 2 4 4 4 4 4 4 4 4 4 4 4 4 4 4 4 4 4 4 2 2 2 2 2 2 5 5
5 5 5 5 5 5 5 5 5 5 5 5 5 5 5 5 5 5 5 5 5 5 5 5 5 5 5 5 5 5 5 5 5 5 5 5 5 5 5 5 5 5 5 5 5 5 5 5 5 5 5 5 5 5 5 5 5 5 5 5 5 5 5 5
12 12 12 12 12 12 12 12 12 12 12 12 12 12 12 12 12 12 12 12 12 12 12 12 12 12 12 12 12 12 12 12 12 12 12 12 12 12 12 12 12 12 12 12 12 12 12 12 12 12 12 12 12 12 12 12 12 12 12 12 11 11 11 11
[LEVELS] 0/6
[STATE] NOT_FINISHED
[AVAILABLE] ACTION6
[DIFF] 38 cells: (36,44) 9>8; (37,44) 9>8; (38,44) 9>8; (39,44) 9>8; (40,44) 9>8; (41,44) 9>8; (36,45) 9>8; (37,45) 9>8; (38,45) 9>8; (39,45) 9>8; (40,45) 9>8; (41,45) 9>8; (36,46) 9>8; (37,46) 9>8; (38,46) 9>8; (39,46) 9>8; (40,46) 9>8; (41,46) 9>8; (36,47) 9>8; (37,47) 9>8; (38,47) 9>8; (39,47) 9>8; (40,47) 9>8; (41,47) 9>8; (36,48) 9>8; (37,48) 9>8; (38,48) 9>8; (39,48) 9>8; (40,48) 9>8; (41,48) 9>8; (36,49) 9>8; (37,49) 9>8; (38,49) 9>8; (39,49) 9>8; (40,49) 9>8; (41,49) 9>8; (60,63) 12>11; (61,63) 12>11

[STEP 3]
[ACTION] ACTION6 x=54 y=46
[BOARD] 1/1 settled
5 5 5 5 5 5 5 5 5 5 5 5 5 5 5 5 5 5 5 5 5 5 5 5 5 5 5 5 5 5 5 5 5 5 5 5 5 5 5 5 5 5 5 5 5 5 5 5 5 5 5 5 5 5 5 5 5 5 5 5 5 5 5 5
5 5 5 5 5 5 5 5 5 5 5 5 5 5 5 5 5 5 5 5 5 5 5 5 5 5 5 5 5 5 5 5 5 5 5 5 5 5 5 5 5 5 5 5 5 5 5 5 5 5 5 5 5 5 5 5 5 5 5 5 5 5 5 5
5 5 5 5 9 9 9 9 9 9 5 5 8 8 8 8 8 8 5 5 9 9 9 9 9 9 5 5 5 5 5 5 5 5 5 5 5 5 9 9 9 9 9 9 5 5 8 8 8 8 8 8 5 5 9 9 9 9 9 9 5 5 5 5
5 5 5 5 9 9 9 9 9 9 5 5 8 8 8 8 8 8 5 5 9 9 9 9 9 9 5 5 5 5 5 5 5 5 5 5 5 5 9 9 9 9 9 9 5 5 8 8 8 8 8 8 5 5 9 9 9 9 9 9 5 5 5 5
5 5 5 5 9 9 9 9 9 9 5 5 8 8 8 8 8 8 5 5 9 9 9 9 9 9 5 5 5 5 5 5 5 5 5 5 5 5 9 9 9 9 9 9 5 5 8 8 8 8 8 8 5 5 9 9 9 9 9 9 5 5 5 5
5 5 5 5 9 9 9 9 9 9 5 5 8 8 8 8 8 8 5 5 9 9 9 9 9 9 5 5 5 5 5 5 5 5 5 5 5 5 9 9 9 9 9 9 5 5 8 8 8 8 8 8 5 5 9 9 9 9 9 9 5 5 5 5
5 5 5 5 9 9 9 9 9 9 5 5 8 8 8 8 8 8 5 5 9 9 9 9 9 9 5 5 5 5 5 5 5 5 5 5 5 5 9 9 9 9 9 9 5 5 8 8 8 8 8 8 5 5 9 9 9 9 9 9 5 5 5 5
5 5 5 5 9 9 9 9 9 9 5 5 8 8 8 8 8 8 5 5 9 9 9 9 9 9 5 5 5 5 5 5 5 5 5 5 5 5 9 9 9 9 9 9 5 5 8 8 8 8 8 8 5 5 9 9 9 9 9 9 5 5 5 5
5 5 5 5 5 5 5 5 5 5 5 5 5 5 5 5 5 5 5 5 5 5 5 5 5 5 5 5 5 5 5 5 5 5 5 5 5 5 5 5 5 5 5 5 5 5 5 5 5 5 5 5 5 5 5 5 5 5 5 5 5 5 5 5
5 5 5 5 5 5 5 5 5 5 5 5 5 5 5 5 5 5 5 5 5 5 5 5 5 5 5 5 5 5 5 5 5 5 5 5 5 5 5 5 5 5 5 5 5 5 5 5 5 5 5 5 5 5 5 5 5 5 5 5 5 5 5 5
5 5 5 5 8 8 8 8 8 8 5 5 2 2 0 0 2 2 5 5 9 9 9 9 9 9 5 5 5 5 5 5 5 5 5 5 5 5 8 8 8 8 8 8 5 5 2 2 0 0 2 2 5 5 8 8 8 8 8 8 5 5 5 5
5 5 5 5 8 8 8 8 8 8 5 5 2 2 0 0 2 2 5 5 9 9 9 9 9 9 5 5 5 5 5 5 5 5 5 5 5 5 8 8 8 8 8 8 5 5 2 2 0 0 2 2 5 5 8 8 8 8 8 8 5 5 5 5
5 5 5 5 8 8 8 8 8 8 5 5 0 0 8 8 2 2 5 5 9 9 9 9 9 9 5 5 5 5 5 5 5 5 5 5 5 5 8 8 8 8 8 8 5 5 0 0 8 8 0 0 5 5 8 8 8 8 8 8 5 5 5 5
5 5 5 5 8 8 8 8 8 8 5 5 0 0 8 8 2 2 5 5 9 9 9 9 9 9 5 5 5 5 5 5 5 5 5 5 5 5 8 8 8 8 8 8 5 5 0 0 8 8 0 0 5 5 8 8 8 8 8 8 5 5 5 5
5 5 5 5 8 8 8 8 8 8 5 5 2 2 0 0 0 0 5 5 9 9 9 9 9 9 5 5 5 5 5 5 5 5 5 5 5 5 8 8 8 8 8 8 5 5 2 2 0 0 2 2 5 5 8 8 8 8 8 8 5 5 5 5
5 5 5 5 8 8 8 8 8 8 5 5 2 2 0 0 0 0 5 5 9 9 9 9 9 9 5 5 5 5 5 5 5 5 5 5 5 5 8 8 8 8 8 8 5 5 2 2 0 0 2 2 5 5 8 8 8 8 8 8 5 5 5 5
5 5 5 5 5 5 5 5 5 5 5 5 5 5 5 5 5 5 5 5 5 5 5 5 5 5 5 5 5 5 5 5 5 5 5 5 5 5 5 5 5 5 5 5 5 5 5 5 5 5 5 5 5 5 5 5 5 5 5 5 5 5 5 5
5 5 5 5 5 5 5 5 5 5 5 5 5 5 5 5 5 5 5 5 5 5 5 5 5 5 5 5 5 5 5 5 5 5 5 5 5 5 5 5 5 5 5 5 5 5 5 5 5 5 5 5 5 5 5 5 5 5 5 5 5 5 5 5
5 5 5 5 9 9 9 9 9 9 5 5 8 8 8 8 8 8 5 5 8 8 8 8 8 8 5 5 5 5 5 5 5 5 5 5 5 5 9 9 9 9 9 9 5 5 8 8 8 8 8 8 5 5 9 9 9 9 9 9 5 5 5 5
5 5 5 5 9 9 9 9 9 9 5 5 8 8 8 8 8 8 5 5 8 8 8 8 8 8 5 5 5 5 5 5 5 5 5 5 5 5 9 9 9 9 9 9 5 5 8 8 8 8 8 8 5 5 9 9 9 9 9 9 5 5 5 5
5 5 5 5 9 9 9 9 9 9 5 5 8 8 8 8 8 8 5 5 8 8 8 8 8 8 5 5 5 5 5 5 5 5 5 5 5 5 9 9 9 9 9 9 5 5 8 8 8 8 8 8 5 5 9 9 9 9 9 9 5 5 5 5
5 5 5 5 9 9 9 9 9 9 5 5 8 8 8 8 8 8 5 5 8 8 8 8 8 8 5 5 5 5 5 5 5 5 5 5 5 5 9 9 9 9 9 9 5 5 8 8 8 8 8 8 5 5 9 9 9 9 9 9 5 5 5 5
5 5 5 5 9 9 9 9 9 9 5 5 8 8 8 8 8 8 5 5 8 8 8 8 8 8 5 5 5 5 5 5 5 5 5 5 5 5 9 9 9 9 9 9 5 5 8 8 8 8 8 8 5 5 9 9 9 9 9 9 5 5 5 5
5 5 5 5 9 9 9 9 9 9 5 5 8 8 8 8 8 8 5 5 8 8 8 8 8 8 5 5 5 5 5 5 5 5 5 5 5 5 9 9 9 9 9 9 5 5 8 8 8 8 8 8 5 5 9 9 9 9 9 9 5 5 5 5
5 5 5 5 5 5 5 5 5 5 5 5 5 5 5 5 5 5 5 5 5 5 5 5 5 5 5 5 5 5 5 5 5 5 5 5 5 5 5 5 5 5 5 5 5 5 5 5 5 5 5 5 5 5 5 5 5 5 5 5 5 5 5 5
5 5 5 5 5 5 5 5 5 5 5 5 5 5 5 5 5 5 5 5 5 5 5 5 5 5 5 5 5 5 5 5 5 5 5 5 5 5 5 5 5 5 5 5 5 5 5 5 5 5 5 5 5 5 5 5 5 5 5 5 5 5 5 5
5 5 5 5 5 5 5 5 5 5 5 5 5 5 5 5 5 5 5 5 5 5 5 5 5 5 5 5 5 5 5 5 5 5 5 5 5 5 5 5 5 5 5 5 5 5 5 5 5 5 5 5 5 5 5 5 5 5 5 5 5 5 5 5
5 5 5 5 5 5 5 5 5 5 5 5 5 5 5 5 5 5 5 5 5 5 5 5 5 5 5 5 5 5 5 5 5 5 5 5 5 5 5 5 5 5 5 5 5 5 5 5 5 5 5 5 5 5 5 5 5 5 5 5 5 5 5 5
5 5 5 5 5 5 5 5 5 5 5 5 5 5 5 5 5 5 5 5 5 5 5 5 5 5 5 5 5 5 5 5 5 5 5 5 5 5 5 5 5 5 5 5 5 5 5 5 5 5 5 5 5 5 5 5 5 5 5 5 5 5 5 5
5 5 5 5 5 5 5 5 5 5 5 5 5 5 5 5 5 5 5 5 5 5 5 5 5 5 5 5 5 5 5 5 5 5 5 5 5 5 5 5 5 5 5 5 5 5 5 5 5 5 5 5 5 5 5 5 5 5 5 5 5 5 5 5
5 5 5 5 5 5 5 5 5 5 5 5 5 5 5 5 5 5 5 5 5 5 5 5 5 5 5 5 5 5 5 5 5 5 5 5 5 5 5 5 5 5 5 5 5 5 5 5 5 5 5 5 5 5 5 5 5 5 5 5 5 5 5 5
5 5 5 5 5 5 5 5 5 5 5 5 5 5 5 5 5 5 5 5 5 5 5 5 5 5 5 5 5 5 5 5 5 5 5 5 5 5 5 5 5 5 5 5 5 5 5 5 5 5 5 5 5 5 5 5 5 5 5 5 5 5 5 5
5 5 5 5 5 5 5 5 5 5 5 5 5 5 5 5 5 5 5 5 5 5 5 5 5 5 5 5 5 5 5 5 2 2 2 2 2 2 4 4 4 4 4 4 4 4 4 4 4 4 4 4 4 4 4 4 2 2 2 2 2 2 5 5
5 5 5 5 5 5 5 5 5 5 5 5 5 5 5 5 5 5 5 5 5 5 5 5 5 5 5 5 5 5 5 5 2 2 2 2 2 2 4 4 4 4 4 4 4 4 4 4 4 4 4 4 4 4 4 4 2 2 2 2 2 2 5 5
5 5 5 5 5 5 5 5 5 5 5 5 5 5 5 5 5 5 5 5 5 5 5 5 5 5 5 5 5 5 5 5 2 2 4 4 4 4 4 4 4 4 4 4 4 4 4 4 4 4 4 4 4 4 4 4 4 4 4 4 2 2 5 5
5 5 5 5 5 5 5 5 5 5 5 5 5 5 5 5 5 5 5 5 5 5 5 5 5 5 5 5 5 5 5 5 2 2 4 4 4 4 4 4 4 4 4 4 4 4 4 4 4 4 4 4 4 4 4 4 4 4 4 4 2 2 5 5
5 5 5 5 8 8 8 8 8 8 5 5 9 9 9 9 9 9 5 5 9 9 9 9 9 9 5 5 5 5 5 5 2 2 4 4 8 8 8 8 8 8 4 4 9 9 9 9 9 9 4 4 9 9 9 9 9 9 4 4 2 2 5 5
5 5 5 5 8 8 8 8 8 8 5 5 9 9 9 9 9 9 5 5 9 9 9 9 9 9 5 5 5 5 5 5 2 2 4 4 8 8 8 8 8 8 4 4 9 9 9 9 9 9 4 4 9 9 9 9 9 9 4 4 2 2 5 5
5 5 5 5 8 8 8 8 8 8 5 5 9 9 9 9 9 9 5 5 9 9 9 9 9 9 5 5 5 5 5 5 4 4 4 4 8 8 8 8 8 8 4 4 9 9 9 9 9 9 4 4 9 9 9 9 9 9 4 4 4 4 5 5
5 5 5 5 8 8 8 8 8 8 5 5 9 9 9 9 9 9 5 5 9 9 9 9 9 9 5 5 5 5 5 5 4 4 4 4 8 8 8 8 8 8 4 4 9 9 9 9 9 9 4 4 9 9 9 9 9 9 4 4 4 4 5 5
5 5 5 5 8 8 8 8 8 8 5 5 9 9 9 9 9 9 5 5 9 9 9 9 9 9 5 5 5 5 5 5 4 4 4 4 8 8 8 8 8 8 4 4 9 9 9 9 9 9 4 4 9 9 9 9 9 9 4 4 4 4 5 5
5 5 5 5 8 8 8 8 8 8 5 5 9 9 9 9 9 9 5 5 9 9 9 9 9 9 5 5 5 5 5 5 4 4 4 4 8 8 8 8 8 8 4 4 9 9 9 9 9 9 4 4 9 9 9 9 9 9 4 4 4 4 5 5
5 5 5 5 5 5 5 5 5 5 5 5 5 5 5 5 5 5 5 5 5 5 5 5 5 5 5 5 5 5 5 5 4 4 4 4 4 4 4 4 4 4 4 4 4 4 4 4 4 4 4 4 4 4 4 4 4 4 4 4 4 4 5 5
5 5 5 5 5 5 5 5 5 5 5 5 5 5 5 5 5 5 5 5 5 5 5 5 5 5 5 5 5 5 5 5 4 4 4 4 4 4 4 4 4 4 4 4 4 4 4 4 4 4 4 4 4 4 4 4 4 4 4 4 4 4 5 5
5 5 5 5 8 8 8 8 8 8 5 5 0 0 2 2 2 2 5 5 8 8 8 8 8 8 5 5 5 5 5 5 4 4 4 4 8 8 8 8 8 8 4 4 0 0 2 2 2 2 4 4 8 8 8 8 8 8 4 4 4 4 5 5
5 5 5 5 8 8 8 8 8 8 5 5 0 0 2 2 2 2 5 5 8 8 8 8 8 8 5 5 5 5 5 5 4 4 4 4 8 8 8 8 8 8 4 4 0 0 2 2 2 2 4 4 8 8 8 8 8 8 4 4 4 4 5 5
5 5 5 5 8 8 8 8 8 8 5 5 0 0 8 8 0 0 5 5 8 8 8 8 8 8 5 5 5 5 5 5 4 4 4 4 8 8 8 8 8 8 4 4 0 0 8 8 0 0 4 4 8 8 8 8 8 8 4 4 4 4 5 5
5 5 5 5 8 8 8 8 8 8 5 5 0 0 8 8 0 0 5 5 8 8 8 8 8 8 5 5 5 5 5 5 4 4 4 4 8 8 8 8 8 8 4 4 0 0 8 8 0 0 4 4 8 8 8 8 8 8 4 4 4 4 5 5
5 5 5 5 8 8 8 8 8 8 5 5 2 2 2 2 0 0 5 5 8 8 8 8 8 8 5 5 5 5 5 5 4 4 4 4 8 8 8 8 8 8 4 4 0 0 2 2 2 2 4 4 8 8 8 8 8 8 4 4 4 4 5 5
5 5 5 5 8 8 8 8 8 8 5 5 2 2 2 2 0 0 5 5 8 8 8 8 8 8 5 5 5 5 5 5 4 4 4 4 8 8 8 8 8 8 4 4 0 0 2 2 2 2 4 4 8 8 8 8 8 8 4 4 4 4 5 5
5 5 5 5 5 5 5 5 5 5 5 5 5 5 5 5 5 5 5 5 5 5 5 5 5 5 5 5 5 5 5 5 4 4 4 4 4 4 4 4 4 4 4 4 4 4 4 4 4 4 4 4 4 4 4 4 4 4 4 4 4 4 5 5
5 5 5 5 5 5 5 5 5 5 5 5 5 5 5 5 5 5 5 5 5 5 5 5 5 5 5 5 5 5 5 5 4 4 4 4 4 4 4 4 4 4 4 4 4 4 4 4 4 4 4 4 4 4 4 4 4 4 4 4 4 4 5 5
5 5 5 5 9 9 9 9 9 9 5 5 9 9 9 9 9 9 5 5 8 8 8 8 8 8 5 5 5 5 5 5 4 4 4 4 9 9 9 9 9 9 4 4 9 9 9 9 9 9 4 4 9 9 9 9 9 9 4 4 4 4 5 5
5 5 5 5 9 9 9 9 9 9 5 5 9 9 9 9 9 9 5 5 8 8 8 8 8 8 5 5 5 5 5 5 4 4 4 4 9 9 9 9 9 9 4 4 9 9 9 9 9 9 4 4 9 9 9 9 9 9 4 4 4 4 5 5
5 5 5 5 9 9 9 9 9 9 5 5 9 9 9 9 9 9 5 5 8 8 8 8 8 8 5 5 5 5 5 5 4 4 4 4 9 9 9 9 9 9 4 4 9 9 9 9 9 9 4 4 9 9 9 9 9 9 4 4 4 4 5 5
5 5 5 5 9 9 9 9 9 9 5 5 9 9 9 9 9 9 5 5 8 8 8 8 8 8 5 5 5 5 5 5 4 4 4 4 9 9 9 9 9 9 4 4 9 9 9 9 9 9 4 4 9 9 9 9 9 9 4 4 4 4 5 5
5 5 5 5 9 9 9 9 9 9 5 5 9 9 9 9 9 9 5 5 8 8 8 8 8 8 5 5 5 5 5 5 2 2 4 4 9 9 9 9 9 9 4 4 9 9 9 9 9 9 4 4 9 9 9 9 9 9 4 4 2 2 5 5
5 5 5 5 9 9 9 9 9 9 5 5 9 9 9 9 9 9 5 5 8 8 8 8 8 8 5 5 5 5 5 5 2 2 4 4 9 9 9 9 9 9 4 4 9 9 9 9 9 9 4 4 9 9 9 9 9 9 4 4 2 2 5 5
5 5 5 5 5 5 5 5 5 5 5 5 5 5 5 5 5 5 5 5 5 5 5 5 5 5 5 5 5 5 5 5 2 2 4 4 4 4 4 4 4 4 4 4 4 4 4 4 4 4 4 4 4 4 4 4 4 4 4 4 2 2 5 5
5 5 5 5 5 5 5 5 5 5 5 5 5 5 5 5 5 5 5 5 5 5 5 5 5 5 5 5 5 5 5 5 2 2 4 4 4 4 4 4 4 4 4 4 4 4 4 4 4 4 4 4 4 4 4 4 4 4 4 4 2 2 5 5
5 5 5 5 5 5 5 5 5 5 5 5 5 5 5 5 5 5 5 5 5 5 5 5 5 5 5 5 5 5 5 5 2 2 2 2 2 2 4 4 4 4 4 4 4 4 4 4 4 4 4 4 4 4 4 4 2 2 2 2 2 2 5 5
5 5 5 5 5 5 5 5 5 5 5 5 5 5 5 5 5 5 5 5 5 5 5 5 5 5 5 5 5 5 5 5 2 2 2 2 2 2 4 4 4 4 4 4 4 4 4 4 4 4 4 4 4 4 4 4 2 2 2 2 2 2 5 5
5 5 5 5 5 5 5 5 5 5 5 5 5 5 5 5 5 5 5 5 5 5 5 5 5 5 5 5 5 5 5 5 5 5 5 5 5 5 5 5 5 5 5 5 5 5 5 5 5 5 5 5 5 5 5 5 5 5 5 5 5 5 5 5
12 12 12 12 12 12 12 12 12 12 12 12 12 12 12 12 12 12 12 12 12 12 12 12 12 12 12 12 12 12 12 12 12 12 12 12 12 12 12 12 12 12 12 12 12 12 12 12 12 12 12 12 12 12 12 12 12 12 11 11 11 11 11 11
[LEVELS] 0/6
[STATE] NOT_FINISHED
[AVAILABLE] ACTION6
[DIFF] 38 cells: (52,44) 9>8; (53,44) 9>8; (54,44) 9>8; (55,44) 9>8; (56,44) 9>8; (57,44) 9>8; (52,45) 9>8; (53,45) 9>8; (54,45) 9>8; (55,45) 9>8; (56,45) 9>8; (57,45) 9>8; (52,46) 9>8; (53,46) 9>8; (54,46) 9>8; (55,46) 9>8; (56,46) 9>8; (57,46) 9>8; (52,47) 9>8; (53,47) 9>8; (54,47) 9>8; (55,47) 9>8; (56,47) 9>8; (57,47) 9>8; (52,48) 9>8; (53,48) 9>8; (54,48) 9>8; (55,48) 9>8; (56,48) 9>8; (57,48) 9>8; (52,49) 9>8; (53,49) 9>8; (54,49) 9>8; (55,49) 9>8; (56,49) 9>8; (57,49) 9>8; (58,63) 12>11; (59,63) 12>11

[STEP 4]
[ACTION] ACTION6 x=38 y=54
[BOARD] 1/2 intermediate
5 5 5 5 5 5 5 5 5 5 5 5 5 5 5 5 5 5 5 5 5 5 5 5 5 5 5 5 5 5 5 5 5 5 5 5 5 5 5 5 5 5 5 5 5 5 5 5 5 5 5 5 5 5 5 5 5 5 5 5 5 5 5 5
5 5 5 5 5 5 5 5 5 5 5 5 5 5 5 5 5 5 5 5 5 5 5 5 5 5 5 5 5 5 5 5 5 5 5 5 5 5 5 5 5 5 5 5 5 5 5 5 5 5 5 5 5 5 5 5 5 5 5 5 5 5 5 5
5 5 5 5 9 9 9 9 9 9 5 5 8 8 8 8 8 8 5 5 9 9 9 9 9 9 5 5 5 5 5 5 5 5 5 5 5 5 9 9 9 9 9 9 5 5 8 8 8 8 8 8 5 5 9 9 9 9 9 9 5 5 5 5
5 5 5 5 9 9 9 9 9 9 5 5 8 8 8 8 8 8 5 5 9 9 9 9 9 9 5 5 5 5 5 5 5 5 5 5 5 5 9 9 9 9 9 9 5 5 8 8 8 8 8 8 5 5 9 9 9 9 9 9 5 5 5 5
5 5 5 5 9 9 9 9 9 9 5 5 8 8 8 8 8 8 5 5 9 9 9 9 9 9 5 5 5 5 5 5 5 5 5 5 5 5 9 9 9 9 9 9 5 5 8 8 8 8 8 8 5 5 9 9 9 9 9 9 5 5 5 5
5 5 5 5 9 9 9 9 9 9 5 5 8 8 8 8 8 8 5 5 9 9 9 9 9 9 5 5 5 5 5 5 5 5 5 5 5 5 9 9 9 9 9 9 5 5 8 8 8 8 8 8 5 5 9 9 9 9 9 9 5 5 5 5
5 5 5 5 9 9 9 9 9 9 5 5 8 8 8 8 8 8 5 5 9 9 9 9 9 9 5 5 5 5 5 5 5 5 5 5 5 5 9 9 9 9 9 9 5 5 8 8 8 8 8 8 5 5 9 9 9 9 9 9 5 5 5 5
5 5 5 5 9 9 9 9 9 9 5 5 8 8 8 8 8 8 5 5 9 9 9 9 9 9 5 5 5 5 5 5 5 5 5 5 5 5 9 9 9 9 9 9 5 5 8 8 8 8 8 8 5 5 9 9 9 9 9 9 5 5 5 5
5 5 5 5 5 5 5 5 5 5 5 5 5 5 5 5 5 5 5 5 5 5 5 5 5 5 5 5 5 5 5 5 5 5 5 5 5 5 5 5 5 5 5 5 5 5 5 5 5 5 5 5 5 5 5 5 5 5 5 5 5 5 5 5
5 5 5 5 5 5 5 5 5 5 5 5 5 5 5 5 5 5 5 5 5 5 5 5 5 5 5 5 5 5 5 5 5 5 5 5 5 5 5 5 5 5 5 5 5 5 5 5 5 5 5 5 5 5 5 5 5 5 5 5 5 5 5 5
5 5 5 5 8 8 8 8 8 8 5 5 2 2 0 0 2 2 5 5 9 9 9 9 9 9 5 5 5 5 5 5 5 5 5 5 5 5 8 8 8 8 8 8 5 5 2 2 0 0 2 2 5 5 8 8 8 8 8 8 5 5 5 5
5 5 5 5 8 8 8 8 8 8 5 5 2 2 0 0 2 2 5 5 9 9 9 9 9 9 5 5 5 5 5 5 5 5 5 5 5 5 8 8 8 8 8 8 5 5 2 2 0 0 2 2 5 5 8 8 8 8 8 8 5 5 5 5
5 5 5 5 8 8 8 8 8 8 5 5 0 0 8 8 2 2 5 5 9 9 9 9 9 9 5 5 5 5 5 5 5 5 5 5 5 5 8 8 8 8 8 8 5 5 0 0 8 8 0 0 5 5 8 8 8 8 8 8 5 5 5 5
5 5 5 5 8 8 8 8 8 8 5 5 0 0 8 8 2 2 5 5 9 9 9 9 9 9 5 5 5 5 5 5 5 5 5 5 5 5 8 8 8 8 8 8 5 5 0 0 8 8 0 0 5 5 8 8 8 8 8 8 5 5 5 5
5 5 5 5 8 8 8 8 8 8 5 5 2 2 0 0 0 0 5 5 9 9 9 9 9 9 5 5 5 5 5 5 5 5 5 5 5 5 8 8 8 8 8 8 5 5 2 2 0 0 2 2 5 5 8 8 8 8 8 8 5 5 5 5
5 5 5 5 8 8 8 8 8 8 5 5 2 2 0 0 0 0 5 5 9 9 9 9 9 9 5 5 5 5 5 5 5 5 5 5 5 5 8 8 8 8 8 8 5 5 2 2 0 0 2 2 5 5 8 8 8 8 8 8 5 5 5 5
5 5 5 5 5 5 5 5 5 5 5 5 5 5 5 5 5 5 5 5 5 5 5 5 5 5 5 5 5 5 5 5 5 5 5 5 5 5 5 5 5 5 5 5 5 5 5 5 5 5 5 5 5 5 5 5 5 5 5 5 5 5 5 5
5 5 5 5 5 5 5 5 5 5 5 5 5 5 5 5 5 5 5 5 5 5 5 5 5 5 5 5 5 5 5 5 5 5 5 5 5 5 5 5 5 5 5 5 5 5 5 5 5 5 5 5 5 5 5 5 5 5 5 5 5 5 5 5
5 5 5 5 9 9 9 9 9 9 5 5 8 8 8 8 8 8 5 5 8 8 8 8 8 8 5 5 5 5 5 5 5 5 5 5 5 5 9 9 9 9 9 9 5 5 8 8 8 8 8 8 5 5 9 9 9 9 9 9 5 5 5 5
5 5 5 5 9 9 9 9 9 9 5 5 8 8 8 8 8 8 5 5 8 8 8 8 8 8 5 5 5 5 5 5 5 5 5 5 5 5 9 9 9 9 9 9 5 5 8 8 8 8 8 8 5 5 9 9 9 9 9 9 5 5 5 5
5 5 5 5 9 9 9 9 9 9 5 5 8 8 8 8 8 8 5 5 8 8 8 8 8 8 5 5 5 5 5 5 5 5 5 5 5 5 9 9 9 9 9 9 5 5 8 8 8 8 8 8 5 5 9 9 9 9 9 9 5 5 5 5
5 5 5 5 9 9 9 9 9 9 5 5 8 8 8 8 8 8 5 5 8 8 8 8 8 8 5 5 5 5 5 5 5 5 5 5 5 5 9 9 9 9 9 9 5 5 8 8 8 8 8 8 5 5 9 9 9 9 9 9 5 5 5 5
5 5 5 5 9 9 9 9 9 9 5 5 8 8 8 8 8 8 5 5 8 8 8 8 8 8 5 5 5 5 5 5 5 5 5 5 5 5 9 9 9 9 9 9 5 5 8 8 8 8 8 8 5 5 9 9 9 9 9 9 5 5 5 5
5 5 5 5 9 9 9 9 9 9 5 5 8 8 8 8 8 8 5 5 8 8 8 8 8 8 5 5 5 5 5 5 5 5 5 5 5 5 9 9 9 9 9 9 5 5 8 8 8 8 8 8 5 5 9 9 9 9 9 9 5 5 5 5
5 5 5 5 5 5 5 5 5 5 5 5 5 5 5 5 5 5 5 5 5 5 5 5 5 5 5 5 5 5 5 5 5 5 5 5 5 5 5 5 5 5 5 5 5 5 5 5 5 5 5 5 5 5 5 5 5 5 5 5 5 5 5 5
5 5 5 5 5 5 5 5 5 5 5 5 5 5 5 5 5 5 5 5 5 5 5 5 5 5 5 5 5 5 5 5 5 5 5 5 5 5 5 5 5 5 5 5 5 5 5 5 5 5 5 5 5 5 5 5 5 5 5 5 5 5 5 5
5 5 5 5 5 5 5 5 5 5 5 5 5 5 5 5 5 5 5 5 5 5 5 5 5 5 5 5 5 5 5 5 5 5 5 5 5 5 5 5 5 5 5 5 5 5 5 5 5 5 5 5 5 5 5 5 5 5 5 5 5 5 5 5
5 5 5 5 5 5 5 5 5 5 5 5 5 5 5 5 5 5 5 5 5 5 5 5 5 5 5 5 5 5 5 5 5 5 5 5 5 5 5 5 5 5 5 5 5 5 5 5 5 5 5 5 5 5 5 5 5 5 5 5 5 5 5 5
5 5 5 5 5 5 5 5 5 5 5 5 5 5 5 5 5 5 5 5 5 5 5 5 5 5 5 5 5 5 5 5 5 5 5 5 5 5 5 5 5 5 5 5 5 5 5 5 5 5 5 5 5 5 5 5 5 5 5 5 5 5 5 5
5 5 5 5 5 5 5 5 5 5 5 5 5 5 5 5 5 5 5 5 5 5 5 5 5 5 5 5 5 5 5 5 5 5 5 5 5 5 5 5 5 5 5 5 5 5 5 5 5 5 5 5 5 5 5 5 5 5 5 5 5 5 5 5
5 5 5 5 5 5 5 5 5 5 5 5 5 5 5 5 5 5 5 5 5 5 5 5 5 5 5 5 5 5 5 5 5 5 5 5 5 5 5 5 5 5 5 5 5 5 5 5 5 5 5 5 5 5 5 5 5 5 5 5 5 5 5 5
5 5 5 5 5 5 5 5 5 5 5 5 5 5 5 5 5 5 5 5 5 5 5 5 5 5 5 5 5 5 5 5 5 5 5 5 5 5 5 5 5 5 5 5 5 5 5 5 5 5 5 5 5 5 5 5 5 5 5 5 5 5 5 5
5 5 5 5 5 5 5 5 5 5 5 5 5 5 5 5 5 5 5 5 5 5 5 5 5 5 5 5 5 5 5 5 2 2 2 2 2 2 4 4 4 4 4 4 4 4 4 4 4 4 4 4 4 4 4 4 2 2 2 2 2 2 5 5
5 5 5 5 5 5 5 5 5 5 5 5 5 5 5 5 5 5 5 5 5 5 5 5 5 5 5 5 5 5 5 5 2 2 2 2 2 2 4 4 4 4 4 4 4 4 4 4 4 4 4 4 4 4 4 4 2 2 2 2 2 2 5 5
5 5 5 5 5 5 5 5 5 5 5 5 5 5 5 5 5 5 5 5 5 5 5 5 5 5 5 5 5 5 5 5 2 2 4 4 4 4 4 4 4 4 4 4 4 4 4 4 4 4 4 4 4 4 4 4 4 4 4 4 2 2 5 5
5 5 5 5 5 5 5 5 5 5 5 5 5 5 5 5 5 5 5 5 5 5 5 5 5 5 5 5 5 5 5 5 2 2 4 4 4 4 4 4 4 4 4 4 4 4 4 4 4 4 4 4 4 4 4 4 4 4 4 4 2 2 5 5
5 5 5 5 8 8 8 8 8 8 5 5 9 9 9 9 9 9 5 5 9 9 9 9 9 9 5 5 5 5 5 5 2 2 4 4 8 8 8 8 8 8 4 4 9 9 9 9 9 9 4 4 9 9 9 9 9 9 4 4 2 2 5 5
5 5 5 5 8 8 8 8 8 8 5 5 9 9 9 9 9 9 5 5 9 9 9 9 9 9 5 5 5 5 5 5 2 2 4 4 8 8 8 8 8 8 4 4 9 9 9 9 9 9 4 4 9 9 9 9 9 9 4 4 2 2 5 5
5 5 5 5 8 8 8 8 8 8 5 5 9 9 9 9 9 9 5 5 9 9 9 9 9 9 5 5 5 5 5 5 4 4 4 4 8 8 8 8 8 8 4 4 9 9 9 9 9 9 4 4 9 9 9 9 9 9 4 4 4 4 5 5
5 5 5 5 8 8 8 8 8 8 5 5 9 9 9 9 9 9 5 5 9 9 9 9 9 9 5 5 5 5 5 5 4 4 4 4 8 8 8 8 8 8 4 4 9 9 9 9 9 9 4 4 9 9 9 9 9 9 4 4 4 4 5 5
5 5 5 5 8 8 8 8 8 8 5 5 9 9 9 9 9 9 5 5 9 9 9 9 9 9 5 5 5 5 5 5 4 4 4 4 8 8 8 8 8 8 4 4 9 9 9 9 9 9 4 4 9 9 9 9 9 9 4 4 4 4 5 5
5 5 5 5 8 8 8 8 8 8 5 5 9 9 9 9 9 9 5 5 9 9 9 9 9 9 5 5 5 5 5 5 4 4 4 4 8 8 8 8 8 8 4 4 9 9 9 9 9 9 4 4 9 9 9 9 9 9 4 4 4 4 5 5
5 5 5 5 5 5 5 5 5 5 5 5 5 5 5 5 5 5 5 5 5 5 5 5 5 5 5 5 5 5 5 5 4 4 4 4 4 4 4 4 4 4 4 4 4 4 4 4 4 4 4 4 4 4 4 4 4 4 4 4 4 4 5 5
5 5 5 5 5 5 5 5 5 5 5 5 5 5 5 5 5 5 5 5 5 5 5 5 5 5 5 5 5 5 5 5 4 4 4 4 4 4 4 4 4 4 4 4 4 4 4 4 4 4 4 4 4 4 4 4 4 4 4 4 4 4 5 5
5 5 5 5 8 8 8 8 8 8 5 5 0 0 2 2 2 2 5 5 8 8 8 8 8 8 5 5 5 5 5 5 4 4 4 4 8 8 8 8 8 8 4 4 0 0 2 2 2 2 4 4 8 8 8 8 8 8 4 4 4 4 5 5
5 5 5 5 8 8 8 8 8 8 5 5 0 0 2 2 2 2 5 5 8 8 8 8 8 8 5 5 5 5 5 5 4 4 4 4 8 8 8 8 8 8 4 4 0 0 2 2 2 2 4 4 8 8 8 8 8 8 4 4 4 4 5 5
5 5 5 5 8 8 8 8 8 8 5 5 0 0 8 8 0 0 5 5 8 8 8 8 8 8 5 5 5 5 5 5 4 4 4 4 8 8 8 8 8 8 4 4 0 0 8 8 0 0 4 4 8 8 8 8 8 8 4 4 4 4 5 5
5 5 5 5 8 8 8 8 8 8 5 5 0 0 8 8 0 0 5 5 8 8 8 8 8 8 5 5 5 5 5 5 4 4 4 4 8 8 8 8 8 8 4 4 0 0 8 8 0 0 4 4 8 8 8 8 8 8 4 4 4 4 5 5
5 5 5 5 8 8 8 8 8 8 5 5 2 2 2 2 0 0 5 5 8 8 8 8 8 8 5 5 5 5 5 5 4 4 4 4 8 8 8 8 8 8 4 4 0 0 2 2 2 2 4 4 8 8 8 8 8 8 4 4 4 4 5 5
5 5 5 5 8 8 8 8 8 8 5 5 2 2 2 2 0 0 5 5 8 8 8 8 8 8 5 5 5 5 5 5 4 4 4 4 8 8 8 8 8 8 4 4 0 0 2 2 2 2 4 4 8 8 8 8 8 8 4 4 4 4 5 5
5 5 5 5 5 5 5 5 5 5 5 5 5 5 5 5 5 5 5 5 5 5 5 5 5 5 5 5 5 5 5 5 4 4 4 4 4 4 4 4 4 4 4 4 4 4 4 4 4 4 4 4 4 4 4 4 4 4 4 4 4 4 5 5
5 5 5 5 5 5 5 5 5 5 5 5 5 5 5 5 5 5 5 5 5 5 5 5 5 5 5 5 5 5 5 5 4 4 4 4 4 4 4 4 4 4 4 4 4 4 4 4 4 4 4 4 4 4 4 4 4 4 4 4 4 4 5 5
5 5 5 5 9 9 9 9 9 9 5 5 9 9 9 9 9 9 5 5 8 8 8 8 8 8 5 5 5 5 5 5 4 4 4 4 8 8 8 8 8 8 4 4 9 9 9 9 9 9 4 4 9 9 9 9 9 9 4 4 4 4 5 5
5 5 5 5 9 9 9 9 9 9 5 5 9 9 9 9 9 9 5 5 8 8 8 8 8 8 5 5 5 5 5 5 4 4 4 4 8 8 8 8 8 8 4 4 9 9 9 9 9 9 4 4 9 9 9 9 9 9 4 4 4 4 5 5
5 5 5 5 9 9 9 9 9 9 5 5 9 9 9 9 9 9 5 5 8 8 8 8 8 8 5 5 5 5 5 5 4 4 4 4 8 8 8 8 8 8 4 4 9 9 9 9 9 9 4 4 9 9 9 9 9 9 4 4 4 4 5 5
5 5 5 5 9 9 9 9 9 9 5 5 9 9 9 9 9 9 5 5 8 8 8 8 8 8 5 5 5 5 5 5 4 4 4 4 8 8 8 8 8 8 4 4 9 9 9 9 9 9 4 4 9 9 9 9 9 9 4 4 4 4 5 5
5 5 5 5 9 9 9 9 9 9 5 5 9 9 9 9 9 9 5 5 8 8 8 8 8 8 5 5 5 5 5 5 2 2 4 4 8 8 8 8 8 8 4 4 9 9 9 9 9 9 4 4 9 9 9 9 9 9 4 4 2 2 5 5
5 5 5 5 9 9 9 9 9 9 5 5 9 9 9 9 9 9 5 5 8 8 8 8 8 8 5 5 5 5 5 5 2 2 4 4 8 8 8 8 8 8 4 4 9 9 9 9 9 9 4 4 9 9 9 9 9 9 4 4 2 2 5 5
5 5 5 5 5 5 5 5 5 5 5 5 5 5 5 5 5 5 5 5 5 5 5 5 5 5 5 5 5 5 5 5 2 2 4 4 4 4 4 4 4 4 4 4 4 4 4 4 4 4 4 4 4 4 4 4 4 4 4 4 2 2 5 5
5 5 5 5 5 5 5 5 5 5 5 5 5 5 5 5 5 5 5 5 5 5 5 5 5 5 5 5 5 5 5 5 2 2 4 4 4 4 4 4 4 4 4 4 4 4 4 4 4 4 4 4 4 4 4 4 4 4 4 4 2 2 5 5
5 5 5 5 5 5 5 5 5 5 5 5 5 5 5 5 5 5 5 5 5 5 5 5 5 5 5 5 5 5 5 5 2 2 2 2 2 2 4 4 4 4 4 4 4 4 4 4 4 4 4 4 4 4 4 4 2 2 2 2 2 2 5 5
5 5 5 5 5 5 5 5 5 5 5 5 5 5 5 5 5 5 5 5 5 5 5 5 5 5 5 5 5 5 5 5 2 2 2 2 2 2 4 4 4 4 4 4 4 4 4 4 4 4 4 4 4 4 4 4 2 2 2 2 2 2 5 5
5 5 5 5 5 5 5 5 5 5 5 5 5 5 5 5 5 5 5 5 5 5 5 5 5 5 5 5 5 5 5 5 5 5 5 5 5 5 5 5 5 5 5 5 5 5 5 5 5 5 5 5 5 5 5 5 5 5 5 5 5 5 5 5
12 12 12 12 12 12 12 12 12 12 12 12 12 12 12 12 12 12 12 12 12 12 12 12 12 12 12 12 12 12 12 12 12 12 12 12 12 12 12 12 12 12 12 12 12 12 12 12 12 12 12 12 12 12 12 12 12 12 11 11 11 11 11 11
[BOARD] 2/2 settled
4 4 4 4 4 4 4 4 4 4 4 4 4 4 4 4 4 4 4 4 4 4 4 4 4 4 4 4 4 4 4 4 4 4 4 4 4 4 4 4 4 4 4 4 4 4 4 4 4 4 4 4 4 4 4 4 4 4 4 4 9 9 9 9
4 4 4 4 4 4 4 4 4 4 4 4 4 4 4 4 4 4 4 4 4 4 4 4 4 4 4 4 4 4 4 4 4 4 4 4 4 4 4 4 4 4 4 4 4 4 4 4 4 4 4 4 4 4 4 4 4 4 4 4 9 9 9 9
4 4 4 4 4 4 4 4 4 4 4 4 4 4 4 4 4 4 4 4 4 4 4 4 4 4 4 4 4 4 4 4 4 4 4 4 4 4 4 4 4 4 4 4 4 4 4 4 4 4 4 4 4 4 4 4 4 4 4 4 9 9 9 9
4 4 4 4 4 4 4 4 4 4 4 4 4 4 4 4 4 4 4 4 4 4 4 4 4 4 4 4 4 4 4 4 4 4 4 4 4 4 4 4 4 4 4 4 4 4 4 4 4 4 4 4 4 4 4 4 4 4 4 4 9 9 9 9
4 4 4 4 4 4 4 4 4 4 4 4 4 4 4 4 4 4 4 4 4 4 4 4 4 4 4 4 4 4 4 4 4 4 4 4 4 4 4 4 4 4 4 4 4 4 4 4 4 4 4 4 4 4 4 4 4 4 4 4 12 12 12 12
4 4 4 4 4 4 4 4 4 4 4 4 4 4 4 4 4 4 4 4 4 4 4 4 4 4 4 4 4 4 4 4 4 4 4 4 4 4 4 4 4 4 4 4 4 4 4 4 4 4 4 4 4 4 4 4 4 4 4 4 12 12 12 12
4 4 4 4 4 4 4 4 4 4 4 4 4 4 4 4 4 4 4 4 4 4 4 4 4 4 4 4 4 4 4 4 4 4 4 4 4 4 4 4 4 4 4 4 4 4 4 4 4 4 4 4 4 4 4 4 4 4 4 4 12 12 12 12
4 4 4 4 4 4 4 4 4 4 4 4 4 4 4 4 4 4 4 4 4 4 4 4 4 4 4 4 4 4 4 4 4 4 4 4 4 4 4 4 4 4 4 4 4 4 4 4 4 4 4 4 4 4 4 4 4 4 4 4 12 12 12 12
4 4 4 4 4 4 4 4 4 4 4 4 4 4 4 4 4 4 4 4 4 4 4 4 4 4 4 4 4 4 4 4 4 4 4 4 4 4 4 4 4 4 4 4 4 4 4 4 4 4 4 4 4 4 4 4 4 4 4 4 4 4 4 4
4 4 4 4 4 4 4 4 4 4 4 4 4 4 4 4 4 4 4 4 4 4 4 4 4 4 4 4 4 4 4 4 4 4 4 4 4 4 4 4 4 4 4 4 4 4 4 4 4 4 4 4 4 4 4 4 4 4 4 4 4 4 4 4
4 4 4 4 4 4 4 4 4 4 4 4 4 4 4 4 4 4 4 4 4 4 4 4 4 4 4 4 4 4 4 4 4 4 4 4 4 4 4 4 4 4 4 4 4 4 4 4 4 4 4 4 4 4 4 4 4 4 4 4 4 4 4 4
4 4 4 4 4 4 4 4 4 4 4 4 4 4 4 4 4 4 4 4 4 4 4 4 4 4 4 4 4 4 4 4 4 4 4 4 4 4 4 4 4 4 4 4 4 4 4 4 4 4 4 4 4 4 4 4 4 4 4 4 4 4 4 4
4 4 4 4 4 4 4 4 4 4 4 4 4 4 4 4 4 4 4 4 4 4 4 4 4 4 4 4 4 4 4 4 4 4 4 4 4 4 4 4 4 4 4 4 4 4 4 4 4 4 4 4 4 4 4 4 4 4 4 4 4 4 4 4
4 4 4 4 4 4 4 4 4 4 4 4 4 4 4 4 4 4 4 4 4 4 4 4 4 4 4 4 4 4 4 4 4 4 4 4 4 4 4 4 4 4 4 4 4 4 4 4 4 4 4 4 4 4 4 4 4 4 4 4 4 4 4 4
4 4 4 4 4 4 4 4 4 4 4 4 4 4 4 4 4 4 4 4 9 9 9 9 9 9 4 4 9 9 9 9 9 9 4 4 9 9 9 9 9 9 4 4 4 4 4 4 4 4 4 4 4 4 4 4 4 4 4 4 4 4 4 4
4 4 4 4 4 4 4 4 4 4 4 4 4 4 4 4 4 4 4 4 9 9 9 9 9 9 4 4 9 9 9 9 9 9 4 4 9 9 9 9 9 9 4 4 4 4 4 4 4 4 4 4 4 4 4 4 4 4 4 4 4 4 4 4
4 4 4 4 4 4 4 4 4 4 4 4 4 4 4 4 4 4 4 4 9 9 9 9 9 9 4 4 9 9 9 9 9 9 4 4 9 9 9 9 9 9 4 4 4 4 4 4 4 4 4 4 4 4 4 4 4 4 4 4 4 4 4 4
4 4 4 4 4 4 4 4 4 4 4 4 4 4 4 4 4 4 4 4 9 9 9 9 9 9 4 4 9 9 9 9 9 9 4 4 9 9 9 9 9 9 4 4 4 4 4 4 4 4 4 4 4 4 4 4 4 4 4 4 4 4 4 4
4 4 4 4 4 4 4 4 4 4 4 4 4 4 4 4 4 4 4 4 9 9 9 9 9 9 4 4 9 9 9 9 9 9 4 4 9 9 9 9 9 9 4 4 4 4 4 4 4 4 4 4 4 4 4 4 4 4 4 4 4 4 4 4
4 4 4 4 4 4 4 4 4 4 4 4 4 4 4 4 4 4 4 4 9 9 9 9 9 9 4 4 9 9 9 9 9 9 4 4 9 9 9 9 9 9 4 4 4 4 4 4 4 4 4 4 4 4 4 4 4 4 4 4 4 4 4 4
4 4 4 4 4 4 4 4 4 4 4 4 4 4 4 4 4 4 4 4 4 4 4 4 4 4 4 4 4 4 4 4 4 4 4 4 4 4 4 4 4 4 4 4 4 4 4 4 4 4 4 4 4 4 4 4 4 4 4 4 4 4 4 4
4 4 4 4 4 4 4 4 4 4 4 4 4 4 4 4 4 4 4 4 4 4 4 4 4 4 4 4 4 4 4 4 4 4 4 4 4 4 4 4 4 4 4 4 4 4 4 4 4 4 4 4 4 4 4 4 4 4 4 4 4 4 4 4
4 4 4 4 4 4 4 4 4 4 4 4 4 4 4 4 4 4 4 4 9 9 9 9 9 9 4 4 0 0 2 2 2 2 4 4 9 9 9 9 9 9 4 4 4 4 4 4 4 4 4 4 4 4 4 4 4 4 4 4 4 4 4 4
4 4 4 4 4 4 4 4 4 4 4 4 4 4 4 4 4 4 4 4 9 9 9 9 9 9 4 4 0 0 2 2 2 2 4 4 9 9 9 9 9 9 4 4 4 4 4 4 4 4 4 4 4 4 4 4 4 4 4 4 4 4 4 4
4 4 4 4 4 4 4 4 4 4 4 4 4 4 4 4 4 4 4 4 9 9 9 9 9 9 4 4 0 0 12 12 0 0 4 4 9 9 9 9 9 9 4 4 4 4 4 4 4 4 4 4 4 4 4 4 4 4 4 4 4 4 4 4
4 4 4 4 4 4 4 4 4 4 4 4 4 4 4 4 4 4 4 4 9 9 9 9 9 9 4 4 0 0 12 12 0 0 4 4 9 9 9 9 9 9 4 4 4 4 4 4 4 4 4 4 4 4 4 4 4 4 4 4 4 4 4 4
4 4 4 4 4 4 4 4 4 4 4 4 4 4 4 4 4 4 4 4 9 9 9 9 9 9 4 4 0 0 2 2 0 0 4 4 9 9 9 9 9 9 4 4 4 4 4 4 4 4 4 4 4 4 4 4 4 4 4 4 4 4 4 4
4 4 4 4 4 4 4 4 4 4 4 4 4 4 4 4 4 4 4 4 9 9 9 9 9 9 4 4 0 0 2 2 0 0 4 4 9 9 9 9 9 9 4 4 4 4 4 4 4 4 4 4 4 4 4 4 4 4 4 4 4 4 4 4
4 4 4 4 4 4 4 4 4 4 4 4 4 4 4 4 4 4 4 4 4 4 4 4 4 4 4 4 4 4 4 4 4 4 4 4 4 4 4 4 4 4 4 4 4 4 4 4 4 4 4 4 4 4 4 4 4 4 4 4 4 4 4 4
4 4 4 4 4 4 4 4 4 4 4 4 4 4 4 4 4 4 4 4 4 4 4 4 4 4 4 4 4 4 4 4 4 4 4 4 4 4 4 4 4 4 4 4 4 4 4 4 4 4 4 4 4 4 4 4 4 4 4 4 4 4 4 4
4 4 4 4 4 4 4 4 4 4 4 4 4 4 4 4 4 4 4 4 9 9 9 9 9 9 4 4 9 9 9 9 9 9 4 4 9 9 9 9 9 9 4 4 4 4 4 4 4 4 4 4 4 4 4 4 4 4 4 4 4 4 4 4
4 4 4 4 4 4 4 4 4 4 4 4 4 4 4 4 4 4 4 4 9 9 9 9 9 9 4 4 9 9 9 9 9 9 4 4 9 9 9 9 9 9 4 4 4 4 4 4 4 4 4 4 4 4 4 4 4 4 4 4 4 4 4 4
4 4 4 4 4 4 4 4 4 4 4 4 4 4 4 4 4 4 4 4 9 9 9 9 9 9 4 4 9 9 9 9 9 9 4 4 9 9 9 9 9 9 4 4 4 4 4 4 4 4 4 4 4 4 4 4 4 4 4 4 4 4 4 4
4 4 4 4 4 4 4 4 4 4 4 4 4 4 4 4 4 4 4 4 9 9 9 9 9 9 4 4 9 9 9 9 9 9 4 4 9 9 9 9 9 9 4 4 4 4 4 4 4 4 4 4 4 4 4 4 4 4 4 4 4 4 4 4
4 4 4 4 4 4 4 4 4 4 4 4 4 4 4 4 4 4 4 4 9 9 9 9 9 9 4 4 9 9 9 9 9 9 4 4 9 9 9 9 9 9 4 4 4 4 4 4 4 4 4 4 4 4 4 4 4 4 4 4 4 4 4 4
4 4 4 4 4 4 4 4 4 4 4 4 4 4 4 4 4 4 4 4 9 9 9 9 9 9 4 4 9 9 9 9 9 9 4 4 9 9 9 9 9 9 4 4 4 4 4 4 4 4 4 4 4 4 4 4 4 4 4 4 4 4 4 4
4 4 4 4 4 4 4 4 4 4 4 4 4 4 4 4 4 4 4 4 4 4 4 4 4 4 4 4 4 4 4 4 4 4 4 4 4 4 4 4 4 4 4 4 4 4 4 4 4 4 4 4 4 4 4 4 4 4 4 4 4 4 4 4
4 4 4 4 4 4 4 4 4 4 4 4 4 4 4 4 4 4 4 4 4 4 4 4 4 4 4 4 4 4 4 4 4 4 4 4 4 4 4 4 4 4 4 4 4 4 4 4 4 4 4 4 4 4 4 4 4 4 4 4 4 4 4 4
4 4 4 4 4 4 4 4 4 4 4 4 4 4 4 4 4 4 4 4 9 9 9 9 9 9 4 4 0 0 2 2 0 0 4 4 9 9 9 9 9 9 4 4 4 4 4 4 4 4 4 4 4 4 4 4 4 4 4 4 4 4 4 4
4 4 4 4 4 4 4 4 4 4 4 4 4 4 4 4 4 4 4 4 9 9 9 9 9 9 4 4 0 0 2 2 0 0 4 4 9 9 9 9 9 9 4 4 4 4 4 4 4 4 4 4 4 4 4 4 4 4 4 4 4 4 4 4
4 4 4 4 4 4 4 4 4 4 4 4 4 4 4 4 4 4 4 4 9 9 9 9 9 9 4 4 2 2 12 12 2 2 4 4 9 9 9 9 9 9 4 4 4 4 4 4 4 4 4 4 4 4 4 4 4 4 4 4 4 4 4 4
4 4 4 4 4 4 4 4 4 4 4 4 4 4 4 4 4 4 4 4 9 9 9 9 9 9 4 4 2 2 12 12 2 2 4 4 9 9 9 9 9 9 4 4 4 4 4 4 4 4 4 4 4 4 4 4 4 4 4 4 4 4 4 4
4 4 4 4 4 4 4 4 4 4 4 4 4 4 4 4 4 4 4 4 9 9 9 9 9 9 4 4 0 0 0 0 2 2 4 4 9 9 9 9 9 9 4 4 4 4 4 4 4 4 4 4 4 4 4 4 4 4 4 4 4 4 4 4
4 4 4 4 4 4 4 4 4 4 4 4 4 4 4 4 4 4 4 4 9 9 9 9 9 9 4 4 0 0 0 0 2 2 4 4 9 9 9 9 9 9 4 4 4 4 4 4 4 4 4 4 4 4 4 4 4 4 4 4 4 4 4 4
4 4 4 4 4 4 4 4 4 4 4 4 4 4 4 4 4 4 4 4 4 4 4 4 4 4 4 4 4 4 4 4 4 4 4 4 4 4 4 4 4 4 4 4 4 4 4 4 4 4 4 4 4 4 4 4 4 4 4 4 4 4 4 4
4 4 4 4 4 4 4 4 4 4 4 4 4 4 4 4 4 4 4 4 4 4 4 4 4 4 4 4 4 4 4 4 4 4 4 4 4 4 4 4 4 4 4 4 4 4 4 4 4 4 4 4 4 4 4 4 4 4 4 4 4 4 4 4
4 4 4 4 4 4 4 4 4 4 4 4 4 4 4 4 4 4 4 4 9 9 9 9 9 9 4 4 9 9 9 9 9 9 4 4 9 9 9 9 9 9 4 4 4 4 4 4 4 4 4 4 4 4 4 4 4 4 4 4 4 4 4 4
4 4 4 4 4 4 4 4 4 4 4 4 4 4 4 4 4 4 4 4 9 9 9 9 9 9 4 4 9 9 9 9 9 9 4 4 9 9 9 9 9 9 4 4 4 4 4 4 4 4 4 4 4 4 4 4 4 4 4 4 4 4 4 4
4 4 4 4 4 4 4 4 4 4 4 4 4 4 4 4 4 4 4 4 9 9 9 9 9 9 4 4 9 9 9 9 9 9 4 4 9 9 9 9 9 9 4 4 4 4 4 4 4 4 4 4 4 4 4 4 4 4 4 4 4 4 4 4
4 4 4 4 4 4 4 4 4 4 4 4 4 4 4 4 4 4 4 4 9 9 9 9 9 9 4 4 9 9 9 9 9 9 4 4 9 9 9 9 9 9 4 4 4 4 4 4 4 4 4 4 4 4 4 4 4 4 4 4 4 4 4 4
4 4 4 4 4 4 4 4 4 4 4 4 4 4 4 4 4 4 4 4 9 9 9 9 9 9 4 4 9 9 9 9 9 9 4 4 9 9 9 9 9 9 4 4 4 4 4 4 4 4 4 4 4 4 4 4 4 4 4 4 4 4 4 4
4 4 4 4 4 4 4 4 4 4 4 4 4 4 4 4 4 4 4 4 9 9 9 9 9 9 4 4 9 9 9 9 9 9 4 4 9 9 9 9 9 9 4 4 4 4 4 4 4 4 4 4 4 4 4 4 4 4 4 4 4 4 4 4
4 4 4 4 4 4 4 4 4 4 4 4 4 4 4 4 4 4 4 4 4 4 4 4 4 4 4 4 4 4 4 4 4 4 4 4 4 4 4 4 4 4 4 4 4 4 4 4 4 4 4 4 4 4 4 4 4 4 4 4 4 4 4 4
4 4 4 4 4 4 4 4 4 4 4 4 4 4 4 4 4 4 4 4 4 4 4 4 4 4 4 4 4 4 4 4 4 4 4 4 4 4 4 4 4 4 4 4 4 4 4 4 4 4 4 4 4 4 4 4 4 4 4 4 4 4 4 4
4 4 4 4 4 4 4 4 4 4 4 4 4 4 4 4 4 4 4 4 4 4 4 4 4 4 4 4 4 4 4 4 4 4 4 4 4 4 4 4 4 4 4 4 4 4 4 4 4 4 4 4 4 4 4 4 4 4 4 4 4 4 4 4
4 4 4 4 4 4 4 4 4 4 4 4 4 4 4 4 4 4 4 4 4 4 4 4 4 4 4 4 4 4 4 4 4 4 4 4 4 4 4 4 4 4 4 4 4 4 4 4 4 4 4 4 4 4 4 4 4 4 4 4 4 4 4 4
4 4 4 4 4 4 4 4 4 4 4 4 4 4 4 4 4 4 4 4 4 4 4 4 4 4 4 4 4 4 4 4 4 4 4 4 4 4 4 4 4 4 4 4 4 4 4 4 4 4 4 4 4 4 4 4 4 4 4 4 4 4 4 4
4 4 4 4 4 4 4 4 4 4 4 4 4 4 4 4 4 4 4 4 4 4 4 4 4 4 4 4 4 4 4 4 4 4 4 4 4 4 4 4 4 4 4 4 4 4 4 4 4 4 4 4 4 4 4 4 4 4 4 4 4 4 4 4
4 4 4 4 4 4 4 4 4 4 4 4 4 4 4 4 4 4 4 4 4 4 4 4 4 4 4 4 4 4 4 4 4 4 4 4 4 4 4 4 4 4 4 4 4 4 4 4 4 4 4 4 4 4 4 4 4 4 4 4 4 4 4 4
4 4 4 4 4 4 4 4 4 4 4 4 4 4 4 4 4 4 4 4 4 4 4 4 4 4 4 4 4 4 4 4 4 4 4 4 4 4 4 4 4 4 4 4 4 4 4 4 4 4 4 4 4 4 4 4 4 4 4 4 4 4 4 4
4 4 4 4 4 4 4 4 4 4 4 4 4 4 4 4 4 4 4 4 4 4 4 4 4 4 4 4 4 4 4 4 4 4 4 4 4 4 4 4 4 4 4 4 4 4 4 4 4 4 4 4 4 4 4 4 4 4 4 4 4 4 4 4
4 4 4 4 4 4 4 4 4 4 4 4 4 4 4 4 4 4 4 4 4 4 4 4 4 4 4 4 4 4 4 4 4 4 4 4 4 4 4 4 4 4 4 4 4 4 4 4 4 4 4 4 4 4 4 4 4 4 4 4 4 4 4 4
4 4 4 4 4 4 4 4 4 4 4 4 4 4 4 4 4 4 4 4 4 4 4 4 4 4 4 4 4 4 4 4 4 4 4 4 4 4 4 4 4 4 4 4 4 4 4 4 4 4 4 4 4 4 4 4 4 4 4 4 4 4 4 4
12 12 12 12 12 12 12 12 12 12 12 12 12 12 12 12 12 12 12 12 12 12 12 12 12 12 12 12 12 12 12 12 12 12 12 12 12 12 12 12 12 12 12 12 12 12 12 12 12 12 12 12 12 12 12 12 12 12 12 12 12 12 12 12
[LEVELS] 1/6
[STATE] NOT_FINISHED
[AVAILABLE] ACTION6
[DIFF] 3558 cells changed in bbox (0,0)-(63,63)

[PLAN] invocation 3
The upper clue marks its top-left neighbor with micro-color 0, so clicking that color-9 tile should repaint it to the new center-core color 12.
plan: ACTION6(x=22,y=16)
[END PLAN]

[STEP 5]
[ACTION] ACTION6 x=22 y=16
[BOARD] 1/1 settled
4 4 4 4 4 4 4 4 4 4 4 4 4 4 4 4 4 4 4 4 4 4 4 4 4 4 4 4 4 4 4 4 4 4 4 4 4 4 4 4 4 4 4 4 4 4 4 4 4 4 4 4 4 4 4 4 4 4 4 4 9 9 9 9
4 4 4 4 4 4 4 4 4 4 4 4 4 4 4 4 4 4 4 4 4 4 4 4 4 4 4 4 4 4 4 4 4 4 4 4 4 4 4 4 4 4 4 4 4 4 4 4 4 4 4 4 4 4 4 4 4 4 4 4 9 9 9 9
4 4 4 4 4 4 4 4 4 4 4 4 4 4 4 4 4 4 4 4 4 4 4 4 4 4 4 4 4 4 4 4 4 4 4 4 4 4 4 4 4 4 4 4 4 4 4 4 4 4 4 4 4 4 4 4 4 4 4 4 9 9 9 9
4 4 4 4 4 4 4 4 4 4 4 4 4 4 4 4 4 4 4 4 4 4 4 4 4 4 4 4 4 4 4 4 4 4 4 4 4 4 4 4 4 4 4 4 4 4 4 4 4 4 4 4 4 4 4 4 4 4 4 4 9 9 9 9
4 4 4 4 4 4 4 4 4 4 4 4 4 4 4 4 4 4 4 4 4 4 4 4 4 4 4 4 4 4 4 4 4 4 4 4 4 4 4 4 4 4 4 4 4 4 4 4 4 4 4 4 4 4 4 4 4 4 4 4 12 12 12 12
4 4 4 4 4 4 4 4 4 4 4 4 4 4 4 4 4 4 4 4 4 4 4 4 4 4 4 4 4 4 4 4 4 4 4 4 4 4 4 4 4 4 4 4 4 4 4 4 4 4 4 4 4 4 4 4 4 4 4 4 12 12 12 12
4 4 4 4 4 4 4 4 4 4 4 4 4 4 4 4 4 4 4 4 4 4 4 4 4 4 4 4 4 4 4 4 4 4 4 4 4 4 4 4 4 4 4 4 4 4 4 4 4 4 4 4 4 4 4 4 4 4 4 4 12 12 12 12
4 4 4 4 4 4 4 4 4 4 4 4 4 4 4 4 4 4 4 4 4 4 4 4 4 4 4 4 4 4 4 4 4 4 4 4 4 4 4 4 4 4 4 4 4 4 4 4 4 4 4 4 4 4 4 4 4 4 4 4 12 12 12 12
4 4 4 4 4 4 4 4 4 4 4 4 4 4 4 4 4 4 4 4 4 4 4 4 4 4 4 4 4 4 4 4 4 4 4 4 4 4 4 4 4 4 4 4 4 4 4 4 4 4 4 4 4 4 4 4 4 4 4 4 4 4 4 4
4 4 4 4 4 4 4 4 4 4 4 4 4 4 4 4 4 4 4 4 4 4 4 4 4 4 4 4 4 4 4 4 4 4 4 4 4 4 4 4 4 4 4 4 4 4 4 4 4 4 4 4 4 4 4 4 4 4 4 4 4 4 4 4
4 4 4 4 4 4 4 4 4 4 4 4 4 4 4 4 4 4 4 4 4 4 4 4 4 4 4 4 4 4 4 4 4 4 4 4 4 4 4 4 4 4 4 4 4 4 4 4 4 4 4 4 4 4 4 4 4 4 4 4 4 4 4 4
4 4 4 4 4 4 4 4 4 4 4 4 4 4 4 4 4 4 4 4 4 4 4 4 4 4 4 4 4 4 4 4 4 4 4 4 4 4 4 4 4 4 4 4 4 4 4 4 4 4 4 4 4 4 4 4 4 4 4 4 4 4 4 4
4 4 4 4 4 4 4 4 4 4 4 4 4 4 4 4 4 4 4 4 4 4 4 4 4 4 4 4 4 4 4 4 4 4 4 4 4 4 4 4 4 4 4 4 4 4 4 4 4 4 4 4 4 4 4 4 4 4 4 4 4 4 4 4
4 4 4 4 4 4 4 4 4 4 4 4 4 4 4 4 4 4 4 4 4 4 4 4 4 4 4 4 4 4 4 4 4 4 4 4 4 4 4 4 4 4 4 4 4 4 4 4 4 4 4 4 4 4 4 4 4 4 4 4 4 4 4 4
4 4 4 4 4 4 4 4 4 4 4 4 4 4 4 4 4 4 4 4 12 12 12 12 12 12 4 4 9 9 9 9 9 9 4 4 9 9 9 9 9 9 4 4 4 4 4 4 4 4 4 4 4 4 4 4 4 4 4 4 4 4 4 4
4 4 4 4 4 4 4 4 4 4 4 4 4 4 4 4 4 4 4 4 12 12 12 12 12 12 4 4 9 9 9 9 9 9 4 4 9 9 9 9 9 9 4 4 4 4 4 4 4 4 4 4 4 4 4 4 4 4 4 4 4 4 4 4
4 4 4 4 4 4 4 4 4 4 4 4 4 4 4 4 4 4 4 4 12 12 12 12 12 12 4 4 9 9 9 9 9 9 4 4 9 9 9 9 9 9 4 4 4 4 4 4 4 4 4 4 4 4 4 4 4 4 4 4 4 4 4 4
4 4 4 4 4 4 4 4 4 4 4 4 4 4 4 4 4 4 4 4 12 12 12 12 12 12 4 4 9 9 9 9 9 9 4 4 9 9 9 9 9 9 4 4 4 4 4 4 4 4 4 4 4 4 4 4 4 4 4 4 4 4 4 4
4 4 4 4 4 4 4 4 4 4 4 4 4 4 4 4 4 4 4 4 12 12 12 12 12 12 4 4 9 9 9 9 9 9 4 4 9 9 9 9 9 9 4 4 4 4 4 4 4 4 4 4 4 4 4 4 4 4 4 4 4 4 4 4
4 4 4 4 4 4 4 4 4 4 4 4 4 4 4 4 4 4 4 4 12 12 12 12 12 12 4 4 9 9 9 9 9 9 4 4 9 9 9 9 9 9 4 4 4 4 4 4 4 4 4 4 4 4 4 4 4 4 4 4 4 4 4 4
4 4 4 4 4 4 4 4 4 4 4 4 4 4 4 4 4 4 4 4 4 4 4 4 4 4 4 4 4 4 4 4 4 4 4 4 4 4 4 4 4 4 4 4 4 4 4 4 4 4 4 4 4 4 4 4 4 4 4 4 4 4 4 4
4 4 4 4 4 4 4 4 4 4 4 4 4 4 4 4 4 4 4 4 4 4 4 4 4 4 4 4 4 4 4 4 4 4 4 4 4 4 4 4 4 4 4 4 4 4 4 4 4 4 4 4 4 4 4 4 4 4 4 4 4 4 4 4
4 4 4 4 4 4 4 4 4 4 4 4 4 4 4 4 4 4 4 4 9 9 9 9 9 9 4 4 0 0 2 2 2 2 4 4 9 9 9 9 9 9 4 4 4 4 4 4 4 4 4 4 4 4 4 4 4 4 4 4 4 4 4 4
4 4 4 4 4 4 4 4 4 4 4 4 4 4 4 4 4 4 4 4 9 9 9 9 9 9 4 4 0 0 2 2 2 2 4 4 9 9 9 9 9 9 4 4 4 4 4 4 4 4 4 4 4 4 4 4 4 4 4 4 4 4 4 4
4 4 4 4 4 4 4 4 4 4 4 4 4 4 4 4 4 4 4 4 9 9 9 9 9 9 4 4 0 0 12 12 0 0 4 4 9 9 9 9 9 9 4 4 4 4 4 4 4 4 4 4 4 4 4 4 4 4 4 4 4 4 4 4
4 4 4 4 4 4 4 4 4 4 4 4 4 4 4 4 4 4 4 4 9 9 9 9 9 9 4 4 0 0 12 12 0 0 4 4 9 9 9 9 9 9 4 4 4 4 4 4 4 4 4 4 4 4 4 4 4 4 4 4 4 4 4 4
4 4 4 4 4 4 4 4 4 4 4 4 4 4 4 4 4 4 4 4 9 9 9 9 9 9 4 4 0 0 2 2 0 0 4 4 9 9 9 9 9 9 4 4 4 4 4 4 4 4 4 4 4 4 4 4 4 4 4 4 4 4 4 4
4 4 4 4 4 4 4 4 4 4 4 4 4 4 4 4 4 4 4 4 9 9 9 9 9 9 4 4 0 0 2 2 0 0 4 4 9 9 9 9 9 9 4 4 4 4 4 4 4 4 4 4 4 4 4 4 4 4 4 4 4 4 4 4
4 4 4 4 4 4 4 4 4 4 4 4 4 4 4 4 4 4 4 4 4 4 4 4 4 4 4 4 4 4 4 4 4 4 4 4 4 4 4 4 4 4 4 4 4 4 4 4 4 4 4 4 4 4 4 4 4 4 4 4 4 4 4 4
4 4 4 4 4 4 4 4 4 4 4 4 4 4 4 4 4 4 4 4 4 4 4 4 4 4 4 4 4 4 4 4 4 4 4 4 4 4 4 4 4 4 4 4 4 4 4 4 4 4 4 4 4 4 4 4 4 4 4 4 4 4 4 4
4 4 4 4 4 4 4 4 4 4 4 4 4 4 4 4 4 4 4 4 9 9 9 9 9 9 4 4 9 9 9 9 9 9 4 4 9 9 9 9 9 9 4 4 4 4 4 4 4 4 4 4 4 4 4 4 4 4 4 4 4 4 4 4
4 4 4 4 4 4 4 4 4 4 4 4 4 4 4 4 4 4 4 4 9 9 9 9 9 9 4 4 9 9 9 9 9 9 4 4 9 9 9 9 9 9 4 4 4 4 4 4 4 4 4 4 4 4 4 4 4 4 4 4 4 4 4 4
4 4 4 4 4 4 4 4 4 4 4 4 4 4 4 4 4 4 4 4 9 9 9 9 9 9 4 4 9 9 9 9 9 9 4 4 9 9 9 9 9 9 4 4 4 4 4 4 4 4 4 4 4 4 4 4 4 4 4 4 4 4 4 4
4 4 4 4 4 4 4 4 4 4 4 4 4 4 4 4 4 4 4 4 9 9 9 9 9 9 4 4 9 9 9 9 9 9 4 4 9 9 9 9 9 9 4 4 4 4 4 4 4 4 4 4 4 4 4 4 4 4 4 4 4 4 4 4
4 4 4 4 4 4 4 4 4 4 4 4 4 4 4 4 4 4 4 4 9 9 9 9 9 9 4 4 9 9 9 9 9 9 4 4 9 9 9 9 9 9 4 4 4 4 4 4 4 4 4 4 4 4 4 4 4 4 4 4 4 4 4 4
4 4 4 4 4 4 4 4 4 4 4 4 4 4 4 4 4 4 4 4 9 9 9 9 9 9 4 4 9 9 9 9 9 9 4 4 9 9 9 9 9 9 4 4 4 4 4 4 4 4 4 4 4 4 4 4 4 4 4 4 4 4 4 4
4 4 4 4 4 4 4 4 4 4 4 4 4 4 4 4 4 4 4 4 4 4 4 4 4 4 4 4 4 4 4 4 4 4 4 4 4 4 4 4 4 4 4 4 4 4 4 4 4 4 4 4 4 4 4 4 4 4 4 4 4 4 4 4
4 4 4 4 4 4 4 4 4 4 4 4 4 4 4 4 4 4 4 4 4 4 4 4 4 4 4 4 4 4 4 4 4 4 4 4 4 4 4 4 4 4 4 4 4 4 4 4 4 4 4 4 4 4 4 4 4 4 4 4 4 4 4 4
4 4 4 4 4 4 4 4 4 4 4 4 4 4 4 4 4 4 4 4 9 9 9 9 9 9 4 4 0 0 2 2 0 0 4 4 9 9 9 9 9 9 4 4 4 4 4 4 4 4 4 4 4 4 4 4 4 4 4 4 4 4 4 4
4 4 4 4 4 4 4 4 4 4 4 4 4 4 4 4 4 4 4 4 9 9 9 9 9 9 4 4 0 0 2 2 0 0 4 4 9 9 9 9 9 9 4 4 4 4 4 4 4 4 4 4 4 4 4 4 4 4 4 4 4 4 4 4
4 4 4 4 4 4 4 4 4 4 4 4 4 4 4 4 4 4 4 4 9 9 9 9 9 9 4 4 2 2 12 12 2 2 4 4 9 9 9 9 9 9 4 4 4 4 4 4 4 4 4 4 4 4 4 4 4 4 4 4 4 4 4 4
4 4 4 4 4 4 4 4 4 4 4 4 4 4 4 4 4 4 4 4 9 9 9 9 9 9 4 4 2 2 12 12 2 2 4 4 9 9 9 9 9 9 4 4 4 4 4 4 4 4 4 4 4 4 4 4 4 4 4 4 4 4 4 4
4 4 4 4 4 4 4 4 4 4 4 4 4 4 4 4 4 4 4 4 9 9 9 9 9 9 4 4 0 0 0 0 2 2 4 4 9 9 9 9 9 9 4 4 4 4 4 4 4 4 4 4 4 4 4 4 4 4 4 4 4 4 4 4
4 4 4 4 4 4 4 4 4 4 4 4 4 4 4 4 4 4 4 4 9 9 9 9 9 9 4 4 0 0 0 0 2 2 4 4 9 9 9 9 9 9 4 4 4 4 4 4 4 4 4 4 4 4 4 4 4 4 4 4 4 4 4 4
4 4 4 4 4 4 4 4 4 4 4 4 4 4 4 4 4 4 4 4 4 4 4 4 4 4 4 4 4 4 4 4 4 4 4 4 4 4 4 4 4 4 4 4 4 4 4 4 4 4 4 4 4 4 4 4 4 4 4 4 4 4 4 4
4 4 4 4 4 4 4 4 4 4 4 4 4 4 4 4 4 4 4 4 4 4 4 4 4 4 4 4 4 4 4 4 4 4 4 4 4 4 4 4 4 4 4 4 4 4 4 4 4 4 4 4 4 4 4 4 4 4 4 4 4 4 4 4
4 4 4 4 4 4 4 4 4 4 4 4 4 4 4 4 4 4 4 4 9 9 9 9 9 9 4 4 9 9 9 9 9 9 4 4 9 9 9 9 9 9 4 4 4 4 4 4 4 4 4 4 4 4 4 4 4 4 4 4 4 4 4 4
4 4 4 4 4 4 4 4 4 4 4 4 4 4 4 4 4 4 4 4 9 9 9 9 9 9 4 4 9 9 9 9 9 9 4 4 9 9 9 9 9 9 4 4 4 4 4 4 4 4 4 4 4 4 4 4 4 4 4 4 4 4 4 4
4 4 4 4 4 4 4 4 4 4 4 4 4 4 4 4 4 4 4 4 9 9 9 9 9 9 4 4 9 9 9 9 9 9 4 4 9 9 9 9 9 9 4 4 4 4 4 4 4 4 4 4 4 4 4 4 4 4 4 4 4 4 4 4
4 4 4 4 4 4 4 4 4 4 4 4 4 4 4 4 4 4 4 4 9 9 9 9 9 9 4 4 9 9 9 9 9 9 4 4 9 9 9 9 9 9 4 4 4 4 4 4 4 4 4 4 4 4 4 4 4 4 4 4 4 4 4 4
4 4 4 4 4 4 4 4 4 4 4 4 4 4 4 4 4 4 4 4 9 9 9 9 9 9 4 4 9 9 9 9 9 9 4 4 9 9 9 9 9 9 4 4 4 4 4 4 4 4 4 4 4 4 4 4 4 4 4 4 4 4 4 4
4 4 4 4 4 4 4 4 4 4 4 4 4 4 4 4 4 4 4 4 9 9 9 9 9 9 4 4 9 9 9 9 9 9 4 4 9 9 9 9 9 9 4 4 4 4 4 4 4 4 4 4 4 4 4 4 4 4 4 4 4 4 4 4
4 4 4 4 4 4 4 4 4 4 4 4 4 4 4 4 4 4 4 4 4 4 4 4 4 4 4 4 4 4 4 4 4 4 4 4 4 4 4 4 4 4 4 4 4 4 4 4 4 4 4 4 4 4 4 4 4 4 4 4 4 4 4 4
4 4 4 4 4 4 4 4 4 4 4 4 4 4 4 4 4 4 4 4 4 4 4 4 4 4 4 4 4 4 4 4 4 4 4 4 4 4 4 4 4 4 4 4 4 4 4 4 4 4 4 4 4 4 4 4 4 4 4 4 4 4 4 4
4 4 4 4 4 4 4 4 4 4 4 4 4 4 4 4 4 4 4 4 4 4 4 4 4 4 4 4 4 4 4 4 4 4 4 4 4 4 4 4 4 4 4 4 4 4 4 4 4 4 4 4 4 4 4 4 4 4 4 4 4 4 4 4
4 4 4 4 4 4 4 4 4 4 4 4 4 4 4 4 4 4 4 4 4 4 4 4 4 4 4 4 4 4 4 4 4 4 4 4 4 4 4 4 4 4 4 4 4 4 4 4 4 4 4 4 4 4 4 4 4 4 4 4 4 4 4 4
4 4 4 4 4 4 4 4 4 4 4 4 4 4 4 4 4 4 4 4 4 4 4 4 4 4 4 4 4 4 4 4 4 4 4 4 4 4 4 4 4 4 4 4 4 4 4 4 4 4 4 4 4 4 4 4 4 4 4 4 4 4 4 4
4 4 4 4 4 4 4 4 4 4 4 4 4 4 4 4 4 4 4 4 4 4 4 4 4 4 4 4 4 4 4 4 4 4 4 4 4 4 4 4 4 4 4 4 4 4 4 4 4 4 4 4 4 4 4 4 4 4 4 4 4 4 4 4
4 4 4 4 4 4 4 4 4 4 4 4 4 4 4 4 4 4 4 4 4 4 4 4 4 4 4 4 4 4 4 4 4 4 4 4 4 4 4 4 4 4 4 4 4 4 4 4 4 4 4 4 4 4 4 4 4 4 4 4 4 4 4 4
4 4 4 4 4 4 4 4 4 4 4 4 4 4 4 4 4 4 4 4 4 4 4 4 4 4 4 4 4 4 4 4 4 4 4 4 4 4 4 4 4 4 4 4 4 4 4 4 4 4 4 4 4 4 4 4 4 4 4 4 4 4 4 4
4 4 4 4 4 4 4 4 4 4 4 4 4 4 4 4 4 4 4 4 4 4 4 4 4 4 4 4 4 4 4 4 4 4 4 4 4 4 4 4 4 4 4 4 4 4 4 4 4 4 4 4 4 4 4 4 4 4 4 4 4 4 4 4
4 4 4 4 4 4 4 4 4 4 4 4 4 4 4 4 4 4 4 4 4 4 4 4 4 4 4 4 4 4 4 4 4 4 4 4 4 4 4 4 4 4 4 4 4 4 4 4 4 4 4 4 4 4 4 4 4 4 4 4 4 4 4 4
4 4 4 4 4 4 4 4 4 4 4 4 4 4 4 4 4 4 4 4 4 4 4 4 4 4 4 4 4 4 4 4 4 4 4 4 4 4 4 4 4 4 4 4 4 4 4 4 4 4 4 4 4 4 4 4 4 4 4 4 4 4 4 4
12 12 12 12 12 12 12 12 12 12 12 12 12 12 12 12 12 12 12 12 12 12 12 12 12 12 12 12 12 12 12 12 12 12 12 12 12 12 12 12 12 12 12 12 12 12 12 12 12 12 12 12 12 12 12 12 12 12 12 12 12 12 11 11
[LEVELS] 1/6
[STATE] NOT_FINISHED
[AVAILABLE] ACTION6
[DIFF] 38 cells: (20,14) 9>12; (21,14) 9>12; (22,14) 9>12; (23,14) 9>12; (24,14) 9>12; (25,14) 9>12; (20,15) 9>12; (21,15) 9>12; (22,15) 9>12; (23,15) 9>12; (24,15) 9>12; (25,15) 9>12; (20,16) 9>12; (21,16) 9>12; (22,16) 9>12; (23,16) 9>12; (24,16) 9>12; (25,16) 9>12; (20,17) 9>12; (21,17) 9>12; (22,17) 9>12; (23,17) 9>12; (24,17) 9>12; (25,17) 9>12; (20,18) 9>12; (21,18) 9>12; (22,18) 9>12; (23,18) 9>12; (24,18) 9>12; (25,18) 9>12; (20,19) 9>12; (21,19) 9>12; (22,19) 9>12; (23,19) 9>12; (24,19) 9>12; (25,19) 9>12; (62,63) 12>11; (63,63) 12>11

[PLAN] invocation 4
These are exactly the six remaining color-9 tiles encoded as micro-color 0 across the two consistent overlapping clues.
plan: ACTION6(x=22,y=24) ACTION6(x=38,y=24) ACTION6(x=22,y=32) ACTION6(x=38,y=32) ACTION6(x=22,y=48) ACTION6(x=30,y=48)
[END PLAN]

[STEP 6]
[ACTION] ACTION6 x=22 y=24
[BOARD] 1/1 settled
4 4 4 4 4 4 4 4 4 4 4 4 4 4 4 4 4 4 4 4 4 4 4 4 4 4 4 4 4 4 4 4 4 4 4 4 4 4 4 4 4 4 4 4 4 4 4 4 4 4 4 4 4 4 4 4 4 4 4 4 9 9 9 9
4 4 4 4 4 4 4 4 4 4 4 4 4 4 4 4 4 4 4 4 4 4 4 4 4 4 4 4 4 4 4 4 4 4 4 4 4 4 4 4 4 4 4 4 4 4 4 4 4 4 4 4 4 4 4 4 4 4 4 4 9 9 9 9
4 4 4 4 4 4 4 4 4 4 4 4 4 4 4 4 4 4 4 4 4 4 4 4 4 4 4 4 4 4 4 4 4 4 4 4 4 4 4 4 4 4 4 4 4 4 4 4 4 4 4 4 4 4 4 4 4 4 4 4 9 9 9 9
4 4 4 4 4 4 4 4 4 4 4 4 4 4 4 4 4 4 4 4 4 4 4 4 4 4 4 4 4 4 4 4 4 4 4 4 4 4 4 4 4 4 4 4 4 4 4 4 4 4 4 4 4 4 4 4 4 4 4 4 9 9 9 9
4 4 4 4 4 4 4 4 4 4 4 4 4 4 4 4 4 4 4 4 4 4 4 4 4 4 4 4 4 4 4 4 4 4 4 4 4 4 4 4 4 4 4 4 4 4 4 4 4 4 4 4 4 4 4 4 4 4 4 4 12 12 12 12
4 4 4 4 4 4 4 4 4 4 4 4 4 4 4 4 4 4 4 4 4 4 4 4 4 4 4 4 4 4 4 4 4 4 4 4 4 4 4 4 4 4 4 4 4 4 4 4 4 4 4 4 4 4 4 4 4 4 4 4 12 12 12 12
4 4 4 4 4 4 4 4 4 4 4 4 4 4 4 4 4 4 4 4 4 4 4 4 4 4 4 4 4 4 4 4 4 4 4 4 4 4 4 4 4 4 4 4 4 4 4 4 4 4 4 4 4 4 4 4 4 4 4 4 12 12 12 12
4 4 4 4 4 4 4 4 4 4 4 4 4 4 4 4 4 4 4 4 4 4 4 4 4 4 4 4 4 4 4 4 4 4 4 4 4 4 4 4 4 4 4 4 4 4 4 4 4 4 4 4 4 4 4 4 4 4 4 4 12 12 12 12
4 4 4 4 4 4 4 4 4 4 4 4 4 4 4 4 4 4 4 4 4 4 4 4 4 4 4 4 4 4 4 4 4 4 4 4 4 4 4 4 4 4 4 4 4 4 4 4 4 4 4 4 4 4 4 4 4 4 4 4 4 4 4 4
4 4 4 4 4 4 4 4 4 4 4 4 4 4 4 4 4 4 4 4 4 4 4 4 4 4 4 4 4 4 4 4 4 4 4 4 4 4 4 4 4 4 4 4 4 4 4 4 4 4 4 4 4 4 4 4 4 4 4 4 4 4 4 4
4 4 4 4 4 4 4 4 4 4 4 4 4 4 4 4 4 4 4 4 4 4 4 4 4 4 4 4 4 4 4 4 4 4 4 4 4 4 4 4 4 4 4 4 4 4 4 4 4 4 4 4 4 4 4 4 4 4 4 4 4 4 4 4
4 4 4 4 4 4 4 4 4 4 4 4 4 4 4 4 4 4 4 4 4 4 4 4 4 4 4 4 4 4 4 4 4 4 4 4 4 4 4 4 4 4 4 4 4 4 4 4 4 4 4 4 4 4 4 4 4 4 4 4 4 4 4 4
4 4 4 4 4 4 4 4 4 4 4 4 4 4 4 4 4 4 4 4 4 4 4 4 4 4 4 4 4 4 4 4 4 4 4 4 4 4 4 4 4 4 4 4 4 4 4 4 4 4 4 4 4 4 4 4 4 4 4 4 4 4 4 4
4 4 4 4 4 4 4 4 4 4 4 4 4 4 4 4 4 4 4 4 4 4 4 4 4 4 4 4 4 4 4 4 4 4 4 4 4 4 4 4 4 4 4 4 4 4 4 4 4 4 4 4 4 4 4 4 4 4 4 4 4 4 4 4
4 4 4 4 4 4 4 4 4 4 4 4 4 4 4 4 4 4 4 4 12 12 12 12 12 12 4 4 9 9 9 9 9 9 4 4 9 9 9 9 9 9 4 4 4 4 4 4 4 4 4 4 4 4 4 4 4 4 4 4 4 4 4 4
4 4 4 4 4 4 4 4 4 4 4 4 4 4 4 4 4 4 4 4 12 12 12 12 12 12 4 4 9 9 9 9 9 9 4 4 9 9 9 9 9 9 4 4 4 4 4 4 4 4 4 4 4 4 4 4 4 4 4 4 4 4 4 4
4 4 4 4 4 4 4 4 4 4 4 4 4 4 4 4 4 4 4 4 12 12 12 12 12 12 4 4 9 9 9 9 9 9 4 4 9 9 9 9 9 9 4 4 4 4 4 4 4 4 4 4 4 4 4 4 4 4 4 4 4 4 4 4
4 4 4 4 4 4 4 4 4 4 4 4 4 4 4 4 4 4 4 4 12 12 12 12 12 12 4 4 9 9 9 9 9 9 4 4 9 9 9 9 9 9 4 4 4 4 4 4 4 4 4 4 4 4 4 4 4 4 4 4 4 4 4 4
4 4 4 4 4 4 4 4 4 4 4 4 4 4 4 4 4 4 4 4 12 12 12 12 12 12 4 4 9 9 9 9 9 9 4 4 9 9 9 9 9 9 4 4 4 4 4 4 4 4 4 4 4 4 4 4 4 4 4 4 4 4 4 4
4 4 4 4 4 4 4 4 4 4 4 4 4 4 4 4 4 4 4 4 12 12 12 12 12 12 4 4 9 9 9 9 9 9 4 4 9 9 9 9 9 9 4 4 4 4 4 4 4 4 4 4 4 4 4 4 4 4 4 4 4 4 4 4
4 4 4 4 4 4 4 4 4 4 4 4 4 4 4 4 4 4 4 4 4 4 4 4 4 4 4 4 4 4 4 4 4 4 4 4 4 4 4 4 4 4 4 4 4 4 4 4 4 4 4 4 4 4 4 4 4 4 4 4 4 4 4 4
4 4 4 4 4 4 4 4 4 4 4 4 4 4 4 4 4 4 4 4 4 4 4 4 4 4 4 4 4 4 4 4 4 4 4 4 4 4 4 4 4 4 4 4 4 4 4 4 4 4 4 4 4 4 4 4 4 4 4 4 4 4 4 4
4 4 4 4 4 4 4 4 4 4 4 4 4 4 4 4 4 4 4 4 12 12 12 12 12 12 4 4 0 0 2 2 2 2 4 4 9 9 9 9 9 9 4 4 4 4 4 4 4 4 4 4 4 4 4 4 4 4 4 4 4 4 4 4
4 4 4 4 4 4 4 4 4 4 4 4 4 4 4 4 4 4 4 4 12 12 12 12 12 12 4 4 0 0 2 2 2 2 4 4 9 9 9 9 9 9 4 4 4 4 4 4 4 4 4 4 4 4 4 4 4 4 4 4 4 4 4 4
4 4 4 4 4 4 4 4 4 4 4 4 4 4 4 4 4 4 4 4 12 12 12 12 12 12 4 4 0 0 12 12 0 0 4 4 9 9 9 9 9 9 4 4 4 4 4 4 4 4 4 4 4 4 4 4 4 4 4 4 4 4 4 4
4 4 4 4 4 4 4 4 4 4 4 4 4 4 4 4 4 4 4 4 12 12 12 12 12 12 4 4 0 0 12 12 0 0 4 4 9 9 9 9 9 9 4 4 4 4 4 4 4 4 4 4 4 4 4 4 4 4 4 4 4 4 4 4
4 4 4 4 4 4 4 4 4 4 4 4 4 4 4 4 4 4 4 4 12 12 12 12 12 12 4 4 0 0 2 2 0 0 4 4 9 9 9 9 9 9 4 4 4 4 4 4 4 4 4 4 4 4 4 4 4 4 4 4 4 4 4 4
4 4 4 4 4 4 4 4 4 4 4 4 4 4 4 4 4 4 4 4 12 12 12 12 12 12 4 4 0 0 2 2 0 0 4 4 9 9 9 9 9 9 4 4 4 4 4 4 4 4 4 4 4 4 4 4 4 4 4 4 4 4 4 4
4 4 4 4 4 4 4 4 4 4 4 4 4 4 4 4 4 4 4 4 4 4 4 4 4 4 4 4 4 4 4 4 4 4 4 4 4 4 4 4 4 4 4 4 4 4 4 4 4 4 4 4 4 4 4 4 4 4 4 4 4 4 4 4
4 4 4 4 4 4 4 4 4 4 4 4 4 4 4 4 4 4 4 4 4 4 4 4 4 4 4 4 4 4 4 4 4 4 4 4 4 4 4 4 4 4 4 4 4 4 4 4 4 4 4 4 4 4 4 4 4 4 4 4 4 4 4 4
4 4 4 4 4 4 4 4 4 4 4 4 4 4 4 4 4 4 4 4 9 9 9 9 9 9 4 4 9 9 9 9 9 9 4 4 9 9 9 9 9 9 4 4 4 4 4 4 4 4 4 4 4 4 4 4 4 4 4 4 4 4 4 4
4 4 4 4 4 4 4 4 4 4 4 4 4 4 4 4 4 4 4 4 9 9 9 9 9 9 4 4 9 9 9 9 9 9 4 4 9 9 9 9 9 9 4 4 4 4 4 4 4 4 4 4 4 4 4 4 4 4 4 4 4 4 4 4
4 4 4 4 4 4 4 4 4 4 4 4 4 4 4 4 4 4 4 4 9 9 9 9 9 9 4 4 9 9 9 9 9 9 4 4 9 9 9 9 9 9 4 4 4 4 4 4 4 4 4 4 4 4 4 4 4 4 4 4 4 4 4 4
4 4 4 4 4 4 4 4 4 4 4 4 4 4 4 4 4 4 4 4 9 9 9 9 9 9 4 4 9 9 9 9 9 9 4 4 9 9 9 9 9 9 4 4 4 4 4 4 4 4 4 4 4 4 4 4 4 4 4 4 4 4 4 4
4 4 4 4 4 4 4 4 4 4 4 4 4 4 4 4 4 4 4 4 9 9 9 9 9 9 4 4 9 9 9 9 9 9 4 4 9 9 9 9 9 9 4 4 4 4 4 4 4 4 4 4 4 4 4 4 4 4 4 4 4 4 4 4
4 4 4 4 4 4 4 4 4 4 4 4 4 4 4 4 4 4 4 4 9 9 9 9 9 9 4 4 9 9 9 9 9 9 4 4 9 9 9 9 9 9 4 4 4 4 4 4 4 4 4 4 4 4 4 4 4 4 4 4 4 4 4 4
4 4 4 4 4 4 4 4 4 4 4 4 4 4 4 4 4 4 4 4 4 4 4 4 4 4 4 4 4 4 4 4 4 4 4 4 4 4 4 4 4 4 4 4 4 4 4 4 4 4 4 4 4 4 4 4 4 4 4 4 4 4 4 4
4 4 4 4 4 4 4 4 4 4 4 4 4 4 4 4 4 4 4 4 4 4 4 4 4 4 4 4 4 4 4 4 4 4 4 4 4 4 4 4 4 4 4 4 4 4 4 4 4 4 4 4 4 4 4 4 4 4 4 4 4 4 4 4
4 4 4 4 4 4 4 4 4 4 4 4 4 4 4 4 4 4 4 4 9 9 9 9 9 9 4 4 0 0 2 2 0 0 4 4 9 9 9 9 9 9 4 4 4 4 4 4 4 4 4 4 4 4 4 4 4 4 4 4 4 4 4 4
4 4 4 4 4 4 4 4 4 4 4 4 4 4 4 4 4 4 4 4 9 9 9 9 9 9 4 4 0 0 2 2 0 0 4 4 9 9 9 9 9 9 4 4 4 4 4 4 4 4 4 4 4 4 4 4 4 4 4 4 4 4 4 4
4 4 4 4 4 4 4 4 4 4 4 4 4 4 4 4 4 4 4 4 9 9 9 9 9 9 4 4 2 2 12 12 2 2 4 4 9 9 9 9 9 9 4 4 4 4 4 4 4 4 4 4 4 4 4 4 4 4 4 4 4 4 4 4
4 4 4 4 4 4 4 4 4 4 4 4 4 4 4 4 4 4 4 4 9 9 9 9 9 9 4 4 2 2 12 12 2 2 4 4 9 9 9 9 9 9 4 4 4 4 4 4 4 4 4 4 4 4 4 4 4 4 4 4 4 4 4 4
4 4 4 4 4 4 4 4 4 4 4 4 4 4 4 4 4 4 4 4 9 9 9 9 9 9 4 4 0 0 0 0 2 2 4 4 9 9 9 9 9 9 4 4 4 4 4 4 4 4 4 4 4 4 4 4 4 4 4 4 4 4 4 4
4 4 4 4 4 4 4 4 4 4 4 4 4 4 4 4 4 4 4 4 9 9 9 9 9 9 4 4 0 0 0 0 2 2 4 4 9 9 9 9 9 9 4 4 4 4 4 4 4 4 4 4 4 4 4 4 4 4 4 4 4 4 4 4
4 4 4 4 4 4 4 4 4 4 4 4 4 4 4 4 4 4 4 4 4 4 4 4 4 4 4 4 4 4 4 4 4 4 4 4 4 4 4 4 4 4 4 4 4 4 4 4 4 4 4 4 4 4 4 4 4 4 4 4 4 4 4 4
4 4 4 4 4 4 4 4 4 4 4 4 4 4 4 4 4 4 4 4 4 4 4 4 4 4 4 4 4 4 4 4 4 4 4 4 4 4 4 4 4 4 4 4 4 4 4 4 4 4 4 4 4 4 4 4 4 4 4 4 4 4 4 4
4 4 4 4 4 4 4 4 4 4 4 4 4 4 4 4 4 4 4 4 9 9 9 9 9 9 4 4 9 9 9 9 9 9 4 4 9 9 9 9 9 9 4 4 4 4 4 4 4 4 4 4 4 4 4 4 4 4 4 4 4 4 4 4
4 4 4 4 4 4 4 4 4 4 4 4 4 4 4 4 4 4 4 4 9 9 9 9 9 9 4 4 9 9 9 9 9 9 4 4 9 9 9 9 9 9 4 4 4 4 4 4 4 4 4 4 4 4 4 4 4 4 4 4 4 4 4 4
4 4 4 4 4 4 4 4 4 4 4 4 4 4 4 4 4 4 4 4 9 9 9 9 9 9 4 4 9 9 9 9 9 9 4 4 9 9 9 9 9 9 4 4 4 4 4 4 4 4 4 4 4 4 4 4 4 4 4 4 4 4 4 4
4 4 4 4 4 4 4 4 4 4 4 4 4 4 4 4 4 4 4 4 9 9 9 9 9 9 4 4 9 9 9 9 9 9 4 4 9 9 9 9 9 9 4 4 4 4 4 4 4 4 4 4 4 4 4 4 4 4 4 4 4 4 4 4
4 4 4 4 4 4 4 4 4 4 4 4 4 4 4 4 4 4 4 4 9 9 9 9 9 9 4 4 9 9 9 9 9 9 4 4 9 9 9 9 9 9 4 4 4 4 4 4 4 4 4 4 4 4 4 4 4 4 4 4 4 4 4 4
4 4 4 4 4 4 4 4 4 4 4 4 4 4 4 4 4 4 4 4 9 9 9 9 9 9 4 4 9 9 9 9 9 9 4 4 9 9 9 9 9 9 4 4 4 4 4 4 4 4 4 4 4 4 4 4 4 4 4 4 4 4 4 4
4 4 4 4 4 4 4 4 4 4 4 4 4 4 4 4 4 4 4 4 4 4 4 4 4 4 4 4 4 4 4 4 4 4 4 4 4 4 4 4 4 4 4 4 4 4 4 4 4 4 4 4 4 4 4 4 4 4 4 4 4 4 4 4
4 4 4 4 4 4 4 4 4 4 4 4 4 4 4 4 4 4 4 4 4 4 4 4 4 4 4 4 4 4 4 4 4 4 4 4 4 4 4 4 4 4 4 4 4 4 4 4 4 4 4 4 4 4 4 4 4 4 4 4 4 4 4 4
4 4 4 4 4 4 4 4 4 4 4 4 4 4 4 4 4 4 4 4 4 4 4 4 4 4 4 4 4 4 4 4 4 4 4 4 4 4 4 4 4 4 4 4 4 4 4 4 4 4 4 4 4 4 4 4 4 4 4 4 4 4 4 4
4 4 4 4 4 4 4 4 4 4 4 4 4 4 4 4 4 4 4 4 4 4 4 4 4 4 4 4 4 4 4 4 4 4 4 4 4 4 4 4 4 4 4 4 4 4 4 4 4 4 4 4 4 4 4 4 4 4 4 4 4 4 4 4
4 4 4 4 4 4 4 4 4 4 4 4 4 4 4 4 4 4 4 4 4 4 4 4 4 4 4 4 4 4 4 4 4 4 4 4 4 4 4 4 4 4 4 4 4 4 4 4 4 4 4 4 4 4 4 4 4 4 4 4 4 4 4 4
4 4 4 4 4 4 4 4 4 4 4 4 4 4 4 4 4 4 4 4 4 4 4 4 4 4 4 4 4 4 4 4 4 4 4 4 4 4 4 4 4 4 4 4 4 4 4 4 4 4 4 4 4 4 4 4 4 4 4 4 4 4 4 4
4 4 4 4 4 4 4 4 4 4 4 4 4 4 4 4 4 4 4 4 4 4 4 4 4 4 4 4 4 4 4 4 4 4 4 4 4 4 4 4 4 4 4 4 4 4 4 4 4 4 4 4 4 4 4 4 4 4 4 4 4 4 4 4
4 4 4 4 4 4 4 4 4 4 4 4 4 4 4 4 4 4 4 4 4 4 4 4 4 4 4 4 4 4 4 4 4 4 4 4 4 4 4 4 4 4 4 4 4 4 4 4 4 4 4 4 4 4 4 4 4 4 4 4 4 4 4 4
4 4 4 4 4 4 4 4 4 4 4 4 4 4 4 4 4 4 4 4 4 4 4 4 4 4 4 4 4 4 4 4 4 4 4 4 4 4 4 4 4 4 4 4 4 4 4 4 4 4 4 4 4 4 4 4 4 4 4 4 4 4 4 4
4 4 4 4 4 4 4 4 4 4 4 4 4 4 4 4 4 4 4 4 4 4 4 4 4 4 4 4 4 4 4 4 4 4 4 4 4 4 4 4 4 4 4 4 4 4 4 4 4 4 4 4 4 4 4 4 4 4 4 4 4 4 4 4
4 4 4 4 4 4 4 4 4 4 4 4 4 4 4 4 4 4 4 4 4 4 4 4 4 4 4 4 4 4 4 4 4 4 4 4 4 4 4 4 4 4 4 4 4 4 4 4 4 4 4 4 4 4 4 4 4 4 4 4 4 4 4 4
12 12 12 12 12 12 12 12 12 12 12 12 12 12 12 12 12 12 12 12 12 12 12 12 12 12 12 12 12 12 12 12 12 12 12 12 12 12 12 12 12 12 12 12 12 12 12 12 12 12 12 12 12 12 12 12 12 12 12 12 11 11 11 11
[LEVELS] 1/6
[STATE] NOT_FINISHED
[AVAILABLE] ACTION6
[DIFF] 38 cells: (20,22) 9>12; (21,22) 9>12; (22,22) 9>12; (23,22) 9>12; (24,22) 9>12; (25,22) 9>12; (20,23) 9>12; (21,23) 9>12; (22,23) 9>12; (23,23) 9>12; (24,23) 9>12; (25,23) 9>12; (20,24) 9>12; (21,24) 9>12; (22,24) 9>12; (23,24) 9>12; (24,24) 9>12; (25,24) 9>12; (20,25) 9>12; (21,25) 9>12; (22,25) 9>12; (23,25) 9>12; (24,25) 9>12; (25,25) 9>12; (20,26) 9>12; (21,26) 9>12; (22,26) 9>12; (23,26) 9>12; (24,26) 9>12; (25,26) 9>12; (20,27) 9>12; (21,27) 9>12; (22,27) 9>12; (23,27) 9>12; (24,27) 9>12; (25,27) 9>12; (60,63) 12>11; (61,63) 12>11

[STEP 7]
[ACTION] ACTION6 x=38 y=24
[BOARD] 1/1 settled
4 4 4 4 4 4 4 4 4 4 4 4 4 4 4 4 4 4 4 4 4 4 4 4 4 4 4 4 4 4 4 4 4 4 4 4 4 4 4 4 4 4 4 4 4 4 4 4 4 4 4 4 4 4 4 4 4 4 4 4 9 9 9 9
4 4 4 4 4 4 4 4 4 4 4 4 4 4 4 4 4 4 4 4 4 4 4 4 4 4 4 4 4 4 4 4 4 4 4 4 4 4 4 4 4 4 4 4 4 4 4 4 4 4 4 4 4 4 4 4 4 4 4 4 9 9 9 9
4 4 4 4 4 4 4 4 4 4 4 4 4 4 4 4 4 4 4 4 4 4 4 4 4 4 4 4 4 4 4 4 4 4 4 4 4 4 4 4 4 4 4 4 4 4 4 4 4 4 4 4 4 4 4 4 4 4 4 4 9 9 9 9
4 4 4 4 4 4 4 4 4 4 4 4 4 4 4 4 4 4 4 4 4 4 4 4 4 4 4 4 4 4 4 4 4 4 4 4 4 4 4 4 4 4 4 4 4 4 4 4 4 4 4 4 4 4 4 4 4 4 4 4 9 9 9 9
4 4 4 4 4 4 4 4 4 4 4 4 4 4 4 4 4 4 4 4 4 4 4 4 4 4 4 4 4 4 4 4 4 4 4 4 4 4 4 4 4 4 4 4 4 4 4 4 4 4 4 4 4 4 4 4 4 4 4 4 12 12 12 12
4 4 4 4 4 4 4 4 4 4 4 4 4 4 4 4 4 4 4 4 4 4 4 4 4 4 4 4 4 4 4 4 4 4 4 4 4 4 4 4 4 4 4 4 4 4 4 4 4 4 4 4 4 4 4 4 4 4 4 4 12 12 12 12
4 4 4 4 4 4 4 4 4 4 4 4 4 4 4 4 4 4 4 4 4 4 4 4 4 4 4 4 4 4 4 4 4 4 4 4 4 4 4 4 4 4 4 4 4 4 4 4 4 4 4 4 4 4 4 4 4 4 4 4 12 12 12 12
4 4 4 4 4 4 4 4 4 4 4 4 4 4 4 4 4 4 4 4 4 4 4 4 4 4 4 4 4 4 4 4 4 4 4 4 4 4 4 4 4 4 4 4 4 4 4 4 4 4 4 4 4 4 4 4 4 4 4 4 12 12 12 12
4 4 4 4 4 4 4 4 4 4 4 4 4 4 4 4 4 4 4 4 4 4 4 4 4 4 4 4 4 4 4 4 4 4 4 4 4 4 4 4 4 4 4 4 4 4 4 4 4 4 4 4 4 4 4 4 4 4 4 4 4 4 4 4
4 4 4 4 4 4 4 4 4 4 4 4 4 4 4 4 4 4 4 4 4 4 4 4 4 4 4 4 4 4 4 4 4 4 4 4 4 4 4 4 4 4 4 4 4 4 4 4 4 4 4 4 4 4 4 4 4 4 4 4 4 4 4 4
4 4 4 4 4 4 4 4 4 4 4 4 4 4 4 4 4 4 4 4 4 4 4 4 4 4 4 4 4 4 4 4 4 4 4 4 4 4 4 4 4 4 4 4 4 4 4 4 4 4 4 4 4 4 4 4 4 4 4 4 4 4 4 4
4 4 4 4 4 4 4 4 4 4 4 4 4 4 4 4 4 4 4 4 4 4 4 4 4 4 4 4 4 4 4 4 4 4 4 4 4 4 4 4 4 4 4 4 4 4 4 4 4 4 4 4 4 4 4 4 4 4 4 4 4 4 4 4
4 4 4 4 4 4 4 4 4 4 4 4 4 4 4 4 4 4 4 4 4 4 4 4 4 4 4 4 4 4 4 4 4 4 4 4 4 4 4 4 4 4 4 4 4 4 4 4 4 4 4 4 4 4 4 4 4 4 4 4 4 4 4 4
4 4 4 4 4 4 4 4 4 4 4 4 4 4 4 4 4 4 4 4 4 4 4 4 4 4 4 4 4 4 4 4 4 4 4 4 4 4 4 4 4 4 4 4 4 4 4 4 4 4 4 4 4 4 4 4 4 4 4 4 4 4 4 4
4 4 4 4 4 4 4 4 4 4 4 4 4 4 4 4 4 4 4 4 12 12 12 12 12 12 4 4 9 9 9 9 9 9 4 4 9 9 9 9 9 9 4 4 4 4 4 4 4 4 4 4 4 4 4 4 4 4 4 4 4 4 4 4
4 4 4 4 4 4 4 4 4 4 4 4 4 4 4 4 4 4 4 4 12 12 12 12 12 12 4 4 9 9 9 9 9 9 4 4 9 9 9 9 9 9 4 4 4 4 4 4 4 4 4 4 4 4 4 4 4 4 4 4 4 4 4 4
4 4 4 4 4 4 4 4 4 4 4 4 4 4 4 4 4 4 4 4 12 12 12 12 12 12 4 4 9 9 9 9 9 9 4 4 9 9 9 9 9 9 4 4 4 4 4 4 4 4 4 4 4 4 4 4 4 4 4 4 4 4 4 4
4 4 4 4 4 4 4 4 4 4 4 4 4 4 4 4 4 4 4 4 12 12 12 12 12 12 4 4 9 9 9 9 9 9 4 4 9 9 9 9 9 9 4 4 4 4 4 4 4 4 4 4 4 4 4 4 4 4 4 4 4 4 4 4
4 4 4 4 4 4 4 4 4 4 4 4 4 4 4 4 4 4 4 4 12 12 12 12 12 12 4 4 9 9 9 9 9 9 4 4 9 9 9 9 9 9 4 4 4 4 4 4 4 4 4 4 4 4 4 4 4 4 4 4 4 4 4 4
4 4 4 4 4 4 4 4 4 4 4 4 4 4 4 4 4 4 4 4 12 12 12 12 12 12 4 4 9 9 9 9 9 9 4 4 9 9 9 9 9 9 4 4 4 4 4 4 4 4 4 4 4 4 4 4 4 4 4 4 4 4 4 4
4 4 4 4 4 4 4 4 4 4 4 4 4 4 4 4 4 4 4 4 4 4 4 4 4 4 4 4 4 4 4 4 4 4 4 4 4 4 4 4 4 4 4 4 4 4 4 4 4 4 4 4 4 4 4 4 4 4 4 4 4 4 4 4
4 4 4 4 4 4 4 4 4 4 4 4 4 4 4 4 4 4 4 4 4 4 4 4 4 4 4 4 4 4 4 4 4 4 4 4 4 4 4 4 4 4 4 4 4 4 4 4 4 4 4 4 4 4 4 4 4 4 4 4 4 4 4 4
4 4 4 4 4 4 4 4 4 4 4 4 4 4 4 4 4 4 4 4 12 12 12 12 12 12 4 4 0 0 2 2 2 2 4 4 12 12 12 12 12 12 4 4 4 4 4 4 4 4 4 4 4 4 4 4 4 4 4 4 4 4 4 4
4 4 4 4 4 4 4 4 4 4 4 4 4 4 4 4 4 4 4 4 12 12 12 12 12 12 4 4 0 0 2 2 2 2 4 4 12 12 12 12 12 12 4 4 4 4 4 4 4 4 4 4 4 4 4 4 4 4 4 4 4 4 4 4
4 4 4 4 4 4 4 4 4 4 4 4 4 4 4 4 4 4 4 4 12 12 12 12 12 12 4 4 0 0 12 12 0 0 4 4 12 12 12 12 12 12 4 4 4 4 4 4 4 4 4 4 4 4 4 4 4 4 4 4 4 4 4 4
4 4 4 4 4 4 4 4 4 4 4 4 4 4 4 4 4 4 4 4 12 12 12 12 12 12 4 4 0 0 12 12 0 0 4 4 12 12 12 12 12 12 4 4 4 4 4 4 4 4 4 4 4 4 4 4 4 4 4 4 4 4 4 4
4 4 4 4 4 4 4 4 4 4 4 4 4 4 4 4 4 4 4 4 12 12 12 12 12 12 4 4 0 0 2 2 0 0 4 4 12 12 12 12 12 12 4 4 4 4 4 4 4 4 4 4 4 4 4 4 4 4 4 4 4 4 4 4
4 4 4 4 4 4 4 4 4 4 4 4 4 4 4 4 4 4 4 4 12 12 12 12 12 12 4 4 0 0 2 2 0 0 4 4 12 12 12 12 12 12 4 4 4 4 4 4 4 4 4 4 4 4 4 4 4 4 4 4 4 4 4 4
4 4 4 4 4 4 4 4 4 4 4 4 4 4 4 4 4 4 4 4 4 4 4 4 4 4 4 4 4 4 4 4 4 4 4 4 4 4 4 4 4 4 4 4 4 4 4 4 4 4 4 4 4 4 4 4 4 4 4 4 4 4 4 4
4 4 4 4 4 4 4 4 4 4 4 4 4 4 4 4 4 4 4 4 4 4 4 4 4 4 4 4 4 4 4 4 4 4 4 4 4 4 4 4 4 4 4 4 4 4 4 4 4 4 4 4 4 4 4 4 4 4 4 4 4 4 4 4
4 4 4 4 4 4 4 4 4 4 4 4 4 4 4 4 4 4 4 4 9 9 9 9 9 9 4 4 9 9 9 9 9 9 4 4 9 9 9 9 9 9 4 4 4 4 4 4 4 4 4 4 4 4 4 4 4 4 4 4 4 4 4 4
4 4 4 4 4 4 4 4 4 4 4 4 4 4 4 4 4 4 4 4 9 9 9 9 9 9 4 4 9 9 9 9 9 9 4 4 9 9 9 9 9 9 4 4 4 4 4 4 4 4 4 4 4 4 4 4 4 4 4 4 4 4 4 4
4 4 4 4 4 4 4 4 4 4 4 4 4 4 4 4 4 4 4 4 9 9 9 9 9 9 4 4 9 9 9 9 9 9 4 4 9 9 9 9 9 9 4 4 4 4 4 4 4 4 4 4 4 4 4 4 4 4 4 4 4 4 4 4
4 4 4 4 4 4 4 4 4 4 4 4 4 4 4 4 4 4 4 4 9 9 9 9 9 9 4 4 9 9 9 9 9 9 4 4 9 9 9 9 9 9 4 4 4 4 4 4 4 4 4 4 4 4 4 4 4 4 4 4 4 4 4 4
4 4 4 4 4 4 4 4 4 4 4 4 4 4 4 4 4 4 4 4 9 9 9 9 9 9 4 4 9 9 9 9 9 9 4 4 9 9 9 9 9 9 4 4 4 4 4 4 4 4 4 4 4 4 4 4 4 4 4 4 4 4 4 4
4 4 4 4 4 4 4 4 4 4 4 4 4 4 4 4 4 4 4 4 9 9 9 9 9 9 4 4 9 9 9 9 9 9 4 4 9 9 9 9 9 9 4 4 4 4 4 4 4 4 4 4 4 4 4 4 4 4 4 4 4 4 4 4
4 4 4 4 4 4 4 4 4 4 4 4 4 4 4 4 4 4 4 4 4 4 4 4 4 4 4 4 4 4 4 4 4 4 4 4 4 4 4 4 4 4 4 4 4 4 4 4 4 4 4 4 4 4 4 4 4 4 4 4 4 4 4 4
4 4 4 4 4 4 4 4 4 4 4 4 4 4 4 4 4 4 4 4 4 4 4 4 4 4 4 4 4 4 4 4 4 4 4 4 4 4 4 4 4 4 4 4 4 4 4 4 4 4 4 4 4 4 4 4 4 4 4 4 4 4 4 4
4 4 4 4 4 4 4 4 4 4 4 4 4 4 4 4 4 4 4 4 9 9 9 9 9 9 4 4 0 0 2 2 0 0 4 4 9 9 9 9 9 9 4 4 4 4 4 4 4 4 4 4 4 4 4 4 4 4 4 4 4 4 4 4
4 4 4 4 4 4 4 4 4 4 4 4 4 4 4 4 4 4 4 4 9 9 9 9 9 9 4 4 0 0 2 2 0 0 4 4 9 9 9 9 9 9 4 4 4 4 4 4 4 4 4 4 4 4 4 4 4 4 4 4 4 4 4 4
4 4 4 4 4 4 4 4 4 4 4 4 4 4 4 4 4 4 4 4 9 9 9 9 9 9 4 4 2 2 12 12 2 2 4 4 9 9 9 9 9 9 4 4 4 4 4 4 4 4 4 4 4 4 4 4 4 4 4 4 4 4 4 4
4 4 4 4 4 4 4 4 4 4 4 4 4 4 4 4 4 4 4 4 9 9 9 9 9 9 4 4 2 2 12 12 2 2 4 4 9 9 9 9 9 9 4 4 4 4 4 4 4 4 4 4 4 4 4 4 4 4 4 4 4 4 4 4
4 4 4 4 4 4 4 4 4 4 4 4 4 4 4 4 4 4 4 4 9 9 9 9 9 9 4 4 0 0 0 0 2 2 4 4 9 9 9 9 9 9 4 4 4 4 4 4 4 4 4 4 4 4 4 4 4 4 4 4 4 4 4 4
4 4 4 4 4 4 4 4 4 4 4 4 4 4 4 4 4 4 4 4 9 9 9 9 9 9 4 4 0 0 0 0 2 2 4 4 9 9 9 9 9 9 4 4 4 4 4 4 4 4 4 4 4 4 4 4 4 4 4 4 4 4 4 4
4 4 4 4 4 4 4 4 4 4 4 4 4 4 4 4 4 4 4 4 4 4 4 4 4 4 4 4 4 4 4 4 4 4 4 4 4 4 4 4 4 4 4 4 4 4 4 4 4 4 4 4 4 4 4 4 4 4 4 4 4 4 4 4
4 4 4 4 4 4 4 4 4 4 4 4 4 4 4 4 4 4 4 4 4 4 4 4 4 4 4 4 4 4 4 4 4 4 4 4 4 4 4 4 4 4 4 4 4 4 4 4 4 4 4 4 4 4 4 4 4 4 4 4 4 4 4 4
4 4 4 4 4 4 4 4 4 4 4 4 4 4 4 4 4 4 4 4 9 9 9 9 9 9 4 4 9 9 9 9 9 9 4 4 9 9 9 9 9 9 4 4 4 4 4 4 4 4 4 4 4 4 4 4 4 4 4 4 4 4 4 4
4 4 4 4 4 4 4 4 4 4 4 4 4 4 4 4 4 4 4 4 9 9 9 9 9 9 4 4 9 9 9 9 9 9 4 4 9 9 9 9 9 9 4 4 4 4 4 4 4 4 4 4 4 4 4 4 4 4 4 4 4 4 4 4
4 4 4 4 4 4 4 4 4 4 4 4 4 4 4 4 4 4 4 4 9 9 9 9 9 9 4 4 9 9 9 9 9 9 4 4 9 9 9 9 9 9 4 4 4 4 4 4 4 4 4 4 4 4 4 4 4 4 4 4 4 4 4 4
4 4 4 4 4 4 4 4 4 4 4 4 4 4 4 4 4 4 4 4 9 9 9 9 9 9 4 4 9 9 9 9 9 9 4 4 9 9 9 9 9 9 4 4 4 4 4 4 4 4 4 4 4 4 4 4 4 4 4 4 4 4 4 4
4 4 4 4 4 4 4 4 4 4 4 4 4 4 4 4 4 4 4 4 9 9 9 9 9 9 4 4 9 9 9 9 9 9 4 4 9 9 9 9 9 9 4 4 4 4 4 4 4 4 4 4 4 4 4 4 4 4 4 4 4 4 4 4
4 4 4 4 4 4 4 4 4 4 4 4 4 4 4 4 4 4 4 4 9 9 9 9 9 9 4 4 9 9 9 9 9 9 4 4 9 9 9 9 9 9 4 4 4 4 4 4 4 4 4 4 4 4 4 4 4 4 4 4 4 4 4 4
4 4 4 4 4 4 4 4 4 4 4 4 4 4 4 4 4 4 4 4 4 4 4 4 4 4 4 4 4 4 4 4 4 4 4 4 4 4 4 4 4 4 4 4 4 4 4 4 4 4 4 4 4 4 4 4 4 4 4 4 4 4 4 4
4 4 4 4 4 4 4 4 4 4 4 4 4 4 4 4 4 4 4 4 4 4 4 4 4 4 4 4 4 4 4 4 4 4 4 4 4 4 4 4 4 4 4 4 4 4 4 4 4 4 4 4 4 4 4 4 4 4 4 4 4 4 4 4
4 4 4 4 4 4 4 4 4 4 4 4 4 4 4 4 4 4 4 4 4 4 4 4 4 4 4 4 4 4 4 4 4 4 4 4 4 4 4 4 4 4 4 4 4 4 4 4 4 4 4 4 4 4 4 4 4 4 4 4 4 4 4 4
4 4 4 4 4 4 4 4 4 4 4 4 4 4 4 4 4 4 4 4 4 4 4 4 4 4 4 4 4 4 4 4 4 4 4 4 4 4 4 4 4 4 4 4 4 4 4 4 4 4 4 4 4 4 4 4 4 4 4 4 4 4 4 4
4 4 4 4 4 4 4 4 4 4 4 4 4 4 4 4 4 4 4 4 4 4 4 4 4 4 4 4 4 4 4 4 4 4 4 4 4 4 4 4 4 4 4 4 4 4 4 4 4 4 4 4 4 4 4 4 4 4 4 4 4 4 4 4
4 4 4 4 4 4 4 4 4 4 4 4 4 4 4 4 4 4 4 4 4 4 4 4 4 4 4 4 4 4 4 4 4 4 4 4 4 4 4 4 4 4 4 4 4 4 4 4 4 4 4 4 4 4 4 4 4 4 4 4 4 4 4 4
4 4 4 4 4 4 4 4 4 4 4 4 4 4 4 4 4 4 4 4 4 4 4 4 4 4 4 4 4 4 4 4 4 4 4 4 4 4 4 4 4 4 4 4 4 4 4 4 4 4 4 4 4 4 4 4 4 4 4 4 4 4 4 4
4 4 4 4 4 4 4 4 4 4 4 4 4 4 4 4 4 4 4 4 4 4 4 4 4 4 4 4 4 4 4 4 4 4 4 4 4 4 4 4 4 4 4 4 4 4 4 4 4 4 4 4 4 4 4 4 4 4 4 4 4 4 4 4
4 4 4 4 4 4 4 4 4 4 4 4 4 4 4 4 4 4 4 4 4 4 4 4 4 4 4 4 4 4 4 4 4 4 4 4 4 4 4 4 4 4 4 4 4 4 4 4 4 4 4 4 4 4 4 4 4 4 4 4 4 4 4 4
4 4 4 4 4 4 4 4 4 4 4 4 4 4 4 4 4 4 4 4 4 4 4 4 4 4 4 4 4 4 4 4 4 4 4 4 4 4 4 4 4 4 4 4 4 4 4 4 4 4 4 4 4 4 4 4 4 4 4 4 4 4 4 4
4 4 4 4 4 4 4 4 4 4 4 4 4 4 4 4 4 4 4 4 4 4 4 4 4 4 4 4 4 4 4 4 4 4 4 4 4 4 4 4 4 4 4 4 4 4 4 4 4 4 4 4 4 4 4 4 4 4 4 4 4 4 4 4
12 12 12 12 12 12 12 12 12 12 12 12 12 12 12 12 12 12 12 12 12 12 12 12 12 12 12 12 12 12 12 12 12 12 12 12 12 12 12 12 12 12 12 12 12 12 12 12 12 12 12 12 12 12 12 12 12 12 11 11 11 11 11 11
[LEVELS] 1/6
[STATE] NOT_FINISHED
[AVAILABLE] ACTION6
[DIFF] 38 cells: (36,22) 9>12; (37,22) 9>12; (38,22) 9>12; (39,22) 9>12; (40,22) 9>12; (41,22) 9>12; (36,23) 9>12; (37,23) 9>12; (38,23) 9>12; (39,23) 9>12; (40,23) 9>12; (41,23) 9>12; (36,24) 9>12; (37,24) 9>12; (38,24) 9>12; (39,24) 9>12; (40,24) 9>12; (41,24) 9>12; (36,25) 9>12; (37,25) 9>12; (38,25) 9>12; (39,25) 9>12; (40,25) 9>12; (41,25) 9>12; (36,26) 9>12; (37,26) 9>12; (38,26) 9>12; (39,26) 9>12; (40,26) 9>12; (41,26) 9>12; (36,27) 9>12; (37,27) 9>12; (38,27) 9>12; (39,27) 9>12; (40,27) 9>12; (41,27) 9>12; (58,63) 12>11; (59,63) 12>11

[STEP 8]
[ACTION] ACTION6 x=22 y=32
[BOARD] 1/1 settled
4 4 4 4 4 4 4 4 4 4 4 4 4 4 4 4 4 4 4 4 4 4 4 4 4 4 4 4 4 4 4 4 4 4 4 4 4 4 4 4 4 4 4 4 4 4 4 4 4 4 4 4 4 4 4 4 4 4 4 4 9 9 9 9
4 4 4 4 4 4 4 4 4 4 4 4 4 4 4 4 4 4 4 4 4 4 4 4 4 4 4 4 4 4 4 4 4 4 4 4 4 4 4 4 4 4 4 4 4 4 4 4 4 4 4 4 4 4 4 4 4 4 4 4 9 9 9 9
4 4 4 4 4 4 4 4 4 4 4 4 4 4 4 4 4 4 4 4 4 4 4 4 4 4 4 4 4 4 4 4 4 4 4 4 4 4 4 4 4 4 4 4 4 4 4 4 4 4 4 4 4 4 4 4 4 4 4 4 9 9 9 9
4 4 4 4 4 4 4 4 4 4 4 4 4 4 4 4 4 4 4 4 4 4 4 4 4 4 4 4 4 4 4 4 4 4 4 4 4 4 4 4 4 4 4 4 4 4 4 4 4 4 4 4 4 4 4 4 4 4 4 4 9 9 9 9
4 4 4 4 4 4 4 4 4 4 4 4 4 4 4 4 4 4 4 4 4 4 4 4 4 4 4 4 4 4 4 4 4 4 4 4 4 4 4 4 4 4 4 4 4 4 4 4 4 4 4 4 4 4 4 4 4 4 4 4 12 12 12 12
4 4 4 4 4 4 4 4 4 4 4 4 4 4 4 4 4 4 4 4 4 4 4 4 4 4 4 4 4 4 4 4 4 4 4 4 4 4 4 4 4 4 4 4 4 4 4 4 4 4 4 4 4 4 4 4 4 4 4 4 12 12 12 12
4 4 4 4 4 4 4 4 4 4 4 4 4 4 4 4 4 4 4 4 4 4 4 4 4 4 4 4 4 4 4 4 4 4 4 4 4 4 4 4 4 4 4 4 4 4 4 4 4 4 4 4 4 4 4 4 4 4 4 4 12 12 12 12
4 4 4 4 4 4 4 4 4 4 4 4 4 4 4 4 4 4 4 4 4 4 4 4 4 4 4 4 4 4 4 4 4 4 4 4 4 4 4 4 4 4 4 4 4 4 4 4 4 4 4 4 4 4 4 4 4 4 4 4 12 12 12 12
4 4 4 4 4 4 4 4 4 4 4 4 4 4 4 4 4 4 4 4 4 4 4 4 4 4 4 4 4 4 4 4 4 4 4 4 4 4 4 4 4 4 4 4 4 4 4 4 4 4 4 4 4 4 4 4 4 4 4 4 4 4 4 4
4 4 4 4 4 4 4 4 4 4 4 4 4 4 4 4 4 4 4 4 4 4 4 4 4 4 4 4 4 4 4 4 4 4 4 4 4 4 4 4 4 4 4 4 4 4 4 4 4 4 4 4 4 4 4 4 4 4 4 4 4 4 4 4
4 4 4 4 4 4 4 4 4 4 4 4 4 4 4 4 4 4 4 4 4 4 4 4 4 4 4 4 4 4 4 4 4 4 4 4 4 4 4 4 4 4 4 4 4 4 4 4 4 4 4 4 4 4 4 4 4 4 4 4 4 4 4 4
4 4 4 4 4 4 4 4 4 4 4 4 4 4 4 4 4 4 4 4 4 4 4 4 4 4 4 4 4 4 4 4 4 4 4 4 4 4 4 4 4 4 4 4 4 4 4 4 4 4 4 4 4 4 4 4 4 4 4 4 4 4 4 4
4 4 4 4 4 4 4 4 4 4 4 4 4 4 4 4 4 4 4 4 4 4 4 4 4 4 4 4 4 4 4 4 4 4 4 4 4 4 4 4 4 4 4 4 4 4 4 4 4 4 4 4 4 4 4 4 4 4 4 4 4 4 4 4
4 4 4 4 4 4 4 4 4 4 4 4 4 4 4 4 4 4 4 4 4 4 4 4 4 4 4 4 4 4 4 4 4 4 4 4 4 4 4 4 4 4 4 4 4 4 4 4 4 4 4 4 4 4 4 4 4 4 4 4 4 4 4 4
4 4 4 4 4 4 4 4 4 4 4 4 4 4 4 4 4 4 4 4 12 12 12 12 12 12 4 4 9 9 9 9 9 9 4 4 9 9 9 9 9 9 4 4 4 4 4 4 4 4 4 4 4 4 4 4 4 4 4 4 4 4 4 4
4 4 4 4 4 4 4 4 4 4 4 4 4 4 4 4 4 4 4 4 12 12 12 12 12 12 4 4 9 9 9 9 9 9 4 4 9 9 9 9 9 9 4 4 4 4 4 4 4 4 4 4 4 4 4 4 4 4 4 4 4 4 4 4
4 4 4 4 4 4 4 4 4 4 4 4 4 4 4 4 4 4 4 4 12 12 12 12 12 12 4 4 9 9 9 9 9 9 4 4 9 9 9 9 9 9 4 4 4 4 4 4 4 4 4 4 4 4 4 4 4 4 4 4 4 4 4 4
4 4 4 4 4 4 4 4 4 4 4 4 4 4 4 4 4 4 4 4 12 12 12 12 12 12 4 4 9 9 9 9 9 9 4 4 9 9 9 9 9 9 4 4 4 4 4 4 4 4 4 4 4 4 4 4 4 4 4 4 4 4 4 4
4 4 4 4 4 4 4 4 4 4 4 4 4 4 4 4 4 4 4 4 12 12 12 12 12 12 4 4 9 9 9 9 9 9 4 4 9 9 9 9 9 9 4 4 4 4 4 4 4 4 4 4 4 4 4 4 4 4 4 4 4 4 4 4
4 4 4 4 4 4 4 4 4 4 4 4 4 4 4 4 4 4 4 4 12 12 12 12 12 12 4 4 9 9 9 9 9 9 4 4 9 9 9 9 9 9 4 4 4 4 4 4 4 4 4 4 4 4 4 4 4 4 4 4 4 4 4 4
4 4 4 4 4 4 4 4 4 4 4 4 4 4 4 4 4 4 4 4 4 4 4 4 4 4 4 4 4 4 4 4 4 4 4 4 4 4 4 4 4 4 4 4 4 4 4 4 4 4 4 4 4 4 4 4 4 4 4 4 4 4 4 4
4 4 4 4 4 4 4 4 4 4 4 4 4 4 4 4 4 4 4 4 4 4 4 4 4 4 4 4 4 4 4 4 4 4 4 4 4 4 4 4 4 4 4 4 4 4 4 4 4 4 4 4 4 4 4 4 4 4 4 4 4 4 4 4
4 4 4 4 4 4 4 4 4 4 4 4 4 4 4 4 4 4 4 4 12 12 12 12 12 12 4 4 0 0 2 2 2 2 4 4 12 12 12 12 12 12 4 4 4 4 4 4 4 4 4 4 4 4 4 4 4 4 4 4 4 4 4 4
4 4 4 4 4 4 4 4 4 4 4 4 4 4 4 4 4 4 4 4 12 12 12 12 12 12 4 4 0 0 2 2 2 2 4 4 12 12 12 12 12 12 4 4 4 4 4 4 4 4 4 4 4 4 4 4 4 4 4 4 4 4 4 4
4 4 4 4 4 4 4 4 4 4 4 4 4 4 4 4 4 4 4 4 12 12 12 12 12 12 4 4 0 0 12 12 0 0 4 4 12 12 12 12 12 12 4 4 4 4 4 4 4 4 4 4 4 4 4 4 4 4 4 4 4 4 4 4
4 4 4 4 4 4 4 4 4 4 4 4 4 4 4 4 4 4 4 4 12 12 12 12 12 12 4 4 0 0 12 12 0 0 4 4 12 12 12 12 12 12 4 4 4 4 4 4 4 4 4 4 4 4 4 4 4 4 4 4 4 4 4 4
4 4 4 4 4 4 4 4 4 4 4 4 4 4 4 4 4 4 4 4 12 12 12 12 12 12 4 4 0 0 2 2 0 0 4 4 12 12 12 12 12 12 4 4 4 4 4 4 4 4 4 4 4 4 4 4 4 4 4 4 4 4 4 4
4 4 4 4 4 4 4 4 4 4 4 4 4 4 4 4 4 4 4 4 12 12 12 12 12 12 4 4 0 0 2 2 0 0 4 4 12 12 12 12 12 12 4 4 4 4 4 4 4 4 4 4 4 4 4 4 4 4 4 4 4 4 4 4
4 4 4 4 4 4 4 4 4 4 4 4 4 4 4 4 4 4 4 4 4 4 4 4 4 4 4 4 4 4 4 4 4 4 4 4 4 4 4 4 4 4 4 4 4 4 4 4 4 4 4 4 4 4 4 4 4 4 4 4 4 4 4 4
4 4 4 4 4 4 4 4 4 4 4 4 4 4 4 4 4 4 4 4 4 4 4 4 4 4 4 4 4 4 4 4 4 4 4 4 4 4 4 4 4 4 4 4 4 4 4 4 4 4 4 4 4 4 4 4 4 4 4 4 4 4 4 4
4 4 4 4 4 4 4 4 4 4 4 4 4 4 4 4 4 4 4 4 12 12 12 12 12 12 4 4 9 9 9 9 9 9 4 4 9 9 9 9 9 9 4 4 4 4 4 4 4 4 4 4 4 4 4 4 4 4 4 4 4 4 4 4
4 4 4 4 4 4 4 4 4 4 4 4 4 4 4 4 4 4 4 4 12 12 12 12 12 12 4 4 9 9 9 9 9 9 4 4 9 9 9 9 9 9 4 4 4 4 4 4 4 4 4 4 4 4 4 4 4 4 4 4 4 4 4 4
4 4 4 4 4 4 4 4 4 4 4 4 4 4 4 4 4 4 4 4 12 12 12 12 12 12 4 4 9 9 9 9 9 9 4 4 9 9 9 9 9 9 4 4 4 4 4 4 4 4 4 4 4 4 4 4 4 4 4 4 4 4 4 4
4 4 4 4 4 4 4 4 4 4 4 4 4 4 4 4 4 4 4 4 12 12 12 12 12 12 4 4 9 9 9 9 9 9 4 4 9 9 9 9 9 9 4 4 4 4 4 4 4 4 4 4 4 4 4 4 4 4 4 4 4 4 4 4
4 4 4 4 4 4 4 4 4 4 4 4 4 4 4 4 4 4 4 4 12 12 12 12 12 12 4 4 9 9 9 9 9 9 4 4 9 9 9 9 9 9 4 4 4 4 4 4 4 4 4 4 4 4 4 4 4 4 4 4 4 4 4 4
4 4 4 4 4 4 4 4 4 4 4 4 4 4 4 4 4 4 4 4 12 12 12 12 12 12 4 4 9 9 9 9 9 9 4 4 9 9 9 9 9 9 4 4 4 4 4 4 4 4 4 4 4 4 4 4 4 4 4 4 4 4 4 4
4 4 4 4 4 4 4 4 4 4 4 4 4 4 4 4 4 4 4 4 4 4 4 4 4 4 4 4 4 4 4 4 4 4 4 4 4 4 4 4 4 4 4 4 4 4 4 4 4 4 4 4 4 4 4 4 4 4 4 4 4 4 4 4
4 4 4 4 4 4 4 4 4 4 4 4 4 4 4 4 4 4 4 4 4 4 4 4 4 4 4 4 4 4 4 4 4 4 4 4 4 4 4 4 4 4 4 4 4 4 4 4 4 4 4 4 4 4 4 4 4 4 4 4 4 4 4 4
4 4 4 4 4 4 4 4 4 4 4 4 4 4 4 4 4 4 4 4 9 9 9 9 9 9 4 4 0 0 2 2 0 0 4 4 9 9 9 9 9 9 4 4 4 4 4 4 4 4 4 4 4 4 4 4 4 4 4 4 4 4 4 4
4 4 4 4 4 4 4 4 4 4 4 4 4 4 4 4 4 4 4 4 9 9 9 9 9 9 4 4 0 0 2 2 0 0 4 4 9 9 9 9 9 9 4 4 4 4 4 4 4 4 4 4 4 4 4 4 4 4 4 4 4 4 4 4
4 4 4 4 4 4 4 4 4 4 4 4 4 4 4 4 4 4 4 4 9 9 9 9 9 9 4 4 2 2 12 12 2 2 4 4 9 9 9 9 9 9 4 4 4 4 4 4 4 4 4 4 4 4 4 4 4 4 4 4 4 4 4 4
4 4 4 4 4 4 4 4 4 4 4 4 4 4 4 4 4 4 4 4 9 9 9 9 9 9 4 4 2 2 12 12 2 2 4 4 9 9 9 9 9 9 4 4 4 4 4 4 4 4 4 4 4 4 4 4 4 4 4 4 4 4 4 4
4 4 4 4 4 4 4 4 4 4 4 4 4 4 4 4 4 4 4 4 9 9 9 9 9 9 4 4 0 0 0 0 2 2 4 4 9 9 9 9 9 9 4 4 4 4 4 4 4 4 4 4 4 4 4 4 4 4 4 4 4 4 4 4
4 4 4 4 4 4 4 4 4 4 4 4 4 4 4 4 4 4 4 4 9 9 9 9 9 9 4 4 0 0 0 0 2 2 4 4 9 9 9 9 9 9 4 4 4 4 4 4 4 4 4 4 4 4 4 4 4 4 4 4 4 4 4 4
4 4 4 4 4 4 4 4 4 4 4 4 4 4 4 4 4 4 4 4 4 4 4 4 4 4 4 4 4 4 4 4 4 4 4 4 4 4 4 4 4 4 4 4 4 4 4 4 4 4 4 4 4 4 4 4 4 4 4 4 4 4 4 4
4 4 4 4 4 4 4 4 4 4 4 4 4 4 4 4 4 4 4 4 4 4 4 4 4 4 4 4 4 4 4 4 4 4 4 4 4 4 4 4 4 4 4 4 4 4 4 4 4 4 4 4 4 4 4 4 4 4 4 4 4 4 4 4
4 4 4 4 4 4 4 4 4 4 4 4 4 4 4 4 4 4 4 4 9 9 9 9 9 9 4 4 9 9 9 9 9 9 4 4 9 9 9 9 9 9 4 4 4 4 4 4 4 4 4 4 4 4 4 4 4 4 4 4 4 4 4 4
4 4 4 4 4 4 4 4 4 4 4 4 4 4 4 4 4 4 4 4 9 9 9 9 9 9 4 4 9 9 9 9 9 9 4 4 9 9 9 9 9 9 4 4 4 4 4 4 4 4 4 4 4 4 4 4 4 4 4 4 4 4 4 4
4 4 4 4 4 4 4 4 4 4 4 4 4 4 4 4 4 4 4 4 9 9 9 9 9 9 4 4 9 9 9 9 9 9 4 4 9 9 9 9 9 9 4 4 4 4 4 4 4 4 4 4 4 4 4 4 4 4 4 4 4 4 4 4
4 4 4 4 4 4 4 4 4 4 4 4 4 4 4 4 4 4 4 4 9 9 9 9 9 9 4 4 9 9 9 9 9 9 4 4 9 9 9 9 9 9 4 4 4 4 4 4 4 4 4 4 4 4 4 4 4 4 4 4 4 4 4 4
4 4 4 4 4 4 4 4 4 4 4 4 4 4 4 4 4 4 4 4 9 9 9 9 9 9 4 4 9 9 9 9 9 9 4 4 9 9 9 9 9 9 4 4 4 4 4 4 4 4 4 4 4 4 4 4 4 4 4 4 4 4 4 4
4 4 4 4 4 4 4 4 4 4 4 4 4 4 4 4 4 4 4 4 9 9 9 9 9 9 4 4 9 9 9 9 9 9 4 4 9 9 9 9 9 9 4 4 4 4 4 4 4 4 4 4 4 4 4 4 4 4 4 4 4 4 4 4
4 4 4 4 4 4 4 4 4 4 4 4 4 4 4 4 4 4 4 4 4 4 4 4 4 4 4 4 4 4 4 4 4 4 4 4 4 4 4 4 4 4 4 4 4 4 4 4 4 4 4 4 4 4 4 4 4 4 4 4 4 4 4 4
4 4 4 4 4 4 4 4 4 4 4 4 4 4 4 4 4 4 4 4 4 4 4 4 4 4 4 4 4 4 4 4 4 4 4 4 4 4 4 4 4 4 4 4 4 4 4 4 4 4 4 4 4 4 4 4 4 4 4 4 4 4 4 4
4 4 4 4 4 4 4 4 4 4 4 4 4 4 4 4 4 4 4 4 4 4 4 4 4 4 4 4 4 4 4 4 4 4 4 4 4 4 4 4 4 4 4 4 4 4 4 4 4 4 4 4 4 4 4 4 4 4 4 4 4 4 4 4
4 4 4 4 4 4 4 4 4 4 4 4 4 4 4 4 4 4 4 4 4 4 4 4 4 4 4 4 4 4 4 4 4 4 4 4 4 4 4 4 4 4 4 4 4 4 4 4 4 4 4 4 4 4 4 4 4 4 4 4 4 4 4 4
4 4 4 4 4 4 4 4 4 4 4 4 4 4 4 4 4 4 4 4 4 4 4 4 4 4 4 4 4 4 4 4 4 4 4 4 4 4 4 4 4 4 4 4 4 4 4 4 4 4 4 4 4 4 4 4 4 4 4 4 4 4 4 4
4 4 4 4 4 4 4 4 4 4 4 4 4 4 4 4 4 4 4 4 4 4 4 4 4 4 4 4 4 4 4 4 4 4 4 4 4 4 4 4 4 4 4 4 4 4 4 4 4 4 4 4 4 4 4 4 4 4 4 4 4 4 4 4
4 4 4 4 4 4 4 4 4 4 4 4 4 4 4 4 4 4 4 4 4 4 4 4 4 4 4 4 4 4 4 4 4 4 4 4 4 4 4 4 4 4 4 4 4 4 4 4 4 4 4 4 4 4 4 4 4 4 4 4 4 4 4 4
4 4 4 4 4 4 4 4 4 4 4 4 4 4 4 4 4 4 4 4 4 4 4 4 4 4 4 4 4 4 4 4 4 4 4 4 4 4 4 4 4 4 4 4 4 4 4 4 4 4 4 4 4 4 4 4 4 4 4 4 4 4 4 4
4 4 4 4 4 4 4 4 4 4 4 4 4 4 4 4 4 4 4 4 4 4 4 4 4 4 4 4 4 4 4 4 4 4 4 4 4 4 4 4 4 4 4 4 4 4 4 4 4 4 4 4 4 4 4 4 4 4 4 4 4 4 4 4
4 4 4 4 4 4 4 4 4 4 4 4 4 4 4 4 4 4 4 4 4 4 4 4 4 4 4 4 4 4 4 4 4 4 4 4 4 4 4 4 4 4 4 4 4 4 4 4 4 4 4 4 4 4 4 4 4 4 4 4 4 4 4 4
4 4 4 4 4 4 4 4 4 4 4 4 4 4 4 4 4 4 4 4 4 4 4 4 4 4 4 4 4 4 4 4 4 4 4 4 4 4 4 4 4 4 4 4 4 4 4 4 4 4 4 4 4 4 4 4 4 4 4 4 4 4 4 4
12 12 12 12 12 12 12 12 12 12 12 12 12 12 12 12 12 12 12 12 12 12 12 12 12 12 12 12 12 12 12 12 12 12 12 12 12 12 12 12 12 12 12 12 12 12 12 12 12 12 12 12 12 12 12 12 11 11 11 11 11 11 11 11
[LEVELS] 1/6
[STATE] NOT_FINISHED
[AVAILABLE] ACTION6
[DIFF] 38 cells: (20,30) 9>12; (21,30) 9>12; (22,30) 9>12; (23,30) 9>12; (24,30) 9>12; (25,30) 9>12; (20,31) 9>12; (21,31) 9>12; (22,31) 9>12; (23,31) 9>12; (24,31) 9>12; (25,31) 9>12; (20,32) 9>12; (21,32) 9>12; (22,32) 9>12; (23,32) 9>12; (24,32) 9>12; (25,32) 9>12; (20,33) 9>12; (21,33) 9>12; (22,33) 9>12; (23,33) 9>12; (24,33) 9>12; (25,33) 9>12; (20,34) 9>12; (21,34) 9>12; (22,34) 9>12; (23,34) 9>12; (24,34) 9>12; (25,34) 9>12; (20,35) 9>12; (21,35) 9>12; (22,35) 9>12; (23,35) 9>12; (24,35) 9>12; (25,35) 9>12; (56,63) 12>11; (57,63) 12>11

[STEP 9]
[ACTION] ACTION6 x=38 y=32
[BOARD] 1/1 settled
4 4 4 4 4 4 4 4 4 4 4 4 4 4 4 4 4 4 4 4 4 4 4 4 4 4 4 4 4 4 4 4 4 4 4 4 4 4 4 4 4 4 4 4 4 4 4 4 4 4 4 4 4 4 4 4 4 4 4 4 9 9 9 9
4 4 4 4 4 4 4 4 4 4 4 4 4 4 4 4 4 4 4 4 4 4 4 4 4 4 4 4 4 4 4 4 4 4 4 4 4 4 4 4 4 4 4 4 4 4 4 4 4 4 4 4 4 4 4 4 4 4 4 4 9 9 9 9
4 4 4 4 4 4 4 4 4 4 4 4 4 4 4 4 4 4 4 4 4 4 4 4 4 4 4 4 4 4 4 4 4 4 4 4 4 4 4 4 4 4 4 4 4 4 4 4 4 4 4 4 4 4 4 4 4 4 4 4 9 9 9 9
4 4 4 4 4 4 4 4 4 4 4 4 4 4 4 4 4 4 4 4 4 4 4 4 4 4 4 4 4 4 4 4 4 4 4 4 4 4 4 4 4 4 4 4 4 4 4 4 4 4 4 4 4 4 4 4 4 4 4 4 9 9 9 9
4 4 4 4 4 4 4 4 4 4 4 4 4 4 4 4 4 4 4 4 4 4 4 4 4 4 4 4 4 4 4 4 4 4 4 4 4 4 4 4 4 4 4 4 4 4 4 4 4 4 4 4 4 4 4 4 4 4 4 4 12 12 12 12
4 4 4 4 4 4 4 4 4 4 4 4 4 4 4 4 4 4 4 4 4 4 4 4 4 4 4 4 4 4 4 4 4 4 4 4 4 4 4 4 4 4 4 4 4 4 4 4 4 4 4 4 4 4 4 4 4 4 4 4 12 12 12 12
4 4 4 4 4 4 4 4 4 4 4 4 4 4 4 4 4 4 4 4 4 4 4 4 4 4 4 4 4 4 4 4 4 4 4 4 4 4 4 4 4 4 4 4 4 4 4 4 4 4 4 4 4 4 4 4 4 4 4 4 12 12 12 12
4 4 4 4 4 4 4 4 4 4 4 4 4 4 4 4 4 4 4 4 4 4 4 4 4 4 4 4 4 4 4 4 4 4 4 4 4 4 4 4 4 4 4 4 4 4 4 4 4 4 4 4 4 4 4 4 4 4 4 4 12 12 12 12
4 4 4 4 4 4 4 4 4 4 4 4 4 4 4 4 4 4 4 4 4 4 4 4 4 4 4 4 4 4 4 4 4 4 4 4 4 4 4 4 4 4 4 4 4 4 4 4 4 4 4 4 4 4 4 4 4 4 4 4 4 4 4 4
4 4 4 4 4 4 4 4 4 4 4 4 4 4 4 4 4 4 4 4 4 4 4 4 4 4 4 4 4 4 4 4 4 4 4 4 4 4 4 4 4 4 4 4 4 4 4 4 4 4 4 4 4 4 4 4 4 4 4 4 4 4 4 4
4 4 4 4 4 4 4 4 4 4 4 4 4 4 4 4 4 4 4 4 4 4 4 4 4 4 4 4 4 4 4 4 4 4 4 4 4 4 4 4 4 4 4 4 4 4 4 4 4 4 4 4 4 4 4 4 4 4 4 4 4 4 4 4
4 4 4 4 4 4 4 4 4 4 4 4 4 4 4 4 4 4 4 4 4 4 4 4 4 4 4 4 4 4 4 4 4 4 4 4 4 4 4 4 4 4 4 4 4 4 4 4 4 4 4 4 4 4 4 4 4 4 4 4 4 4 4 4
4 4 4 4 4 4 4 4 4 4 4 4 4 4 4 4 4 4 4 4 4 4 4 4 4 4 4 4 4 4 4 4 4 4 4 4 4 4 4 4 4 4 4 4 4 4 4 4 4 4 4 4 4 4 4 4 4 4 4 4 4 4 4 4
4 4 4 4 4 4 4 4 4 4 4 4 4 4 4 4 4 4 4 4 4 4 4 4 4 4 4 4 4 4 4 4 4 4 4 4 4 4 4 4 4 4 4 4 4 4 4 4 4 4 4 4 4 4 4 4 4 4 4 4 4 4 4 4
4 4 4 4 4 4 4 4 4 4 4 4 4 4 4 4 4 4 4 4 12 12 12 12 12 12 4 4 9 9 9 9 9 9 4 4 9 9 9 9 9 9 4 4 4 4 4 4 4 4 4 4 4 4 4 4 4 4 4 4 4 4 4 4
4 4 4 4 4 4 4 4 4 4 4 4 4 4 4 4 4 4 4 4 12 12 12 12 12 12 4 4 9 9 9 9 9 9 4 4 9 9 9 9 9 9 4 4 4 4 4 4 4 4 4 4 4 4 4 4 4 4 4 4 4 4 4 4
4 4 4 4 4 4 4 4 4 4 4 4 4 4 4 4 4 4 4 4 12 12 12 12 12 12 4 4 9 9 9 9 9 9 4 4 9 9 9 9 9 9 4 4 4 4 4 4 4 4 4 4 4 4 4 4 4 4 4 4 4 4 4 4
4 4 4 4 4 4 4 4 4 4 4 4 4 4 4 4 4 4 4 4 12 12 12 12 12 12 4 4 9 9 9 9 9 9 4 4 9 9 9 9 9 9 4 4 4 4 4 4 4 4 4 4 4 4 4 4 4 4 4 4 4 4 4 4
4 4 4 4 4 4 4 4 4 4 4 4 4 4 4 4 4 4 4 4 12 12 12 12 12 12 4 4 9 9 9 9 9 9 4 4 9 9 9 9 9 9 4 4 4 4 4 4 4 4 4 4 4 4 4 4 4 4 4 4 4 4 4 4
4 4 4 4 4 4 4 4 4 4 4 4 4 4 4 4 4 4 4 4 12 12 12 12 12 12 4 4 9 9 9 9 9 9 4 4 9 9 9 9 9 9 4 4 4 4 4 4 4 4 4 4 4 4 4 4 4 4 4 4 4 4 4 4
4 4 4 4 4 4 4 4 4 4 4 4 4 4 4 4 4 4 4 4 4 4 4 4 4 4 4 4 4 4 4 4 4 4 4 4 4 4 4 4 4 4 4 4 4 4 4 4 4 4 4 4 4 4 4 4 4 4 4 4 4 4 4 4
4 4 4 4 4 4 4 4 4 4 4 4 4 4 4 4 4 4 4 4 4 4 4 4 4 4 4 4 4 4 4 4 4 4 4 4 4 4 4 4 4 4 4 4 4 4 4 4 4 4 4 4 4 4 4 4 4 4 4 4 4 4 4 4
4 4 4 4 4 4 4 4 4 4 4 4 4 4 4 4 4 4 4 4 12 12 12 12 12 12 4 4 0 0 2 2 2 2 4 4 12 12 12 12 12 12 4 4 4 4 4 4 4 4 4 4 4 4 4 4 4 4 4 4 4 4 4 4
4 4 4 4 4 4 4 4 4 4 4 4 4 4 4 4 4 4 4 4 12 12 12 12 12 12 4 4 0 0 2 2 2 2 4 4 12 12 12 12 12 12 4 4 4 4 4 4 4 4 4 4 4 4 4 4 4 4 4 4 4 4 4 4
4 4 4 4 4 4 4 4 4 4 4 4 4 4 4 4 4 4 4 4 12 12 12 12 12 12 4 4 0 0 12 12 0 0 4 4 12 12 12 12 12 12 4 4 4 4 4 4 4 4 4 4 4 4 4 4 4 4 4 4 4 4 4 4
4 4 4 4 4 4 4 4 4 4 4 4 4 4 4 4 4 4 4 4 12 12 12 12 12 12 4 4 0 0 12 12 0 0 4 4 12 12 12 12 12 12 4 4 4 4 4 4 4 4 4 4 4 4 4 4 4 4 4 4 4 4 4 4
4 4 4 4 4 4 4 4 4 4 4 4 4 4 4 4 4 4 4 4 12 12 12 12 12 12 4 4 0 0 2 2 0 0 4 4 12 12 12 12 12 12 4 4 4 4 4 4 4 4 4 4 4 4 4 4 4 4 4 4 4 4 4 4
4 4 4 4 4 4 4 4 4 4 4 4 4 4 4 4 4 4 4 4 12 12 12 12 12 12 4 4 0 0 2 2 0 0 4 4 12 12 12 12 12 12 4 4 4 4 4 4 4 4 4 4 4 4 4 4 4 4 4 4 4 4 4 4
4 4 4 4 4 4 4 4 4 4 4 4 4 4 4 4 4 4 4 4 4 4 4 4 4 4 4 4 4 4 4 4 4 4 4 4 4 4 4 4 4 4 4 4 4 4 4 4 4 4 4 4 4 4 4 4 4 4 4 4 4 4 4 4
4 4 4 4 4 4 4 4 4 4 4 4 4 4 4 4 4 4 4 4 4 4 4 4 4 4 4 4 4 4 4 4 4 4 4 4 4 4 4 4 4 4 4 4 4 4 4 4 4 4 4 4 4 4 4 4 4 4 4 4 4 4 4 4
4 4 4 4 4 4 4 4 4 4 4 4 4 4 4 4 4 4 4 4 12 12 12 12 12 12 4 4 9 9 9 9 9 9 4 4 12 12 12 12 12 12 4 4 4 4 4 4 4 4 4 4 4 4 4 4 4 4 4 4 4 4 4 4
4 4 4 4 4 4 4 4 4 4 4 4 4 4 4 4 4 4 4 4 12 12 12 12 12 12 4 4 9 9 9 9 9 9 4 4 12 12 12 12 12 12 4 4 4 4 4 4 4 4 4 4 4 4 4 4 4 4 4 4 4 4 4 4
4 4 4 4 4 4 4 4 4 4 4 4 4 4 4 4 4 4 4 4 12 12 12 12 12 12 4 4 9 9 9 9 9 9 4 4 12 12 12 12 12 12 4 4 4 4 4 4 4 4 4 4 4 4 4 4 4 4 4 4 4 4 4 4
4 4 4 4 4 4 4 4 4 4 4 4 4 4 4 4 4 4 4 4 12 12 12 12 12 12 4 4 9 9 9 9 9 9 4 4 12 12 12 12 12 12 4 4 4 4 4 4 4 4 4 4 4 4 4 4 4 4 4 4 4 4 4 4
4 4 4 4 4 4 4 4 4 4 4 4 4 4 4 4 4 4 4 4 12 12 12 12 12 12 4 4 9 9 9 9 9 9 4 4 12 12 12 12 12 12 4 4 4 4 4 4 4 4 4 4 4 4 4 4 4 4 4 4 4 4 4 4
4 4 4 4 4 4 4 4 4 4 4 4 4 4 4 4 4 4 4 4 12 12 12 12 12 12 4 4 9 9 9 9 9 9 4 4 12 12 12 12 12 12 4 4 4 4 4 4 4 4 4 4 4 4 4 4 4 4 4 4 4 4 4 4
4 4 4 4 4 4 4 4 4 4 4 4 4 4 4 4 4 4 4 4 4 4 4 4 4 4 4 4 4 4 4 4 4 4 4 4 4 4 4 4 4 4 4 4 4 4 4 4 4 4 4 4 4 4 4 4 4 4 4 4 4 4 4 4
4 4 4 4 4 4 4 4 4 4 4 4 4 4 4 4 4 4 4 4 4 4 4 4 4 4 4 4 4 4 4 4 4 4 4 4 4 4 4 4 4 4 4 4 4 4 4 4 4 4 4 4 4 4 4 4 4 4 4 4 4 4 4 4
4 4 4 4 4 4 4 4 4 4 4 4 4 4 4 4 4 4 4 4 9 9 9 9 9 9 4 4 0 0 2 2 0 0 4 4 9 9 9 9 9 9 4 4 4 4 4 4 4 4 4 4 4 4 4 4 4 4 4 4 4 4 4 4
4 4 4 4 4 4 4 4 4 4 4 4 4 4 4 4 4 4 4 4 9 9 9 9 9 9 4 4 0 0 2 2 0 0 4 4 9 9 9 9 9 9 4 4 4 4 4 4 4 4 4 4 4 4 4 4 4 4 4 4 4 4 4 4
4 4 4 4 4 4 4 4 4 4 4 4 4 4 4 4 4 4 4 4 9 9 9 9 9 9 4 4 2 2 12 12 2 2 4 4 9 9 9 9 9 9 4 4 4 4 4 4 4 4 4 4 4 4 4 4 4 4 4 4 4 4 4 4
4 4 4 4 4 4 4 4 4 4 4 4 4 4 4 4 4 4 4 4 9 9 9 9 9 9 4 4 2 2 12 12 2 2 4 4 9 9 9 9 9 9 4 4 4 4 4 4 4 4 4 4 4 4 4 4 4 4 4 4 4 4 4 4
4 4 4 4 4 4 4 4 4 4 4 4 4 4 4 4 4 4 4 4 9 9 9 9 9 9 4 4 0 0 0 0 2 2 4 4 9 9 9 9 9 9 4 4 4 4 4 4 4 4 4 4 4 4 4 4 4 4 4 4 4 4 4 4
4 4 4 4 4 4 4 4 4 4 4 4 4 4 4 4 4 4 4 4 9 9 9 9 9 9 4 4 0 0 0 0 2 2 4 4 9 9 9 9 9 9 4 4 4 4 4 4 4 4 4 4 4 4 4 4 4 4 4 4 4 4 4 4
4 4 4 4 4 4 4 4 4 4 4 4 4 4 4 4 4 4 4 4 4 4 4 4 4 4 4 4 4 4 4 4 4 4 4 4 4 4 4 4 4 4 4 4 4 4 4 4 4 4 4 4 4 4 4 4 4 4 4 4 4 4 4 4
4 4 4 4 4 4 4 4 4 4 4 4 4 4 4 4 4 4 4 4 4 4 4 4 4 4 4 4 4 4 4 4 4 4 4 4 4 4 4 4 4 4 4 4 4 4 4 4 4 4 4 4 4 4 4 4 4 4 4 4 4 4 4 4
4 4 4 4 4 4 4 4 4 4 4 4 4 4 4 4 4 4 4 4 9 9 9 9 9 9 4 4 9 9 9 9 9 9 4 4 9 9 9 9 9 9 4 4 4 4 4 4 4 4 4 4 4 4 4 4 4 4 4 4 4 4 4 4
4 4 4 4 4 4 4 4 4 4 4 4 4 4 4 4 4 4 4 4 9 9 9 9 9 9 4 4 9 9 9 9 9 9 4 4 9 9 9 9 9 9 4 4 4 4 4 4 4 4 4 4 4 4 4 4 4 4 4 4 4 4 4 4
4 4 4 4 4 4 4 4 4 4 4 4 4 4 4 4 4 4 4 4 9 9 9 9 9 9 4 4 9 9 9 9 9 9 4 4 9 9 9 9 9 9 4 4 4 4 4 4 4 4 4 4 4 4 4 4 4 4 4 4 4 4 4 4
4 4 4 4 4 4 4 4 4 4 4 4 4 4 4 4 4 4 4 4 9 9 9 9 9 9 4 4 9 9 9 9 9 9 4 4 9 9 9 9 9 9 4 4 4 4 4 4 4 4 4 4 4 4 4 4 4 4 4 4 4 4 4 4
4 4 4 4 4 4 4 4 4 4 4 4 4 4 4 4 4 4 4 4 9 9 9 9 9 9 4 4 9 9 9 9 9 9 4 4 9 9 9 9 9 9 4 4 4 4 4 4 4 4 4 4 4 4 4 4 4 4 4 4 4 4 4 4
4 4 4 4 4 4 4 4 4 4 4 4 4 4 4 4 4 4 4 4 9 9 9 9 9 9 4 4 9 9 9 9 9 9 4 4 9 9 9 9 9 9 4 4 4 4 4 4 4 4 4 4 4 4 4 4 4 4 4 4 4 4 4 4
4 4 4 4 4 4 4 4 4 4 4 4 4 4 4 4 4 4 4 4 4 4 4 4 4 4 4 4 4 4 4 4 4 4 4 4 4 4 4 4 4 4 4 4 4 4 4 4 4 4 4 4 4 4 4 4 4 4 4 4 4 4 4 4
4 4 4 4 4 4 4 4 4 4 4 4 4 4 4 4 4 4 4 4 4 4 4 4 4 4 4 4 4 4 4 4 4 4 4 4 4 4 4 4 4 4 4 4 4 4 4 4 4 4 4 4 4 4 4 4 4 4 4 4 4 4 4 4
4 4 4 4 4 4 4 4 4 4 4 4 4 4 4 4 4 4 4 4 4 4 4 4 4 4 4 4 4 4 4 4 4 4 4 4 4 4 4 4 4 4 4 4 4 4 4 4 4 4 4 4 4 4 4 4 4 4 4 4 4 4 4 4
4 4 4 4 4 4 4 4 4 4 4 4 4 4 4 4 4 4 4 4 4 4 4 4 4 4 4 4 4 4 4 4 4 4 4 4 4 4 4 4 4 4 4 4 4 4 4 4 4 4 4 4 4 4 4 4 4 4 4 4 4 4 4 4
4 4 4 4 4 4 4 4 4 4 4 4 4 4 4 4 4 4 4 4 4 4 4 4 4 4 4 4 4 4 4 4 4 4 4 4 4 4 4 4 4 4 4 4 4 4 4 4 4 4 4 4 4 4 4 4 4 4 4 4 4 4 4 4
4 4 4 4 4 4 4 4 4 4 4 4 4 4 4 4 4 4 4 4 4 4 4 4 4 4 4 4 4 4 4 4 4 4 4 4 4 4 4 4 4 4 4 4 4 4 4 4 4 4 4 4 4 4 4 4 4 4 4 4 4 4 4 4
4 4 4 4 4 4 4 4 4 4 4 4 4 4 4 4 4 4 4 4 4 4 4 4 4 4 4 4 4 4 4 4 4 4 4 4 4 4 4 4 4 4 4 4 4 4 4 4 4 4 4 4 4 4 4 4 4 4 4 4 4 4 4 4
4 4 4 4 4 4 4 4 4 4 4 4 4 4 4 4 4 4 4 4 4 4 4 4 4 4 4 4 4 4 4 4 4 4 4 4 4 4 4 4 4 4 4 4 4 4 4 4 4 4 4 4 4 4 4 4 4 4 4 4 4 4 4 4
4 4 4 4 4 4 4 4 4 4 4 4 4 4 4 4 4 4 4 4 4 4 4 4 4 4 4 4 4 4 4 4 4 4 4 4 4 4 4 4 4 4 4 4 4 4 4 4 4 4 4 4 4 4 4 4 4 4 4 4 4 4 4 4
4 4 4 4 4 4 4 4 4 4 4 4 4 4 4 4 4 4 4 4 4 4 4 4 4 4 4 4 4 4 4 4 4 4 4 4 4 4 4 4 4 4 4 4 4 4 4 4 4 4 4 4 4 4 4 4 4 4 4 4 4 4 4 4
4 4 4 4 4 4 4 4 4 4 4 4 4 4 4 4 4 4 4 4 4 4 4 4 4 4 4 4 4 4 4 4 4 4 4 4 4 4 4 4 4 4 4 4 4 4 4 4 4 4 4 4 4 4 4 4 4 4 4 4 4 4 4 4
12 12 12 12 12 12 12 12 12 12 12 12 12 12 12 12 12 12 12 12 12 12 12 12 12 12 12 12 12 12 12 12 12 12 12 12 12 12 12 12 12 12 12 12 12 12 12 12 12 12 12 12 12 12 11 11 11 11 11 11 11 11 11 11
[LEVELS] 1/6
[STATE] NOT_FINISHED
[AVAILABLE] ACTION6
[DIFF] 38 cells: (36,30) 9>12; (37,30) 9>12; (38,30) 9>12; (39,30) 9>12; (40,30) 9>12; (41,30) 9>12; (36,31) 9>12; (37,31) 9>12; (38,31) 9>12; (39,31) 9>12; (40,31) 9>12; (41,31) 9>12; (36,32) 9>12; (37,32) 9>12; (38,32) 9>12; (39,32) 9>12; (40,32) 9>12; (41,32) 9>12; (36,33) 9>12; (37,33) 9>12; (38,33) 9>12; (39,33) 9>12; (40,33) 9>12; (41,33) 9>12; (36,34) 9>12; (37,34) 9>12; (38,34) 9>12; (39,34) 9>12; (40,34) 9>12; (41,34) 9>12; (36,35) 9>12; (37,35) 9>12; (38,35) 9>12; (39,35) 9>12; (40,35) 9>12; (41,35) 9>12; (54,63) 12>11; (55,63) 12>11

[STEP 10]
[ACTION] ACTION6 x=22 y=48
[BOARD] 1/1 settled
4 4 4 4 4 4 4 4 4 4 4 4 4 4 4 4 4 4 4 4 4 4 4 4 4 4 4 4 4 4 4 4 4 4 4 4 4 4 4 4 4 4 4 4 4 4 4 4 4 4 4 4 4 4 4 4 4 4 4 4 9 9 9 9
4 4 4 4 4 4 4 4 4 4 4 4 4 4 4 4 4 4 4 4 4 4 4 4 4 4 4 4 4 4 4 4 4 4 4 4 4 4 4 4 4 4 4 4 4 4 4 4 4 4 4 4 4 4 4 4 4 4 4 4 9 9 9 9
4 4 4 4 4 4 4 4 4 4 4 4 4 4 4 4 4 4 4 4 4 4 4 4 4 4 4 4 4 4 4 4 4 4 4 4 4 4 4 4 4 4 4 4 4 4 4 4 4 4 4 4 4 4 4 4 4 4 4 4 9 9 9 9
4 4 4 4 4 4 4 4 4 4 4 4 4 4 4 4 4 4 4 4 4 4 4 4 4 4 4 4 4 4 4 4 4 4 4 4 4 4 4 4 4 4 4 4 4 4 4 4 4 4 4 4 4 4 4 4 4 4 4 4 9 9 9 9
4 4 4 4 4 4 4 4 4 4 4 4 4 4 4 4 4 4 4 4 4 4 4 4 4 4 4 4 4 4 4 4 4 4 4 4 4 4 4 4 4 4 4 4 4 4 4 4 4 4 4 4 4 4 4 4 4 4 4 4 12 12 12 12
4 4 4 4 4 4 4 4 4 4 4 4 4 4 4 4 4 4 4 4 4 4 4 4 4 4 4 4 4 4 4 4 4 4 4 4 4 4 4 4 4 4 4 4 4 4 4 4 4 4 4 4 4 4 4 4 4 4 4 4 12 12 12 12
4 4 4 4 4 4 4 4 4 4 4 4 4 4 4 4 4 4 4 4 4 4 4 4 4 4 4 4 4 4 4 4 4 4 4 4 4 4 4 4 4 4 4 4 4 4 4 4 4 4 4 4 4 4 4 4 4 4 4 4 12 12 12 12
4 4 4 4 4 4 4 4 4 4 4 4 4 4 4 4 4 4 4 4 4 4 4 4 4 4 4 4 4 4 4 4 4 4 4 4 4 4 4 4 4 4 4 4 4 4 4 4 4 4 4 4 4 4 4 4 4 4 4 4 12 12 12 12
4 4 4 4 4 4 4 4 4 4 4 4 4 4 4 4 4 4 4 4 4 4 4 4 4 4 4 4 4 4 4 4 4 4 4 4 4 4 4 4 4 4 4 4 4 4 4 4 4 4 4 4 4 4 4 4 4 4 4 4 4 4 4 4
4 4 4 4 4 4 4 4 4 4 4 4 4 4 4 4 4 4 4 4 4 4 4 4 4 4 4 4 4 4 4 4 4 4 4 4 4 4 4 4 4 4 4 4 4 4 4 4 4 4 4 4 4 4 4 4 4 4 4 4 4 4 4 4
4 4 4 4 4 4 4 4 4 4 4 4 4 4 4 4 4 4 4 4 4 4 4 4 4 4 4 4 4 4 4 4 4 4 4 4 4 4 4 4 4 4 4 4 4 4 4 4 4 4 4 4 4 4 4 4 4 4 4 4 4 4 4 4
4 4 4 4 4 4 4 4 4 4 4 4 4 4 4 4 4 4 4 4 4 4 4 4 4 4 4 4 4 4 4 4 4 4 4 4 4 4 4 4 4 4 4 4 4 4 4 4 4 4 4 4 4 4 4 4 4 4 4 4 4 4 4 4
4 4 4 4 4 4 4 4 4 4 4 4 4 4 4 4 4 4 4 4 4 4 4 4 4 4 4 4 4 4 4 4 4 4 4 4 4 4 4 4 4 4 4 4 4 4 4 4 4 4 4 4 4 4 4 4 4 4 4 4 4 4 4 4
4 4 4 4 4 4 4 4 4 4 4 4 4 4 4 4 4 4 4 4 4 4 4 4 4 4 4 4 4 4 4 4 4 4 4 4 4 4 4 4 4 4 4 4 4 4 4 4 4 4 4 4 4 4 4 4 4 4 4 4 4 4 4 4
4 4 4 4 4 4 4 4 4 4 4 4 4 4 4 4 4 4 4 4 12 12 12 12 12 12 4 4 9 9 9 9 9 9 4 4 9 9 9 9 9 9 4 4 4 4 4 4 4 4 4 4 4 4 4 4 4 4 4 4 4 4 4 4
4 4 4 4 4 4 4 4 4 4 4 4 4 4 4 4 4 4 4 4 12 12 12 12 12 12 4 4 9 9 9 9 9 9 4 4 9 9 9 9 9 9 4 4 4 4 4 4 4 4 4 4 4 4 4 4 4 4 4 4 4 4 4 4
4 4 4 4 4 4 4 4 4 4 4 4 4 4 4 4 4 4 4 4 12 12 12 12 12 12 4 4 9 9 9 9 9 9 4 4 9 9 9 9 9 9 4 4 4 4 4 4 4 4 4 4 4 4 4 4 4 4 4 4 4 4 4 4
4 4 4 4 4 4 4 4 4 4 4 4 4 4 4 4 4 4 4 4 12 12 12 12 12 12 4 4 9 9 9 9 9 9 4 4 9 9 9 9 9 9 4 4 4 4 4 4 4 4 4 4 4 4 4 4 4 4 4 4 4 4 4 4
4 4 4 4 4 4 4 4 4 4 4 4 4 4 4 4 4 4 4 4 12 12 12 12 12 12 4 4 9 9 9 9 9 9 4 4 9 9 9 9 9 9 4 4 4 4 4 4 4 4 4 4 4 4 4 4 4 4 4 4 4 4 4 4
4 4 4 4 4 4 4 4 4 4 4 4 4 4 4 4 4 4 4 4 12 12 12 12 12 12 4 4 9 9 9 9 9 9 4 4 9 9 9 9 9 9 4 4 4 4 4 4 4 4 4 4 4 4 4 4 4 4 4 4 4 4 4 4
4 4 4 4 4 4 4 4 4 4 4 4 4 4 4 4 4 4 4 4 4 4 4 4 4 4 4 4 4 4 4 4 4 4 4 4 4 4 4 4 4 4 4 4 4 4 4 4 4 4 4 4 4 4 4 4 4 4 4 4 4 4 4 4
4 4 4 4 4 4 4 4 4 4 4 4 4 4 4 4 4 4 4 4 4 4 4 4 4 4 4 4 4 4 4 4 4 4 4 4 4 4 4 4 4 4 4 4 4 4 4 4 4 4 4 4 4 4 4 4 4 4 4 4 4 4 4 4
4 4 4 4 4 4 4 4 4 4 4 4 4 4 4 4 4 4 4 4 12 12 12 12 12 12 4 4 0 0 2 2 2 2 4 4 12 12 12 12 12 12 4 4 4 4 4 4 4 4 4 4 4 4 4 4 4 4 4 4 4 4 4 4
4 4 4 4 4 4 4 4 4 4 4 4 4 4 4 4 4 4 4 4 12 12 12 12 12 12 4 4 0 0 2 2 2 2 4 4 12 12 12 12 12 12 4 4 4 4 4 4 4 4 4 4 4 4 4 4 4 4 4 4 4 4 4 4
4 4 4 4 4 4 4 4 4 4 4 4 4 4 4 4 4 4 4 4 12 12 12 12 12 12 4 4 0 0 12 12 0 0 4 4 12 12 12 12 12 12 4 4 4 4 4 4 4 4 4 4 4 4 4 4 4 4 4 4 4 4 4 4
4 4 4 4 4 4 4 4 4 4 4 4 4 4 4 4 4 4 4 4 12 12 12 12 12 12 4 4 0 0 12 12 0 0 4 4 12 12 12 12 12 12 4 4 4 4 4 4 4 4 4 4 4 4 4 4 4 4 4 4 4 4 4 4
4 4 4 4 4 4 4 4 4 4 4 4 4 4 4 4 4 4 4 4 12 12 12 12 12 12 4 4 0 0 2 2 0 0 4 4 12 12 12 12 12 12 4 4 4 4 4 4 4 4 4 4 4 4 4 4 4 4 4 4 4 4 4 4
4 4 4 4 4 4 4 4 4 4 4 4 4 4 4 4 4 4 4 4 12 12 12 12 12 12 4 4 0 0 2 2 0 0 4 4 12 12 12 12 12 12 4 4 4 4 4 4 4 4 4 4 4 4 4 4 4 4 4 4 4 4 4 4
4 4 4 4 4 4 4 4 4 4 4 4 4 4 4 4 4 4 4 4 4 4 4 4 4 4 4 4 4 4 4 4 4 4 4 4 4 4 4 4 4 4 4 4 4 4 4 4 4 4 4 4 4 4 4 4 4 4 4 4 4 4 4 4
4 4 4 4 4 4 4 4 4 4 4 4 4 4 4 4 4 4 4 4 4 4 4 4 4 4 4 4 4 4 4 4 4 4 4 4 4 4 4 4 4 4 4 4 4 4 4 4 4 4 4 4 4 4 4 4 4 4 4 4 4 4 4 4
4 4 4 4 4 4 4 4 4 4 4 4 4 4 4 4 4 4 4 4 12 12 12 12 12 12 4 4 9 9 9 9 9 9 4 4 12 12 12 12 12 12 4 4 4 4 4 4 4 4 4 4 4 4 4 4 4 4 4 4 4 4 4 4
4 4 4 4 4 4 4 4 4 4 4 4 4 4 4 4 4 4 4 4 12 12 12 12 12 12 4 4 9 9 9 9 9 9 4 4 12 12 12 12 12 12 4 4 4 4 4 4 4 4 4 4 4 4 4 4 4 4 4 4 4 4 4 4
4 4 4 4 4 4 4 4 4 4 4 4 4 4 4 4 4 4 4 4 12 12 12 12 12 12 4 4 9 9 9 9 9 9 4 4 12 12 12 12 12 12 4 4 4 4 4 4 4 4 4 4 4 4 4 4 4 4 4 4 4 4 4 4
4 4 4 4 4 4 4 4 4 4 4 4 4 4 4 4 4 4 4 4 12 12 12 12 12 12 4 4 9 9 9 9 9 9 4 4 12 12 12 12 12 12 4 4 4 4 4 4 4 4 4 4 4 4 4 4 4 4 4 4 4 4 4 4
4 4 4 4 4 4 4 4 4 4 4 4 4 4 4 4 4 4 4 4 12 12 12 12 12 12 4 4 9 9 9 9 9 9 4 4 12 12 12 12 12 12 4 4 4 4 4 4 4 4 4 4 4 4 4 4 4 4 4 4 4 4 4 4
4 4 4 4 4 4 4 4 4 4 4 4 4 4 4 4 4 4 4 4 12 12 12 12 12 12 4 4 9 9 9 9 9 9 4 4 12 12 12 12 12 12 4 4 4 4 4 4 4 4 4 4 4 4 4 4 4 4 4 4 4 4 4 4
4 4 4 4 4 4 4 4 4 4 4 4 4 4 4 4 4 4 4 4 4 4 4 4 4 4 4 4 4 4 4 4 4 4 4 4 4 4 4 4 4 4 4 4 4 4 4 4 4 4 4 4 4 4 4 4 4 4 4 4 4 4 4 4
4 4 4 4 4 4 4 4 4 4 4 4 4 4 4 4 4 4 4 4 4 4 4 4 4 4 4 4 4 4 4 4 4 4 4 4 4 4 4 4 4 4 4 4 4 4 4 4 4 4 4 4 4 4 4 4 4 4 4 4 4 4 4 4
4 4 4 4 4 4 4 4 4 4 4 4 4 4 4 4 4 4 4 4 9 9 9 9 9 9 4 4 0 0 2 2 0 0 4 4 9 9 9 9 9 9 4 4 4 4 4 4 4 4 4 4 4 4 4 4 4 4 4 4 4 4 4 4
4 4 4 4 4 4 4 4 4 4 4 4 4 4 4 4 4 4 4 4 9 9 9 9 9 9 4 4 0 0 2 2 0 0 4 4 9 9 9 9 9 9 4 4 4 4 4 4 4 4 4 4 4 4 4 4 4 4 4 4 4 4 4 4
4 4 4 4 4 4 4 4 4 4 4 4 4 4 4 4 4 4 4 4 9 9 9 9 9 9 4 4 2 2 12 12 2 2 4 4 9 9 9 9 9 9 4 4 4 4 4 4 4 4 4 4 4 4 4 4 4 4 4 4 4 4 4 4
4 4 4 4 4 4 4 4 4 4 4 4 4 4 4 4 4 4 4 4 9 9 9 9 9 9 4 4 2 2 12 12 2 2 4 4 9 9 9 9 9 9 4 4 4 4 4 4 4 4 4 4 4 4 4 4 4 4 4 4 4 4 4 4
4 4 4 4 4 4 4 4 4 4 4 4 4 4 4 4 4 4 4 4 9 9 9 9 9 9 4 4 0 0 0 0 2 2 4 4 9 9 9 9 9 9 4 4 4 4 4 4 4 4 4 4 4 4 4 4 4 4 4 4 4 4 4 4
4 4 4 4 4 4 4 4 4 4 4 4 4 4 4 4 4 4 4 4 9 9 9 9 9 9 4 4 0 0 0 0 2 2 4 4 9 9 9 9 9 9 4 4 4 4 4 4 4 4 4 4 4 4 4 4 4 4 4 4 4 4 4 4
4 4 4 4 4 4 4 4 4 4 4 4 4 4 4 4 4 4 4 4 4 4 4 4 4 4 4 4 4 4 4 4 4 4 4 4 4 4 4 4 4 4 4 4 4 4 4 4 4 4 4 4 4 4 4 4 4 4 4 4 4 4 4 4
4 4 4 4 4 4 4 4 4 4 4 4 4 4 4 4 4 4 4 4 4 4 4 4 4 4 4 4 4 4 4 4 4 4 4 4 4 4 4 4 4 4 4 4 4 4 4 4 4 4 4 4 4 4 4 4 4 4 4 4 4 4 4 4
4 4 4 4 4 4 4 4 4 4 4 4 4 4 4 4 4 4 4 4 12 12 12 12 12 12 4 4 9 9 9 9 9 9 4 4 9 9 9 9 9 9 4 4 4 4 4 4 4 4 4 4 4 4 4 4 4 4 4 4 4 4 4 4
4 4 4 4 4 4 4 4 4 4 4 4 4 4 4 4 4 4 4 4 12 12 12 12 12 12 4 4 9 9 9 9 9 9 4 4 9 9 9 9 9 9 4 4 4 4 4 4 4 4 4 4 4 4 4 4 4 4 4 4 4 4 4 4
4 4 4 4 4 4 4 4 4 4 4 4 4 4 4 4 4 4 4 4 12 12 12 12 12 12 4 4 9 9 9 9 9 9 4 4 9 9 9 9 9 9 4 4 4 4 4 4 4 4 4 4 4 4 4 4 4 4 4 4 4 4 4 4
4 4 4 4 4 4 4 4 4 4 4 4 4 4 4 4 4 4 4 4 12 12 12 12 12 12 4 4 9 9 9 9 9 9 4 4 9 9 9 9 9 9 4 4 4 4 4 4 4 4 4 4 4 4 4 4 4 4 4 4 4 4 4 4
4 4 4 4 4 4 4 4 4 4 4 4 4 4 4 4 4 4 4 4 12 12 12 12 12 12 4 4 9 9 9 9 9 9 4 4 9 9 9 9 9 9 4 4 4 4 4 4 4 4 4 4 4 4 4 4 4 4 4 4 4 4 4 4
4 4 4 4 4 4 4 4 4 4 4 4 4 4 4 4 4 4 4 4 12 12 12 12 12 12 4 4 9 9 9 9 9 9 4 4 9 9 9 9 9 9 4 4 4 4 4 4 4 4 4 4 4 4 4 4 4 4 4 4 4 4 4 4
4 4 4 4 4 4 4 4 4 4 4 4 4 4 4 4 4 4 4 4 4 4 4 4 4 4 4 4 4 4 4 4 4 4 4 4 4 4 4 4 4 4 4 4 4 4 4 4 4 4 4 4 4 4 4 4 4 4 4 4 4 4 4 4
4 4 4 4 4 4 4 4 4 4 4 4 4 4 4 4 4 4 4 4 4 4 4 4 4 4 4 4 4 4 4 4 4 4 4 4 4 4 4 4 4 4 4 4 4 4 4 4 4 4 4 4 4 4 4 4 4 4 4 4 4 4 4 4
4 4 4 4 4 4 4 4 4 4 4 4 4 4 4 4 4 4 4 4 4 4 4 4 4 4 4 4 4 4 4 4 4 4 4 4 4 4 4 4 4 4 4 4 4 4 4 4 4 4 4 4 4 4 4 4 4 4 4 4 4 4 4 4
4 4 4 4 4 4 4 4 4 4 4 4 4 4 4 4 4 4 4 4 4 4 4 4 4 4 4 4 4 4 4 4 4 4 4 4 4 4 4 4 4 4 4 4 4 4 4 4 4 4 4 4 4 4 4 4 4 4 4 4 4 4 4 4
4 4 4 4 4 4 4 4 4 4 4 4 4 4 4 4 4 4 4 4 4 4 4 4 4 4 4 4 4 4 4 4 4 4 4 4 4 4 4 4 4 4 4 4 4 4 4 4 4 4 4 4 4 4 4 4 4 4 4 4 4 4 4 4
4 4 4 4 4 4 4 4 4 4 4 4 4 4 4 4 4 4 4 4 4 4 4 4 4 4 4 4 4 4 4 4 4 4 4 4 4 4 4 4 4 4 4 4 4 4 4 4 4 4 4 4 4 4 4 4 4 4 4 4 4 4 4 4
4 4 4 4 4 4 4 4 4 4 4 4 4 4 4 4 4 4 4 4 4 4 4 4 4 4 4 4 4 4 4 4 4 4 4 4 4 4 4 4 4 4 4 4 4 4 4 4 4 4 4 4 4 4 4 4 4 4 4 4 4 4 4 4
4 4 4 4 4 4 4 4 4 4 4 4 4 4 4 4 4 4 4 4 4 4 4 4 4 4 4 4 4 4 4 4 4 4 4 4 4 4 4 4 4 4 4 4 4 4 4 4 4 4 4 4 4 4 4 4 4 4 4 4 4 4 4 4
4 4 4 4 4 4 4 4 4 4 4 4 4 4 4 4 4 4 4 4 4 4 4 4 4 4 4 4 4 4 4 4 4 4 4 4 4 4 4 4 4 4 4 4 4 4 4 4 4 4 4 4 4 4 4 4 4 4 4 4 4 4 4 4
4 4 4 4 4 4 4 4 4 4 4 4 4 4 4 4 4 4 4 4 4 4 4 4 4 4 4 4 4 4 4 4 4 4 4 4 4 4 4 4 4 4 4 4 4 4 4 4 4 4 4 4 4 4 4 4 4 4 4 4 4 4 4 4
4 4 4 4 4 4 4 4 4 4 4 4 4 4 4 4 4 4 4 4 4 4 4 4 4 4 4 4 4 4 4 4 4 4 4 4 4 4 4 4 4 4 4 4 4 4 4 4 4 4 4 4 4 4 4 4 4 4 4 4 4 4 4 4
12 12 12 12 12 12 12 12 12 12 12 12 12 12 12 12 12 12 12 12 12 12 12 12 12 12 12 12 12 12 12 12 12 12 12 12 12 12 12 12 12 12 12 12 12 12 12 12 12 12 12 12 11 11 11 11 11 11 11 11 11 11 11 11
[LEVELS] 1/6
[STATE] NOT_FINISHED
[AVAILABLE] ACTION6
[DIFF] 38 cells: (20,46) 9>12; (21,46) 9>12; (22,46) 9>12; (23,46) 9>12; (24,46) 9>12; (25,46) 9>12; (20,47) 9>12; (21,47) 9>12; (22,47) 9>12; (23,47) 9>12; (24,47) 9>12; (25,47) 9>12; (20,48) 9>12; (21,48) 9>12; (22,48) 9>12; (23,48) 9>12; (24,48) 9>12; (25,48) 9>12; (20,49) 9>12; (21,49) 9>12; (22,49) 9>12; (23,49) 9>12; (24,49) 9>12; (25,49) 9>12; (20,50) 9>12; (21,50) 9>12; (22,50) 9>12; (23,50) 9>12; (24,50) 9>12; (25,50) 9>12; (20,51) 9>12; (21,51) 9>12; (22,51) 9>12; (23,51) 9>12; (24,51) 9>12; (25,51) 9>12; (52,63) 12>11; (53,63) 12>11

[STEP 11]
[ACTION] ACTION6 x=30 y=48
[BOARD] 1/2 intermediate
4 4 4 4 4 4 4 4 4 4 4 4 4 4 4 4 4 4 4 4 4 4 4 4 4 4 4 4 4 4 4 4 4 4 4 4 4 4 4 4 4 4 4 4 4 4 4 4 4 4 4 4 4 4 4 4 4 4 4 4 9 9 9 9
4 4 4 4 4 4 4 4 4 4 4 4 4 4 4 4 4 4 4 4 4 4 4 4 4 4 4 4 4 4 4 4 4 4 4 4 4 4 4 4 4 4 4 4 4 4 4 4 4 4 4 4 4 4 4 4 4 4 4 4 9 9 9 9
4 4 4 4 4 4 4 4 4 4 4 4 4 4 4 4 4 4 4 4 4 4 4 4 4 4 4 4 4 4 4 4 4 4 4 4 4 4 4 4 4 4 4 4 4 4 4 4 4 4 4 4 4 4 4 4 4 4 4 4 9 9 9 9
4 4 4 4 4 4 4 4 4 4 4 4 4 4 4 4 4 4 4 4 4 4 4 4 4 4 4 4 4 4 4 4 4 4 4 4 4 4 4 4 4 4 4 4 4 4 4 4 4 4 4 4 4 4 4 4 4 4 4 4 9 9 9 9
4 4 4 4 4 4 4 4 4 4 4 4 4 4 4 4 4 4 4 4 4 4 4 4 4 4 4 4 4 4 4 4 4 4 4 4 4 4 4 4 4 4 4 4 4 4 4 4 4 4 4 4 4 4 4 4 4 4 4 4 12 12 12 12
4 4 4 4 4 4 4 4 4 4 4 4 4 4 4 4 4 4 4 4 4 4 4 4 4 4 4 4 4 4 4 4 4 4 4 4 4 4 4 4 4 4 4 4 4 4 4 4 4 4 4 4 4 4 4 4 4 4 4 4 12 12 12 12
4 4 4 4 4 4 4 4 4 4 4 4 4 4 4 4 4 4 4 4 4 4 4 4 4 4 4 4 4 4 4 4 4 4 4 4 4 4 4 4 4 4 4 4 4 4 4 4 4 4 4 4 4 4 4 4 4 4 4 4 12 12 12 12
4 4 4 4 4 4 4 4 4 4 4 4 4 4 4 4 4 4 4 4 4 4 4 4 4 4 4 4 4 4 4 4 4 4 4 4 4 4 4 4 4 4 4 4 4 4 4 4 4 4 4 4 4 4 4 4 4 4 4 4 12 12 12 12
4 4 4 4 4 4 4 4 4 4 4 4 4 4 4 4 4 4 4 4 4 4 4 4 4 4 4 4 4 4 4 4 4 4 4 4 4 4 4 4 4 4 4 4 4 4 4 4 4 4 4 4 4 4 4 4 4 4 4 4 4 4 4 4
4 4 4 4 4 4 4 4 4 4 4 4 4 4 4 4 4 4 4 4 4 4 4 4 4 4 4 4 4 4 4 4 4 4 4 4 4 4 4 4 4 4 4 4 4 4 4 4 4 4 4 4 4 4 4 4 4 4 4 4 4 4 4 4
4 4 4 4 4 4 4 4 4 4 4 4 4 4 4 4 4 4 4 4 4 4 4 4 4 4 4 4 4 4 4 4 4 4 4 4 4 4 4 4 4 4 4 4 4 4 4 4 4 4 4 4 4 4 4 4 4 4 4 4 4 4 4 4
4 4 4 4 4 4 4 4 4 4 4 4 4 4 4 4 4 4 4 4 4 4 4 4 4 4 4 4 4 4 4 4 4 4 4 4 4 4 4 4 4 4 4 4 4 4 4 4 4 4 4 4 4 4 4 4 4 4 4 4 4 4 4 4
4 4 4 4 4 4 4 4 4 4 4 4 4 4 4 4 4 4 4 4 4 4 4 4 4 4 4 4 4 4 4 4 4 4 4 4 4 4 4 4 4 4 4 4 4 4 4 4 4 4 4 4 4 4 4 4 4 4 4 4 4 4 4 4
4 4 4 4 4 4 4 4 4 4 4 4 4 4 4 4 4 4 4 4 4 4 4 4 4 4 4 4 4 4 4 4 4 4 4 4 4 4 4 4 4 4 4 4 4 4 4 4 4 4 4 4 4 4 4 4 4 4 4 4 4 4 4 4
4 4 4 4 4 4 4 4 4 4 4 4 4 4 4 4 4 4 4 4 12 12 12 12 12 12 4 4 9 9 9 9 9 9 4 4 9 9 9 9 9 9 4 4 4 4 4 4 4 4 4 4 4 4 4 4 4 4 4 4 4 4 4 4
4 4 4 4 4 4 4 4 4 4 4 4 4 4 4 4 4 4 4 4 12 12 12 12 12 12 4 4 9 9 9 9 9 9 4 4 9 9 9 9 9 9 4 4 4 4 4 4 4 4 4 4 4 4 4 4 4 4 4 4 4 4 4 4
4 4 4 4 4 4 4 4 4 4 4 4 4 4 4 4 4 4 4 4 12 12 12 12 12 12 4 4 9 9 9 9 9 9 4 4 9 9 9 9 9 9 4 4 4 4 4 4 4 4 4 4 4 4 4 4 4 4 4 4 4 4 4 4
4 4 4 4 4 4 4 4 4 4 4 4 4 4 4 4 4 4 4 4 12 12 12 12 12 12 4 4 9 9 9 9 9 9 4 4 9 9 9 9 9 9 4 4 4 4 4 4 4 4 4 4 4 4 4 4 4 4 4 4 4 4 4 4
4 4 4 4 4 4 4 4 4 4 4 4 4 4 4 4 4 4 4 4 12 12 12 12 12 12 4 4 9 9 9 9 9 9 4 4 9 9 9 9 9 9 4 4 4 4 4 4 4 4 4 4 4 4 4 4 4 4 4 4 4 4 4 4
4 4 4 4 4 4 4 4 4 4 4 4 4 4 4 4 4 4 4 4 12 12 12 12 12 12 4 4 9 9 9 9 9 9 4 4 9 9 9 9 9 9 4 4 4 4 4 4 4 4 4 4 4 4 4 4 4 4 4 4 4 4 4 4
4 4 4 4 4 4 4 4 4 4 4 4 4 4 4 4 4 4 4 4 4 4 4 4 4 4 4 4 4 4 4 4 4 4 4 4 4 4 4 4 4 4 4 4 4 4 4 4 4 4 4 4 4 4 4 4 4 4 4 4 4 4 4 4
4 4 4 4 4 4 4 4 4 4 4 4 4 4 4 4 4 4 4 4 4 4 4 4 4 4 4 4 4 4 4 4 4 4 4 4 4 4 4 4 4 4 4 4 4 4 4 4 4 4 4 4 4 4 4 4 4 4 4 4 4 4 4 4
4 4 4 4 4 4 4 4 4 4 4 4 4 4 4 4 4 4 4 4 12 12 12 12 12 12 4 4 0 0 2 2 2 2 4 4 12 12 12 12 12 12 4 4 4 4 4 4 4 4 4 4 4 4 4 4 4 4 4 4 4 4 4 4
4 4 4 4 4 4 4 4 4 4 4 4 4 4 4 4 4 4 4 4 12 12 12 12 12 12 4 4 0 0 2 2 2 2 4 4 12 12 12 12 12 12 4 4 4 4 4 4 4 4 4 4 4 4 4 4 4 4 4 4 4 4 4 4
4 4 4 4 4 4 4 4 4 4 4 4 4 4 4 4 4 4 4 4 12 12 12 12 12 12 4 4 0 0 12 12 0 0 4 4 12 12 12 12 12 12 4 4 4 4 4 4 4 4 4 4 4 4 4 4 4 4 4 4 4 4 4 4
4 4 4 4 4 4 4 4 4 4 4 4 4 4 4 4 4 4 4 4 12 12 12 12 12 12 4 4 0 0 12 12 0 0 4 4 12 12 12 12 12 12 4 4 4 4 4 4 4 4 4 4 4 4 4 4 4 4 4 4 4 4 4 4
4 4 4 4 4 4 4 4 4 4 4 4 4 4 4 4 4 4 4 4 12 12 12 12 12 12 4 4 0 0 2 2 0 0 4 4 12 12 12 12 12 12 4 4 4 4 4 4 4 4 4 4 4 4 4 4 4 4 4 4 4 4 4 4
4 4 4 4 4 4 4 4 4 4 4 4 4 4 4 4 4 4 4 4 12 12 12 12 12 12 4 4 0 0 2 2 0 0 4 4 12 12 12 12 12 12 4 4 4 4 4 4 4 4 4 4 4 4 4 4 4 4 4 4 4 4 4 4
4 4 4 4 4 4 4 4 4 4 4 4 4 4 4 4 4 4 4 4 4 4 4 4 4 4 4 4 4 4 4 4 4 4 4 4 4 4 4 4 4 4 4 4 4 4 4 4 4 4 4 4 4 4 4 4 4 4 4 4 4 4 4 4
4 4 4 4 4 4 4 4 4 4 4 4 4 4 4 4 4 4 4 4 4 4 4 4 4 4 4 4 4 4 4 4 4 4 4 4 4 4 4 4 4 4 4 4 4 4 4 4 4 4 4 4 4 4 4 4 4 4 4 4 4 4 4 4
4 4 4 4 4 4 4 4 4 4 4 4 4 4 4 4 4 4 4 4 12 12 12 12 12 12 4 4 9 9 9 9 9 9 4 4 12 12 12 12 12 12 4 4 4 4 4 4 4 4 4 4 4 4 4 4 4 4 4 4 4 4 4 4
4 4 4 4 4 4 4 4 4 4 4 4 4 4 4 4 4 4 4 4 12 12 12 12 12 12 4 4 9 9 9 9 9 9 4 4 12 12 12 12 12 12 4 4 4 4 4 4 4 4 4 4 4 4 4 4 4 4 4 4 4 4 4 4
4 4 4 4 4 4 4 4 4 4 4 4 4 4 4 4 4 4 4 4 12 12 12 12 12 12 4 4 9 9 9 9 9 9 4 4 12 12 12 12 12 12 4 4 4 4 4 4 4 4 4 4 4 4 4 4 4 4 4 4 4 4 4 4
4 4 4 4 4 4 4 4 4 4 4 4 4 4 4 4 4 4 4 4 12 12 12 12 12 12 4 4 9 9 9 9 9 9 4 4 12 12 12 12 12 12 4 4 4 4 4 4 4 4 4 4 4 4 4 4 4 4 4 4 4 4 4 4
4 4 4 4 4 4 4 4 4 4 4 4 4 4 4 4 4 4 4 4 12 12 12 12 12 12 4 4 9 9 9 9 9 9 4 4 12 12 12 12 12 12 4 4 4 4 4 4 4 4 4 4 4 4 4 4 4 4 4 4 4 4 4 4
4 4 4 4 4 4 4 4 4 4 4 4 4 4 4 4 4 4 4 4 12 12 12 12 12 12 4 4 9 9 9 9 9 9 4 4 12 12 12 12 12 12 4 4 4 4 4 4 4 4 4 4 4 4 4 4 4 4 4 4 4 4 4 4
4 4 4 4 4 4 4 4 4 4 4 4 4 4 4 4 4 4 4 4 4 4 4 4 4 4 4 4 4 4 4 4 4 4 4 4 4 4 4 4 4 4 4 4 4 4 4 4 4 4 4 4 4 4 4 4 4 4 4 4 4 4 4 4
4 4 4 4 4 4 4 4 4 4 4 4 4 4 4 4 4 4 4 4 4 4 4 4 4 4 4 4 4 4 4 4 4 4 4 4 4 4 4 4 4 4 4 4 4 4 4 4 4 4 4 4 4 4 4 4 4 4 4 4 4 4 4 4
4 4 4 4 4 4 4 4 4 4 4 4 4 4 4 4 4 4 4 4 9 9 9 9 9 9 4 4 0 0 2 2 0 0 4 4 9 9 9 9 9 9 4 4 4 4 4 4 4 4 4 4 4 4 4 4 4 4 4 4 4 4 4 4
4 4 4 4 4 4 4 4 4 4 4 4 4 4 4 4 4 4 4 4 9 9 9 9 9 9 4 4 0 0 2 2 0 0 4 4 9 9 9 9 9 9 4 4 4 4 4 4 4 4 4 4 4 4 4 4 4 4 4 4 4 4 4 4
4 4 4 4 4 4 4 4 4 4 4 4 4 4 4 4 4 4 4 4 9 9 9 9 9 9 4 4 2 2 12 12 2 2 4 4 9 9 9 9 9 9 4 4 4 4 4 4 4 4 4 4 4 4 4 4 4 4 4 4 4 4 4 4
4 4 4 4 4 4 4 4 4 4 4 4 4 4 4 4 4 4 4 4 9 9 9 9 9 9 4 4 2 2 12 12 2 2 4 4 9 9 9 9 9 9 4 4 4 4 4 4 4 4 4 4 4 4 4 4 4 4 4 4 4 4 4 4
4 4 4 4 4 4 4 4 4 4 4 4 4 4 4 4 4 4 4 4 9 9 9 9 9 9 4 4 0 0 0 0 2 2 4 4 9 9 9 9 9 9 4 4 4 4 4 4 4 4 4 4 4 4 4 4 4 4 4 4 4 4 4 4
4 4 4 4 4 4 4 4 4 4 4 4 4 4 4 4 4 4 4 4 9 9 9 9 9 9 4 4 0 0 0 0 2 2 4 4 9 9 9 9 9 9 4 4 4 4 4 4 4 4 4 4 4 4 4 4 4 4 4 4 4 4 4 4
4 4 4 4 4 4 4 4 4 4 4 4 4 4 4 4 4 4 4 4 4 4 4 4 4 4 4 4 4 4 4 4 4 4 4 4 4 4 4 4 4 4 4 4 4 4 4 4 4 4 4 4 4 4 4 4 4 4 4 4 4 4 4 4
4 4 4 4 4 4 4 4 4 4 4 4 4 4 4 4 4 4 4 4 4 4 4 4 4 4 4 4 4 4 4 4 4 4 4 4 4 4 4 4 4 4 4 4 4 4 4 4 4 4 4 4 4 4 4 4 4 4 4 4 4 4 4 4
4 4 4 4 4 4 4 4 4 4 4 4 4 4 4 4 4 4 4 4 12 12 12 12 12 12 4 4 12 12 12 12 12 12 4 4 9 9 9 9 9 9 4 4 4 4 4 4 4 4 4 4 4 4 4 4 4 4 4 4 4 4 4 4
4 4 4 4 4 4 4 4 4 4 4 4 4 4 4 4 4 4 4 4 12 12 12 12 12 12 4 4 12 12 12 12 12 12 4 4 9 9 9 9 9 9 4 4 4 4 4 4 4 4 4 4 4 4 4 4 4 4 4 4 4 4 4 4
4 4 4 4 4 4 4 4 4 4 4 4 4 4 4 4 4 4 4 4 12 12 12 12 12 12 4 4 12 12 12 12 12 12 4 4 9 9 9 9 9 9 4 4 4 4 4 4 4 4 4 4 4 4 4 4 4 4 4 4 4 4 4 4
4 4 4 4 4 4 4 4 4 4 4 4 4 4 4 4 4 4 4 4 12 12 12 12 12 12 4 4 12 12 12 12 12 12 4 4 9 9 9 9 9 9 4 4 4 4 4 4 4 4 4 4 4 4 4 4 4 4 4 4 4 4 4 4
4 4 4 4 4 4 4 4 4 4 4 4 4 4 4 4 4 4 4 4 12 12 12 12 12 12 4 4 12 12 12 12 12 12 4 4 9 9 9 9 9 9 4 4 4 4 4 4 4 4 4 4 4 4 4 4 4 4 4 4 4 4 4 4
4 4 4 4 4 4 4 4 4 4 4 4 4 4 4 4 4 4 4 4 12 12 12 12 12 12 4 4 12 12 12 12 12 12 4 4 9 9 9 9 9 9 4 4 4 4 4 4 4 4 4 4 4 4 4 4 4 4 4 4 4 4 4 4
4 4 4 4 4 4 4 4 4 4 4 4 4 4 4 4 4 4 4 4 4 4 4 4 4 4 4 4 4 4 4 4 4 4 4 4 4 4 4 4 4 4 4 4 4 4 4 4 4 4 4 4 4 4 4 4 4 4 4 4 4 4 4 4
4 4 4 4 4 4 4 4 4 4 4 4 4 4 4 4 4 4 4 4 4 4 4 4 4 4 4 4 4 4 4 4 4 4 4 4 4 4 4 4 4 4 4 4 4 4 4 4 4 4 4 4 4 4 4 4 4 4 4 4 4 4 4 4
4 4 4 4 4 4 4 4 4 4 4 4 4 4 4 4 4 4 4 4 4 4 4 4 4 4 4 4 4 4 4 4 4 4 4 4 4 4 4 4 4 4 4 4 4 4 4 4 4 4 4 4 4 4 4 4 4 4 4 4 4 4 4 4
4 4 4 4 4 4 4 4 4 4 4 4 4 4 4 4 4 4 4 4 4 4 4 4 4 4 4 4 4 4 4 4 4 4 4 4 4 4 4 4 4 4 4 4 4 4 4 4 4 4 4 4 4 4 4 4 4 4 4 4 4 4 4 4
4 4 4 4 4 4 4 4 4 4 4 4 4 4 4 4 4 4 4 4 4 4 4 4 4 4 4 4 4 4 4 4 4 4 4 4 4 4 4 4 4 4 4 4 4 4 4 4 4 4 4 4 4 4 4 4 4 4 4 4 4 4 4 4
4 4 4 4 4 4 4 4 4 4 4 4 4 4 4 4 4 4 4 4 4 4 4 4 4 4 4 4 4 4 4 4 4 4 4 4 4 4 4 4 4 4 4 4 4 4 4 4 4 4 4 4 4 4 4 4 4 4 4 4 4 4 4 4
4 4 4 4 4 4 4 4 4 4 4 4 4 4 4 4 4 4 4 4 4 4 4 4 4 4 4 4 4 4 4 4 4 4 4 4 4 4 4 4 4 4 4 4 4 4 4 4 4 4 4 4 4 4 4 4 4 4 4 4 4 4 4 4
4 4 4 4 4 4 4 4 4 4 4 4 4 4 4 4 4 4 4 4 4 4 4 4 4 4 4 4 4 4 4 4 4 4 4 4 4 4 4 4 4 4 4 4 4 4 4 4 4 4 4 4 4 4 4 4 4 4 4 4 4 4 4 4
4 4 4 4 4 4 4 4 4 4 4 4 4 4 4 4 4 4 4 4 4 4 4 4 4 4 4 4 4 4 4 4 4 4 4 4 4 4 4 4 4 4 4 4 4 4 4 4 4 4 4 4 4 4 4 4 4 4 4 4 4 4 4 4
4 4 4 4 4 4 4 4 4 4 4 4 4 4 4 4 4 4 4 4 4 4 4 4 4 4 4 4 4 4 4 4 4 4 4 4 4 4 4 4 4 4 4 4 4 4 4 4 4 4 4 4 4 4 4 4 4 4 4 4 4 4 4 4
4 4 4 4 4 4 4 4 4 4 4 4 4 4 4 4 4 4 4 4 4 4 4 4 4 4 4 4 4 4 4 4 4 4 4 4 4 4 4 4 4 4 4 4 4 4 4 4 4 4 4 4 4 4 4 4 4 4 4 4 4 4 4 4
12 12 12 12 12 12 12 12 12 12 12 12 12 12 12 12 12 12 12 12 12 12 12 12 12 12 12 12 12 12 12 12 12 12 12 12 12 12 12 12 12 12 12 12 12 12 12 12 12 12 12 12 11 11 11 11 11 11 11 11 11 11 11 11
[BOARD] 2/2 settled
4 4 4 4 4 4 4 4 4 4 4 4 4 4 4 4 4 4 4 4 4 4 4 4 4 4 4 4 4 4 4 4 4 4 4 4 4 4 4 4 4 4 4 4 4 4 4 4 4 4 4 4 4 4 4 4 4 4 4 4 8 8 8 8
4 4 4 4 4 4 4 4 4 4 4 4 4 4 4 4 4 4 4 4 4 4 4 4 4 4 4 4 4 4 4 4 4 4 4 4 4 4 4 4 4 4 4 4 4 4 4 4 4 4 4 4 4 4 4 4 4 4 4 4 8 8 8 8
4 4 4 4 4 4 4 4 4 4 4 4 4 4 4 4 4 4 4 4 4 4 4 4 4 4 4 4 4 4 4 4 4 4 4 4 4 4 4 4 4 4 4 4 4 4 4 4 4 4 4 4 4 4 4 4 4 4 4 4 8 8 8 8
4 4 4 4 4 4 4 4 4 4 4 4 4 4 4 4 4 4 4 4 4 4 4 4 4 4 4 4 4 4 4 4 4 4 4 4 4 4 4 4 4 4 4 4 4 4 4 4 4 4 4 4 4 4 4 4 4 4 4 4 8 8 8 8
4 4 4 4 4 4 4 4 4 4 4 4 4 4 4 4 4 4 4 4 8 8 8 8 8 8 4 4 8 8 8 8 8 8 4 4 8 8 8 8 8 8 4 4 4 4 4 4 4 4 4 4 4 4 4 4 4 4 4 4 12 12 12 12
4 4 4 4 4 4 4 4 4 4 4 4 4 4 4 4 4 4 4 4 8 8 8 8 8 8 4 4 8 8 8 8 8 8 4 4 8 8 8 8 8 8 4 4 4 4 4 4 4 4 4 4 4 4 4 4 4 4 4 4 12 12 12 12
4 4 4 4 4 4 4 4 4 4 4 4 4 4 4 4 4 4 4 4 8 8 8 8 8 8 4 4 8 8 8 8 8 8 4 4 8 8 8 8 8 8 4 4 4 4 4 4 4 4 4 4 4 4 4 4 4 4 4 4 12 12 12 12
4 4 4 4 4 4 4 4 4 4 4 4 4 4 4 4 4 4 4 4 8 8 8 8 8 8 4 4 8 8 8 8 8 8 4 4 8 8 8 8 8 8 4 4 4 4 4 4 4 4 4 4 4 4 4 4 4 4 4 4 12 12 12 12
4 4 4 4 4 4 4 4 4 4 4 4 4 4 4 4 4 4 4 4 8 8 8 8 8 8 4 4 8 8 8 8 8 8 4 4 8 8 8 8 8 8 4 4 4 4 4 4 4 4 4 4 4 4 4 4 4 4 4 4 4 4 4 4
4 4 4 4 4 4 4 4 4 4 4 4 4 4 4 4 4 4 4 4 8 8 8 8 8 8 4 4 8 8 8 8 8 8 4 4 8 8 8 8 8 8 4 4 4 4 4 4 4 4 4 4 4 4 4 4 4 4 4 4 4 4 4 4
4 4 4 4 4 4 4 4 4 4 4 4 4 4 4 4 4 4 4 4 4 4 4 4 4 4 4 4 4 4 4 4 4 4 4 4 4 4 4 4 4 4 4 4 4 4 4 4 4 4 4 4 4 4 4 4 4 4 4 4 4 4 4 4
4 4 4 4 4 4 4 4 4 4 4 4 4 4 4 4 4 4 4 4 4 4 4 4 4 4 4 4 4 4 4 4 4 4 4 4 4 4 4 4 4 4 4 4 4 4 4 4 4 4 4 4 4 4 4 4 4 4 4 4 4 4 4 4
4 4 4 4 4 4 4 4 4 4 4 4 4 4 4 4 4 4 4 4 8 8 8 8 8 8 4 4 0 0 0 0 0 0 4 4 8 8 8 8 8 8 4 4 4 4 4 4 4 4 4 4 4 4 4 4 4 4 4 4 4 4 4 4
4 4 4 4 4 4 4 4 4 4 4 4 4 4 4 4 4 4 4 4 8 8 8 8 8 8 4 4 0 0 0 0 0 0 4 4 8 8 8 8 8 8 4 4 4 4 4 4 4 4 4 4 4 4 4 4 4 4 4 4 4 4 4 4
4 4 4 4 4 4 4 4 4 4 4 4 4 4 4 4 4 4 4 4 8 8 8 8 8 8 4 4 0 0 12 12 2 2 4 4 8 8 8 8 8 8 4 4 4 4 4 4 4 4 4 4 4 4 4 4 4 4 4 4 4 4 4 4
4 4 4 4 4 4 4 4 4 4 4 4 4 4 4 4 4 4 4 4 8 8 8 8 8 8 4 4 0 0 12 12 2 2 4 4 8 8 8 8 8 8 4 4 4 4 4 4 4 4 4 4 4 4 4 4 4 4 4 4 4 4 4 4
4 4 4 4 4 4 4 4 4 4 4 4 4 4 4 4 4 4 4 4 8 8 8 8 8 8 4 4 2 2 0 0 2 2 4 4 8 8 8 8 8 8 4 4 4 4 4 4 4 4 4 4 4 4 4 4 4 4 4 4 4 4 4 4
4 4 4 4 4 4 4 4 4 4 4 4 4 4 4 4 4 4 4 4 8 8 8 8 8 8 4 4 2 2 0 0 2 2 4 4 8 8 8 8 8 8 4 4 4 4 4 4 4 4 4 4 4 4 4 4 4 4 4 4 4 4 4 4
4 4 4 4 4 4 4 4 4 4 4 4 4 4 4 4 4 4 4 4 4 4 4 4 4 4 4 4 4 4 4 4 4 4 4 4 4 4 4 4 4 4 4 4 4 4 4 4 4 4 4 4 4 4 4 4 4 4 4 4 4 4 4 4
4 4 4 4 4 4 4 4 4 4 4 4 4 4 4 4 4 4 4 4 4 4 4 4 4 4 4 4 4 4 4 4 4 4 4 4 4 4 4 4 4 4 4 4 4 4 4 4 4 4 4 4 4 4 4 4 4 4 4 4 4 4 4 4
4 4 4 4 4 4 4 4 4 4 4 4 8 8 8 8 8 8 4 4 8 8 8 8 8 8 4 4 8 8 8 8 8 8 4 4 8 8 8 8 8 8 4 4 8 8 8 8 8 8 4 4 4 4 4 4 4 4 4 4 4 4 4 4
4 4 4 4 4 4 4 4 4 4 4 4 8 8 8 8 8 8 4 4 8 8 8 8 8 8 4 4 8 8 8 8 8 8 4 4 8 8 8 8 8 8 4 4 8 8 8 8 8 8 4 4 4 4 4 4 4 4 4 4 4 4 4 4
4 4 4 4 4 4 4 4 4 4 4 4 8 8 8 8 8 8 4 4 8 8 8 8 8 8 4 4 8 8 8 8 8 8 4 4 8 8 8 8 8 8 4 4 8 8 8 8 8 8 4 4 4 4 4 4 4 4 4 4 4 4 4 4
4 4 4 4 4 4 4 4 4 4 4 4 8 8 8 8 8 8 4 4 8 8 8 8 8 8 4 4 8 8 8 8 8 8 4 4 8 8 8 8 8 8 4 4 8 8 8 8 8 8 4 4 4 4 4 4 4 4 4 4 4 4 4 4
4 4 4 4 4 4 4 4 4 4 4 4 8 8 8 8 8 8 4 4 8 8 8 8 8 8 4 4 8 8 8 8 8 8 4 4 8 8 8 8 8 8 4 4 8 8 8 8 8 8 4 4 4 4 4 4 4 4 4 4 4 4 4 4
4 4 4 4 4 4 4 4 4 4 4 4 8 8 8 8 8 8 4 4 8 8 8 8 8 8 4 4 8 8 8 8 8 8 4 4 8 8 8 8 8 8 4 4 8 8 8 8 8 8 4 4 4 4 4 4 4 4 4 4 4 4 4 4
4 4 4 4 4 4 4 4 4 4 4 4 4 4 4 4 4 4 4 4 4 4 4 4 4 4 4 4 4 4 4 4 4 4 4 4 4 4 4 4 4 4 4 4 4 4 4 4 4 4 4 4 4 4 4 4 4 4 4 4 4 4 4 4
4 4 4 4 4 4 4 4 4 4 4 4 4 4 4 4 4 4 4 4 4 4 4 4 4 4 4 4 4 4 4 4 4 4 4 4 4 4 4 4 4 4 4 4 4 4 4 4 4 4 4 4 4 4 4 4 4 4 4 4 4 4 4 4
4 4 4 4 4 4 4 4 4 4 4 4 8 8 8 8 8 8 4 4 2 2 0 0 2 2 4 4 8 8 8 8 8 8 4 4 2 2 0 0 0 0 4 4 8 8 8 8 8 8 4 4 4 4 4 4 4 4 4 4 4 4 4 4
4 4 4 4 4 4 4 4 4 4 4 4 8 8 8 8 8 8 4 4 2 2 0 0 2 2 4 4 8 8 8 8 8 8 4 4 2 2 0 0 0 0 4 4 8 8 8 8 8 8 4 4 4 4 4 4 4 4 4 4 4 4 4 4
4 4 4 4 4 4 4 4 4 4 4 4 8 8 8 8 8 8 4 4 2 2 8 8 0 0 4 4 8 8 8 8 8 8 4 4 0 0 8 8 2 2 4 4 8 8 8 8 8 8 4 4 4 4 4 4 4 4 4 4 4 4 4 4
4 4 4 4 4 4 4 4 4 4 4 4 8 8 8 8 8 8 4 4 2 2 8 8 0 0 4 4 8 8 8 8 8 8 4 4 0 0 8 8 2 2 4 4 8 8 8 8 8 8 4 4 4 4 4 4 4 4 4 4 4 4 4 4
4 4 4 4 4 4 4 4 4 4 4 4 8 8 8 8 8 8 4 4 0 0 0 0 2 2 4 4 8 8 8 8 8 8 4 4 2 2 0 0 2 2 4 4 8 8 8 8 8 8 4 4 4 4 4 4 4 4 4 4 4 4 4 4
4 4 4 4 4 4 4 4 4 4 4 4 8 8 8 8 8 8 4 4 0 0 0 0 2 2 4 4 8 8 8 8 8 8 4 4 2 2 0 0 2 2 4 4 8 8 8 8 8 8 4 4 4 4 4 4 4 4 4 4 4 4 4 4
4 4 4 4 4 4 4 4 4 4 4 4 4 4 4 4 4 4 4 4 4 4 4 4 4 4 4 4 4 4 4 4 4 4 4 4 4 4 4 4 4 4 4 4 4 4 4 4 4 4 4 4 4 4 4 4 4 4 4 4 4 4 4 4
4 4 4 4 4 4 4 4 4 4 4 4 4 4 4 4 4 4 4 4 4 4 4 4 4 4 4 4 4 4 4 4 4 4 4 4 4 4 4 4 4 4 4 4 4 4 4 4 4 4 4 4 4 4 4 4 4 4 4 4 4 4 4 4
4 4 4 4 4 4 4 4 4 4 4 4 8 8 8 8 8 8 4 4 8 8 8 8 8 8 4 4 8 8 8 8 8 8 4 4 8 8 8 8 8 8 4 4 8 8 8 8 8 8 4 4 4 4 4 4 4 4 4 4 4 4 4 4
4 4 4 4 4 4 4 4 4 4 4 4 8 8 8 8 8 8 4 4 8 8 8 8 8 8 4 4 8 8 8 8 8 8 4 4 8 8 8 8 8 8 4 4 8 8 8 8 8 8 4 4 4 4 4 4 4 4 4 4 4 4 4 4
4 4 4 4 4 4 4 4 4 4 4 4 8 8 8 8 8 8 4 4 8 8 8 8 8 8 4 4 8 8 8 8 8 8 4 4 8 8 8 8 8 8 4 4 8 8 8 8 8 8 4 4 4 4 4 4 4 4 4 4 4 4 4 4
4 4 4 4 4 4 4 4 4 4 4 4 8 8 8 8 8 8 4 4 8 8 8 8 8 8 4 4 8 8 8 8 8 8 4 4 8 8 8 8 8 8 4 4 8 8 8 8 8 8 4 4 4 4 4 4 4 4 4 4 4 4 4 4
4 4 4 4 4 4 4 4 4 4 4 4 8 8 8 8 8 8 4 4 8 8 8 8 8 8 4 4 8 8 8 8 8 8 4 4 8 8 8 8 8 8 4 4 8 8 8 8 8 8 4 4 4 4 4 4 4 4 4 4 4 4 4 4
4 4 4 4 4 4 4 4 4 4 4 4 8 8 8 8 8 8 4 4 8 8 8 8 8 8 4 4 8 8 8 8 8 8 4 4 8 8 8 8 8 8 4 4 8 8 8 8 8 8 4 4 4 4 4 4 4 4 4 4 4 4 4 4
4 4 4 4 4 4 4 4 4 4 4 4 4 4 4 4 4 4 4 4 4 4 4 4 4 4 4 4 4 4 4 4 4 4 4 4 4 4 4 4 4 4 4 4 4 4 4 4 4 4 4 4 4 4 4 4 4 4 4 4 4 4 4 4
4 4 4 4 4 4 4 4 4 4 4 4 4 4 4 4 4 4 4 4 4 4 4 4 4 4 4 4 4 4 4 4 4 4 4 4 4 4 4 4 4 4 4 4 4 4 4 4 4 4 4 4 4 4 4 4 4 4 4 4 4 4 4 4
4 4 4 4 4 4 4 4 4 4 4 4 4 4 4 4 4 4 4 4 8 8 8 8 8 8 4 4 2 2 0 0 2 2 4 4 8 8 8 8 8 8 4 4 4 4 4 4 4 4 4 4 4 4 4 4 4 4 4 4 4 4 4 4
4 4 4 4 4 4 4 4 4 4 4 4 4 4 4 4 4 4 4 4 8 8 8 8 8 8 4 4 2 2 0 0 2 2 4 4 8 8 8 8 8 8 4 4 4 4 4 4 4 4 4 4 4 4 4 4 4 4 4 4 4 4 4 4
4 4 4 4 4 4 4 4 4 4 4 4 4 4 4 4 4 4 4 4 8 8 8 8 8 8 4 4 0 0 12 12 2 2 4 4 8 8 8 8 8 8 4 4 4 4 4 4 4 4 4 4 4 4 4 4 4 4 4 4 4 4 4 4
4 4 4 4 4 4 4 4 4 4 4 4 4 4 4 4 4 4 4 4 8 8 8 8 8 8 4 4 0 0 12 12 2 2 4 4 8 8 8 8 8 8 4 4 4 4 4 4 4 4 4 4 4 4 4 4 4 4 4 4 4 4 4 4
4 4 4 4 4 4 4 4 4 4 4 4 4 4 4 4 4 4 4 4 8 8 8 8 8 8 4 4 0 0 0 0 0 0 4 4 8 8 8 8 8 8 4 4 4 4 4 4 4 4 4 4 4 4 4 4 4 4 4 4 4 4 4 4
4 4 4 4 4 4 4 4 4 4 4 4 4 4 4 4 4 4 4 4 8 8 8 8 8 8 4 4 0 0 0 0 0 0 4 4 8 8 8 8 8 8 4 4 4 4 4 4 4 4 4 4 4 4 4 4 4 4 4 4 4 4 4 4
4 4 4 4 4 4 4 4 4 4 4 4 4 4 4 4 4 4 4 4 4 4 4 4 4 4 4 4 4 4 4 4 4 4 4 4 4 4 4 4 4 4 4 4 4 4 4 4 4 4 4 4 4 4 4 4 4 4 4 4 4 4 4 4
4 4 4 4 4 4 4 4 4 4 4 4 4 4 4 4 4 4 4 4 4 4 4 4 4 4 4 4 4 4 4 4 4 4 4 4 4 4 4 4 4 4 4 4 4 4 4 4 4 4 4 4 4 4 4 4 4 4 4 4 4 4 4 4
4 4 4 4 4 4 4 4 4 4 4 4 4 4 4 4 4 4 4 4 8 8 8 8 8 8 4 4 8 8 8 8 8 8 4 4 8 8 8 8 8 8 4 4 4 4 4 4 4 4 4 4 4 4 4 4 4 4 4 4 4 4 4 4
4 4 4 4 4 4 4 4 4 4 4 4 4 4 4 4 4 4 4 4 8 8 8 8 8 8 4 4 8 8 8 8 8 8 4 4 8 8 8 8 8 8 4 4 4 4 4 4 4 4 4 4 4 4 4 4 4 4 4 4 4 4 4 4
4 4 4 4 4 4 4 4 4 4 4 4 4 4 4 4 4 4 4 4 8 8 8 8 8 8 4 4 8 8 8 8 8 8 4 4 8 8 8 8 8 8 4 4 4 4 4 4 4 4 4 4 4 4 4 4 4 4 4 4 4 4 4 4
4 4 4 4 4 4 4 4 4 4 4 4 4 4 4 4 4 4 4 4 8 8 8 8 8 8 4 4 8 8 8 8 8 8 4 4 8 8 8 8 8 8 4 4 4 4 4 4 4 4 4 4 4 4 4 4 4 4 4 4 4 4 4 4
4 4 4 4 4 4 4 4 4 4 4 4 4 4 4 4 4 4 4 4 8 8 8 8 8 8 4 4 8 8 8 8 8 8 4 4 8 8 8 8 8 8 4 4 4 4 4 4 4 4 4 4 4 4 4 4 4 4 4 4 4 4 4 4
4 4 4 4 4 4 4 4 4 4 4 4 4 4 4 4 4 4 4 4 8 8 8 8 8 8 4 4 8 8 8 8 8 8 4 4 8 8 8 8 8 8 4 4 4 4 4 4 4 4 4 4 4 4 4 4 4 4 4 4 4 4 4 4
4 4 4 4 4 4 4 4 4 4 4 4 4 4 4 4 4 4 4 4 4 4 4 4 4 4 4 4 4 4 4 4 4 4 4 4 4 4 4 4 4 4 4 4 4 4 4 4 4 4 4 4 4 4 4 4 4 4 4 4 4 4 4 4
4 4 4 4 4 4 4 4 4 4 4 4 4 4 4 4 4 4 4 4 4 4 4 4 4 4 4 4 4 4 4 4 4 4 4 4 4 4 4 4 4 4 4 4 4 4 4 4 4 4 4 4 4 4 4 4 4 4 4 4 4 4 4 4
4 4 4 4 4 4 4 4 4 4 4 4 4 4 4 4 4 4 4 4 4 4 4 4 4 4 4 4 4 4 4 4 4 4 4 4 4 4 4 4 4 4 4 4 4 4 4 4 4 4 4 4 4 4 4 4 4 4 4 4 4 4 4 4
4 4 4 4 4 4 4 4 4 4 4 4 4 4 4 4 4 4 4 4 4 4 4 4 4 4 4 4 4 4 4 4 4 4 4 4 4 4 4 4 4 4 4 4 4 4 4 4 4 4 4 4 4 4 4 4 4 4 4 4 4 4 4 4
4 4 4 4 4 4 4 4 4 4 4 4 4 4 4 4 4 4 4 4 4 4 4 4 4 4 4 4 4 4 4 4 4 4 4 4 4 4 4 4 4 4 4 4 4 4 4 4 4 4 4 4 4 4 4 4 4 4 4 4 4 4 4 4
12 12 12 12 12 12 12 12 12 12 12 12 12 12 12 12 12 12 12 12 12 12 12 12 12 12 12 12 12 12 12 12 12 12 12 12 12 12 12 12 12 12 12 12 12 12 12 12 12 12 12 12 12 12 12 12 12 12 12 12 12 12 12 12
[LEVELS] 2/6
[STATE] NOT_FINISHED
[AVAILABLE] ACTION6
[DIFF] 1180 cells changed in bbox (12,0)-(63,63)

[PLAN] invocation 5
These are exactly the fourteen ordinary tiles whose merged four-clue requirements are color 12 rather than their current color 8.
plan: ACTION6(x=22,y=6) ACTION6(x=30,y=6) ACTION6(x=38,y=6) ACTION6(x=22,y=14) ACTION6(x=14,y=22) ACTION6(x=30,y=22) ACTION6(x=14,y=30) ACTION6(x=46,y=30) ACTION6(x=30,y=38) ACTION6(x=46,y=38) ACTION6(x=22,y=46) ACTION6(x=22,y=54) ACTION6(x=30,y=54) ACTION6(x=38,y=54)
[END PLAN]

[STEP 12]
[ACTION] ACTION6 x=22 y=6
[BOARD] 1/1 settled
4 4 4 4 4 4 4 4 4 4 4 4 4 4 4 4 4 4 4 4 4 4 4 4 4 4 4 4 4 4 4 4 4 4 4 4 4 4 4 4 4 4 4 4 4 4 4 4 4 4 4 4 4 4 4 4 4 4 4 4 8 8 8 8
4 4 4 4 4 4 4 4 4 4 4 4 4 4 4 4 4 4 4 4 4 4 4 4 4 4 4 4 4 4 4 4 4 4 4 4 4 4 4 4 4 4 4 4 4 4 4 4 4 4 4 4 4 4 4 4 4 4 4 4 8 8 8 8
4 4 4 4 4 4 4 4 4 4 4 4 4 4 4 4 4 4 4 4 4 4 4 4 4 4 4 4 4 4 4 4 4 4 4 4 4 4 4 4 4 4 4 4 4 4 4 4 4 4 4 4 4 4 4 4 4 4 4 4 8 8 8 8
4 4 4 4 4 4 4 4 4 4 4 4 4 4 4 4 4 4 4 4 4 4 4 4 4 4 4 4 4 4 4 4 4 4 4 4 4 4 4 4 4 4 4 4 4 4 4 4 4 4 4 4 4 4 4 4 4 4 4 4 8 8 8 8
4 4 4 4 4 4 4 4 4 4 4 4 4 4 4 4 4 4 4 4 12 12 12 12 12 12 4 4 8 8 8 8 8 8 4 4 8 8 8 8 8 8 4 4 4 4 4 4 4 4 4 4 4 4 4 4 4 4 4 4 12 12 12 12
4 4 4 4 4 4 4 4 4 4 4 4 4 4 4 4 4 4 4 4 12 12 12 12 12 12 4 4 8 8 8 8 8 8 4 4 8 8 8 8 8 8 4 4 4 4 4 4 4 4 4 4 4 4 4 4 4 4 4 4 12 12 12 12
4 4 4 4 4 4 4 4 4 4 4 4 4 4 4 4 4 4 4 4 12 12 12 12 12 12 4 4 8 8 8 8 8 8 4 4 8 8 8 8 8 8 4 4 4 4 4 4 4 4 4 4 4 4 4 4 4 4 4 4 12 12 12 12
4 4 4 4 4 4 4 4 4 4 4 4 4 4 4 4 4 4 4 4 12 12 12 12 12 12 4 4 8 8 8 8 8 8 4 4 8 8 8 8 8 8 4 4 4 4 4 4 4 4 4 4 4 4 4 4 4 4 4 4 12 12 12 12
4 4 4 4 4 4 4 4 4 4 4 4 4 4 4 4 4 4 4 4 12 12 12 12 12 12 4 4 8 8 8 8 8 8 4 4 8 8 8 8 8 8 4 4 4 4 4 4 4 4 4 4 4 4 4 4 4 4 4 4 4 4 4 4
4 4 4 4 4 4 4 4 4 4 4 4 4 4 4 4 4 4 4 4 12 12 12 12 12 12 4 4 8 8 8 8 8 8 4 4 8 8 8 8 8 8 4 4 4 4 4 4 4 4 4 4 4 4 4 4 4 4 4 4 4 4 4 4
4 4 4 4 4 4 4 4 4 4 4 4 4 4 4 4 4 4 4 4 4 4 4 4 4 4 4 4 4 4 4 4 4 4 4 4 4 4 4 4 4 4 4 4 4 4 4 4 4 4 4 4 4 4 4 4 4 4 4 4 4 4 4 4
4 4 4 4 4 4 4 4 4 4 4 4 4 4 4 4 4 4 4 4 4 4 4 4 4 4 4 4 4 4 4 4 4 4 4 4 4 4 4 4 4 4 4 4 4 4 4 4 4 4 4 4 4 4 4 4 4 4 4 4 4 4 4 4
4 4 4 4 4 4 4 4 4 4 4 4 4 4 4 4 4 4 4 4 8 8 8 8 8 8 4 4 0 0 0 0 0 0 4 4 8 8 8 8 8 8 4 4 4 4 4 4 4 4 4 4 4 4 4 4 4 4 4 4 4 4 4 4
4 4 4 4 4 4 4 4 4 4 4 4 4 4 4 4 4 4 4 4 8 8 8 8 8 8 4 4 0 0 0 0 0 0 4 4 8 8 8 8 8 8 4 4 4 4 4 4 4 4 4 4 4 4 4 4 4 4 4 4 4 4 4 4
4 4 4 4 4 4 4 4 4 4 4 4 4 4 4 4 4 4 4 4 8 8 8 8 8 8 4 4 0 0 12 12 2 2 4 4 8 8 8 8 8 8 4 4 4 4 4 4 4 4 4 4 4 4 4 4 4 4 4 4 4 4 4 4
4 4 4 4 4 4 4 4 4 4 4 4 4 4 4 4 4 4 4 4 8 8 8 8 8 8 4 4 0 0 12 12 2 2 4 4 8 8 8 8 8 8 4 4 4 4 4 4 4 4 4 4 4 4 4 4 4 4 4 4 4 4 4 4
4 4 4 4 4 4 4 4 4 4 4 4 4 4 4 4 4 4 4 4 8 8 8 8 8 8 4 4 2 2 0 0 2 2 4 4 8 8 8 8 8 8 4 4 4 4 4 4 4 4 4 4 4 4 4 4 4 4 4 4 4 4 4 4
4 4 4 4 4 4 4 4 4 4 4 4 4 4 4 4 4 4 4 4 8 8 8 8 8 8 4 4 2 2 0 0 2 2 4 4 8 8 8 8 8 8 4 4 4 4 4 4 4 4 4 4 4 4 4 4 4 4 4 4 4 4 4 4
4 4 4 4 4 4 4 4 4 4 4 4 4 4 4 4 4 4 4 4 4 4 4 4 4 4 4 4 4 4 4 4 4 4 4 4 4 4 4 4 4 4 4 4 4 4 4 4 4 4 4 4 4 4 4 4 4 4 4 4 4 4 4 4
4 4 4 4 4 4 4 4 4 4 4 4 4 4 4 4 4 4 4 4 4 4 4 4 4 4 4 4 4 4 4 4 4 4 4 4 4 4 4 4 4 4 4 4 4 4 4 4 4 4 4 4 4 4 4 4 4 4 4 4 4 4 4 4
4 4 4 4 4 4 4 4 4 4 4 4 8 8 8 8 8 8 4 4 8 8 8 8 8 8 4 4 8 8 8 8 8 8 4 4 8 8 8 8 8 8 4 4 8 8 8 8 8 8 4 4 4 4 4 4 4 4 4 4 4 4 4 4
4 4 4 4 4 4 4 4 4 4 4 4 8 8 8 8 8 8 4 4 8 8 8 8 8 8 4 4 8 8 8 8 8 8 4 4 8 8 8 8 8 8 4 4 8 8 8 8 8 8 4 4 4 4 4 4 4 4 4 4 4 4 4 4
4 4 4 4 4 4 4 4 4 4 4 4 8 8 8 8 8 8 4 4 8 8 8 8 8 8 4 4 8 8 8 8 8 8 4 4 8 8 8 8 8 8 4 4 8 8 8 8 8 8 4 4 4 4 4 4 4 4 4 4 4 4 4 4
4 4 4 4 4 4 4 4 4 4 4 4 8 8 8 8 8 8 4 4 8 8 8 8 8 8 4 4 8 8 8 8 8 8 4 4 8 8 8 8 8 8 4 4 8 8 8 8 8 8 4 4 4 4 4 4 4 4 4 4 4 4 4 4
4 4 4 4 4 4 4 4 4 4 4 4 8 8 8 8 8 8 4 4 8 8 8 8 8 8 4 4 8 8 8 8 8 8 4 4 8 8 8 8 8 8 4 4 8 8 8 8 8 8 4 4 4 4 4 4 4 4 4 4 4 4 4 4
4 4 4 4 4 4 4 4 4 4 4 4 8 8 8 8 8 8 4 4 8 8 8 8 8 8 4 4 8 8 8 8 8 8 4 4 8 8 8 8 8 8 4 4 8 8 8 8 8 8 4 4 4 4 4 4 4 4 4 4 4 4 4 4
4 4 4 4 4 4 4 4 4 4 4 4 4 4 4 4 4 4 4 4 4 4 4 4 4 4 4 4 4 4 4 4 4 4 4 4 4 4 4 4 4 4 4 4 4 4 4 4 4 4 4 4 4 4 4 4 4 4 4 4 4 4 4 4
4 4 4 4 4 4 4 4 4 4 4 4 4 4 4 4 4 4 4 4 4 4 4 4 4 4 4 4 4 4 4 4 4 4 4 4 4 4 4 4 4 4 4 4 4 4 4 4 4 4 4 4 4 4 4 4 4 4 4 4 4 4 4 4
4 4 4 4 4 4 4 4 4 4 4 4 8 8 8 8 8 8 4 4 2 2 0 0 2 2 4 4 8 8 8 8 8 8 4 4 2 2 0 0 0 0 4 4 8 8 8 8 8 8 4 4 4 4 4 4 4 4 4 4 4 4 4 4
4 4 4 4 4 4 4 4 4 4 4 4 8 8 8 8 8 8 4 4 2 2 0 0 2 2 4 4 8 8 8 8 8 8 4 4 2 2 0 0 0 0 4 4 8 8 8 8 8 8 4 4 4 4 4 4 4 4 4 4 4 4 4 4
4 4 4 4 4 4 4 4 4 4 4 4 8 8 8 8 8 8 4 4 2 2 8 8 0 0 4 4 8 8 8 8 8 8 4 4 0 0 8 8 2 2 4 4 8 8 8 8 8 8 4 4 4 4 4 4 4 4 4 4 4 4 4 4
4 4 4 4 4 4 4 4 4 4 4 4 8 8 8 8 8 8 4 4 2 2 8 8 0 0 4 4 8 8 8 8 8 8 4 4 0 0 8 8 2 2 4 4 8 8 8 8 8 8 4 4 4 4 4 4 4 4 4 4 4 4 4 4
4 4 4 4 4 4 4 4 4 4 4 4 8 8 8 8 8 8 4 4 0 0 0 0 2 2 4 4 8 8 8 8 8 8 4 4 2 2 0 0 2 2 4 4 8 8 8 8 8 8 4 4 4 4 4 4 4 4 4 4 4 4 4 4
4 4 4 4 4 4 4 4 4 4 4 4 8 8 8 8 8 8 4 4 0 0 0 0 2 2 4 4 8 8 8 8 8 8 4 4 2 2 0 0 2 2 4 4 8 8 8 8 8 8 4 4 4 4 4 4 4 4 4 4 4 4 4 4
4 4 4 4 4 4 4 4 4 4 4 4 4 4 4 4 4 4 4 4 4 4 4 4 4 4 4 4 4 4 4 4 4 4 4 4 4 4 4 4 4 4 4 4 4 4 4 4 4 4 4 4 4 4 4 4 4 4 4 4 4 4 4 4
4 4 4 4 4 4 4 4 4 4 4 4 4 4 4 4 4 4 4 4 4 4 4 4 4 4 4 4 4 4 4 4 4 4 4 4 4 4 4 4 4 4 4 4 4 4 4 4 4 4 4 4 4 4 4 4 4 4 4 4 4 4 4 4
4 4 4 4 4 4 4 4 4 4 4 4 8 8 8 8 8 8 4 4 8 8 8 8 8 8 4 4 8 8 8 8 8 8 4 4 8 8 8 8 8 8 4 4 8 8 8 8 8 8 4 4 4 4 4 4 4 4 4 4 4 4 4 4
4 4 4 4 4 4 4 4 4 4 4 4 8 8 8 8 8 8 4 4 8 8 8 8 8 8 4 4 8 8 8 8 8 8 4 4 8 8 8 8 8 8 4 4 8 8 8 8 8 8 4 4 4 4 4 4 4 4 4 4 4 4 4 4
4 4 4 4 4 4 4 4 4 4 4 4 8 8 8 8 8 8 4 4 8 8 8 8 8 8 4 4 8 8 8 8 8 8 4 4 8 8 8 8 8 8 4 4 8 8 8 8 8 8 4 4 4 4 4 4 4 4 4 4 4 4 4 4
4 4 4 4 4 4 4 4 4 4 4 4 8 8 8 8 8 8 4 4 8 8 8 8 8 8 4 4 8 8 8 8 8 8 4 4 8 8 8 8 8 8 4 4 8 8 8 8 8 8 4 4 4 4 4 4 4 4 4 4 4 4 4 4
4 4 4 4 4 4 4 4 4 4 4 4 8 8 8 8 8 8 4 4 8 8 8 8 8 8 4 4 8 8 8 8 8 8 4 4 8 8 8 8 8 8 4 4 8 8 8 8 8 8 4 4 4 4 4 4 4 4 4 4 4 4 4 4
4 4 4 4 4 4 4 4 4 4 4 4 8 8 8 8 8 8 4 4 8 8 8 8 8 8 4 4 8 8 8 8 8 8 4 4 8 8 8 8 8 8 4 4 8 8 8 8 8 8 4 4 4 4 4 4 4 4 4 4 4 4 4 4
4 4 4 4 4 4 4 4 4 4 4 4 4 4 4 4 4 4 4 4 4 4 4 4 4 4 4 4 4 4 4 4 4 4 4 4 4 4 4 4 4 4 4 4 4 4 4 4 4 4 4 4 4 4 4 4 4 4 4 4 4 4 4 4
4 4 4 4 4 4 4 4 4 4 4 4 4 4 4 4 4 4 4 4 4 4 4 4 4 4 4 4 4 4 4 4 4 4 4 4 4 4 4 4 4 4 4 4 4 4 4 4 4 4 4 4 4 4 4 4 4 4 4 4 4 4 4 4
4 4 4 4 4 4 4 4 4 4 4 4 4 4 4 4 4 4 4 4 8 8 8 8 8 8 4 4 2 2 0 0 2 2 4 4 8 8 8 8 8 8 4 4 4 4 4 4 4 4 4 4 4 4 4 4 4 4 4 4 4 4 4 4
4 4 4 4 4 4 4 4 4 4 4 4 4 4 4 4 4 4 4 4 8 8 8 8 8 8 4 4 2 2 0 0 2 2 4 4 8 8 8 8 8 8 4 4 4 4 4 4 4 4 4 4 4 4 4 4 4 4 4 4 4 4 4 4
4 4 4 4 4 4 4 4 4 4 4 4 4 4 4 4 4 4 4 4 8 8 8 8 8 8 4 4 0 0 12 12 2 2 4 4 8 8 8 8 8 8 4 4 4 4 4 4 4 4 4 4 4 4 4 4 4 4 4 4 4 4 4 4
4 4 4 4 4 4 4 4 4 4 4 4 4 4 4 4 4 4 4 4 8 8 8 8 8 8 4 4 0 0 12 12 2 2 4 4 8 8 8 8 8 8 4 4 4 4 4 4 4 4 4 4 4 4 4 4 4 4 4 4 4 4 4 4
4 4 4 4 4 4 4 4 4 4 4 4 4 4 4 4 4 4 4 4 8 8 8 8 8 8 4 4 0 0 0 0 0 0 4 4 8 8 8 8 8 8 4 4 4 4 4 4 4 4 4 4 4 4 4 4 4 4 4 4 4 4 4 4
4 4 4 4 4 4 4 4 4 4 4 4 4 4 4 4 4 4 4 4 8 8 8 8 8 8 4 4 0 0 0 0 0 0 4 4 8 8 8 8 8 8 4 4 4 4 4 4 4 4 4 4 4 4 4 4 4 4 4 4 4 4 4 4
4 4 4 4 4 4 4 4 4 4 4 4 4 4 4 4 4 4 4 4 4 4 4 4 4 4 4 4 4 4 4 4 4 4 4 4 4 4 4 4 4 4 4 4 4 4 4 4 4 4 4 4 4 4 4 4 4 4 4 4 4 4 4 4
4 4 4 4 4 4 4 4 4 4 4 4 4 4 4 4 4 4 4 4 4 4 4 4 4 4 4 4 4 4 4 4 4 4 4 4 4 4 4 4 4 4 4 4 4 4 4 4 4 4 4 4 4 4 4 4 4 4 4 4 4 4 4 4
4 4 4 4 4 4 4 4 4 4 4 4 4 4 4 4 4 4 4 4 8 8 8 8 8 8 4 4 8 8 8 8 8 8 4 4 8 8 8 8 8 8 4 4 4 4 4 4 4 4 4 4 4 4 4 4 4 4 4 4 4 4 4 4
4 4 4 4 4 4 4 4 4 4 4 4 4 4 4 4 4 4 4 4 8 8 8 8 8 8 4 4 8 8 8 8 8 8 4 4 8 8 8 8 8 8 4 4 4 4 4 4 4 4 4 4 4 4 4 4 4 4 4 4 4 4 4 4
4 4 4 4 4 4 4 4 4 4 4 4 4 4 4 4 4 4 4 4 8 8 8 8 8 8 4 4 8 8 8 8 8 8 4 4 8 8 8 8 8 8 4 4 4 4 4 4 4 4 4 4 4 4 4 4 4 4 4 4 4 4 4 4
4 4 4 4 4 4 4 4 4 4 4 4 4 4 4 4 4 4 4 4 8 8 8 8 8 8 4 4 8 8 8 8 8 8 4 4 8 8 8 8 8 8 4 4 4 4 4 4 4 4 4 4 4 4 4 4 4 4 4 4 4 4 4 4
4 4 4 4 4 4 4 4 4 4 4 4 4 4 4 4 4 4 4 4 8 8 8 8 8 8 4 4 8 8 8 8 8 8 4 4 8 8 8 8 8 8 4 4 4 4 4 4 4 4 4 4 4 4 4 4 4 4 4 4 4 4 4 4
4 4 4 4 4 4 4 4 4 4 4 4 4 4 4 4 4 4 4 4 8 8 8 8 8 8 4 4 8 8 8 8 8 8 4 4 8 8 8 8 8 8 4 4 4 4 4 4 4 4 4 4 4 4 4 4 4 4 4 4 4 4 4 4
4 4 4 4 4 4 4 4 4 4 4 4 4 4 4 4 4 4 4 4 4 4 4 4 4 4 4 4 4 4 4 4 4 4 4 4 4 4 4 4 4 4 4 4 4 4 4 4 4 4 4 4 4 4 4 4 4 4 4 4 4 4 4 4
4 4 4 4 4 4 4 4 4 4 4 4 4 4 4 4 4 4 4 4 4 4 4 4 4 4 4 4 4 4 4 4 4 4 4 4 4 4 4 4 4 4 4 4 4 4 4 4 4 4 4 4 4 4 4 4 4 4 4 4 4 4 4 4
4 4 4 4 4 4 4 4 4 4 4 4 4 4 4 4 4 4 4 4 4 4 4 4 4 4 4 4 4 4 4 4 4 4 4 4 4 4 4 4 4 4 4 4 4 4 4 4 4 4 4 4 4 4 4 4 4 4 4 4 4 4 4 4
4 4 4 4 4 4 4 4 4 4 4 4 4 4 4 4 4 4 4 4 4 4 4 4 4 4 4 4 4 4 4 4 4 4 4 4 4 4 4 4 4 4 4 4 4 4 4 4 4 4 4 4 4 4 4 4 4 4 4 4 4 4 4 4
4 4 4 4 4 4 4 4 4 4 4 4 4 4 4 4 4 4 4 4 4 4 4 4 4 4 4 4 4 4 4 4 4 4 4 4 4 4 4 4 4 4 4 4 4 4 4 4 4 4 4 4 4 4 4 4 4 4 4 4 4 4 4 4
12 12 12 12 12 12 12 12 12 12 12 12 12 12 12 12 12 12 12 12 12 12 12 12 12 12 12 12 12 12 12 12 12 12 12 12 12 12 12 12 12 12 12 12 12 12 12 12 12 12 12 12 12 12 12 12 12 12 12 12 12 12 12 11
[LEVELS] 2/6
[STATE] NOT_FINISHED
[AVAILABLE] ACTION6
[DIFF] 37 cells: (20,4) 8>12; (21,4) 8>12; (22,4) 8>12; (23,4) 8>12; (24,4) 8>12; (25,4) 8>12; (20,5) 8>12; (21,5) 8>12; (22,5) 8>12; (23,5) 8>12; (24,5) 8>12; (25,5) 8>12; (20,6) 8>12; (21,6) 8>12; (22,6) 8>12; (23,6) 8>12; (24,6) 8>12; (25,6) 8>12; (20,7) 8>12; (21,7) 8>12; (22,7) 8>12; (23,7) 8>12; (24,7) 8>12; (25,7) 8>12; (20,8) 8>12; (21,8) 8>12; (22,8) 8>12; (23,8) 8>12; (24,8) 8>12; (25,8) 8>12; (20,9) 8>12; (21,9) 8>12; (22,9) 8>12; (23,9) 8>12; (24,9) 8>12; (25,9) 8>12; (63,63) 12>11

[STEP 13]
[ACTION] ACTION6 x=30 y=6
[BOARD] 1/1 settled
4 4 4 4 4 4 4 4 4 4 4 4 4 4 4 4 4 4 4 4 4 4 4 4 4 4 4 4 4 4 4 4 4 4 4 4 4 4 4 4 4 4 4 4 4 4 4 4 4 4 4 4 4 4 4 4 4 4 4 4 8 8 8 8
4 4 4 4 4 4 4 4 4 4 4 4 4 4 4 4 4 4 4 4 4 4 4 4 4 4 4 4 4 4 4 4 4 4 4 4 4 4 4 4 4 4 4 4 4 4 4 4 4 4 4 4 4 4 4 4 4 4 4 4 8 8 8 8
4 4 4 4 4 4 4 4 4 4 4 4 4 4 4 4 4 4 4 4 4 4 4 4 4 4 4 4 4 4 4 4 4 4 4 4 4 4 4 4 4 4 4 4 4 4 4 4 4 4 4 4 4 4 4 4 4 4 4 4 8 8 8 8
4 4 4 4 4 4 4 4 4 4 4 4 4 4 4 4 4 4 4 4 4 4 4 4 4 4 4 4 4 4 4 4 4 4 4 4 4 4 4 4 4 4 4 4 4 4 4 4 4 4 4 4 4 4 4 4 4 4 4 4 8 8 8 8
4 4 4 4 4 4 4 4 4 4 4 4 4 4 4 4 4 4 4 4 12 12 12 12 12 12 4 4 12 12 12 12 12 12 4 4 8 8 8 8 8 8 4 4 4 4 4 4 4 4 4 4 4 4 4 4 4 4 4 4 12 12 12 12
4 4 4 4 4 4 4 4 4 4 4 4 4 4 4 4 4 4 4 4 12 12 12 12 12 12 4 4 12 12 12 12 12 12 4 4 8 8 8 8 8 8 4 4 4 4 4 4 4 4 4 4 4 4 4 4 4 4 4 4 12 12 12 12
4 4 4 4 4 4 4 4 4 4 4 4 4 4 4 4 4 4 4 4 12 12 12 12 12 12 4 4 12 12 12 12 12 12 4 4 8 8 8 8 8 8 4 4 4 4 4 4 4 4 4 4 4 4 4 4 4 4 4 4 12 12 12 12
4 4 4 4 4 4 4 4 4 4 4 4 4 4 4 4 4 4 4 4 12 12 12 12 12 12 4 4 12 12 12 12 12 12 4 4 8 8 8 8 8 8 4 4 4 4 4 4 4 4 4 4 4 4 4 4 4 4 4 4 12 12 12 12
4 4 4 4 4 4 4 4 4 4 4 4 4 4 4 4 4 4 4 4 12 12 12 12 12 12 4 4 12 12 12 12 12 12 4 4 8 8 8 8 8 8 4 4 4 4 4 4 4 4 4 4 4 4 4 4 4 4 4 4 4 4 4 4
4 4 4 4 4 4 4 4 4 4 4 4 4 4 4 4 4 4 4 4 12 12 12 12 12 12 4 4 12 12 12 12 12 12 4 4 8 8 8 8 8 8 4 4 4 4 4 4 4 4 4 4 4 4 4 4 4 4 4 4 4 4 4 4
4 4 4 4 4 4 4 4 4 4 4 4 4 4 4 4 4 4 4 4 4 4 4 4 4 4 4 4 4 4 4 4 4 4 4 4 4 4 4 4 4 4 4 4 4 4 4 4 4 4 4 4 4 4 4 4 4 4 4 4 4 4 4 4
4 4 4 4 4 4 4 4 4 4 4 4 4 4 4 4 4 4 4 4 4 4 4 4 4 4 4 4 4 4 4 4 4 4 4 4 4 4 4 4 4 4 4 4 4 4 4 4 4 4 4 4 4 4 4 4 4 4 4 4 4 4 4 4
4 4 4 4 4 4 4 4 4 4 4 4 4 4 4 4 4 4 4 4 8 8 8 8 8 8 4 4 0 0 0 0 0 0 4 4 8 8 8 8 8 8 4 4 4 4 4 4 4 4 4 4 4 4 4 4 4 4 4 4 4 4 4 4
4 4 4 4 4 4 4 4 4 4 4 4 4 4 4 4 4 4 4 4 8 8 8 8 8 8 4 4 0 0 0 0 0 0 4 4 8 8 8 8 8 8 4 4 4 4 4 4 4 4 4 4 4 4 4 4 4 4 4 4 4 4 4 4
4 4 4 4 4 4 4 4 4 4 4 4 4 4 4 4 4 4 4 4 8 8 8 8 8 8 4 4 0 0 12 12 2 2 4 4 8 8 8 8 8 8 4 4 4 4 4 4 4 4 4 4 4 4 4 4 4 4 4 4 4 4 4 4
4 4 4 4 4 4 4 4 4 4 4 4 4 4 4 4 4 4 4 4 8 8 8 8 8 8 4 4 0 0 12 12 2 2 4 4 8 8 8 8 8 8 4 4 4 4 4 4 4 4 4 4 4 4 4 4 4 4 4 4 4 4 4 4
4 4 4 4 4 4 4 4 4 4 4 4 4 4 4 4 4 4 4 4 8 8 8 8 8 8 4 4 2 2 0 0 2 2 4 4 8 8 8 8 8 8 4 4 4 4 4 4 4 4 4 4 4 4 4 4 4 4 4 4 4 4 4 4
4 4 4 4 4 4 4 4 4 4 4 4 4 4 4 4 4 4 4 4 8 8 8 8 8 8 4 4 2 2 0 0 2 2 4 4 8 8 8 8 8 8 4 4 4 4 4 4 4 4 4 4 4 4 4 4 4 4 4 4 4 4 4 4
4 4 4 4 4 4 4 4 4 4 4 4 4 4 4 4 4 4 4 4 4 4 4 4 4 4 4 4 4 4 4 4 4 4 4 4 4 4 4 4 4 4 4 4 4 4 4 4 4 4 4 4 4 4 4 4 4 4 4 4 4 4 4 4
4 4 4 4 4 4 4 4 4 4 4 4 4 4 4 4 4 4 4 4 4 4 4 4 4 4 4 4 4 4 4 4 4 4 4 4 4 4 4 4 4 4 4 4 4 4 4 4 4 4 4 4 4 4 4 4 4 4 4 4 4 4 4 4
4 4 4 4 4 4 4 4 4 4 4 4 8 8 8 8 8 8 4 4 8 8 8 8 8 8 4 4 8 8 8 8 8 8 4 4 8 8 8 8 8 8 4 4 8 8 8 8 8 8 4 4 4 4 4 4 4 4 4 4 4 4 4 4
4 4 4 4 4 4 4 4 4 4 4 4 8 8 8 8 8 8 4 4 8 8 8 8 8 8 4 4 8 8 8 8 8 8 4 4 8 8 8 8 8 8 4 4 8 8 8 8 8 8 4 4 4 4 4 4 4 4 4 4 4 4 4 4
4 4 4 4 4 4 4 4 4 4 4 4 8 8 8 8 8 8 4 4 8 8 8 8 8 8 4 4 8 8 8 8 8 8 4 4 8 8 8 8 8 8 4 4 8 8 8 8 8 8 4 4 4 4 4 4 4 4 4 4 4 4 4 4
4 4 4 4 4 4 4 4 4 4 4 4 8 8 8 8 8 8 4 4 8 8 8 8 8 8 4 4 8 8 8 8 8 8 4 4 8 8 8 8 8 8 4 4 8 8 8 8 8 8 4 4 4 4 4 4 4 4 4 4 4 4 4 4
4 4 4 4 4 4 4 4 4 4 4 4 8 8 8 8 8 8 4 4 8 8 8 8 8 8 4 4 8 8 8 8 8 8 4 4 8 8 8 8 8 8 4 4 8 8 8 8 8 8 4 4 4 4 4 4 4 4 4 4 4 4 4 4
4 4 4 4 4 4 4 4 4 4 4 4 8 8 8 8 8 8 4 4 8 8 8 8 8 8 4 4 8 8 8 8 8 8 4 4 8 8 8 8 8 8 4 4 8 8 8 8 8 8 4 4 4 4 4 4 4 4 4 4 4 4 4 4
4 4 4 4 4 4 4 4 4 4 4 4 4 4 4 4 4 4 4 4 4 4 4 4 4 4 4 4 4 4 4 4 4 4 4 4 4 4 4 4 4 4 4 4 4 4 4 4 4 4 4 4 4 4 4 4 4 4 4 4 4 4 4 4
4 4 4 4 4 4 4 4 4 4 4 4 4 4 4 4 4 4 4 4 4 4 4 4 4 4 4 4 4 4 4 4 4 4 4 4 4 4 4 4 4 4 4 4 4 4 4 4 4 4 4 4 4 4 4 4 4 4 4 4 4 4 4 4
4 4 4 4 4 4 4 4 4 4 4 4 8 8 8 8 8 8 4 4 2 2 0 0 2 2 4 4 8 8 8 8 8 8 4 4 2 2 0 0 0 0 4 4 8 8 8 8 8 8 4 4 4 4 4 4 4 4 4 4 4 4 4 4
4 4 4 4 4 4 4 4 4 4 4 4 8 8 8 8 8 8 4 4 2 2 0 0 2 2 4 4 8 8 8 8 8 8 4 4 2 2 0 0 0 0 4 4 8 8 8 8 8 8 4 4 4 4 4 4 4 4 4 4 4 4 4 4
4 4 4 4 4 4 4 4 4 4 4 4 8 8 8 8 8 8 4 4 2 2 8 8 0 0 4 4 8 8 8 8 8 8 4 4 0 0 8 8 2 2 4 4 8 8 8 8 8 8 4 4 4 4 4 4 4 4 4 4 4 4 4 4
4 4 4 4 4 4 4 4 4 4 4 4 8 8 8 8 8 8 4 4 2 2 8 8 0 0 4 4 8 8 8 8 8 8 4 4 0 0 8 8 2 2 4 4 8 8 8 8 8 8 4 4 4 4 4 4 4 4 4 4 4 4 4 4
4 4 4 4 4 4 4 4 4 4 4 4 8 8 8 8 8 8 4 4 0 0 0 0 2 2 4 4 8 8 8 8 8 8 4 4 2 2 0 0 2 2 4 4 8 8 8 8 8 8 4 4 4 4 4 4 4 4 4 4 4 4 4 4
4 4 4 4 4 4 4 4 4 4 4 4 8 8 8 8 8 8 4 4 0 0 0 0 2 2 4 4 8 8 8 8 8 8 4 4 2 2 0 0 2 2 4 4 8 8 8 8 8 8 4 4 4 4 4 4 4 4 4 4 4 4 4 4
4 4 4 4 4 4 4 4 4 4 4 4 4 4 4 4 4 4 4 4 4 4 4 4 4 4 4 4 4 4 4 4 4 4 4 4 4 4 4 4 4 4 4 4 4 4 4 4 4 4 4 4 4 4 4 4 4 4 4 4 4 4 4 4
4 4 4 4 4 4 4 4 4 4 4 4 4 4 4 4 4 4 4 4 4 4 4 4 4 4 4 4 4 4 4 4 4 4 4 4 4 4 4 4 4 4 4 4 4 4 4 4 4 4 4 4 4 4 4 4 4 4 4 4 4 4 4 4
4 4 4 4 4 4 4 4 4 4 4 4 8 8 8 8 8 8 4 4 8 8 8 8 8 8 4 4 8 8 8 8 8 8 4 4 8 8 8 8 8 8 4 4 8 8 8 8 8 8 4 4 4 4 4 4 4 4 4 4 4 4 4 4
4 4 4 4 4 4 4 4 4 4 4 4 8 8 8 8 8 8 4 4 8 8 8 8 8 8 4 4 8 8 8 8 8 8 4 4 8 8 8 8 8 8 4 4 8 8 8 8 8 8 4 4 4 4 4 4 4 4 4 4 4 4 4 4
4 4 4 4 4 4 4 4 4 4 4 4 8 8 8 8 8 8 4 4 8 8 8 8 8 8 4 4 8 8 8 8 8 8 4 4 8 8 8 8 8 8 4 4 8 8 8 8 8 8 4 4 4 4 4 4 4 4 4 4 4 4 4 4
4 4 4 4 4 4 4 4 4 4 4 4 8 8 8 8 8 8 4 4 8 8 8 8 8 8 4 4 8 8 8 8 8 8 4 4 8 8 8 8 8 8 4 4 8 8 8 8 8 8 4 4 4 4 4 4 4 4 4 4 4 4 4 4
4 4 4 4 4 4 4 4 4 4 4 4 8 8 8 8 8 8 4 4 8 8 8 8 8 8 4 4 8 8 8 8 8 8 4 4 8 8 8 8 8 8 4 4 8 8 8 8 8 8 4 4 4 4 4 4 4 4 4 4 4 4 4 4
4 4 4 4 4 4 4 4 4 4 4 4 8 8 8 8 8 8 4 4 8 8 8 8 8 8 4 4 8 8 8 8 8 8 4 4 8 8 8 8 8 8 4 4 8 8 8 8 8 8 4 4 4 4 4 4 4 4 4 4 4 4 4 4
4 4 4 4 4 4 4 4 4 4 4 4 4 4 4 4 4 4 4 4 4 4 4 4 4 4 4 4 4 4 4 4 4 4 4 4 4 4 4 4 4 4 4 4 4 4 4 4 4 4 4 4 4 4 4 4 4 4 4 4 4 4 4 4
4 4 4 4 4 4 4 4 4 4 4 4 4 4 4 4 4 4 4 4 4 4 4 4 4 4 4 4 4 4 4 4 4 4 4 4 4 4 4 4 4 4 4 4 4 4 4 4 4 4 4 4 4 4 4 4 4 4 4 4 4 4 4 4
4 4 4 4 4 4 4 4 4 4 4 4 4 4 4 4 4 4 4 4 8 8 8 8 8 8 4 4 2 2 0 0 2 2 4 4 8 8 8 8 8 8 4 4 4 4 4 4 4 4 4 4 4 4 4 4 4 4 4 4 4 4 4 4
4 4 4 4 4 4 4 4 4 4 4 4 4 4 4 4 4 4 4 4 8 8 8 8 8 8 4 4 2 2 0 0 2 2 4 4 8 8 8 8 8 8 4 4 4 4 4 4 4 4 4 4 4 4 4 4 4 4 4 4 4 4 4 4
4 4 4 4 4 4 4 4 4 4 4 4 4 4 4 4 4 4 4 4 8 8 8 8 8 8 4 4 0 0 12 12 2 2 4 4 8 8 8 8 8 8 4 4 4 4 4 4 4 4 4 4 4 4 4 4 4 4 4 4 4 4 4 4
4 4 4 4 4 4 4 4 4 4 4 4 4 4 4 4 4 4 4 4 8 8 8 8 8 8 4 4 0 0 12 12 2 2 4 4 8 8 8 8 8 8 4 4 4 4 4 4 4 4 4 4 4 4 4 4 4 4 4 4 4 4 4 4
4 4 4 4 4 4 4 4 4 4 4 4 4 4 4 4 4 4 4 4 8 8 8 8 8 8 4 4 0 0 0 0 0 0 4 4 8 8 8 8 8 8 4 4 4 4 4 4 4 4 4 4 4 4 4 4 4 4 4 4 4 4 4 4
4 4 4 4 4 4 4 4 4 4 4 4 4 4 4 4 4 4 4 4 8 8 8 8 8 8 4 4 0 0 0 0 0 0 4 4 8 8 8 8 8 8 4 4 4 4 4 4 4 4 4 4 4 4 4 4 4 4 4 4 4 4 4 4
4 4 4 4 4 4 4 4 4 4 4 4 4 4 4 4 4 4 4 4 4 4 4 4 4 4 4 4 4 4 4 4 4 4 4 4 4 4 4 4 4 4 4 4 4 4 4 4 4 4 4 4 4 4 4 4 4 4 4 4 4 4 4 4
4 4 4 4 4 4 4 4 4 4 4 4 4 4 4 4 4 4 4 4 4 4 4 4 4 4 4 4 4 4 4 4 4 4 4 4 4 4 4 4 4 4 4 4 4 4 4 4 4 4 4 4 4 4 4 4 4 4 4 4 4 4 4 4
4 4 4 4 4 4 4 4 4 4 4 4 4 4 4 4 4 4 4 4 8 8 8 8 8 8 4 4 8 8 8 8 8 8 4 4 8 8 8 8 8 8 4 4 4 4 4 4 4 4 4 4 4 4 4 4 4 4 4 4 4 4 4 4
4 4 4 4 4 4 4 4 4 4 4 4 4 4 4 4 4 4 4 4 8 8 8 8 8 8 4 4 8 8 8 8 8 8 4 4 8 8 8 8 8 8 4 4 4 4 4 4 4 4 4 4 4 4 4 4 4 4 4 4 4 4 4 4
4 4 4 4 4 4 4 4 4 4 4 4 4 4 4 4 4 4 4 4 8 8 8 8 8 8 4 4 8 8 8 8 8 8 4 4 8 8 8 8 8 8 4 4 4 4 4 4 4 4 4 4 4 4 4 4 4 4 4 4 4 4 4 4
4 4 4 4 4 4 4 4 4 4 4 4 4 4 4 4 4 4 4 4 8 8 8 8 8 8 4 4 8 8 8 8 8 8 4 4 8 8 8 8 8 8 4 4 4 4 4 4 4 4 4 4 4 4 4 4 4 4 4 4 4 4 4 4
4 4 4 4 4 4 4 4 4 4 4 4 4 4 4 4 4 4 4 4 8 8 8 8 8 8 4 4 8 8 8 8 8 8 4 4 8 8 8 8 8 8 4 4 4 4 4 4 4 4 4 4 4 4 4 4 4 4 4 4 4 4 4 4
4 4 4 4 4 4 4 4 4 4 4 4 4 4 4 4 4 4 4 4 8 8 8 8 8 8 4 4 8 8 8 8 8 8 4 4 8 8 8 8 8 8 4 4 4 4 4 4 4 4 4 4 4 4 4 4 4 4 4 4 4 4 4 4
4 4 4 4 4 4 4 4 4 4 4 4 4 4 4 4 4 4 4 4 4 4 4 4 4 4 4 4 4 4 4 4 4 4 4 4 4 4 4 4 4 4 4 4 4 4 4 4 4 4 4 4 4 4 4 4 4 4 4 4 4 4 4 4
4 4 4 4 4 4 4 4 4 4 4 4 4 4 4 4 4 4 4 4 4 4 4 4 4 4 4 4 4 4 4 4 4 4 4 4 4 4 4 4 4 4 4 4 4 4 4 4 4 4 4 4 4 4 4 4 4 4 4 4 4 4 4 4
4 4 4 4 4 4 4 4 4 4 4 4 4 4 4 4 4 4 4 4 4 4 4 4 4 4 4 4 4 4 4 4 4 4 4 4 4 4 4 4 4 4 4 4 4 4 4 4 4 4 4 4 4 4 4 4 4 4 4 4 4 4 4 4
4 4 4 4 4 4 4 4 4 4 4 4 4 4 4 4 4 4 4 4 4 4 4 4 4 4 4 4 4 4 4 4 4 4 4 4 4 4 4 4 4 4 4 4 4 4 4 4 4 4 4 4 4 4 4 4 4 4 4 4 4 4 4 4
4 4 4 4 4 4 4 4 4 4 4 4 4 4 4 4 4 4 4 4 4 4 4 4 4 4 4 4 4 4 4 4 4 4 4 4 4 4 4 4 4 4 4 4 4 4 4 4 4 4 4 4 4 4 4 4 4 4 4 4 4 4 4 4
12 12 12 12 12 12 12 12 12 12 12 12 12 12 12 12 12 12 12 12 12 12 12 12 12 12 12 12 12 12 12 12 12 12 12 12 12 12 12 12 12 12 12 12 12 12 12 12 12 12 12 12 12 12 12 12 12 12 12 12 12 12 12 11
[LEVELS] 2/6
[STATE] NOT_FINISHED
[AVAILABLE] ACTION6
[DIFF] 36 cells: (28,4) 8>12; (29,4) 8>12; (30,4) 8>12; (31,4) 8>12; (32,4) 8>12; (33,4) 8>12; (28,5) 8>12; (29,5) 8>12; (30,5) 8>12; (31,5) 8>12; (32,5) 8>12; (33,5) 8>12; (28,6) 8>12; (29,6) 8>12; (30,6) 8>12; (31,6) 8>12; (32,6) 8>12; (33,6) 8>12; (28,7) 8>12; (29,7) 8>12; (30,7) 8>12; (31,7) 8>12; (32,7) 8>12; (33,7) 8>12; (28,8) 8>12; (29,8) 8>12; (30,8) 8>12; (31,8) 8>12; (32,8) 8>12; (33,8) 8>12; (28,9) 8>12; (29,9) 8>12; (30,9) 8>12; (31,9) 8>12; (32,9) 8>12; (33,9) 8>12

[STEP 14]
[ACTION] ACTION6 x=38 y=6
[BOARD] 1/1 settled
4 4 4 4 4 4 4 4 4 4 4 4 4 4 4 4 4 4 4 4 4 4 4 4 4 4 4 4 4 4 4 4 4 4 4 4 4 4 4 4 4 4 4 4 4 4 4 4 4 4 4 4 4 4 4 4 4 4 4 4 8 8 8 8
4 4 4 4 4 4 4 4 4 4 4 4 4 4 4 4 4 4 4 4 4 4 4 4 4 4 4 4 4 4 4 4 4 4 4 4 4 4 4 4 4 4 4 4 4 4 4 4 4 4 4 4 4 4 4 4 4 4 4 4 8 8 8 8
4 4 4 4 4 4 4 4 4 4 4 4 4 4 4 4 4 4 4 4 4 4 4 4 4 4 4 4 4 4 4 4 4 4 4 4 4 4 4 4 4 4 4 4 4 4 4 4 4 4 4 4 4 4 4 4 4 4 4 4 8 8 8 8
4 4 4 4 4 4 4 4 4 4 4 4 4 4 4 4 4 4 4 4 4 4 4 4 4 4 4 4 4 4 4 4 4 4 4 4 4 4 4 4 4 4 4 4 4 4 4 4 4 4 4 4 4 4 4 4 4 4 4 4 8 8 8 8
4 4 4 4 4 4 4 4 4 4 4 4 4 4 4 4 4 4 4 4 12 12 12 12 12 12 4 4 12 12 12 12 12 12 4 4 12 12 12 12 12 12 4 4 4 4 4 4 4 4 4 4 4 4 4 4 4 4 4 4 12 12 12 12
4 4 4 4 4 4 4 4 4 4 4 4 4 4 4 4 4 4 4 4 12 12 12 12 12 12 4 4 12 12 12 12 12 12 4 4 12 12 12 12 12 12 4 4 4 4 4 4 4 4 4 4 4 4 4 4 4 4 4 4 12 12 12 12
4 4 4 4 4 4 4 4 4 4 4 4 4 4 4 4 4 4 4 4 12 12 12 12 12 12 4 4 12 12 12 12 12 12 4 4 12 12 12 12 12 12 4 4 4 4 4 4 4 4 4 4 4 4 4 4 4 4 4 4 12 12 12 12
4 4 4 4 4 4 4 4 4 4 4 4 4 4 4 4 4 4 4 4 12 12 12 12 12 12 4 4 12 12 12 12 12 12 4 4 12 12 12 12 12 12 4 4 4 4 4 4 4 4 4 4 4 4 4 4 4 4 4 4 12 12 12 12
4 4 4 4 4 4 4 4 4 4 4 4 4 4 4 4 4 4 4 4 12 12 12 12 12 12 4 4 12 12 12 12 12 12 4 4 12 12 12 12 12 12 4 4 4 4 4 4 4 4 4 4 4 4 4 4 4 4 4 4 4 4 4 4
4 4 4 4 4 4 4 4 4 4 4 4 4 4 4 4 4 4 4 4 12 12 12 12 12 12 4 4 12 12 12 12 12 12 4 4 12 12 12 12 12 12 4 4 4 4 4 4 4 4 4 4 4 4 4 4 4 4 4 4 4 4 4 4
4 4 4 4 4 4 4 4 4 4 4 4 4 4 4 4 4 4 4 4 4 4 4 4 4 4 4 4 4 4 4 4 4 4 4 4 4 4 4 4 4 4 4 4 4 4 4 4 4 4 4 4 4 4 4 4 4 4 4 4 4 4 4 4
4 4 4 4 4 4 4 4 4 4 4 4 4 4 4 4 4 4 4 4 4 4 4 4 4 4 4 4 4 4 4 4 4 4 4 4 4 4 4 4 4 4 4 4 4 4 4 4 4 4 4 4 4 4 4 4 4 4 4 4 4 4 4 4
4 4 4 4 4 4 4 4 4 4 4 4 4 4 4 4 4 4 4 4 8 8 8 8 8 8 4 4 0 0 0 0 0 0 4 4 8 8 8 8 8 8 4 4 4 4 4 4 4 4 4 4 4 4 4 4 4 4 4 4 4 4 4 4
4 4 4 4 4 4 4 4 4 4 4 4 4 4 4 4 4 4 4 4 8 8 8 8 8 8 4 4 0 0 0 0 0 0 4 4 8 8 8 8 8 8 4 4 4 4 4 4 4 4 4 4 4 4 4 4 4 4 4 4 4 4 4 4
4 4 4 4 4 4 4 4 4 4 4 4 4 4 4 4 4 4 4 4 8 8 8 8 8 8 4 4 0 0 12 12 2 2 4 4 8 8 8 8 8 8 4 4 4 4 4 4 4 4 4 4 4 4 4 4 4 4 4 4 4 4 4 4
4 4 4 4 4 4 4 4 4 4 4 4 4 4 4 4 4 4 4 4 8 8 8 8 8 8 4 4 0 0 12 12 2 2 4 4 8 8 8 8 8 8 4 4 4 4 4 4 4 4 4 4 4 4 4 4 4 4 4 4 4 4 4 4
4 4 4 4 4 4 4 4 4 4 4 4 4 4 4 4 4 4 4 4 8 8 8 8 8 8 4 4 2 2 0 0 2 2 4 4 8 8 8 8 8 8 4 4 4 4 4 4 4 4 4 4 4 4 4 4 4 4 4 4 4 4 4 4
4 4 4 4 4 4 4 4 4 4 4 4 4 4 4 4 4 4 4 4 8 8 8 8 8 8 4 4 2 2 0 0 2 2 4 4 8 8 8 8 8 8 4 4 4 4 4 4 4 4 4 4 4 4 4 4 4 4 4 4 4 4 4 4
4 4 4 4 4 4 4 4 4 4 4 4 4 4 4 4 4 4 4 4 4 4 4 4 4 4 4 4 4 4 4 4 4 4 4 4 4 4 4 4 4 4 4 4 4 4 4 4 4 4 4 4 4 4 4 4 4 4 4 4 4 4 4 4
4 4 4 4 4 4 4 4 4 4 4 4 4 4 4 4 4 4 4 4 4 4 4 4 4 4 4 4 4 4 4 4 4 4 4 4 4 4 4 4 4 4 4 4 4 4 4 4 4 4 4 4 4 4 4 4 4 4 4 4 4 4 4 4
4 4 4 4 4 4 4 4 4 4 4 4 8 8 8 8 8 8 4 4 8 8 8 8 8 8 4 4 8 8 8 8 8 8 4 4 8 8 8 8 8 8 4 4 8 8 8 8 8 8 4 4 4 4 4 4 4 4 4 4 4 4 4 4
4 4 4 4 4 4 4 4 4 4 4 4 8 8 8 8 8 8 4 4 8 8 8 8 8 8 4 4 8 8 8 8 8 8 4 4 8 8 8 8 8 8 4 4 8 8 8 8 8 8 4 4 4 4 4 4 4 4 4 4 4 4 4 4
4 4 4 4 4 4 4 4 4 4 4 4 8 8 8 8 8 8 4 4 8 8 8 8 8 8 4 4 8 8 8 8 8 8 4 4 8 8 8 8 8 8 4 4 8 8 8 8 8 8 4 4 4 4 4 4 4 4 4 4 4 4 4 4
4 4 4 4 4 4 4 4 4 4 4 4 8 8 8 8 8 8 4 4 8 8 8 8 8 8 4 4 8 8 8 8 8 8 4 4 8 8 8 8 8 8 4 4 8 8 8 8 8 8 4 4 4 4 4 4 4 4 4 4 4 4 4 4
4 4 4 4 4 4 4 4 4 4 4 4 8 8 8 8 8 8 4 4 8 8 8 8 8 8 4 4 8 8 8 8 8 8 4 4 8 8 8 8 8 8 4 4 8 8 8 8 8 8 4 4 4 4 4 4 4 4 4 4 4 4 4 4
4 4 4 4 4 4 4 4 4 4 4 4 8 8 8 8 8 8 4 4 8 8 8 8 8 8 4 4 8 8 8 8 8 8 4 4 8 8 8 8 8 8 4 4 8 8 8 8 8 8 4 4 4 4 4 4 4 4 4 4 4 4 4 4
4 4 4 4 4 4 4 4 4 4 4 4 4 4 4 4 4 4 4 4 4 4 4 4 4 4 4 4 4 4 4 4 4 4 4 4 4 4 4 4 4 4 4 4 4 4 4 4 4 4 4 4 4 4 4 4 4 4 4 4 4 4 4 4
4 4 4 4 4 4 4 4 4 4 4 4 4 4 4 4 4 4 4 4 4 4 4 4 4 4 4 4 4 4 4 4 4 4 4 4 4 4 4 4 4 4 4 4 4 4 4 4 4 4 4 4 4 4 4 4 4 4 4 4 4 4 4 4
4 4 4 4 4 4 4 4 4 4 4 4 8 8 8 8 8 8 4 4 2 2 0 0 2 2 4 4 8 8 8 8 8 8 4 4 2 2 0 0 0 0 4 4 8 8 8 8 8 8 4 4 4 4 4 4 4 4 4 4 4 4 4 4
4 4 4 4 4 4 4 4 4 4 4 4 8 8 8 8 8 8 4 4 2 2 0 0 2 2 4 4 8 8 8 8 8 8 4 4 2 2 0 0 0 0 4 4 8 8 8 8 8 8 4 4 4 4 4 4 4 4 4 4 4 4 4 4
4 4 4 4 4 4 4 4 4 4 4 4 8 8 8 8 8 8 4 4 2 2 8 8 0 0 4 4 8 8 8 8 8 8 4 4 0 0 8 8 2 2 4 4 8 8 8 8 8 8 4 4 4 4 4 4 4 4 4 4 4 4 4 4
4 4 4 4 4 4 4 4 4 4 4 4 8 8 8 8 8 8 4 4 2 2 8 8 0 0 4 4 8 8 8 8 8 8 4 4 0 0 8 8 2 2 4 4 8 8 8 8 8 8 4 4 4 4 4 4 4 4 4 4 4 4 4 4
4 4 4 4 4 4 4 4 4 4 4 4 8 8 8 8 8 8 4 4 0 0 0 0 2 2 4 4 8 8 8 8 8 8 4 4 2 2 0 0 2 2 4 4 8 8 8 8 8 8 4 4 4 4 4 4 4 4 4 4 4 4 4 4
4 4 4 4 4 4 4 4 4 4 4 4 8 8 8 8 8 8 4 4 0 0 0 0 2 2 4 4 8 8 8 8 8 8 4 4 2 2 0 0 2 2 4 4 8 8 8 8 8 8 4 4 4 4 4 4 4 4 4 4 4 4 4 4
4 4 4 4 4 4 4 4 4 4 4 4 4 4 4 4 4 4 4 4 4 4 4 4 4 4 4 4 4 4 4 4 4 4 4 4 4 4 4 4 4 4 4 4 4 4 4 4 4 4 4 4 4 4 4 4 4 4 4 4 4 4 4 4
4 4 4 4 4 4 4 4 4 4 4 4 4 4 4 4 4 4 4 4 4 4 4 4 4 4 4 4 4 4 4 4 4 4 4 4 4 4 4 4 4 4 4 4 4 4 4 4 4 4 4 4 4 4 4 4 4 4 4 4 4 4 4 4
4 4 4 4 4 4 4 4 4 4 4 4 8 8 8 8 8 8 4 4 8 8 8 8 8 8 4 4 8 8 8 8 8 8 4 4 8 8 8 8 8 8 4 4 8 8 8 8 8 8 4 4 4 4 4 4 4 4 4 4 4 4 4 4
4 4 4 4 4 4 4 4 4 4 4 4 8 8 8 8 8 8 4 4 8 8 8 8 8 8 4 4 8 8 8 8 8 8 4 4 8 8 8 8 8 8 4 4 8 8 8 8 8 8 4 4 4 4 4 4 4 4 4 4 4 4 4 4
4 4 4 4 4 4 4 4 4 4 4 4 8 8 8 8 8 8 4 4 8 8 8 8 8 8 4 4 8 8 8 8 8 8 4 4 8 8 8 8 8 8 4 4 8 8 8 8 8 8 4 4 4 4 4 4 4 4 4 4 4 4 4 4
4 4 4 4 4 4 4 4 4 4 4 4 8 8 8 8 8 8 4 4 8 8 8 8 8 8 4 4 8 8 8 8 8 8 4 4 8 8 8 8 8 8 4 4 8 8 8 8 8 8 4 4 4 4 4 4 4 4 4 4 4 4 4 4
4 4 4 4 4 4 4 4 4 4 4 4 8 8 8 8 8 8 4 4 8 8 8 8 8 8 4 4 8 8 8 8 8 8 4 4 8 8 8 8 8 8 4 4 8 8 8 8 8 8 4 4 4 4 4 4 4 4 4 4 4 4 4 4
4 4 4 4 4 4 4 4 4 4 4 4 8 8 8 8 8 8 4 4 8 8 8 8 8 8 4 4 8 8 8 8 8 8 4 4 8 8 8 8 8 8 4 4 8 8 8 8 8 8 4 4 4 4 4 4 4 4 4 4 4 4 4 4
4 4 4 4 4 4 4 4 4 4 4 4 4 4 4 4 4 4 4 4 4 4 4 4 4 4 4 4 4 4 4 4 4 4 4 4 4 4 4 4 4 4 4 4 4 4 4 4 4 4 4 4 4 4 4 4 4 4 4 4 4 4 4 4
4 4 4 4 4 4 4 4 4 4 4 4 4 4 4 4 4 4 4 4 4 4 4 4 4 4 4 4 4 4 4 4 4 4 4 4 4 4 4 4 4 4 4 4 4 4 4 4 4 4 4 4 4 4 4 4 4 4 4 4 4 4 4 4
4 4 4 4 4 4 4 4 4 4 4 4 4 4 4 4 4 4 4 4 8 8 8 8 8 8 4 4 2 2 0 0 2 2 4 4 8 8 8 8 8 8 4 4 4 4 4 4 4 4 4 4 4 4 4 4 4 4 4 4 4 4 4 4
4 4 4 4 4 4 4 4 4 4 4 4 4 4 4 4 4 4 4 4 8 8 8 8 8 8 4 4 2 2 0 0 2 2 4 4 8 8 8 8 8 8 4 4 4 4 4 4 4 4 4 4 4 4 4 4 4 4 4 4 4 4 4 4
4 4 4 4 4 4 4 4 4 4 4 4 4 4 4 4 4 4 4 4 8 8 8 8 8 8 4 4 0 0 12 12 2 2 4 4 8 8 8 8 8 8 4 4 4 4 4 4 4 4 4 4 4 4 4 4 4 4 4 4 4 4 4 4
4 4 4 4 4 4 4 4 4 4 4 4 4 4 4 4 4 4 4 4 8 8 8 8 8 8 4 4 0 0 12 12 2 2 4 4 8 8 8 8 8 8 4 4 4 4 4 4 4 4 4 4 4 4 4 4 4 4 4 4 4 4 4 4
4 4 4 4 4 4 4 4 4 4 4 4 4 4 4 4 4 4 4 4 8 8 8 8 8 8 4 4 0 0 0 0 0 0 4 4 8 8 8 8 8 8 4 4 4 4 4 4 4 4 4 4 4 4 4 4 4 4 4 4 4 4 4 4
4 4 4 4 4 4 4 4 4 4 4 4 4 4 4 4 4 4 4 4 8 8 8 8 8 8 4 4 0 0 0 0 0 0 4 4 8 8 8 8 8 8 4 4 4 4 4 4 4 4 4 4 4 4 4 4 4 4 4 4 4 4 4 4
4 4 4 4 4 4 4 4 4 4 4 4 4 4 4 4 4 4 4 4 4 4 4 4 4 4 4 4 4 4 4 4 4 4 4 4 4 4 4 4 4 4 4 4 4 4 4 4 4 4 4 4 4 4 4 4 4 4 4 4 4 4 4 4
4 4 4 4 4 4 4 4 4 4 4 4 4 4 4 4 4 4 4 4 4 4 4 4 4 4 4 4 4 4 4 4 4 4 4 4 4 4 4 4 4 4 4 4 4 4 4 4 4 4 4 4 4 4 4 4 4 4 4 4 4 4 4 4
4 4 4 4 4 4 4 4 4 4 4 4 4 4 4 4 4 4 4 4 8 8 8 8 8 8 4 4 8 8 8 8 8 8 4 4 8 8 8 8 8 8 4 4 4 4 4 4 4 4 4 4 4 4 4 4 4 4 4 4 4 4 4 4
4 4 4 4 4 4 4 4 4 4 4 4 4 4 4 4 4 4 4 4 8 8 8 8 8 8 4 4 8 8 8 8 8 8 4 4 8 8 8 8 8 8 4 4 4 4 4 4 4 4 4 4 4 4 4 4 4 4 4 4 4 4 4 4
4 4 4 4 4 4 4 4 4 4 4 4 4 4 4 4 4 4 4 4 8 8 8 8 8 8 4 4 8 8 8 8 8 8 4 4 8 8 8 8 8 8 4 4 4 4 4 4 4 4 4 4 4 4 4 4 4 4 4 4 4 4 4 4
4 4 4 4 4 4 4 4 4 4 4 4 4 4 4 4 4 4 4 4 8 8 8 8 8 8 4 4 8 8 8 8 8 8 4 4 8 8 8 8 8 8 4 4 4 4 4 4 4 4 4 4 4 4 4 4 4 4 4 4 4 4 4 4
4 4 4 4 4 4 4 4 4 4 4 4 4 4 4 4 4 4 4 4 8 8 8 8 8 8 4 4 8 8 8 8 8 8 4 4 8 8 8 8 8 8 4 4 4 4 4 4 4 4 4 4 4 4 4 4 4 4 4 4 4 4 4 4
4 4 4 4 4 4 4 4 4 4 4 4 4 4 4 4 4 4 4 4 8 8 8 8 8 8 4 4 8 8 8 8 8 8 4 4 8 8 8 8 8 8 4 4 4 4 4 4 4 4 4 4 4 4 4 4 4 4 4 4 4 4 4 4
4 4 4 4 4 4 4 4 4 4 4 4 4 4 4 4 4 4 4 4 4 4 4 4 4 4 4 4 4 4 4 4 4 4 4 4 4 4 4 4 4 4 4 4 4 4 4 4 4 4 4 4 4 4 4 4 4 4 4 4 4 4 4 4
4 4 4 4 4 4 4 4 4 4 4 4 4 4 4 4 4 4 4 4 4 4 4 4 4 4 4 4 4 4 4 4 4 4 4 4 4 4 4 4 4 4 4 4 4 4 4 4 4 4 4 4 4 4 4 4 4 4 4 4 4 4 4 4
4 4 4 4 4 4 4 4 4 4 4 4 4 4 4 4 4 4 4 4 4 4 4 4 4 4 4 4 4 4 4 4 4 4 4 4 4 4 4 4 4 4 4 4 4 4 4 4 4 4 4 4 4 4 4 4 4 4 4 4 4 4 4 4
4 4 4 4 4 4 4 4 4 4 4 4 4 4 4 4 4 4 4 4 4 4 4 4 4 4 4 4 4 4 4 4 4 4 4 4 4 4 4 4 4 4 4 4 4 4 4 4 4 4 4 4 4 4 4 4 4 4 4 4 4 4 4 4
4 4 4 4 4 4 4 4 4 4 4 4 4 4 4 4 4 4 4 4 4 4 4 4 4 4 4 4 4 4 4 4 4 4 4 4 4 4 4 4 4 4 4 4 4 4 4 4 4 4 4 4 4 4 4 4 4 4 4 4 4 4 4 4
12 12 12 12 12 12 12 12 12 12 12 12 12 12 12 12 12 12 12 12 12 12 12 12 12 12 12 12 12 12 12 12 12 12 12 12 12 12 12 12 12 12 12 12 12 12 12 12 12 12 12 12 12 12 12 12 12 12 12 12 12 12 11 11
[LEVELS] 2/6
[STATE] NOT_FINISHED
[AVAILABLE] ACTION6
[DIFF] 37 cells: (36,4) 8>12; (37,4) 8>12; (38,4) 8>12; (39,4) 8>12; (40,4) 8>12; (41,4) 8>12; (36,5) 8>12; (37,5) 8>12; (38,5) 8>12; (39,5) 8>12; (40,5) 8>12; (41,5) 8>12; (36,6) 8>12; (37,6) 8>12; (38,6) 8>12; (39,6) 8>12; (40,6) 8>12; (41,6) 8>12; (36,7) 8>12; (37,7) 8>12; (38,7) 8>12; (39,7) 8>12; (40,7) 8>12; (41,7) 8>12; (36,8) 8>12; (37,8) 8>12; (38,8) 8>12; (39,8) 8>12; (40,8) 8>12; (41,8) 8>12; (36,9) 8>12; (37,9) 8>12; (38,9) 8>12; (39,9) 8>12; (40,9) 8>12; (41,9) 8>12; (62,63) 12>11

[STEP 15]
[ACTION] ACTION6 x=22 y=14
[BOARD] 1/1 settled
4 4 4 4 4 4 4 4 4 4 4 4 4 4 4 4 4 4 4 4 4 4 4 4 4 4 4 4 4 4 4 4 4 4 4 4 4 4 4 4 4 4 4 4 4 4 4 4 4 4 4 4 4 4 4 4 4 4 4 4 8 8 8 8
4 4 4 4 4 4 4 4 4 4 4 4 4 4 4 4 4 4 4 4 4 4 4 4 4 4 4 4 4 4 4 4 4 4 4 4 4 4 4 4 4 4 4 4 4 4 4 4 4 4 4 4 4 4 4 4 4 4 4 4 8 8 8 8
4 4 4 4 4 4 4 4 4 4 4 4 4 4 4 4 4 4 4 4 4 4 4 4 4 4 4 4 4 4 4 4 4 4 4 4 4 4 4 4 4 4 4 4 4 4 4 4 4 4 4 4 4 4 4 4 4 4 4 4 8 8 8 8
4 4 4 4 4 4 4 4 4 4 4 4 4 4 4 4 4 4 4 4 4 4 4 4 4 4 4 4 4 4 4 4 4 4 4 4 4 4 4 4 4 4 4 4 4 4 4 4 4 4 4 4 4 4 4 4 4 4 4 4 8 8 8 8
4 4 4 4 4 4 4 4 4 4 4 4 4 4 4 4 4 4 4 4 12 12 12 12 12 12 4 4 12 12 12 12 12 12 4 4 12 12 12 12 12 12 4 4 4 4 4 4 4 4 4 4 4 4 4 4 4 4 4 4 12 12 12 12
4 4 4 4 4 4 4 4 4 4 4 4 4 4 4 4 4 4 4 4 12 12 12 12 12 12 4 4 12 12 12 12 12 12 4 4 12 12 12 12 12 12 4 4 4 4 4 4 4 4 4 4 4 4 4 4 4 4 4 4 12 12 12 12
4 4 4 4 4 4 4 4 4 4 4 4 4 4 4 4 4 4 4 4 12 12 12 12 12 12 4 4 12 12 12 12 12 12 4 4 12 12 12 12 12 12 4 4 4 4 4 4 4 4 4 4 4 4 4 4 4 4 4 4 12 12 12 12
4 4 4 4 4 4 4 4 4 4 4 4 4 4 4 4 4 4 4 4 12 12 12 12 12 12 4 4 12 12 12 12 12 12 4 4 12 12 12 12 12 12 4 4 4 4 4 4 4 4 4 4 4 4 4 4 4 4 4 4 12 12 12 12
4 4 4 4 4 4 4 4 4 4 4 4 4 4 4 4 4 4 4 4 12 12 12 12 12 12 4 4 12 12 12 12 12 12 4 4 12 12 12 12 12 12 4 4 4 4 4 4 4 4 4 4 4 4 4 4 4 4 4 4 4 4 4 4
4 4 4 4 4 4 4 4 4 4 4 4 4 4 4 4 4 4 4 4 12 12 12 12 12 12 4 4 12 12 12 12 12 12 4 4 12 12 12 12 12 12 4 4 4 4 4 4 4 4 4 4 4 4 4 4 4 4 4 4 4 4 4 4
4 4 4 4 4 4 4 4 4 4 4 4 4 4 4 4 4 4 4 4 4 4 4 4 4 4 4 4 4 4 4 4 4 4 4 4 4 4 4 4 4 4 4 4 4 4 4 4 4 4 4 4 4 4 4 4 4 4 4 4 4 4 4 4
4 4 4 4 4 4 4 4 4 4 4 4 4 4 4 4 4 4 4 4 4 4 4 4 4 4 4 4 4 4 4 4 4 4 4 4 4 4 4 4 4 4 4 4 4 4 4 4 4 4 4 4 4 4 4 4 4 4 4 4 4 4 4 4
4 4 4 4 4 4 4 4 4 4 4 4 4 4 4 4 4 4 4 4 12 12 12 12 12 12 4 4 0 0 0 0 0 0 4 4 8 8 8 8 8 8 4 4 4 4 4 4 4 4 4 4 4 4 4 4 4 4 4 4 4 4 4 4
4 4 4 4 4 4 4 4 4 4 4 4 4 4 4 4 4 4 4 4 12 12 12 12 12 12 4 4 0 0 0 0 0 0 4 4 8 8 8 8 8 8 4 4 4 4 4 4 4 4 4 4 4 4 4 4 4 4 4 4 4 4 4 4
4 4 4 4 4 4 4 4 4 4 4 4 4 4 4 4 4 4 4 4 12 12 12 12 12 12 4 4 0 0 12 12 2 2 4 4 8 8 8 8 8 8 4 4 4 4 4 4 4 4 4 4 4 4 4 4 4 4 4 4 4 4 4 4
4 4 4 4 4 4 4 4 4 4 4 4 4 4 4 4 4 4 4 4 12 12 12 12 12 12 4 4 0 0 12 12 2 2 4 4 8 8 8 8 8 8 4 4 4 4 4 4 4 4 4 4 4 4 4 4 4 4 4 4 4 4 4 4
4 4 4 4 4 4 4 4 4 4 4 4 4 4 4 4 4 4 4 4 12 12 12 12 12 12 4 4 2 2 0 0 2 2 4 4 8 8 8 8 8 8 4 4 4 4 4 4 4 4 4 4 4 4 4 4 4 4 4 4 4 4 4 4
4 4 4 4 4 4 4 4 4 4 4 4 4 4 4 4 4 4 4 4 12 12 12 12 12 12 4 4 2 2 0 0 2 2 4 4 8 8 8 8 8 8 4 4 4 4 4 4 4 4 4 4 4 4 4 4 4 4 4 4 4 4 4 4
4 4 4 4 4 4 4 4 4 4 4 4 4 4 4 4 4 4 4 4 4 4 4 4 4 4 4 4 4 4 4 4 4 4 4 4 4 4 4 4 4 4 4 4 4 4 4 4 4 4 4 4 4 4 4 4 4 4 4 4 4 4 4 4
4 4 4 4 4 4 4 4 4 4 4 4 4 4 4 4 4 4 4 4 4 4 4 4 4 4 4 4 4 4 4 4 4 4 4 4 4 4 4 4 4 4 4 4 4 4 4 4 4 4 4 4 4 4 4 4 4 4 4 4 4 4 4 4
4 4 4 4 4 4 4 4 4 4 4 4 8 8 8 8 8 8 4 4 8 8 8 8 8 8 4 4 8 8 8 8 8 8 4 4 8 8 8 8 8 8 4 4 8 8 8 8 8 8 4 4 4 4 4 4 4 4 4 4 4 4 4 4
4 4 4 4 4 4 4 4 4 4 4 4 8 8 8 8 8 8 4 4 8 8 8 8 8 8 4 4 8 8 8 8 8 8 4 4 8 8 8 8 8 8 4 4 8 8 8 8 8 8 4 4 4 4 4 4 4 4 4 4 4 4 4 4
4 4 4 4 4 4 4 4 4 4 4 4 8 8 8 8 8 8 4 4 8 8 8 8 8 8 4 4 8 8 8 8 8 8 4 4 8 8 8 8 8 8 4 4 8 8 8 8 8 8 4 4 4 4 4 4 4 4 4 4 4 4 4 4
4 4 4 4 4 4 4 4 4 4 4 4 8 8 8 8 8 8 4 4 8 8 8 8 8 8 4 4 8 8 8 8 8 8 4 4 8 8 8 8 8 8 4 4 8 8 8 8 8 8 4 4 4 4 4 4 4 4 4 4 4 4 4 4
4 4 4 4 4 4 4 4 4 4 4 4 8 8 8 8 8 8 4 4 8 8 8 8 8 8 4 4 8 8 8 8 8 8 4 4 8 8 8 8 8 8 4 4 8 8 8 8 8 8 4 4 4 4 4 4 4 4 4 4 4 4 4 4
4 4 4 4 4 4 4 4 4 4 4 4 8 8 8 8 8 8 4 4 8 8 8 8 8 8 4 4 8 8 8 8 8 8 4 4 8 8 8 8 8 8 4 4 8 8 8 8 8 8 4 4 4 4 4 4 4 4 4 4 4 4 4 4
4 4 4 4 4 4 4 4 4 4 4 4 4 4 4 4 4 4 4 4 4 4 4 4 4 4 4 4 4 4 4 4 4 4 4 4 4 4 4 4 4 4 4 4 4 4 4 4 4 4 4 4 4 4 4 4 4 4 4 4 4 4 4 4
4 4 4 4 4 4 4 4 4 4 4 4 4 4 4 4 4 4 4 4 4 4 4 4 4 4 4 4 4 4 4 4 4 4 4 4 4 4 4 4 4 4 4 4 4 4 4 4 4 4 4 4 4 4 4 4 4 4 4 4 4 4 4 4
4 4 4 4 4 4 4 4 4 4 4 4 8 8 8 8 8 8 4 4 2 2 0 0 2 2 4 4 8 8 8 8 8 8 4 4 2 2 0 0 0 0 4 4 8 8 8 8 8 8 4 4 4 4 4 4 4 4 4 4 4 4 4 4
4 4 4 4 4 4 4 4 4 4 4 4 8 8 8 8 8 8 4 4 2 2 0 0 2 2 4 4 8 8 8 8 8 8 4 4 2 2 0 0 0 0 4 4 8 8 8 8 8 8 4 4 4 4 4 4 4 4 4 4 4 4 4 4
4 4 4 4 4 4 4 4 4 4 4 4 8 8 8 8 8 8 4 4 2 2 8 8 0 0 4 4 8 8 8 8 8 8 4 4 0 0 8 8 2 2 4 4 8 8 8 8 8 8 4 4 4 4 4 4 4 4 4 4 4 4 4 4
4 4 4 4 4 4 4 4 4 4 4 4 8 8 8 8 8 8 4 4 2 2 8 8 0 0 4 4 8 8 8 8 8 8 4 4 0 0 8 8 2 2 4 4 8 8 8 8 8 8 4 4 4 4 4 4 4 4 4 4 4 4 4 4
4 4 4 4 4 4 4 4 4 4 4 4 8 8 8 8 8 8 4 4 0 0 0 0 2 2 4 4 8 8 8 8 8 8 4 4 2 2 0 0 2 2 4 4 8 8 8 8 8 8 4 4 4 4 4 4 4 4 4 4 4 4 4 4
4 4 4 4 4 4 4 4 4 4 4 4 8 8 8 8 8 8 4 4 0 0 0 0 2 2 4 4 8 8 8 8 8 8 4 4 2 2 0 0 2 2 4 4 8 8 8 8 8 8 4 4 4 4 4 4 4 4 4 4 4 4 4 4
4 4 4 4 4 4 4 4 4 4 4 4 4 4 4 4 4 4 4 4 4 4 4 4 4 4 4 4 4 4 4 4 4 4 4 4 4 4 4 4 4 4 4 4 4 4 4 4 4 4 4 4 4 4 4 4 4 4 4 4 4 4 4 4
4 4 4 4 4 4 4 4 4 4 4 4 4 4 4 4 4 4 4 4 4 4 4 4 4 4 4 4 4 4 4 4 4 4 4 4 4 4 4 4 4 4 4 4 4 4 4 4 4 4 4 4 4 4 4 4 4 4 4 4 4 4 4 4
4 4 4 4 4 4 4 4 4 4 4 4 8 8 8 8 8 8 4 4 8 8 8 8 8 8 4 4 8 8 8 8 8 8 4 4 8 8 8 8 8 8 4 4 8 8 8 8 8 8 4 4 4 4 4 4 4 4 4 4 4 4 4 4
4 4 4 4 4 4 4 4 4 4 4 4 8 8 8 8 8 8 4 4 8 8 8 8 8 8 4 4 8 8 8 8 8 8 4 4 8 8 8 8 8 8 4 4 8 8 8 8 8 8 4 4 4 4 4 4 4 4 4 4 4 4 4 4
4 4 4 4 4 4 4 4 4 4 4 4 8 8 8 8 8 8 4 4 8 8 8 8 8 8 4 4 8 8 8 8 8 8 4 4 8 8 8 8 8 8 4 4 8 8 8 8 8 8 4 4 4 4 4 4 4 4 4 4 4 4 4 4
4 4 4 4 4 4 4 4 4 4 4 4 8 8 8 8 8 8 4 4 8 8 8 8 8 8 4 4 8 8 8 8 8 8 4 4 8 8 8 8 8 8 4 4 8 8 8 8 8 8 4 4 4 4 4 4 4 4 4 4 4 4 4 4
4 4 4 4 4 4 4 4 4 4 4 4 8 8 8 8 8 8 4 4 8 8 8 8 8 8 4 4 8 8 8 8 8 8 4 4 8 8 8 8 8 8 4 4 8 8 8 8 8 8 4 4 4 4 4 4 4 4 4 4 4 4 4 4
4 4 4 4 4 4 4 4 4 4 4 4 8 8 8 8 8 8 4 4 8 8 8 8 8 8 4 4 8 8 8 8 8 8 4 4 8 8 8 8 8 8 4 4 8 8 8 8 8 8 4 4 4 4 4 4 4 4 4 4 4 4 4 4
4 4 4 4 4 4 4 4 4 4 4 4 4 4 4 4 4 4 4 4 4 4 4 4 4 4 4 4 4 4 4 4 4 4 4 4 4 4 4 4 4 4 4 4 4 4 4 4 4 4 4 4 4 4 4 4 4 4 4 4 4 4 4 4
4 4 4 4 4 4 4 4 4 4 4 4 4 4 4 4 4 4 4 4 4 4 4 4 4 4 4 4 4 4 4 4 4 4 4 4 4 4 4 4 4 4 4 4 4 4 4 4 4 4 4 4 4 4 4 4 4 4 4 4 4 4 4 4
4 4 4 4 4 4 4 4 4 4 4 4 4 4 4 4 4 4 4 4 8 8 8 8 8 8 4 4 2 2 0 0 2 2 4 4 8 8 8 8 8 8 4 4 4 4 4 4 4 4 4 4 4 4 4 4 4 4 4 4 4 4 4 4
4 4 4 4 4 4 4 4 4 4 4 4 4 4 4 4 4 4 4 4 8 8 8 8 8 8 4 4 2 2 0 0 2 2 4 4 8 8 8 8 8 8 4 4 4 4 4 4 4 4 4 4 4 4 4 4 4 4 4 4 4 4 4 4
4 4 4 4 4 4 4 4 4 4 4 4 4 4 4 4 4 4 4 4 8 8 8 8 8 8 4 4 0 0 12 12 2 2 4 4 8 8 8 8 8 8 4 4 4 4 4 4 4 4 4 4 4 4 4 4 4 4 4 4 4 4 4 4
4 4 4 4 4 4 4 4 4 4 4 4 4 4 4 4 4 4 4 4 8 8 8 8 8 8 4 4 0 0 12 12 2 2 4 4 8 8 8 8 8 8 4 4 4 4 4 4 4 4 4 4 4 4 4 4 4 4 4 4 4 4 4 4
4 4 4 4 4 4 4 4 4 4 4 4 4 4 4 4 4 4 4 4 8 8 8 8 8 8 4 4 0 0 0 0 0 0 4 4 8 8 8 8 8 8 4 4 4 4 4 4 4 4 4 4 4 4 4 4 4 4 4 4 4 4 4 4
4 4 4 4 4 4 4 4 4 4 4 4 4 4 4 4 4 4 4 4 8 8 8 8 8 8 4 4 0 0 0 0 0 0 4 4 8 8 8 8 8 8 4 4 4 4 4 4 4 4 4 4 4 4 4 4 4 4 4 4 4 4 4 4
4 4 4 4 4 4 4 4 4 4 4 4 4 4 4 4 4 4 4 4 4 4 4 4 4 4 4 4 4 4 4 4 4 4 4 4 4 4 4 4 4 4 4 4 4 4 4 4 4 4 4 4 4 4 4 4 4 4 4 4 4 4 4 4
4 4 4 4 4 4 4 4 4 4 4 4 4 4 4 4 4 4 4 4 4 4 4 4 4 4 4 4 4 4 4 4 4 4 4 4 4 4 4 4 4 4 4 4 4 4 4 4 4 4 4 4 4 4 4 4 4 4 4 4 4 4 4 4
4 4 4 4 4 4 4 4 4 4 4 4 4 4 4 4 4 4 4 4 8 8 8 8 8 8 4 4 8 8 8 8 8 8 4 4 8 8 8 8 8 8 4 4 4 4 4 4 4 4 4 4 4 4 4 4 4 4 4 4 4 4 4 4
4 4 4 4 4 4 4 4 4 4 4 4 4 4 4 4 4 4 4 4 8 8 8 8 8 8 4 4 8 8 8 8 8 8 4 4 8 8 8 8 8 8 4 4 4 4 4 4 4 4 4 4 4 4 4 4 4 4 4 4 4 4 4 4
4 4 4 4 4 4 4 4 4 4 4 4 4 4 4 4 4 4 4 4 8 8 8 8 8 8 4 4 8 8 8 8 8 8 4 4 8 8 8 8 8 8 4 4 4 4 4 4 4 4 4 4 4 4 4 4 4 4 4 4 4 4 4 4
4 4 4 4 4 4 4 4 4 4 4 4 4 4 4 4 4 4 4 4 8 8 8 8 8 8 4 4 8 8 8 8 8 8 4 4 8 8 8 8 8 8 4 4 4 4 4 4 4 4 4 4 4 4 4 4 4 4 4 4 4 4 4 4
4 4 4 4 4 4 4 4 4 4 4 4 4 4 4 4 4 4 4 4 8 8 8 8 8 8 4 4 8 8 8 8 8 8 4 4 8 8 8 8 8 8 4 4 4 4 4 4 4 4 4 4 4 4 4 4 4 4 4 4 4 4 4 4
4 4 4 4 4 4 4 4 4 4 4 4 4 4 4 4 4 4 4 4 8 8 8 8 8 8 4 4 8 8 8 8 8 8 4 4 8 8 8 8 8 8 4 4 4 4 4 4 4 4 4 4 4 4 4 4 4 4 4 4 4 4 4 4
4 4 4 4 4 4 4 4 4 4 4 4 4 4 4 4 4 4 4 4 4 4 4 4 4 4 4 4 4 4 4 4 4 4 4 4 4 4 4 4 4 4 4 4 4 4 4 4 4 4 4 4 4 4 4 4 4 4 4 4 4 4 4 4
4 4 4 4 4 4 4 4 4 4 4 4 4 4 4 4 4 4 4 4 4 4 4 4 4 4 4 4 4 4 4 4 4 4 4 4 4 4 4 4 4 4 4 4 4 4 4 4 4 4 4 4 4 4 4 4 4 4 4 4 4 4 4 4
4 4 4 4 4 4 4 4 4 4 4 4 4 4 4 4 4 4 4 4 4 4 4 4 4 4 4 4 4 4 4 4 4 4 4 4 4 4 4 4 4 4 4 4 4 4 4 4 4 4 4 4 4 4 4 4 4 4 4 4 4 4 4 4
4 4 4 4 4 4 4 4 4 4 4 4 4 4 4 4 4 4 4 4 4 4 4 4 4 4 4 4 4 4 4 4 4 4 4 4 4 4 4 4 4 4 4 4 4 4 4 4 4 4 4 4 4 4 4 4 4 4 4 4 4 4 4 4
4 4 4 4 4 4 4 4 4 4 4 4 4 4 4 4 4 4 4 4 4 4 4 4 4 4 4 4 4 4 4 4 4 4 4 4 4 4 4 4 4 4 4 4 4 4 4 4 4 4 4 4 4 4 4 4 4 4 4 4 4 4 4 4
12 12 12 12 12 12 12 12 12 12 12 12 12 12 12 12 12 12 12 12 12 12 12 12 12 12 12 12 12 12 12 12 12 12 12 12 12 12 12 12 12 12 12 12 12 12 12 12 12 12 12 12 12 12 12 12 12 12 12 12 12 11 11 11
[LEVELS] 2/6
[STATE] NOT_FINISHED
[AVAILABLE] ACTION6
[DIFF] 37 cells: (20,12) 8>12; (21,12) 8>12; (22,12) 8>12; (23,12) 8>12; (24,12) 8>12; (25,12) 8>12; (20,13) 8>12; (21,13) 8>12; (22,13) 8>12; (23,13) 8>12; (24,13) 8>12; (25,13) 8>12; (20,14) 8>12; (21,14) 8>12; (22,14) 8>12; (23,14) 8>12; (24,14) 8>12; (25,14) 8>12; (20,15) 8>12; (21,15) 8>12; (22,15) 8>12; (23,15) 8>12; (24,15) 8>12; (25,15) 8>12; (20,16) 8>12; (21,16) 8>12; (22,16) 8>12; (23,16) 8>12; (24,16) 8>12; (25,16) 8>12; (20,17) 8>12; (21,17) 8>12; (22,17) 8>12; (23,17) 8>12; (24,17) 8>12; (25,17) 8>12; (61,63) 12>11

[STEP 16]
[ACTION] ACTION6 x=14 y=22
[BOARD] 1/1 settled
4 4 4 4 4 4 4 4 4 4 4 4 4 4 4 4 4 4 4 4 4 4 4 4 4 4 4 4 4 4 4 4 4 4 4 4 4 4 4 4 4 4 4 4 4 4 4 4 4 4 4 4 4 4 4 4 4 4 4 4 8 8 8 8
4 4 4 4 4 4 4 4 4 4 4 4 4 4 4 4 4 4 4 4 4 4 4 4 4 4 4 4 4 4 4 4 4 4 4 4 4 4 4 4 4 4 4 4 4 4 4 4 4 4 4 4 4 4 4 4 4 4 4 4 8 8 8 8
4 4 4 4 4 4 4 4 4 4 4 4 4 4 4 4 4 4 4 4 4 4 4 4 4 4 4 4 4 4 4 4 4 4 4 4 4 4 4 4 4 4 4 4 4 4 4 4 4 4 4 4 4 4 4 4 4 4 4 4 8 8 8 8
4 4 4 4 4 4 4 4 4 4 4 4 4 4 4 4 4 4 4 4 4 4 4 4 4 4 4 4 4 4 4 4 4 4 4 4 4 4 4 4 4 4 4 4 4 4 4 4 4 4 4 4 4 4 4 4 4 4 4 4 8 8 8 8
4 4 4 4 4 4 4 4 4 4 4 4 4 4 4 4 4 4 4 4 12 12 12 12 12 12 4 4 12 12 12 12 12 12 4 4 12 12 12 12 12 12 4 4 4 4 4 4 4 4 4 4 4 4 4 4 4 4 4 4 12 12 12 12
4 4 4 4 4 4 4 4 4 4 4 4 4 4 4 4 4 4 4 4 12 12 12 12 12 12 4 4 12 12 12 12 12 12 4 4 12 12 12 12 12 12 4 4 4 4 4 4 4 4 4 4 4 4 4 4 4 4 4 4 12 12 12 12
4 4 4 4 4 4 4 4 4 4 4 4 4 4 4 4 4 4 4 4 12 12 12 12 12 12 4 4 12 12 12 12 12 12 4 4 12 12 12 12 12 12 4 4 4 4 4 4 4 4 4 4 4 4 4 4 4 4 4 4 12 12 12 12
4 4 4 4 4 4 4 4 4 4 4 4 4 4 4 4 4 4 4 4 12 12 12 12 12 12 4 4 12 12 12 12 12 12 4 4 12 12 12 12 12 12 4 4 4 4 4 4 4 4 4 4 4 4 4 4 4 4 4 4 12 12 12 12
4 4 4 4 4 4 4 4 4 4 4 4 4 4 4 4 4 4 4 4 12 12 12 12 12 12 4 4 12 12 12 12 12 12 4 4 12 12 12 12 12 12 4 4 4 4 4 4 4 4 4 4 4 4 4 4 4 4 4 4 4 4 4 4
4 4 4 4 4 4 4 4 4 4 4 4 4 4 4 4 4 4 4 4 12 12 12 12 12 12 4 4 12 12 12 12 12 12 4 4 12 12 12 12 12 12 4 4 4 4 4 4 4 4 4 4 4 4 4 4 4 4 4 4 4 4 4 4
4 4 4 4 4 4 4 4 4 4 4 4 4 4 4 4 4 4 4 4 4 4 4 4 4 4 4 4 4 4 4 4 4 4 4 4 4 4 4 4 4 4 4 4 4 4 4 4 4 4 4 4 4 4 4 4 4 4 4 4 4 4 4 4
4 4 4 4 4 4 4 4 4 4 4 4 4 4 4 4 4 4 4 4 4 4 4 4 4 4 4 4 4 4 4 4 4 4 4 4 4 4 4 4 4 4 4 4 4 4 4 4 4 4 4 4 4 4 4 4 4 4 4 4 4 4 4 4
4 4 4 4 4 4 4 4 4 4 4 4 4 4 4 4 4 4 4 4 12 12 12 12 12 12 4 4 0 0 0 0 0 0 4 4 8 8 8 8 8 8 4 4 4 4 4 4 4 4 4 4 4 4 4 4 4 4 4 4 4 4 4 4
4 4 4 4 4 4 4 4 4 4 4 4 4 4 4 4 4 4 4 4 12 12 12 12 12 12 4 4 0 0 0 0 0 0 4 4 8 8 8 8 8 8 4 4 4 4 4 4 4 4 4 4 4 4 4 4 4 4 4 4 4 4 4 4
4 4 4 4 4 4 4 4 4 4 4 4 4 4 4 4 4 4 4 4 12 12 12 12 12 12 4 4 0 0 12 12 2 2 4 4 8 8 8 8 8 8 4 4 4 4 4 4 4 4 4 4 4 4 4 4 4 4 4 4 4 4 4 4
4 4 4 4 4 4 4 4 4 4 4 4 4 4 4 4 4 4 4 4 12 12 12 12 12 12 4 4 0 0 12 12 2 2 4 4 8 8 8 8 8 8 4 4 4 4 4 4 4 4 4 4 4 4 4 4 4 4 4 4 4 4 4 4
4 4 4 4 4 4 4 4 4 4 4 4 4 4 4 4 4 4 4 4 12 12 12 12 12 12 4 4 2 2 0 0 2 2 4 4 8 8 8 8 8 8 4 4 4 4 4 4 4 4 4 4 4 4 4 4 4 4 4 4 4 4 4 4
4 4 4 4 4 4 4 4 4 4 4 4 4 4 4 4 4 4 4 4 12 12 12 12 12 12 4 4 2 2 0 0 2 2 4 4 8 8 8 8 8 8 4 4 4 4 4 4 4 4 4 4 4 4 4 4 4 4 4 4 4 4 4 4
4 4 4 4 4 4 4 4 4 4 4 4 4 4 4 4 4 4 4 4 4 4 4 4 4 4 4 4 4 4 4 4 4 4 4 4 4 4 4 4 4 4 4 4 4 4 4 4 4 4 4 4 4 4 4 4 4 4 4 4 4 4 4 4
4 4 4 4 4 4 4 4 4 4 4 4 4 4 4 4 4 4 4 4 4 4 4 4 4 4 4 4 4 4 4 4 4 4 4 4 4 4 4 4 4 4 4 4 4 4 4 4 4 4 4 4 4 4 4 4 4 4 4 4 4 4 4 4
4 4 4 4 4 4 4 4 4 4 4 4 12 12 12 12 12 12 4 4 8 8 8 8 8 8 4 4 8 8 8 8 8 8 4 4 8 8 8 8 8 8 4 4 8 8 8 8 8 8 4 4 4 4 4 4 4 4 4 4 4 4 4 4
4 4 4 4 4 4 4 4 4 4 4 4 12 12 12 12 12 12 4 4 8 8 8 8 8 8 4 4 8 8 8 8 8 8 4 4 8 8 8 8 8 8 4 4 8 8 8 8 8 8 4 4 4 4 4 4 4 4 4 4 4 4 4 4
4 4 4 4 4 4 4 4 4 4 4 4 12 12 12 12 12 12 4 4 8 8 8 8 8 8 4 4 8 8 8 8 8 8 4 4 8 8 8 8 8 8 4 4 8 8 8 8 8 8 4 4 4 4 4 4 4 4 4 4 4 4 4 4
4 4 4 4 4 4 4 4 4 4 4 4 12 12 12 12 12 12 4 4 8 8 8 8 8 8 4 4 8 8 8 8 8 8 4 4 8 8 8 8 8 8 4 4 8 8 8 8 8 8 4 4 4 4 4 4 4 4 4 4 4 4 4 4
4 4 4 4 4 4 4 4 4 4 4 4 12 12 12 12 12 12 4 4 8 8 8 8 8 8 4 4 8 8 8 8 8 8 4 4 8 8 8 8 8 8 4 4 8 8 8 8 8 8 4 4 4 4 4 4 4 4 4 4 4 4 4 4
4 4 4 4 4 4 4 4 4 4 4 4 12 12 12 12 12 12 4 4 8 8 8 8 8 8 4 4 8 8 8 8 8 8 4 4 8 8 8 8 8 8 4 4 8 8 8 8 8 8 4 4 4 4 4 4 4 4 4 4 4 4 4 4
4 4 4 4 4 4 4 4 4 4 4 4 4 4 4 4 4 4 4 4 4 4 4 4 4 4 4 4 4 4 4 4 4 4 4 4 4 4 4 4 4 4 4 4 4 4 4 4 4 4 4 4 4 4 4 4 4 4 4 4 4 4 4 4
4 4 4 4 4 4 4 4 4 4 4 4 4 4 4 4 4 4 4 4 4 4 4 4 4 4 4 4 4 4 4 4 4 4 4 4 4 4 4 4 4 4 4 4 4 4 4 4 4 4 4 4 4 4 4 4 4 4 4 4 4 4 4 4
4 4 4 4 4 4 4 4 4 4 4 4 8 8 8 8 8 8 4 4 2 2 0 0 2 2 4 4 8 8 8 8 8 8 4 4 2 2 0 0 0 0 4 4 8 8 8 8 8 8 4 4 4 4 4 4 4 4 4 4 4 4 4 4
4 4 4 4 4 4 4 4 4 4 4 4 8 8 8 8 8 8 4 4 2 2 0 0 2 2 4 4 8 8 8 8 8 8 4 4 2 2 0 0 0 0 4 4 8 8 8 8 8 8 4 4 4 4 4 4 4 4 4 4 4 4 4 4
4 4 4 4 4 4 4 4 4 4 4 4 8 8 8 8 8 8 4 4 2 2 8 8 0 0 4 4 8 8 8 8 8 8 4 4 0 0 8 8 2 2 4 4 8 8 8 8 8 8 4 4 4 4 4 4 4 4 4 4 4 4 4 4
4 4 4 4 4 4 4 4 4 4 4 4 8 8 8 8 8 8 4 4 2 2 8 8 0 0 4 4 8 8 8 8 8 8 4 4 0 0 8 8 2 2 4 4 8 8 8 8 8 8 4 4 4 4 4 4 4 4 4 4 4 4 4 4
4 4 4 4 4 4 4 4 4 4 4 4 8 8 8 8 8 8 4 4 0 0 0 0 2 2 4 4 8 8 8 8 8 8 4 4 2 2 0 0 2 2 4 4 8 8 8 8 8 8 4 4 4 4 4 4 4 4 4 4 4 4 4 4
4 4 4 4 4 4 4 4 4 4 4 4 8 8 8 8 8 8 4 4 0 0 0 0 2 2 4 4 8 8 8 8 8 8 4 4 2 2 0 0 2 2 4 4 8 8 8 8 8 8 4 4 4 4 4 4 4 4 4 4 4 4 4 4
4 4 4 4 4 4 4 4 4 4 4 4 4 4 4 4 4 4 4 4 4 4 4 4 4 4 4 4 4 4 4 4 4 4 4 4 4 4 4 4 4 4 4 4 4 4 4 4 4 4 4 4 4 4 4 4 4 4 4 4 4 4 4 4
4 4 4 4 4 4 4 4 4 4 4 4 4 4 4 4 4 4 4 4 4 4 4 4 4 4 4 4 4 4 4 4 4 4 4 4 4 4 4 4 4 4 4 4 4 4 4 4 4 4 4 4 4 4 4 4 4 4 4 4 4 4 4 4
4 4 4 4 4 4 4 4 4 4 4 4 8 8 8 8 8 8 4 4 8 8 8 8 8 8 4 4 8 8 8 8 8 8 4 4 8 8 8 8 8 8 4 4 8 8 8 8 8 8 4 4 4 4 4 4 4 4 4 4 4 4 4 4
4 4 4 4 4 4 4 4 4 4 4 4 8 8 8 8 8 8 4 4 8 8 8 8 8 8 4 4 8 8 8 8 8 8 4 4 8 8 8 8 8 8 4 4 8 8 8 8 8 8 4 4 4 4 4 4 4 4 4 4 4 4 4 4
4 4 4 4 4 4 4 4 4 4 4 4 8 8 8 8 8 8 4 4 8 8 8 8 8 8 4 4 8 8 8 8 8 8 4 4 8 8 8 8 8 8 4 4 8 8 8 8 8 8 4 4 4 4 4 4 4 4 4 4 4 4 4 4
4 4 4 4 4 4 4 4 4 4 4 4 8 8 8 8 8 8 4 4 8 8 8 8 8 8 4 4 8 8 8 8 8 8 4 4 8 8 8 8 8 8 4 4 8 8 8 8 8 8 4 4 4 4 4 4 4 4 4 4 4 4 4 4
4 4 4 4 4 4 4 4 4 4 4 4 8 8 8 8 8 8 4 4 8 8 8 8 8 8 4 4 8 8 8 8 8 8 4 4 8 8 8 8 8 8 4 4 8 8 8 8 8 8 4 4 4 4 4 4 4 4 4 4 4 4 4 4
4 4 4 4 4 4 4 4 4 4 4 4 8 8 8 8 8 8 4 4 8 8 8 8 8 8 4 4 8 8 8 8 8 8 4 4 8 8 8 8 8 8 4 4 8 8 8 8 8 8 4 4 4 4 4 4 4 4 4 4 4 4 4 4
4 4 4 4 4 4 4 4 4 4 4 4 4 4 4 4 4 4 4 4 4 4 4 4 4 4 4 4 4 4 4 4 4 4 4 4 4 4 4 4 4 4 4 4 4 4 4 4 4 4 4 4 4 4 4 4 4 4 4 4 4 4 4 4
4 4 4 4 4 4 4 4 4 4 4 4 4 4 4 4 4 4 4 4 4 4 4 4 4 4 4 4 4 4 4 4 4 4 4 4 4 4 4 4 4 4 4 4 4 4 4 4 4 4 4 4 4 4 4 4 4 4 4 4 4 4 4 4
4 4 4 4 4 4 4 4 4 4 4 4 4 4 4 4 4 4 4 4 8 8 8 8 8 8 4 4 2 2 0 0 2 2 4 4 8 8 8 8 8 8 4 4 4 4 4 4 4 4 4 4 4 4 4 4 4 4 4 4 4 4 4 4
4 4 4 4 4 4 4 4 4 4 4 4 4 4 4 4 4 4 4 4 8 8 8 8 8 8 4 4 2 2 0 0 2 2 4 4 8 8 8 8 8 8 4 4 4 4 4 4 4 4 4 4 4 4 4 4 4 4 4 4 4 4 4 4
4 4 4 4 4 4 4 4 4 4 4 4 4 4 4 4 4 4 4 4 8 8 8 8 8 8 4 4 0 0 12 12 2 2 4 4 8 8 8 8 8 8 4 4 4 4 4 4 4 4 4 4 4 4 4 4 4 4 4 4 4 4 4 4
4 4 4 4 4 4 4 4 4 4 4 4 4 4 4 4 4 4 4 4 8 8 8 8 8 8 4 4 0 0 12 12 2 2 4 4 8 8 8 8 8 8 4 4 4 4 4 4 4 4 4 4 4 4 4 4 4 4 4 4 4 4 4 4
4 4 4 4 4 4 4 4 4 4 4 4 4 4 4 4 4 4 4 4 8 8 8 8 8 8 4 4 0 0 0 0 0 0 4 4 8 8 8 8 8 8 4 4 4 4 4 4 4 4 4 4 4 4 4 4 4 4 4 4 4 4 4 4
4 4 4 4 4 4 4 4 4 4 4 4 4 4 4 4 4 4 4 4 8 8 8 8 8 8 4 4 0 0 0 0 0 0 4 4 8 8 8 8 8 8 4 4 4 4 4 4 4 4 4 4 4 4 4 4 4 4 4 4 4 4 4 4
4 4 4 4 4 4 4 4 4 4 4 4 4 4 4 4 4 4 4 4 4 4 4 4 4 4 4 4 4 4 4 4 4 4 4 4 4 4 4 4 4 4 4 4 4 4 4 4 4 4 4 4 4 4 4 4 4 4 4 4 4 4 4 4
4 4 4 4 4 4 4 4 4 4 4 4 4 4 4 4 4 4 4 4 4 4 4 4 4 4 4 4 4 4 4 4 4 4 4 4 4 4 4 4 4 4 4 4 4 4 4 4 4 4 4 4 4 4 4 4 4 4 4 4 4 4 4 4
4 4 4 4 4 4 4 4 4 4 4 4 4 4 4 4 4 4 4 4 8 8 8 8 8 8 4 4 8 8 8 8 8 8 4 4 8 8 8 8 8 8 4 4 4 4 4 4 4 4 4 4 4 4 4 4 4 4 4 4 4 4 4 4
4 4 4 4 4 4 4 4 4 4 4 4 4 4 4 4 4 4 4 4 8 8 8 8 8 8 4 4 8 8 8 8 8 8 4 4 8 8 8 8 8 8 4 4 4 4 4 4 4 4 4 4 4 4 4 4 4 4 4 4 4 4 4 4
4 4 4 4 4 4 4 4 4 4 4 4 4 4 4 4 4 4 4 4 8 8 8 8 8 8 4 4 8 8 8 8 8 8 4 4 8 8 8 8 8 8 4 4 4 4 4 4 4 4 4 4 4 4 4 4 4 4 4 4 4 4 4 4
4 4 4 4 4 4 4 4 4 4 4 4 4 4 4 4 4 4 4 4 8 8 8 8 8 8 4 4 8 8 8 8 8 8 4 4 8 8 8 8 8 8 4 4 4 4 4 4 4 4 4 4 4 4 4 4 4 4 4 4 4 4 4 4
4 4 4 4 4 4 4 4 4 4 4 4 4 4 4 4 4 4 4 4 8 8 8 8 8 8 4 4 8 8 8 8 8 8 4 4 8 8 8 8 8 8 4 4 4 4 4 4 4 4 4 4 4 4 4 4 4 4 4 4 4 4 4 4
4 4 4 4 4 4 4 4 4 4 4 4 4 4 4 4 4 4 4 4 8 8 8 8 8 8 4 4 8 8 8 8 8 8 4 4 8 8 8 8 8 8 4 4 4 4 4 4 4 4 4 4 4 4 4 4 4 4 4 4 4 4 4 4
4 4 4 4 4 4 4 4 4 4 4 4 4 4 4 4 4 4 4 4 4 4 4 4 4 4 4 4 4 4 4 4 4 4 4 4 4 4 4 4 4 4 4 4 4 4 4 4 4 4 4 4 4 4 4 4 4 4 4 4 4 4 4 4
4 4 4 4 4 4 4 4 4 4 4 4 4 4 4 4 4 4 4 4 4 4 4 4 4 4 4 4 4 4 4 4 4 4 4 4 4 4 4 4 4 4 4 4 4 4 4 4 4 4 4 4 4 4 4 4 4 4 4 4 4 4 4 4
4 4 4 4 4 4 4 4 4 4 4 4 4 4 4 4 4 4 4 4 4 4 4 4 4 4 4 4 4 4 4 4 4 4 4 4 4 4 4 4 4 4 4 4 4 4 4 4 4 4 4 4 4 4 4 4 4 4 4 4 4 4 4 4
4 4 4 4 4 4 4 4 4 4 4 4 4 4 4 4 4 4 4 4 4 4 4 4 4 4 4 4 4 4 4 4 4 4 4 4 4 4 4 4 4 4 4 4 4 4 4 4 4 4 4 4 4 4 4 4 4 4 4 4 4 4 4 4
4 4 4 4 4 4 4 4 4 4 4 4 4 4 4 4 4 4 4 4 4 4 4 4 4 4 4 4 4 4 4 4 4 4 4 4 4 4 4 4 4 4 4 4 4 4 4 4 4 4 4 4 4 4 4 4 4 4 4 4 4 4 4 4
12 12 12 12 12 12 12 12 12 12 12 12 12 12 12 12 12 12 12 12 12 12 12 12 12 12 12 12 12 12 12 12 12 12 12 12 12 12 12 12 12 12 12 12 12 12 12 12 12 12 12 12 12 12 12 12 12 12 12 12 12 11 11 11
[LEVELS] 2/6
[STATE] NOT_FINISHED
[AVAILABLE] ACTION6
[DIFF] 36 cells: (12,20) 8>12; (13,20) 8>12; (14,20) 8>12; (15,20) 8>12; (16,20) 8>12; (17,20) 8>12; (12,21) 8>12; (13,21) 8>12; (14,21) 8>12; (15,21) 8>12; (16,21) 8>12; (17,21) 8>12; (12,22) 8>12; (13,22) 8>12; (14,22) 8>12; (15,22) 8>12; (16,22) 8>12; (17,22) 8>12; (12,23) 8>12; (13,23) 8>12; (14,23) 8>12; (15,23) 8>12; (16,23) 8>12; (17,23) 8>12; (12,24) 8>12; (13,24) 8>12; (14,24) 8>12; (15,24) 8>12; (16,24) 8>12; (17,24) 8>12; (12,25) 8>12; (13,25) 8>12; (14,25) 8>12; (15,25) 8>12; (16,25) 8>12; (17,25) 8>12

[STEP 17]
[ACTION] ACTION6 x=30 y=22
[BOARD] 1/1 settled
4 4 4 4 4 4 4 4 4 4 4 4 4 4 4 4 4 4 4 4 4 4 4 4 4 4 4 4 4 4 4 4 4 4 4 4 4 4 4 4 4 4 4 4 4 4 4 4 4 4 4 4 4 4 4 4 4 4 4 4 8 8 8 8
4 4 4 4 4 4 4 4 4 4 4 4 4 4 4 4 4 4 4 4 4 4 4 4 4 4 4 4 4 4 4 4 4 4 4 4 4 4 4 4 4 4 4 4 4 4 4 4 4 4 4 4 4 4 4 4 4 4 4 4 8 8 8 8
4 4 4 4 4 4 4 4 4 4 4 4 4 4 4 4 4 4 4 4 4 4 4 4 4 4 4 4 4 4 4 4 4 4 4 4 4 4 4 4 4 4 4 4 4 4 4 4 4 4 4 4 4 4 4 4 4 4 4 4 8 8 8 8
4 4 4 4 4 4 4 4 4 4 4 4 4 4 4 4 4 4 4 4 4 4 4 4 4 4 4 4 4 4 4 4 4 4 4 4 4 4 4 4 4 4 4 4 4 4 4 4 4 4 4 4 4 4 4 4 4 4 4 4 8 8 8 8
4 4 4 4 4 4 4 4 4 4 4 4 4 4 4 4 4 4 4 4 12 12 12 12 12 12 4 4 12 12 12 12 12 12 4 4 12 12 12 12 12 12 4 4 4 4 4 4 4 4 4 4 4 4 4 4 4 4 4 4 12 12 12 12
4 4 4 4 4 4 4 4 4 4 4 4 4 4 4 4 4 4 4 4 12 12 12 12 12 12 4 4 12 12 12 12 12 12 4 4 12 12 12 12 12 12 4 4 4 4 4 4 4 4 4 4 4 4 4 4 4 4 4 4 12 12 12 12
4 4 4 4 4 4 4 4 4 4 4 4 4 4 4 4 4 4 4 4 12 12 12 12 12 12 4 4 12 12 12 12 12 12 4 4 12 12 12 12 12 12 4 4 4 4 4 4 4 4 4 4 4 4 4 4 4 4 4 4 12 12 12 12
4 4 4 4 4 4 4 4 4 4 4 4 4 4 4 4 4 4 4 4 12 12 12 12 12 12 4 4 12 12 12 12 12 12 4 4 12 12 12 12 12 12 4 4 4 4 4 4 4 4 4 4 4 4 4 4 4 4 4 4 12 12 12 12
4 4 4 4 4 4 4 4 4 4 4 4 4 4 4 4 4 4 4 4 12 12 12 12 12 12 4 4 12 12 12 12 12 12 4 4 12 12 12 12 12 12 4 4 4 4 4 4 4 4 4 4 4 4 4 4 4 4 4 4 4 4 4 4
4 4 4 4 4 4 4 4 4 4 4 4 4 4 4 4 4 4 4 4 12 12 12 12 12 12 4 4 12 12 12 12 12 12 4 4 12 12 12 12 12 12 4 4 4 4 4 4 4 4 4 4 4 4 4 4 4 4 4 4 4 4 4 4
4 4 4 4 4 4 4 4 4 4 4 4 4 4 4 4 4 4 4 4 4 4 4 4 4 4 4 4 4 4 4 4 4 4 4 4 4 4 4 4 4 4 4 4 4 4 4 4 4 4 4 4 4 4 4 4 4 4 4 4 4 4 4 4
4 4 4 4 4 4 4 4 4 4 4 4 4 4 4 4 4 4 4 4 4 4 4 4 4 4 4 4 4 4 4 4 4 4 4 4 4 4 4 4 4 4 4 4 4 4 4 4 4 4 4 4 4 4 4 4 4 4 4 4 4 4 4 4
4 4 4 4 4 4 4 4 4 4 4 4 4 4 4 4 4 4 4 4 12 12 12 12 12 12 4 4 0 0 0 0 0 0 4 4 8 8 8 8 8 8 4 4 4 4 4 4 4 4 4 4 4 4 4 4 4 4 4 4 4 4 4 4
4 4 4 4 4 4 4 4 4 4 4 4 4 4 4 4 4 4 4 4 12 12 12 12 12 12 4 4 0 0 0 0 0 0 4 4 8 8 8 8 8 8 4 4 4 4 4 4 4 4 4 4 4 4 4 4 4 4 4 4 4 4 4 4
4 4 4 4 4 4 4 4 4 4 4 4 4 4 4 4 4 4 4 4 12 12 12 12 12 12 4 4 0 0 12 12 2 2 4 4 8 8 8 8 8 8 4 4 4 4 4 4 4 4 4 4 4 4 4 4 4 4 4 4 4 4 4 4
4 4 4 4 4 4 4 4 4 4 4 4 4 4 4 4 4 4 4 4 12 12 12 12 12 12 4 4 0 0 12 12 2 2 4 4 8 8 8 8 8 8 4 4 4 4 4 4 4 4 4 4 4 4 4 4 4 4 4 4 4 4 4 4
4 4 4 4 4 4 4 4 4 4 4 4 4 4 4 4 4 4 4 4 12 12 12 12 12 12 4 4 2 2 0 0 2 2 4 4 8 8 8 8 8 8 4 4 4 4 4 4 4 4 4 4 4 4 4 4 4 4 4 4 4 4 4 4
4 4 4 4 4 4 4 4 4 4 4 4 4 4 4 4 4 4 4 4 12 12 12 12 12 12 4 4 2 2 0 0 2 2 4 4 8 8 8 8 8 8 4 4 4 4 4 4 4 4 4 4 4 4 4 4 4 4 4 4 4 4 4 4
4 4 4 4 4 4 4 4 4 4 4 4 4 4 4 4 4 4 4 4 4 4 4 4 4 4 4 4 4 4 4 4 4 4 4 4 4 4 4 4 4 4 4 4 4 4 4 4 4 4 4 4 4 4 4 4 4 4 4 4 4 4 4 4
4 4 4 4 4 4 4 4 4 4 4 4 4 4 4 4 4 4 4 4 4 4 4 4 4 4 4 4 4 4 4 4 4 4 4 4 4 4 4 4 4 4 4 4 4 4 4 4 4 4 4 4 4 4 4 4 4 4 4 4 4 4 4 4
4 4 4 4 4 4 4 4 4 4 4 4 12 12 12 12 12 12 4 4 8 8 8 8 8 8 4 4 12 12 12 12 12 12 4 4 8 8 8 8 8 8 4 4 8 8 8 8 8 8 4 4 4 4 4 4 4 4 4 4 4 4 4 4
4 4 4 4 4 4 4 4 4 4 4 4 12 12 12 12 12 12 4 4 8 8 8 8 8 8 4 4 12 12 12 12 12 12 4 4 8 8 8 8 8 8 4 4 8 8 8 8 8 8 4 4 4 4 4 4 4 4 4 4 4 4 4 4
4 4 4 4 4 4 4 4 4 4 4 4 12 12 12 12 12 12 4 4 8 8 8 8 8 8 4 4 12 12 12 12 12 12 4 4 8 8 8 8 8 8 4 4 8 8 8 8 8 8 4 4 4 4 4 4 4 4 4 4 4 4 4 4
4 4 4 4 4 4 4 4 4 4 4 4 12 12 12 12 12 12 4 4 8 8 8 8 8 8 4 4 12 12 12 12 12 12 4 4 8 8 8 8 8 8 4 4 8 8 8 8 8 8 4 4 4 4 4 4 4 4 4 4 4 4 4 4
4 4 4 4 4 4 4 4 4 4 4 4 12 12 12 12 12 12 4 4 8 8 8 8 8 8 4 4 12 12 12 12 12 12 4 4 8 8 8 8 8 8 4 4 8 8 8 8 8 8 4 4 4 4 4 4 4 4 4 4 4 4 4 4
4 4 4 4 4 4 4 4 4 4 4 4 12 12 12 12 12 12 4 4 8 8 8 8 8 8 4 4 12 12 12 12 12 12 4 4 8 8 8 8 8 8 4 4 8 8 8 8 8 8 4 4 4 4 4 4 4 4 4 4 4 4 4 4
4 4 4 4 4 4 4 4 4 4 4 4 4 4 4 4 4 4 4 4 4 4 4 4 4 4 4 4 4 4 4 4 4 4 4 4 4 4 4 4 4 4 4 4 4 4 4 4 4 4 4 4 4 4 4 4 4 4 4 4 4 4 4 4
4 4 4 4 4 4 4 4 4 4 4 4 4 4 4 4 4 4 4 4 4 4 4 4 4 4 4 4 4 4 4 4 4 4 4 4 4 4 4 4 4 4 4 4 4 4 4 4 4 4 4 4 4 4 4 4 4 4 4 4 4 4 4 4
4 4 4 4 4 4 4 4 4 4 4 4 8 8 8 8 8 8 4 4 2 2 0 0 2 2 4 4 8 8 8 8 8 8 4 4 2 2 0 0 0 0 4 4 8 8 8 8 8 8 4 4 4 4 4 4 4 4 4 4 4 4 4 4
4 4 4 4 4 4 4 4 4 4 4 4 8 8 8 8 8 8 4 4 2 2 0 0 2 2 4 4 8 8 8 8 8 8 4 4 2 2 0 0 0 0 4 4 8 8 8 8 8 8 4 4 4 4 4 4 4 4 4 4 4 4 4 4
4 4 4 4 4 4 4 4 4 4 4 4 8 8 8 8 8 8 4 4 2 2 8 8 0 0 4 4 8 8 8 8 8 8 4 4 0 0 8 8 2 2 4 4 8 8 8 8 8 8 4 4 4 4 4 4 4 4 4 4 4 4 4 4
4 4 4 4 4 4 4 4 4 4 4 4 8 8 8 8 8 8 4 4 2 2 8 8 0 0 4 4 8 8 8 8 8 8 4 4 0 0 8 8 2 2 4 4 8 8 8 8 8 8 4 4 4 4 4 4 4 4 4 4 4 4 4 4
4 4 4 4 4 4 4 4 4 4 4 4 8 8 8 8 8 8 4 4 0 0 0 0 2 2 4 4 8 8 8 8 8 8 4 4 2 2 0 0 2 2 4 4 8 8 8 8 8 8 4 4 4 4 4 4 4 4 4 4 4 4 4 4
4 4 4 4 4 4 4 4 4 4 4 4 8 8 8 8 8 8 4 4 0 0 0 0 2 2 4 4 8 8 8 8 8 8 4 4 2 2 0 0 2 2 4 4 8 8 8 8 8 8 4 4 4 4 4 4 4 4 4 4 4 4 4 4
4 4 4 4 4 4 4 4 4 4 4 4 4 4 4 4 4 4 4 4 4 4 4 4 4 4 4 4 4 4 4 4 4 4 4 4 4 4 4 4 4 4 4 4 4 4 4 4 4 4 4 4 4 4 4 4 4 4 4 4 4 4 4 4
4 4 4 4 4 4 4 4 4 4 4 4 4 4 4 4 4 4 4 4 4 4 4 4 4 4 4 4 4 4 4 4 4 4 4 4 4 4 4 4 4 4 4 4 4 4 4 4 4 4 4 4 4 4 4 4 4 4 4 4 4 4 4 4
4 4 4 4 4 4 4 4 4 4 4 4 8 8 8 8 8 8 4 4 8 8 8 8 8 8 4 4 8 8 8 8 8 8 4 4 8 8 8 8 8 8 4 4 8 8 8 8 8 8 4 4 4 4 4 4 4 4 4 4 4 4 4 4
4 4 4 4 4 4 4 4 4 4 4 4 8 8 8 8 8 8 4 4 8 8 8 8 8 8 4 4 8 8 8 8 8 8 4 4 8 8 8 8 8 8 4 4 8 8 8 8 8 8 4 4 4 4 4 4 4 4 4 4 4 4 4 4
4 4 4 4 4 4 4 4 4 4 4 4 8 8 8 8 8 8 4 4 8 8 8 8 8 8 4 4 8 8 8 8 8 8 4 4 8 8 8 8 8 8 4 4 8 8 8 8 8 8 4 4 4 4 4 4 4 4 4 4 4 4 4 4
4 4 4 4 4 4 4 4 4 4 4 4 8 8 8 8 8 8 4 4 8 8 8 8 8 8 4 4 8 8 8 8 8 8 4 4 8 8 8 8 8 8 4 4 8 8 8 8 8 8 4 4 4 4 4 4 4 4 4 4 4 4 4 4
4 4 4 4 4 4 4 4 4 4 4 4 8 8 8 8 8 8 4 4 8 8 8 8 8 8 4 4 8 8 8 8 8 8 4 4 8 8 8 8 8 8 4 4 8 8 8 8 8 8 4 4 4 4 4 4 4 4 4 4 4 4 4 4
4 4 4 4 4 4 4 4 4 4 4 4 8 8 8 8 8 8 4 4 8 8 8 8 8 8 4 4 8 8 8 8 8 8 4 4 8 8 8 8 8 8 4 4 8 8 8 8 8 8 4 4 4 4 4 4 4 4 4 4 4 4 4 4
4 4 4 4 4 4 4 4 4 4 4 4 4 4 4 4 4 4 4 4 4 4 4 4 4 4 4 4 4 4 4 4 4 4 4 4 4 4 4 4 4 4 4 4 4 4 4 4 4 4 4 4 4 4 4 4 4 4 4 4 4 4 4 4
4 4 4 4 4 4 4 4 4 4 4 4 4 4 4 4 4 4 4 4 4 4 4 4 4 4 4 4 4 4 4 4 4 4 4 4 4 4 4 4 4 4 4 4 4 4 4 4 4 4 4 4 4 4 4 4 4 4 4 4 4 4 4 4
4 4 4 4 4 4 4 4 4 4 4 4 4 4 4 4 4 4 4 4 8 8 8 8 8 8 4 4 2 2 0 0 2 2 4 4 8 8 8 8 8 8 4 4 4 4 4 4 4 4 4 4 4 4 4 4 4 4 4 4 4 4 4 4
4 4 4 4 4 4 4 4 4 4 4 4 4 4 4 4 4 4 4 4 8 8 8 8 8 8 4 4 2 2 0 0 2 2 4 4 8 8 8 8 8 8 4 4 4 4 4 4 4 4 4 4 4 4 4 4 4 4 4 4 4 4 4 4
4 4 4 4 4 4 4 4 4 4 4 4 4 4 4 4 4 4 4 4 8 8 8 8 8 8 4 4 0 0 12 12 2 2 4 4 8 8 8 8 8 8 4 4 4 4 4 4 4 4 4 4 4 4 4 4 4 4 4 4 4 4 4 4
4 4 4 4 4 4 4 4 4 4 4 4 4 4 4 4 4 4 4 4 8 8 8 8 8 8 4 4 0 0 12 12 2 2 4 4 8 8 8 8 8 8 4 4 4 4 4 4 4 4 4 4 4 4 4 4 4 4 4 4 4 4 4 4
4 4 4 4 4 4 4 4 4 4 4 4 4 4 4 4 4 4 4 4 8 8 8 8 8 8 4 4 0 0 0 0 0 0 4 4 8 8 8 8 8 8 4 4 4 4 4 4 4 4 4 4 4 4 4 4 4 4 4 4 4 4 4 4
4 4 4 4 4 4 4 4 4 4 4 4 4 4 4 4 4 4 4 4 8 8 8 8 8 8 4 4 0 0 0 0 0 0 4 4 8 8 8 8 8 8 4 4 4 4 4 4 4 4 4 4 4 4 4 4 4 4 4 4 4 4 4 4
4 4 4 4 4 4 4 4 4 4 4 4 4 4 4 4 4 4 4 4 4 4 4 4 4 4 4 4 4 4 4 4 4 4 4 4 4 4 4 4 4 4 4 4 4 4 4 4 4 4 4 4 4 4 4 4 4 4 4 4 4 4 4 4
4 4 4 4 4 4 4 4 4 4 4 4 4 4 4 4 4 4 4 4 4 4 4 4 4 4 4 4 4 4 4 4 4 4 4 4 4 4 4 4 4 4 4 4 4 4 4 4 4 4 4 4 4 4 4 4 4 4 4 4 4 4 4 4
4 4 4 4 4 4 4 4 4 4 4 4 4 4 4 4 4 4 4 4 8 8 8 8 8 8 4 4 8 8 8 8 8 8 4 4 8 8 8 8 8 8 4 4 4 4 4 4 4 4 4 4 4 4 4 4 4 4 4 4 4 4 4 4
4 4 4 4 4 4 4 4 4 4 4 4 4 4 4 4 4 4 4 4 8 8 8 8 8 8 4 4 8 8 8 8 8 8 4 4 8 8 8 8 8 8 4 4 4 4 4 4 4 4 4 4 4 4 4 4 4 4 4 4 4 4 4 4
4 4 4 4 4 4 4 4 4 4 4 4 4 4 4 4 4 4 4 4 8 8 8 8 8 8 4 4 8 8 8 8 8 8 4 4 8 8 8 8 8 8 4 4 4 4 4 4 4 4 4 4 4 4 4 4 4 4 4 4 4 4 4 4
4 4 4 4 4 4 4 4 4 4 4 4 4 4 4 4 4 4 4 4 8 8 8 8 8 8 4 4 8 8 8 8 8 8 4 4 8 8 8 8 8 8 4 4 4 4 4 4 4 4 4 4 4 4 4 4 4 4 4 4 4 4 4 4
4 4 4 4 4 4 4 4 4 4 4 4 4 4 4 4 4 4 4 4 8 8 8 8 8 8 4 4 8 8 8 8 8 8 4 4 8 8 8 8 8 8 4 4 4 4 4 4 4 4 4 4 4 4 4 4 4 4 4 4 4 4 4 4
4 4 4 4 4 4 4 4 4 4 4 4 4 4 4 4 4 4 4 4 8 8 8 8 8 8 4 4 8 8 8 8 8 8 4 4 8 8 8 8 8 8 4 4 4 4 4 4 4 4 4 4 4 4 4 4 4 4 4 4 4 4 4 4
4 4 4 4 4 4 4 4 4 4 4 4 4 4 4 4 4 4 4 4 4 4 4 4 4 4 4 4 4 4 4 4 4 4 4 4 4 4 4 4 4 4 4 4 4 4 4 4 4 4 4 4 4 4 4 4 4 4 4 4 4 4 4 4
4 4 4 4 4 4 4 4 4 4 4 4 4 4 4 4 4 4 4 4 4 4 4 4 4 4 4 4 4 4 4 4 4 4 4 4 4 4 4 4 4 4 4 4 4 4 4 4 4 4 4 4 4 4 4 4 4 4 4 4 4 4 4 4
4 4 4 4 4 4 4 4 4 4 4 4 4 4 4 4 4 4 4 4 4 4 4 4 4 4 4 4 4 4 4 4 4 4 4 4 4 4 4 4 4 4 4 4 4 4 4 4 4 4 4 4 4 4 4 4 4 4 4 4 4 4 4 4
4 4 4 4 4 4 4 4 4 4 4 4 4 4 4 4 4 4 4 4 4 4 4 4 4 4 4 4 4 4 4 4 4 4 4 4 4 4 4 4 4 4 4 4 4 4 4 4 4 4 4 4 4 4 4 4 4 4 4 4 4 4 4 4
4 4 4 4 4 4 4 4 4 4 4 4 4 4 4 4 4 4 4 4 4 4 4 4 4 4 4 4 4 4 4 4 4 4 4 4 4 4 4 4 4 4 4 4 4 4 4 4 4 4 4 4 4 4 4 4 4 4 4 4 4 4 4 4
12 12 12 12 12 12 12 12 12 12 12 12 12 12 12 12 12 12 12 12 12 12 12 12 12 12 12 12 12 12 12 12 12 12 12 12 12 12 12 12 12 12 12 12 12 12 12 12 12 12 12 12 12 12 12 12 12 12 12 12 11 11 11 11
[LEVELS] 2/6
[STATE] NOT_FINISHED
[AVAILABLE] ACTION6
[DIFF] 37 cells: (28,20) 8>12; (29,20) 8>12; (30,20) 8>12; (31,20) 8>12; (32,20) 8>12; (33,20) 8>12; (28,21) 8>12; (29,21) 8>12; (30,21) 8>12; (31,21) 8>12; (32,21) 8>12; (33,21) 8>12; (28,22) 8>12; (29,22) 8>12; (30,22) 8>12; (31,22) 8>12; (32,22) 8>12; (33,22) 8>12; (28,23) 8>12; (29,23) 8>12; (30,23) 8>12; (31,23) 8>12; (32,23) 8>12; (33,23) 8>12; (28,24) 8>12; (29,24) 8>12; (30,24) 8>12; (31,24) 8>12; (32,24) 8>12; (33,24) 8>12; (28,25) 8>12; (29,25) 8>12; (30,25) 8>12; (31,25) 8>12; (32,25) 8>12; (33,25) 8>12; (60,63) 12>11

[STEP 18]
[ACTION] ACTION6 x=14 y=30
[BOARD] 1/1 settled
4 4 4 4 4 4 4 4 4 4 4 4 4 4 4 4 4 4 4 4 4 4 4 4 4 4 4 4 4 4 4 4 4 4 4 4 4 4 4 4 4 4 4 4 4 4 4 4 4 4 4 4 4 4 4 4 4 4 4 4 8 8 8 8
4 4 4 4 4 4 4 4 4 4 4 4 4 4 4 4 4 4 4 4 4 4 4 4 4 4 4 4 4 4 4 4 4 4 4 4 4 4 4 4 4 4 4 4 4 4 4 4 4 4 4 4 4 4 4 4 4 4 4 4 8 8 8 8
4 4 4 4 4 4 4 4 4 4 4 4 4 4 4 4 4 4 4 4 4 4 4 4 4 4 4 4 4 4 4 4 4 4 4 4 4 4 4 4 4 4 4 4 4 4 4 4 4 4 4 4 4 4 4 4 4 4 4 4 8 8 8 8
4 4 4 4 4 4 4 4 4 4 4 4 4 4 4 4 4 4 4 4 4 4 4 4 4 4 4 4 4 4 4 4 4 4 4 4 4 4 4 4 4 4 4 4 4 4 4 4 4 4 4 4 4 4 4 4 4 4 4 4 8 8 8 8
4 4 4 4 4 4 4 4 4 4 4 4 4 4 4 4 4 4 4 4 12 12 12 12 12 12 4 4 12 12 12 12 12 12 4 4 12 12 12 12 12 12 4 4 4 4 4 4 4 4 4 4 4 4 4 4 4 4 4 4 12 12 12 12
4 4 4 4 4 4 4 4 4 4 4 4 4 4 4 4 4 4 4 4 12 12 12 12 12 12 4 4 12 12 12 12 12 12 4 4 12 12 12 12 12 12 4 4 4 4 4 4 4 4 4 4 4 4 4 4 4 4 4 4 12 12 12 12
4 4 4 4 4 4 4 4 4 4 4 4 4 4 4 4 4 4 4 4 12 12 12 12 12 12 4 4 12 12 12 12 12 12 4 4 12 12 12 12 12 12 4 4 4 4 4 4 4 4 4 4 4 4 4 4 4 4 4 4 12 12 12 12
4 4 4 4 4 4 4 4 4 4 4 4 4 4 4 4 4 4 4 4 12 12 12 12 12 12 4 4 12 12 12 12 12 12 4 4 12 12 12 12 12 12 4 4 4 4 4 4 4 4 4 4 4 4 4 4 4 4 4 4 12 12 12 12
4 4 4 4 4 4 4 4 4 4 4 4 4 4 4 4 4 4 4 4 12 12 12 12 12 12 4 4 12 12 12 12 12 12 4 4 12 12 12 12 12 12 4 4 4 4 4 4 4 4 4 4 4 4 4 4 4 4 4 4 4 4 4 4
4 4 4 4 4 4 4 4 4 4 4 4 4 4 4 4 4 4 4 4 12 12 12 12 12 12 4 4 12 12 12 12 12 12 4 4 12 12 12 12 12 12 4 4 4 4 4 4 4 4 4 4 4 4 4 4 4 4 4 4 4 4 4 4
4 4 4 4 4 4 4 4 4 4 4 4 4 4 4 4 4 4 4 4 4 4 4 4 4 4 4 4 4 4 4 4 4 4 4 4 4 4 4 4 4 4 4 4 4 4 4 4 4 4 4 4 4 4 4 4 4 4 4 4 4 4 4 4
4 4 4 4 4 4 4 4 4 4 4 4 4 4 4 4 4 4 4 4 4 4 4 4 4 4 4 4 4 4 4 4 4 4 4 4 4 4 4 4 4 4 4 4 4 4 4 4 4 4 4 4 4 4 4 4 4 4 4 4 4 4 4 4
4 4 4 4 4 4 4 4 4 4 4 4 4 4 4 4 4 4 4 4 12 12 12 12 12 12 4 4 0 0 0 0 0 0 4 4 8 8 8 8 8 8 4 4 4 4 4 4 4 4 4 4 4 4 4 4 4 4 4 4 4 4 4 4
4 4 4 4 4 4 4 4 4 4 4 4 4 4 4 4 4 4 4 4 12 12 12 12 12 12 4 4 0 0 0 0 0 0 4 4 8 8 8 8 8 8 4 4 4 4 4 4 4 4 4 4 4 4 4 4 4 4 4 4 4 4 4 4
4 4 4 4 4 4 4 4 4 4 4 4 4 4 4 4 4 4 4 4 12 12 12 12 12 12 4 4 0 0 12 12 2 2 4 4 8 8 8 8 8 8 4 4 4 4 4 4 4 4 4 4 4 4 4 4 4 4 4 4 4 4 4 4
4 4 4 4 4 4 4 4 4 4 4 4 4 4 4 4 4 4 4 4 12 12 12 12 12 12 4 4 0 0 12 12 2 2 4 4 8 8 8 8 8 8 4 4 4 4 4 4 4 4 4 4 4 4 4 4 4 4 4 4 4 4 4 4
4 4 4 4 4 4 4 4 4 4 4 4 4 4 4 4 4 4 4 4 12 12 12 12 12 12 4 4 2 2 0 0 2 2 4 4 8 8 8 8 8 8 4 4 4 4 4 4 4 4 4 4 4 4 4 4 4 4 4 4 4 4 4 4
4 4 4 4 4 4 4 4 4 4 4 4 4 4 4 4 4 4 4 4 12 12 12 12 12 12 4 4 2 2 0 0 2 2 4 4 8 8 8 8 8 8 4 4 4 4 4 4 4 4 4 4 4 4 4 4 4 4 4 4 4 4 4 4
4 4 4 4 4 4 4 4 4 4 4 4 4 4 4 4 4 4 4 4 4 4 4 4 4 4 4 4 4 4 4 4 4 4 4 4 4 4 4 4 4 4 4 4 4 4 4 4 4 4 4 4 4 4 4 4 4 4 4 4 4 4 4 4
4 4 4 4 4 4 4 4 4 4 4 4 4 4 4 4 4 4 4 4 4 4 4 4 4 4 4 4 4 4 4 4 4 4 4 4 4 4 4 4 4 4 4 4 4 4 4 4 4 4 4 4 4 4 4 4 4 4 4 4 4 4 4 4
4 4 4 4 4 4 4 4 4 4 4 4 12 12 12 12 12 12 4 4 8 8 8 8 8 8 4 4 12 12 12 12 12 12 4 4 8 8 8 8 8 8 4 4 8 8 8 8 8 8 4 4 4 4 4 4 4 4 4 4 4 4 4 4
4 4 4 4 4 4 4 4 4 4 4 4 12 12 12 12 12 12 4 4 8 8 8 8 8 8 4 4 12 12 12 12 12 12 4 4 8 8 8 8 8 8 4 4 8 8 8 8 8 8 4 4 4 4 4 4 4 4 4 4 4 4 4 4
4 4 4 4 4 4 4 4 4 4 4 4 12 12 12 12 12 12 4 4 8 8 8 8 8 8 4 4 12 12 12 12 12 12 4 4 8 8 8 8 8 8 4 4 8 8 8 8 8 8 4 4 4 4 4 4 4 4 4 4 4 4 4 4
4 4 4 4 4 4 4 4 4 4 4 4 12 12 12 12 12 12 4 4 8 8 8 8 8 8 4 4 12 12 12 12 12 12 4 4 8 8 8 8 8 8 4 4 8 8 8 8 8 8 4 4 4 4 4 4 4 4 4 4 4 4 4 4
4 4 4 4 4 4 4 4 4 4 4 4 12 12 12 12 12 12 4 4 8 8 8 8 8 8 4 4 12 12 12 12 12 12 4 4 8 8 8 8 8 8 4 4 8 8 8 8 8 8 4 4 4 4 4 4 4 4 4 4 4 4 4 4
4 4 4 4 4 4 4 4 4 4 4 4 12 12 12 12 12 12 4 4 8 8 8 8 8 8 4 4 12 12 12 12 12 12 4 4 8 8 8 8 8 8 4 4 8 8 8 8 8 8 4 4 4 4 4 4 4 4 4 4 4 4 4 4
4 4 4 4 4 4 4 4 4 4 4 4 4 4 4 4 4 4 4 4 4 4 4 4 4 4 4 4 4 4 4 4 4 4 4 4 4 4 4 4 4 4 4 4 4 4 4 4 4 4 4 4 4 4 4 4 4 4 4 4 4 4 4 4
4 4 4 4 4 4 4 4 4 4 4 4 4 4 4 4 4 4 4 4 4 4 4 4 4 4 4 4 4 4 4 4 4 4 4 4 4 4 4 4 4 4 4 4 4 4 4 4 4 4 4 4 4 4 4 4 4 4 4 4 4 4 4 4
4 4 4 4 4 4 4 4 4 4 4 4 12 12 12 12 12 12 4 4 2 2 0 0 2 2 4 4 8 8 8 8 8 8 4 4 2 2 0 0 0 0 4 4 8 8 8 8 8 8 4 4 4 4 4 4 4 4 4 4 4 4 4 4
4 4 4 4 4 4 4 4 4 4 4 4 12 12 12 12 12 12 4 4 2 2 0 0 2 2 4 4 8 8 8 8 8 8 4 4 2 2 0 0 0 0 4 4 8 8 8 8 8 8 4 4 4 4 4 4 4 4 4 4 4 4 4 4
4 4 4 4 4 4 4 4 4 4 4 4 12 12 12 12 12 12 4 4 2 2 8 8 0 0 4 4 8 8 8 8 8 8 4 4 0 0 8 8 2 2 4 4 8 8 8 8 8 8 4 4 4 4 4 4 4 4 4 4 4 4 4 4
4 4 4 4 4 4 4 4 4 4 4 4 12 12 12 12 12 12 4 4 2 2 8 8 0 0 4 4 8 8 8 8 8 8 4 4 0 0 8 8 2 2 4 4 8 8 8 8 8 8 4 4 4 4 4 4 4 4 4 4 4 4 4 4
4 4 4 4 4 4 4 4 4 4 4 4 12 12 12 12 12 12 4 4 0 0 0 0 2 2 4 4 8 8 8 8 8 8 4 4 2 2 0 0 2 2 4 4 8 8 8 8 8 8 4 4 4 4 4 4 4 4 4 4 4 4 4 4
4 4 4 4 4 4 4 4 4 4 4 4 12 12 12 12 12 12 4 4 0 0 0 0 2 2 4 4 8 8 8 8 8 8 4 4 2 2 0 0 2 2 4 4 8 8 8 8 8 8 4 4 4 4 4 4 4 4 4 4 4 4 4 4
4 4 4 4 4 4 4 4 4 4 4 4 4 4 4 4 4 4 4 4 4 4 4 4 4 4 4 4 4 4 4 4 4 4 4 4 4 4 4 4 4 4 4 4 4 4 4 4 4 4 4 4 4 4 4 4 4 4 4 4 4 4 4 4
4 4 4 4 4 4 4 4 4 4 4 4 4 4 4 4 4 4 4 4 4 4 4 4 4 4 4 4 4 4 4 4 4 4 4 4 4 4 4 4 4 4 4 4 4 4 4 4 4 4 4 4 4 4 4 4 4 4 4 4 4 4 4 4
4 4 4 4 4 4 4 4 4 4 4 4 8 8 8 8 8 8 4 4 8 8 8 8 8 8 4 4 8 8 8 8 8 8 4 4 8 8 8 8 8 8 4 4 8 8 8 8 8 8 4 4 4 4 4 4 4 4 4 4 4 4 4 4
4 4 4 4 4 4 4 4 4 4 4 4 8 8 8 8 8 8 4 4 8 8 8 8 8 8 4 4 8 8 8 8 8 8 4 4 8 8 8 8 8 8 4 4 8 8 8 8 8 8 4 4 4 4 4 4 4 4 4 4 4 4 4 4
4 4 4 4 4 4 4 4 4 4 4 4 8 8 8 8 8 8 4 4 8 8 8 8 8 8 4 4 8 8 8 8 8 8 4 4 8 8 8 8 8 8 4 4 8 8 8 8 8 8 4 4 4 4 4 4 4 4 4 4 4 4 4 4
4 4 4 4 4 4 4 4 4 4 4 4 8 8 8 8 8 8 4 4 8 8 8 8 8 8 4 4 8 8 8 8 8 8 4 4 8 8 8 8 8 8 4 4 8 8 8 8 8 8 4 4 4 4 4 4 4 4 4 4 4 4 4 4
4 4 4 4 4 4 4 4 4 4 4 4 8 8 8 8 8 8 4 4 8 8 8 8 8 8 4 4 8 8 8 8 8 8 4 4 8 8 8 8 8 8 4 4 8 8 8 8 8 8 4 4 4 4 4 4 4 4 4 4 4 4 4 4
4 4 4 4 4 4 4 4 4 4 4 4 8 8 8 8 8 8 4 4 8 8 8 8 8 8 4 4 8 8 8 8 8 8 4 4 8 8 8 8 8 8 4 4 8 8 8 8 8 8 4 4 4 4 4 4 4 4 4 4 4 4 4 4
4 4 4 4 4 4 4 4 4 4 4 4 4 4 4 4 4 4 4 4 4 4 4 4 4 4 4 4 4 4 4 4 4 4 4 4 4 4 4 4 4 4 4 4 4 4 4 4 4 4 4 4 4 4 4 4 4 4 4 4 4 4 4 4
4 4 4 4 4 4 4 4 4 4 4 4 4 4 4 4 4 4 4 4 4 4 4 4 4 4 4 4 4 4 4 4 4 4 4 4 4 4 4 4 4 4 4 4 4 4 4 4 4 4 4 4 4 4 4 4 4 4 4 4 4 4 4 4
4 4 4 4 4 4 4 4 4 4 4 4 4 4 4 4 4 4 4 4 8 8 8 8 8 8 4 4 2 2 0 0 2 2 4 4 8 8 8 8 8 8 4 4 4 4 4 4 4 4 4 4 4 4 4 4 4 4 4 4 4 4 4 4
4 4 4 4 4 4 4 4 4 4 4 4 4 4 4 4 4 4 4 4 8 8 8 8 8 8 4 4 2 2 0 0 2 2 4 4 8 8 8 8 8 8 4 4 4 4 4 4 4 4 4 4 4 4 4 4 4 4 4 4 4 4 4 4
4 4 4 4 4 4 4 4 4 4 4 4 4 4 4 4 4 4 4 4 8 8 8 8 8 8 4 4 0 0 12 12 2 2 4 4 8 8 8 8 8 8 4 4 4 4 4 4 4 4 4 4 4 4 4 4 4 4 4 4 4 4 4 4
4 4 4 4 4 4 4 4 4 4 4 4 4 4 4 4 4 4 4 4 8 8 8 8 8 8 4 4 0 0 12 12 2 2 4 4 8 8 8 8 8 8 4 4 4 4 4 4 4 4 4 4 4 4 4 4 4 4 4 4 4 4 4 4
4 4 4 4 4 4 4 4 4 4 4 4 4 4 4 4 4 4 4 4 8 8 8 8 8 8 4 4 0 0 0 0 0 0 4 4 8 8 8 8 8 8 4 4 4 4 4 4 4 4 4 4 4 4 4 4 4 4 4 4 4 4 4 4
4 4 4 4 4 4 4 4 4 4 4 4 4 4 4 4 4 4 4 4 8 8 8 8 8 8 4 4 0 0 0 0 0 0 4 4 8 8 8 8 8 8 4 4 4 4 4 4 4 4 4 4 4 4 4 4 4 4 4 4 4 4 4 4
4 4 4 4 4 4 4 4 4 4 4 4 4 4 4 4 4 4 4 4 4 4 4 4 4 4 4 4 4 4 4 4 4 4 4 4 4 4 4 4 4 4 4 4 4 4 4 4 4 4 4 4 4 4 4 4 4 4 4 4 4 4 4 4
4 4 4 4 4 4 4 4 4 4 4 4 4 4 4 4 4 4 4 4 4 4 4 4 4 4 4 4 4 4 4 4 4 4 4 4 4 4 4 4 4 4 4 4 4 4 4 4 4 4 4 4 4 4 4 4 4 4 4 4 4 4 4 4
4 4 4 4 4 4 4 4 4 4 4 4 4 4 4 4 4 4 4 4 8 8 8 8 8 8 4 4 8 8 8 8 8 8 4 4 8 8 8 8 8 8 4 4 4 4 4 4 4 4 4 4 4 4 4 4 4 4 4 4 4 4 4 4
4 4 4 4 4 4 4 4 4 4 4 4 4 4 4 4 4 4 4 4 8 8 8 8 8 8 4 4 8 8 8 8 8 8 4 4 8 8 8 8 8 8 4 4 4 4 4 4 4 4 4 4 4 4 4 4 4 4 4 4 4 4 4 4
4 4 4 4 4 4 4 4 4 4 4 4 4 4 4 4 4 4 4 4 8 8 8 8 8 8 4 4 8 8 8 8 8 8 4 4 8 8 8 8 8 8 4 4 4 4 4 4 4 4 4 4 4 4 4 4 4 4 4 4 4 4 4 4
4 4 4 4 4 4 4 4 4 4 4 4 4 4 4 4 4 4 4 4 8 8 8 8 8 8 4 4 8 8 8 8 8 8 4 4 8 8 8 8 8 8 4 4 4 4 4 4 4 4 4 4 4 4 4 4 4 4 4 4 4 4 4 4
4 4 4 4 4 4 4 4 4 4 4 4 4 4 4 4 4 4 4 4 8 8 8 8 8 8 4 4 8 8 8 8 8 8 4 4 8 8 8 8 8 8 4 4 4 4 4 4 4 4 4 4 4 4 4 4 4 4 4 4 4 4 4 4
4 4 4 4 4 4 4 4 4 4 4 4 4 4 4 4 4 4 4 4 8 8 8 8 8 8 4 4 8 8 8 8 8 8 4 4 8 8 8 8 8 8 4 4 4 4 4 4 4 4 4 4 4 4 4 4 4 4 4 4 4 4 4 4
4 4 4 4 4 4 4 4 4 4 4 4 4 4 4 4 4 4 4 4 4 4 4 4 4 4 4 4 4 4 4 4 4 4 4 4 4 4 4 4 4 4 4 4 4 4 4 4 4 4 4 4 4 4 4 4 4 4 4 4 4 4 4 4
4 4 4 4 4 4 4 4 4 4 4 4 4 4 4 4 4 4 4 4 4 4 4 4 4 4 4 4 4 4 4 4 4 4 4 4 4 4 4 4 4 4 4 4 4 4 4 4 4 4 4 4 4 4 4 4 4 4 4 4 4 4 4 4
4 4 4 4 4 4 4 4 4 4 4 4 4 4 4 4 4 4 4 4 4 4 4 4 4 4 4 4 4 4 4 4 4 4 4 4 4 4 4 4 4 4 4 4 4 4 4 4 4 4 4 4 4 4 4 4 4 4 4 4 4 4 4 4
4 4 4 4 4 4 4 4 4 4 4 4 4 4 4 4 4 4 4 4 4 4 4 4 4 4 4 4 4 4 4 4 4 4 4 4 4 4 4 4 4 4 4 4 4 4 4 4 4 4 4 4 4 4 4 4 4 4 4 4 4 4 4 4
4 4 4 4 4 4 4 4 4 4 4 4 4 4 4 4 4 4 4 4 4 4 4 4 4 4 4 4 4 4 4 4 4 4 4 4 4 4 4 4 4 4 4 4 4 4 4 4 4 4 4 4 4 4 4 4 4 4 4 4 4 4 4 4
12 12 12 12 12 12 12 12 12 12 12 12 12 12 12 12 12 12 12 12 12 12 12 12 12 12 12 12 12 12 12 12 12 12 12 12 12 12 12 12 12 12 12 12 12 12 12 12 12 12 12 12 12 12 12 12 12 12 12 11 11 11 11 11
[LEVELS] 2/6
[STATE] NOT_FINISHED
[AVAILABLE] ACTION6
[DIFF] 37 cells: (12,28) 8>12; (13,28) 8>12; (14,28) 8>12; (15,28) 8>12; (16,28) 8>12; (17,28) 8>12; (12,29) 8>12; (13,29) 8>12; (14,29) 8>12; (15,29) 8>12; (16,29) 8>12; (17,29) 8>12; (12,30) 8>12; (13,30) 8>12; (14,30) 8>12; (15,30) 8>12; (16,30) 8>12; (17,30) 8>12; (12,31) 8>12; (13,31) 8>12; (14,31) 8>12; (15,31) 8>12; (16,31) 8>12; (17,31) 8>12; (12,32) 8>12; (13,32) 8>12; (14,32) 8>12; (15,32) 8>12; (16,32) 8>12; (17,32) 8>12; (12,33) 8>12; (13,33) 8>12; (14,33) 8>12; (15,33) 8>12; (16,33) 8>12; (17,33) 8>12; (59,63) 12>11

[STEP 19]
[ACTION] ACTION6 x=46 y=30
[BOARD] 1/1 settled
4 4 4 4 4 4 4 4 4 4 4 4 4 4 4 4 4 4 4 4 4 4 4 4 4 4 4 4 4 4 4 4 4 4 4 4 4 4 4 4 4 4 4 4 4 4 4 4 4 4 4 4 4 4 4 4 4 4 4 4 8 8 8 8
4 4 4 4 4 4 4 4 4 4 4 4 4 4 4 4 4 4 4 4 4 4 4 4 4 4 4 4 4 4 4 4 4 4 4 4 4 4 4 4 4 4 4 4 4 4 4 4 4 4 4 4 4 4 4 4 4 4 4 4 8 8 8 8
4 4 4 4 4 4 4 4 4 4 4 4 4 4 4 4 4 4 4 4 4 4 4 4 4 4 4 4 4 4 4 4 4 4 4 4 4 4 4 4 4 4 4 4 4 4 4 4 4 4 4 4 4 4 4 4 4 4 4 4 8 8 8 8
4 4 4 4 4 4 4 4 4 4 4 4 4 4 4 4 4 4 4 4 4 4 4 4 4 4 4 4 4 4 4 4 4 4 4 4 4 4 4 4 4 4 4 4 4 4 4 4 4 4 4 4 4 4 4 4 4 4 4 4 8 8 8 8
4 4 4 4 4 4 4 4 4 4 4 4 4 4 4 4 4 4 4 4 12 12 12 12 12 12 4 4 12 12 12 12 12 12 4 4 12 12 12 12 12 12 4 4 4 4 4 4 4 4 4 4 4 4 4 4 4 4 4 4 12 12 12 12
4 4 4 4 4 4 4 4 4 4 4 4 4 4 4 4 4 4 4 4 12 12 12 12 12 12 4 4 12 12 12 12 12 12 4 4 12 12 12 12 12 12 4 4 4 4 4 4 4 4 4 4 4 4 4 4 4 4 4 4 12 12 12 12
4 4 4 4 4 4 4 4 4 4 4 4 4 4 4 4 4 4 4 4 12 12 12 12 12 12 4 4 12 12 12 12 12 12 4 4 12 12 12 12 12 12 4 4 4 4 4 4 4 4 4 4 4 4 4 4 4 4 4 4 12 12 12 12
4 4 4 4 4 4 4 4 4 4 4 4 4 4 4 4 4 4 4 4 12 12 12 12 12 12 4 4 12 12 12 12 12 12 4 4 12 12 12 12 12 12 4 4 4 4 4 4 4 4 4 4 4 4 4 4 4 4 4 4 12 12 12 12
4 4 4 4 4 4 4 4 4 4 4 4 4 4 4 4 4 4 4 4 12 12 12 12 12 12 4 4 12 12 12 12 12 12 4 4 12 12 12 12 12 12 4 4 4 4 4 4 4 4 4 4 4 4 4 4 4 4 4 4 4 4 4 4
4 4 4 4 4 4 4 4 4 4 4 4 4 4 4 4 4 4 4 4 12 12 12 12 12 12 4 4 12 12 12 12 12 12 4 4 12 12 12 12 12 12 4 4 4 4 4 4 4 4 4 4 4 4 4 4 4 4 4 4 4 4 4 4
4 4 4 4 4 4 4 4 4 4 4 4 4 4 4 4 4 4 4 4 4 4 4 4 4 4 4 4 4 4 4 4 4 4 4 4 4 4 4 4 4 4 4 4 4 4 4 4 4 4 4 4 4 4 4 4 4 4 4 4 4 4 4 4
4 4 4 4 4 4 4 4 4 4 4 4 4 4 4 4 4 4 4 4 4 4 4 4 4 4 4 4 4 4 4 4 4 4 4 4 4 4 4 4 4 4 4 4 4 4 4 4 4 4 4 4 4 4 4 4 4 4 4 4 4 4 4 4
4 4 4 4 4 4 4 4 4 4 4 4 4 4 4 4 4 4 4 4 12 12 12 12 12 12 4 4 0 0 0 0 0 0 4 4 8 8 8 8 8 8 4 4 4 4 4 4 4 4 4 4 4 4 4 4 4 4 4 4 4 4 4 4
4 4 4 4 4 4 4 4 4 4 4 4 4 4 4 4 4 4 4 4 12 12 12 12 12 12 4 4 0 0 0 0 0 0 4 4 8 8 8 8 8 8 4 4 4 4 4 4 4 4 4 4 4 4 4 4 4 4 4 4 4 4 4 4
4 4 4 4 4 4 4 4 4 4 4 4 4 4 4 4 4 4 4 4 12 12 12 12 12 12 4 4 0 0 12 12 2 2 4 4 8 8 8 8 8 8 4 4 4 4 4 4 4 4 4 4 4 4 4 4 4 4 4 4 4 4 4 4
4 4 4 4 4 4 4 4 4 4 4 4 4 4 4 4 4 4 4 4 12 12 12 12 12 12 4 4 0 0 12 12 2 2 4 4 8 8 8 8 8 8 4 4 4 4 4 4 4 4 4 4 4 4 4 4 4 4 4 4 4 4 4 4
4 4 4 4 4 4 4 4 4 4 4 4 4 4 4 4 4 4 4 4 12 12 12 12 12 12 4 4 2 2 0 0 2 2 4 4 8 8 8 8 8 8 4 4 4 4 4 4 4 4 4 4 4 4 4 4 4 4 4 4 4 4 4 4
4 4 4 4 4 4 4 4 4 4 4 4 4 4 4 4 4 4 4 4 12 12 12 12 12 12 4 4 2 2 0 0 2 2 4 4 8 8 8 8 8 8 4 4 4 4 4 4 4 4 4 4 4 4 4 4 4 4 4 4 4 4 4 4
4 4 4 4 4 4 4 4 4 4 4 4 4 4 4 4 4 4 4 4 4 4 4 4 4 4 4 4 4 4 4 4 4 4 4 4 4 4 4 4 4 4 4 4 4 4 4 4 4 4 4 4 4 4 4 4 4 4 4 4 4 4 4 4
4 4 4 4 4 4 4 4 4 4 4 4 4 4 4 4 4 4 4 4 4 4 4 4 4 4 4 4 4 4 4 4 4 4 4 4 4 4 4 4 4 4 4 4 4 4 4 4 4 4 4 4 4 4 4 4 4 4 4 4 4 4 4 4
4 4 4 4 4 4 4 4 4 4 4 4 12 12 12 12 12 12 4 4 8 8 8 8 8 8 4 4 12 12 12 12 12 12 4 4 8 8 8 8 8 8 4 4 8 8 8 8 8 8 4 4 4 4 4 4 4 4 4 4 4 4 4 4
4 4 4 4 4 4 4 4 4 4 4 4 12 12 12 12 12 12 4 4 8 8 8 8 8 8 4 4 12 12 12 12 12 12 4 4 8 8 8 8 8 8 4 4 8 8 8 8 8 8 4 4 4 4 4 4 4 4 4 4 4 4 4 4
4 4 4 4 4 4 4 4 4 4 4 4 12 12 12 12 12 12 4 4 8 8 8 8 8 8 4 4 12 12 12 12 12 12 4 4 8 8 8 8 8 8 4 4 8 8 8 8 8 8 4 4 4 4 4 4 4 4 4 4 4 4 4 4
4 4 4 4 4 4 4 4 4 4 4 4 12 12 12 12 12 12 4 4 8 8 8 8 8 8 4 4 12 12 12 12 12 12 4 4 8 8 8 8 8 8 4 4 8 8 8 8 8 8 4 4 4 4 4 4 4 4 4 4 4 4 4 4
4 4 4 4 4 4 4 4 4 4 4 4 12 12 12 12 12 12 4 4 8 8 8 8 8 8 4 4 12 12 12 12 12 12 4 4 8 8 8 8 8 8 4 4 8 8 8 8 8 8 4 4 4 4 4 4 4 4 4 4 4 4 4 4
4 4 4 4 4 4 4 4 4 4 4 4 12 12 12 12 12 12 4 4 8 8 8 8 8 8 4 4 12 12 12 12 12 12 4 4 8 8 8 8 8 8 4 4 8 8 8 8 8 8 4 4 4 4 4 4 4 4 4 4 4 4 4 4
4 4 4 4 4 4 4 4 4 4 4 4 4 4 4 4 4 4 4 4 4 4 4 4 4 4 4 4 4 4 4 4 4 4 4 4 4 4 4 4 4 4 4 4 4 4 4 4 4 4 4 4 4 4 4 4 4 4 4 4 4 4 4 4
4 4 4 4 4 4 4 4 4 4 4 4 4 4 4 4 4 4 4 4 4 4 4 4 4 4 4 4 4 4 4 4 4 4 4 4 4 4 4 4 4 4 4 4 4 4 4 4 4 4 4 4 4 4 4 4 4 4 4 4 4 4 4 4
4 4 4 4 4 4 4 4 4 4 4 4 12 12 12 12 12 12 4 4 2 2 0 0 2 2 4 4 8 8 8 8 8 8 4 4 2 2 0 0 0 0 4 4 12 12 12 12 12 12 4 4 4 4 4 4 4 4 4 4 4 4 4 4
4 4 4 4 4 4 4 4 4 4 4 4 12 12 12 12 12 12 4 4 2 2 0 0 2 2 4 4 8 8 8 8 8 8 4 4 2 2 0 0 0 0 4 4 12 12 12 12 12 12 4 4 4 4 4 4 4 4 4 4 4 4 4 4
4 4 4 4 4 4 4 4 4 4 4 4 12 12 12 12 12 12 4 4 2 2 8 8 0 0 4 4 8 8 8 8 8 8 4 4 0 0 8 8 2 2 4 4 12 12 12 12 12 12 4 4 4 4 4 4 4 4 4 4 4 4 4 4
4 4 4 4 4 4 4 4 4 4 4 4 12 12 12 12 12 12 4 4 2 2 8 8 0 0 4 4 8 8 8 8 8 8 4 4 0 0 8 8 2 2 4 4 12 12 12 12 12 12 4 4 4 4 4 4 4 4 4 4 4 4 4 4
4 4 4 4 4 4 4 4 4 4 4 4 12 12 12 12 12 12 4 4 0 0 0 0 2 2 4 4 8 8 8 8 8 8 4 4 2 2 0 0 2 2 4 4 12 12 12 12 12 12 4 4 4 4 4 4 4 4 4 4 4 4 4 4
4 4 4 4 4 4 4 4 4 4 4 4 12 12 12 12 12 12 4 4 0 0 0 0 2 2 4 4 8 8 8 8 8 8 4 4 2 2 0 0 2 2 4 4 12 12 12 12 12 12 4 4 4 4 4 4 4 4 4 4 4 4 4 4
4 4 4 4 4 4 4 4 4 4 4 4 4 4 4 4 4 4 4 4 4 4 4 4 4 4 4 4 4 4 4 4 4 4 4 4 4 4 4 4 4 4 4 4 4 4 4 4 4 4 4 4 4 4 4 4 4 4 4 4 4 4 4 4
4 4 4 4 4 4 4 4 4 4 4 4 4 4 4 4 4 4 4 4 4 4 4 4 4 4 4 4 4 4 4 4 4 4 4 4 4 4 4 4 4 4 4 4 4 4 4 4 4 4 4 4 4 4 4 4 4 4 4 4 4 4 4 4
4 4 4 4 4 4 4 4 4 4 4 4 8 8 8 8 8 8 4 4 8 8 8 8 8 8 4 4 8 8 8 8 8 8 4 4 8 8 8 8 8 8 4 4 8 8 8 8 8 8 4 4 4 4 4 4 4 4 4 4 4 4 4 4
4 4 4 4 4 4 4 4 4 4 4 4 8 8 8 8 8 8 4 4 8 8 8 8 8 8 4 4 8 8 8 8 8 8 4 4 8 8 8 8 8 8 4 4 8 8 8 8 8 8 4 4 4 4 4 4 4 4 4 4 4 4 4 4
4 4 4 4 4 4 4 4 4 4 4 4 8 8 8 8 8 8 4 4 8 8 8 8 8 8 4 4 8 8 8 8 8 8 4 4 8 8 8 8 8 8 4 4 8 8 8 8 8 8 4 4 4 4 4 4 4 4 4 4 4 4 4 4
4 4 4 4 4 4 4 4 4 4 4 4 8 8 8 8 8 8 4 4 8 8 8 8 8 8 4 4 8 8 8 8 8 8 4 4 8 8 8 8 8 8 4 4 8 8 8 8 8 8 4 4 4 4 4 4 4 4 4 4 4 4 4 4
4 4 4 4 4 4 4 4 4 4 4 4 8 8 8 8 8 8 4 4 8 8 8 8 8 8 4 4 8 8 8 8 8 8 4 4 8 8 8 8 8 8 4 4 8 8 8 8 8 8 4 4 4 4 4 4 4 4 4 4 4 4 4 4
4 4 4 4 4 4 4 4 4 4 4 4 8 8 8 8 8 8 4 4 8 8 8 8 8 8 4 4 8 8 8 8 8 8 4 4 8 8 8 8 8 8 4 4 8 8 8 8 8 8 4 4 4 4 4 4 4 4 4 4 4 4 4 4
4 4 4 4 4 4 4 4 4 4 4 4 4 4 4 4 4 4 4 4 4 4 4 4 4 4 4 4 4 4 4 4 4 4 4 4 4 4 4 4 4 4 4 4 4 4 4 4 4 4 4 4 4 4 4 4 4 4 4 4 4 4 4 4
4 4 4 4 4 4 4 4 4 4 4 4 4 4 4 4 4 4 4 4 4 4 4 4 4 4 4 4 4 4 4 4 4 4 4 4 4 4 4 4 4 4 4 4 4 4 4 4 4 4 4 4 4 4 4 4 4 4 4 4 4 4 4 4
4 4 4 4 4 4 4 4 4 4 4 4 4 4 4 4 4 4 4 4 8 8 8 8 8 8 4 4 2 2 0 0 2 2 4 4 8 8 8 8 8 8 4 4 4 4 4 4 4 4 4 4 4 4 4 4 4 4 4 4 4 4 4 4
4 4 4 4 4 4 4 4 4 4 4 4 4 4 4 4 4 4 4 4 8 8 8 8 8 8 4 4 2 2 0 0 2 2 4 4 8 8 8 8 8 8 4 4 4 4 4 4 4 4 4 4 4 4 4 4 4 4 4 4 4 4 4 4
4 4 4 4 4 4 4 4 4 4 4 4 4 4 4 4 4 4 4 4 8 8 8 8 8 8 4 4 0 0 12 12 2 2 4 4 8 8 8 8 8 8 4 4 4 4 4 4 4 4 4 4 4 4 4 4 4 4 4 4 4 4 4 4
4 4 4 4 4 4 4 4 4 4 4 4 4 4 4 4 4 4 4 4 8 8 8 8 8 8 4 4 0 0 12 12 2 2 4 4 8 8 8 8 8 8 4 4 4 4 4 4 4 4 4 4 4 4 4 4 4 4 4 4 4 4 4 4
4 4 4 4 4 4 4 4 4 4 4 4 4 4 4 4 4 4 4 4 8 8 8 8 8 8 4 4 0 0 0 0 0 0 4 4 8 8 8 8 8 8 4 4 4 4 4 4 4 4 4 4 4 4 4 4 4 4 4 4 4 4 4 4
4 4 4 4 4 4 4 4 4 4 4 4 4 4 4 4 4 4 4 4 8 8 8 8 8 8 4 4 0 0 0 0 0 0 4 4 8 8 8 8 8 8 4 4 4 4 4 4 4 4 4 4 4 4 4 4 4 4 4 4 4 4 4 4
4 4 4 4 4 4 4 4 4 4 4 4 4 4 4 4 4 4 4 4 4 4 4 4 4 4 4 4 4 4 4 4 4 4 4 4 4 4 4 4 4 4 4 4 4 4 4 4 4 4 4 4 4 4 4 4 4 4 4 4 4 4 4 4
4 4 4 4 4 4 4 4 4 4 4 4 4 4 4 4 4 4 4 4 4 4 4 4 4 4 4 4 4 4 4 4 4 4 4 4 4 4 4 4 4 4 4 4 4 4 4 4 4 4 4 4 4 4 4 4 4 4 4 4 4 4 4 4
4 4 4 4 4 4 4 4 4 4 4 4 4 4 4 4 4 4 4 4 8 8 8 8 8 8 4 4 8 8 8 8 8 8 4 4 8 8 8 8 8 8 4 4 4 4 4 4 4 4 4 4 4 4 4 4 4 4 4 4 4 4 4 4
4 4 4 4 4 4 4 4 4 4 4 4 4 4 4 4 4 4 4 4 8 8 8 8 8 8 4 4 8 8 8 8 8 8 4 4 8 8 8 8 8 8 4 4 4 4 4 4 4 4 4 4 4 4 4 4 4 4 4 4 4 4 4 4
4 4 4 4 4 4 4 4 4 4 4 4 4 4 4 4 4 4 4 4 8 8 8 8 8 8 4 4 8 8 8 8 8 8 4 4 8 8 8 8 8 8 4 4 4 4 4 4 4 4 4 4 4 4 4 4 4 4 4 4 4 4 4 4
4 4 4 4 4 4 4 4 4 4 4 4 4 4 4 4 4 4 4 4 8 8 8 8 8 8 4 4 8 8 8 8 8 8 4 4 8 8 8 8 8 8 4 4 4 4 4 4 4 4 4 4 4 4 4 4 4 4 4 4 4 4 4 4
4 4 4 4 4 4 4 4 4 4 4 4 4 4 4 4 4 4 4 4 8 8 8 8 8 8 4 4 8 8 8 8 8 8 4 4 8 8 8 8 8 8 4 4 4 4 4 4 4 4 4 4 4 4 4 4 4 4 4 4 4 4 4 4
4 4 4 4 4 4 4 4 4 4 4 4 4 4 4 4 4 4 4 4 8 8 8 8 8 8 4 4 8 8 8 8 8 8 4 4 8 8 8 8 8 8 4 4 4 4 4 4 4 4 4 4 4 4 4 4 4 4 4 4 4 4 4 4
4 4 4 4 4 4 4 4 4 4 4 4 4 4 4 4 4 4 4 4 4 4 4 4 4 4 4 4 4 4 4 4 4 4 4 4 4 4 4 4 4 4 4 4 4 4 4 4 4 4 4 4 4 4 4 4 4 4 4 4 4 4 4 4
4 4 4 4 4 4 4 4 4 4 4 4 4 4 4 4 4 4 4 4 4 4 4 4 4 4 4 4 4 4 4 4 4 4 4 4 4 4 4 4 4 4 4 4 4 4 4 4 4 4 4 4 4 4 4 4 4 4 4 4 4 4 4 4
4 4 4 4 4 4 4 4 4 4 4 4 4 4 4 4 4 4 4 4 4 4 4 4 4 4 4 4 4 4 4 4 4 4 4 4 4 4 4 4 4 4 4 4 4 4 4 4 4 4 4 4 4 4 4 4 4 4 4 4 4 4 4 4
4 4 4 4 4 4 4 4 4 4 4 4 4 4 4 4 4 4 4 4 4 4 4 4 4 4 4 4 4 4 4 4 4 4 4 4 4 4 4 4 4 4 4 4 4 4 4 4 4 4 4 4 4 4 4 4 4 4 4 4 4 4 4 4
4 4 4 4 4 4 4 4 4 4 4 4 4 4 4 4 4 4 4 4 4 4 4 4 4 4 4 4 4 4 4 4 4 4 4 4 4 4 4 4 4 4 4 4 4 4 4 4 4 4 4 4 4 4 4 4 4 4 4 4 4 4 4 4
12 12 12 12 12 12 12 12 12 12 12 12 12 12 12 12 12 12 12 12 12 12 12 12 12 12 12 12 12 12 12 12 12 12 12 12 12 12 12 12 12 12 12 12 12 12 12 12 12 12 12 12 12 12 12 12 12 12 12 11 11 11 11 11
[LEVELS] 2/6
[STATE] NOT_FINISHED
[AVAILABLE] ACTION6
[DIFF] 36 cells: (44,28) 8>12; (45,28) 8>12; (46,28) 8>12; (47,28) 8>12; (48,28) 8>12; (49,28) 8>12; (44,29) 8>12; (45,29) 8>12; (46,29) 8>12; (47,29) 8>12; (48,29) 8>12; (49,29) 8>12; (44,30) 8>12; (45,30) 8>12; (46,30) 8>12; (47,30) 8>12; (48,30) 8>12; (49,30) 8>12; (44,31) 8>12; (45,31) 8>12; (46,31) 8>12; (47,31) 8>12; (48,31) 8>12; (49,31) 8>12; (44,32) 8>12; (45,32) 8>12; (46,32) 8>12; (47,32) 8>12; (48,32) 8>12; (49,32) 8>12; (44,33) 8>12; (45,33) 8>12; (46,33) 8>12; (47,33) 8>12; (48,33) 8>12; (49,33) 8>12

[STEP 20]
[ACTION] ACTION6 x=30 y=38
[BOARD] 1/1 settled
4 4 4 4 4 4 4 4 4 4 4 4 4 4 4 4 4 4 4 4 4 4 4 4 4 4 4 4 4 4 4 4 4 4 4 4 4 4 4 4 4 4 4 4 4 4 4 4 4 4 4 4 4 4 4 4 4 4 4 4 8 8 8 8
4 4 4 4 4 4 4 4 4 4 4 4 4 4 4 4 4 4 4 4 4 4 4 4 4 4 4 4 4 4 4 4 4 4 4 4 4 4 4 4 4 4 4 4 4 4 4 4 4 4 4 4 4 4 4 4 4 4 4 4 8 8 8 8
4 4 4 4 4 4 4 4 4 4 4 4 4 4 4 4 4 4 4 4 4 4 4 4 4 4 4 4 4 4 4 4 4 4 4 4 4 4 4 4 4 4 4 4 4 4 4 4 4 4 4 4 4 4 4 4 4 4 4 4 8 8 8 8
4 4 4 4 4 4 4 4 4 4 4 4 4 4 4 4 4 4 4 4 4 4 4 4 4 4 4 4 4 4 4 4 4 4 4 4 4 4 4 4 4 4 4 4 4 4 4 4 4 4 4 4 4 4 4 4 4 4 4 4 8 8 8 8
4 4 4 4 4 4 4 4 4 4 4 4 4 4 4 4 4 4 4 4 12 12 12 12 12 12 4 4 12 12 12 12 12 12 4 4 12 12 12 12 12 12 4 4 4 4 4 4 4 4 4 4 4 4 4 4 4 4 4 4 12 12 12 12
4 4 4 4 4 4 4 4 4 4 4 4 4 4 4 4 4 4 4 4 12 12 12 12 12 12 4 4 12 12 12 12 12 12 4 4 12 12 12 12 12 12 4 4 4 4 4 4 4 4 4 4 4 4 4 4 4 4 4 4 12 12 12 12
4 4 4 4 4 4 4 4 4 4 4 4 4 4 4 4 4 4 4 4 12 12 12 12 12 12 4 4 12 12 12 12 12 12 4 4 12 12 12 12 12 12 4 4 4 4 4 4 4 4 4 4 4 4 4 4 4 4 4 4 12 12 12 12
4 4 4 4 4 4 4 4 4 4 4 4 4 4 4 4 4 4 4 4 12 12 12 12 12 12 4 4 12 12 12 12 12 12 4 4 12 12 12 12 12 12 4 4 4 4 4 4 4 4 4 4 4 4 4 4 4 4 4 4 12 12 12 12
4 4 4 4 4 4 4 4 4 4 4 4 4 4 4 4 4 4 4 4 12 12 12 12 12 12 4 4 12 12 12 12 12 12 4 4 12 12 12 12 12 12 4 4 4 4 4 4 4 4 4 4 4 4 4 4 4 4 4 4 4 4 4 4
4 4 4 4 4 4 4 4 4 4 4 4 4 4 4 4 4 4 4 4 12 12 12 12 12 12 4 4 12 12 12 12 12 12 4 4 12 12 12 12 12 12 4 4 4 4 4 4 4 4 4 4 4 4 4 4 4 4 4 4 4 4 4 4
4 4 4 4 4 4 4 4 4 4 4 4 4 4 4 4 4 4 4 4 4 4 4 4 4 4 4 4 4 4 4 4 4 4 4 4 4 4 4 4 4 4 4 4 4 4 4 4 4 4 4 4 4 4 4 4 4 4 4 4 4 4 4 4
4 4 4 4 4 4 4 4 4 4 4 4 4 4 4 4 4 4 4 4 4 4 4 4 4 4 4 4 4 4 4 4 4 4 4 4 4 4 4 4 4 4 4 4 4 4 4 4 4 4 4 4 4 4 4 4 4 4 4 4 4 4 4 4
4 4 4 4 4 4 4 4 4 4 4 4 4 4 4 4 4 4 4 4 12 12 12 12 12 12 4 4 0 0 0 0 0 0 4 4 8 8 8 8 8 8 4 4 4 4 4 4 4 4 4 4 4 4 4 4 4 4 4 4 4 4 4 4
4 4 4 4 4 4 4 4 4 4 4 4 4 4 4 4 4 4 4 4 12 12 12 12 12 12 4 4 0 0 0 0 0 0 4 4 8 8 8 8 8 8 4 4 4 4 4 4 4 4 4 4 4 4 4 4 4 4 4 4 4 4 4 4
4 4 4 4 4 4 4 4 4 4 4 4 4 4 4 4 4 4 4 4 12 12 12 12 12 12 4 4 0 0 12 12 2 2 4 4 8 8 8 8 8 8 4 4 4 4 4 4 4 4 4 4 4 4 4 4 4 4 4 4 4 4 4 4
4 4 4 4 4 4 4 4 4 4 4 4 4 4 4 4 4 4 4 4 12 12 12 12 12 12 4 4 0 0 12 12 2 2 4 4 8 8 8 8 8 8 4 4 4 4 4 4 4 4 4 4 4 4 4 4 4 4 4 4 4 4 4 4
4 4 4 4 4 4 4 4 4 4 4 4 4 4 4 4 4 4 4 4 12 12 12 12 12 12 4 4 2 2 0 0 2 2 4 4 8 8 8 8 8 8 4 4 4 4 4 4 4 4 4 4 4 4 4 4 4 4 4 4 4 4 4 4
4 4 4 4 4 4 4 4 4 4 4 4 4 4 4 4 4 4 4 4 12 12 12 12 12 12 4 4 2 2 0 0 2 2 4 4 8 8 8 8 8 8 4 4 4 4 4 4 4 4 4 4 4 4 4 4 4 4 4 4 4 4 4 4
4 4 4 4 4 4 4 4 4 4 4 4 4 4 4 4 4 4 4 4 4 4 4 4 4 4 4 4 4 4 4 4 4 4 4 4 4 4 4 4 4 4 4 4 4 4 4 4 4 4 4 4 4 4 4 4 4 4 4 4 4 4 4 4
4 4 4 4 4 4 4 4 4 4 4 4 4 4 4 4 4 4 4 4 4 4 4 4 4 4 4 4 4 4 4 4 4 4 4 4 4 4 4 4 4 4 4 4 4 4 4 4 4 4 4 4 4 4 4 4 4 4 4 4 4 4 4 4
4 4 4 4 4 4 4 4 4 4 4 4 12 12 12 12 12 12 4 4 8 8 8 8 8 8 4 4 12 12 12 12 12 12 4 4 8 8 8 8 8 8 4 4 8 8 8 8 8 8 4 4 4 4 4 4 4 4 4 4 4 4 4 4
4 4 4 4 4 4 4 4 4 4 4 4 12 12 12 12 12 12 4 4 8 8 8 8 8 8 4 4 12 12 12 12 12 12 4 4 8 8 8 8 8 8 4 4 8 8 8 8 8 8 4 4 4 4 4 4 4 4 4 4 4 4 4 4
4 4 4 4 4 4 4 4 4 4 4 4 12 12 12 12 12 12 4 4 8 8 8 8 8 8 4 4 12 12 12 12 12 12 4 4 8 8 8 8 8 8 4 4 8 8 8 8 8 8 4 4 4 4 4 4 4 4 4 4 4 4 4 4
4 4 4 4 4 4 4 4 4 4 4 4 12 12 12 12 12 12 4 4 8 8 8 8 8 8 4 4 12 12 12 12 12 12 4 4 8 8 8 8 8 8 4 4 8 8 8 8 8 8 4 4 4 4 4 4 4 4 4 4 4 4 4 4
4 4 4 4 4 4 4 4 4 4 4 4 12 12 12 12 12 12 4 4 8 8 8 8 8 8 4 4 12 12 12 12 12 12 4 4 8 8 8 8 8 8 4 4 8 8 8 8 8 8 4 4 4 4 4 4 4 4 4 4 4 4 4 4
4 4 4 4 4 4 4 4 4 4 4 4 12 12 12 12 12 12 4 4 8 8 8 8 8 8 4 4 12 12 12 12 12 12 4 4 8 8 8 8 8 8 4 4 8 8 8 8 8 8 4 4 4 4 4 4 4 4 4 4 4 4 4 4
4 4 4 4 4 4 4 4 4 4 4 4 4 4 4 4 4 4 4 4 4 4 4 4 4 4 4 4 4 4 4 4 4 4 4 4 4 4 4 4 4 4 4 4 4 4 4 4 4 4 4 4 4 4 4 4 4 4 4 4 4 4 4 4
4 4 4 4 4 4 4 4 4 4 4 4 4 4 4 4 4 4 4 4 4 4 4 4 4 4 4 4 4 4 4 4 4 4 4 4 4 4 4 4 4 4 4 4 4 4 4 4 4 4 4 4 4 4 4 4 4 4 4 4 4 4 4 4
4 4 4 4 4 4 4 4 4 4 4 4 12 12 12 12 12 12 4 4 2 2 0 0 2 2 4 4 8 8 8 8 8 8 4 4 2 2 0 0 0 0 4 4 12 12 12 12 12 12 4 4 4 4 4 4 4 4 4 4 4 4 4 4
4 4 4 4 4 4 4 4 4 4 4 4 12 12 12 12 12 12 4 4 2 2 0 0 2 2 4 4 8 8 8 8 8 8 4 4 2 2 0 0 0 0 4 4 12 12 12 12 12 12 4 4 4 4 4 4 4 4 4 4 4 4 4 4
4 4 4 4 4 4 4 4 4 4 4 4 12 12 12 12 12 12 4 4 2 2 8 8 0 0 4 4 8 8 8 8 8 8 4 4 0 0 8 8 2 2 4 4 12 12 12 12 12 12 4 4 4 4 4 4 4 4 4 4 4 4 4 4
4 4 4 4 4 4 4 4 4 4 4 4 12 12 12 12 12 12 4 4 2 2 8 8 0 0 4 4 8 8 8 8 8 8 4 4 0 0 8 8 2 2 4 4 12 12 12 12 12 12 4 4 4 4 4 4 4 4 4 4 4 4 4 4
4 4 4 4 4 4 4 4 4 4 4 4 12 12 12 12 12 12 4 4 0 0 0 0 2 2 4 4 8 8 8 8 8 8 4 4 2 2 0 0 2 2 4 4 12 12 12 12 12 12 4 4 4 4 4 4 4 4 4 4 4 4 4 4
4 4 4 4 4 4 4 4 4 4 4 4 12 12 12 12 12 12 4 4 0 0 0 0 2 2 4 4 8 8 8 8 8 8 4 4 2 2 0 0 2 2 4 4 12 12 12 12 12 12 4 4 4 4 4 4 4 4 4 4 4 4 4 4
4 4 4 4 4 4 4 4 4 4 4 4 4 4 4 4 4 4 4 4 4 4 4 4 4 4 4 4 4 4 4 4 4 4 4 4 4 4 4 4 4 4 4 4 4 4 4 4 4 4 4 4 4 4 4 4 4 4 4 4 4 4 4 4
4 4 4 4 4 4 4 4 4 4 4 4 4 4 4 4 4 4 4 4 4 4 4 4 4 4 4 4 4 4 4 4 4 4 4 4 4 4 4 4 4 4 4 4 4 4 4 4 4 4 4 4 4 4 4 4 4 4 4 4 4 4 4 4
4 4 4 4 4 4 4 4 4 4 4 4 8 8 8 8 8 8 4 4 8 8 8 8 8 8 4 4 12 12 12 12 12 12 4 4 8 8 8 8 8 8 4 4 8 8 8 8 8 8 4 4 4 4 4 4 4 4 4 4 4 4 4 4
4 4 4 4 4 4 4 4 4 4 4 4 8 8 8 8 8 8 4 4 8 8 8 8 8 8 4 4 12 12 12 12 12 12 4 4 8 8 8 8 8 8 4 4 8 8 8 8 8 8 4 4 4 4 4 4 4 4 4 4 4 4 4 4
4 4 4 4 4 4 4 4 4 4 4 4 8 8 8 8 8 8 4 4 8 8 8 8 8 8 4 4 12 12 12 12 12 12 4 4 8 8 8 8 8 8 4 4 8 8 8 8 8 8 4 4 4 4 4 4 4 4 4 4 4 4 4 4
4 4 4 4 4 4 4 4 4 4 4 4 8 8 8 8 8 8 4 4 8 8 8 8 8 8 4 4 12 12 12 12 12 12 4 4 8 8 8 8 8 8 4 4 8 8 8 8 8 8 4 4 4 4 4 4 4 4 4 4 4 4 4 4
4 4 4 4 4 4 4 4 4 4 4 4 8 8 8 8 8 8 4 4 8 8 8 8 8 8 4 4 12 12 12 12 12 12 4 4 8 8 8 8 8 8 4 4 8 8 8 8 8 8 4 4 4 4 4 4 4 4 4 4 4 4 4 4
4 4 4 4 4 4 4 4 4 4 4 4 8 8 8 8 8 8 4 4 8 8 8 8 8 8 4 4 12 12 12 12 12 12 4 4 8 8 8 8 8 8 4 4 8 8 8 8 8 8 4 4 4 4 4 4 4 4 4 4 4 4 4 4
4 4 4 4 4 4 4 4 4 4 4 4 4 4 4 4 4 4 4 4 4 4 4 4 4 4 4 4 4 4 4 4 4 4 4 4 4 4 4 4 4 4 4 4 4 4 4 4 4 4 4 4 4 4 4 4 4 4 4 4 4 4 4 4
4 4 4 4 4 4 4 4 4 4 4 4 4 4 4 4 4 4 4 4 4 4 4 4 4 4 4 4 4 4 4 4 4 4 4 4 4 4 4 4 4 4 4 4 4 4 4 4 4 4 4 4 4 4 4 4 4 4 4 4 4 4 4 4
4 4 4 4 4 4 4 4 4 4 4 4 4 4 4 4 4 4 4 4 8 8 8 8 8 8 4 4 2 2 0 0 2 2 4 4 8 8 8 8 8 8 4 4 4 4 4 4 4 4 4 4 4 4 4 4 4 4 4 4 4 4 4 4
4 4 4 4 4 4 4 4 4 4 4 4 4 4 4 4 4 4 4 4 8 8 8 8 8 8 4 4 2 2 0 0 2 2 4 4 8 8 8 8 8 8 4 4 4 4 4 4 4 4 4 4 4 4 4 4 4 4 4 4 4 4 4 4
4 4 4 4 4 4 4 4 4 4 4 4 4 4 4 4 4 4 4 4 8 8 8 8 8 8 4 4 0 0 12 12 2 2 4 4 8 8 8 8 8 8 4 4 4 4 4 4 4 4 4 4 4 4 4 4 4 4 4 4 4 4 4 4
4 4 4 4 4 4 4 4 4 4 4 4 4 4 4 4 4 4 4 4 8 8 8 8 8 8 4 4 0 0 12 12 2 2 4 4 8 8 8 8 8 8 4 4 4 4 4 4 4 4 4 4 4 4 4 4 4 4 4 4 4 4 4 4
4 4 4 4 4 4 4 4 4 4 4 4 4 4 4 4 4 4 4 4 8 8 8 8 8 8 4 4 0 0 0 0 0 0 4 4 8 8 8 8 8 8 4 4 4 4 4 4 4 4 4 4 4 4 4 4 4 4 4 4 4 4 4 4
4 4 4 4 4 4 4 4 4 4 4 4 4 4 4 4 4 4 4 4 8 8 8 8 8 8 4 4 0 0 0 0 0 0 4 4 8 8 8 8 8 8 4 4 4 4 4 4 4 4 4 4 4 4 4 4 4 4 4 4 4 4 4 4
4 4 4 4 4 4 4 4 4 4 4 4 4 4 4 4 4 4 4 4 4 4 4 4 4 4 4 4 4 4 4 4 4 4 4 4 4 4 4 4 4 4 4 4 4 4 4 4 4 4 4 4 4 4 4 4 4 4 4 4 4 4 4 4
4 4 4 4 4 4 4 4 4 4 4 4 4 4 4 4 4 4 4 4 4 4 4 4 4 4 4 4 4 4 4 4 4 4 4 4 4 4 4 4 4 4 4 4 4 4 4 4 4 4 4 4 4 4 4 4 4 4 4 4 4 4 4 4
4 4 4 4 4 4 4 4 4 4 4 4 4 4 4 4 4 4 4 4 8 8 8 8 8 8 4 4 8 8 8 8 8 8 4 4 8 8 8 8 8 8 4 4 4 4 4 4 4 4 4 4 4 4 4 4 4 4 4 4 4 4 4 4
4 4 4 4 4 4 4 4 4 4 4 4 4 4 4 4 4 4 4 4 8 8 8 8 8 8 4 4 8 8 8 8 8 8 4 4 8 8 8 8 8 8 4 4 4 4 4 4 4 4 4 4 4 4 4 4 4 4 4 4 4 4 4 4
4 4 4 4 4 4 4 4 4 4 4 4 4 4 4 4 4 4 4 4 8 8 8 8 8 8 4 4 8 8 8 8 8 8 4 4 8 8 8 8 8 8 4 4 4 4 4 4 4 4 4 4 4 4 4 4 4 4 4 4 4 4 4 4
4 4 4 4 4 4 4 4 4 4 4 4 4 4 4 4 4 4 4 4 8 8 8 8 8 8 4 4 8 8 8 8 8 8 4 4 8 8 8 8 8 8 4 4 4 4 4 4 4 4 4 4 4 4 4 4 4 4 4 4 4 4 4 4
4 4 4 4 4 4 4 4 4 4 4 4 4 4 4 4 4 4 4 4 8 8 8 8 8 8 4 4 8 8 8 8 8 8 4 4 8 8 8 8 8 8 4 4 4 4 4 4 4 4 4 4 4 4 4 4 4 4 4 4 4 4 4 4
4 4 4 4 4 4 4 4 4 4 4 4 4 4 4 4 4 4 4 4 8 8 8 8 8 8 4 4 8 8 8 8 8 8 4 4 8 8 8 8 8 8 4 4 4 4 4 4 4 4 4 4 4 4 4 4 4 4 4 4 4 4 4 4
4 4 4 4 4 4 4 4 4 4 4 4 4 4 4 4 4 4 4 4 4 4 4 4 4 4 4 4 4 4 4 4 4 4 4 4 4 4 4 4 4 4 4 4 4 4 4 4 4 4 4 4 4 4 4 4 4 4 4 4 4 4 4 4
4 4 4 4 4 4 4 4 4 4 4 4 4 4 4 4 4 4 4 4 4 4 4 4 4 4 4 4 4 4 4 4 4 4 4 4 4 4 4 4 4 4 4 4 4 4 4 4 4 4 4 4 4 4 4 4 4 4 4 4 4 4 4 4
4 4 4 4 4 4 4 4 4 4 4 4 4 4 4 4 4 4 4 4 4 4 4 4 4 4 4 4 4 4 4 4 4 4 4 4 4 4 4 4 4 4 4 4 4 4 4 4 4 4 4 4 4 4 4 4 4 4 4 4 4 4 4 4
4 4 4 4 4 4 4 4 4 4 4 4 4 4 4 4 4 4 4 4 4 4 4 4 4 4 4 4 4 4 4 4 4 4 4 4 4 4 4 4 4 4 4 4 4 4 4 4 4 4 4 4 4 4 4 4 4 4 4 4 4 4 4 4
4 4 4 4 4 4 4 4 4 4 4 4 4 4 4 4 4 4 4 4 4 4 4 4 4 4 4 4 4 4 4 4 4 4 4 4 4 4 4 4 4 4 4 4 4 4 4 4 4 4 4 4 4 4 4 4 4 4 4 4 4 4 4 4
12 12 12 12 12 12 12 12 12 12 12 12 12 12 12 12 12 12 12 12 12 12 12 12 12 12 12 12 12 12 12 12 12 12 12 12 12 12 12 12 12 12 12 12 12 12 12 12 12 12 12 12 12 12 12 12 12 12 11 11 11 11 11 11
[LEVELS] 2/6
[STATE] NOT_FINISHED
[AVAILABLE] ACTION6
[DIFF] 37 cells: (28,36) 8>12; (29,36) 8>12; (30,36) 8>12; (31,36) 8>12; (32,36) 8>12; (33,36) 8>12; (28,37) 8>12; (29,37) 8>12; (30,37) 8>12; (31,37) 8>12; (32,37) 8>12; (33,37) 8>12; (28,38) 8>12; (29,38) 8>12; (30,38) 8>12; (31,38) 8>12; (32,38) 8>12; (33,38) 8>12; (28,39) 8>12; (29,39) 8>12; (30,39) 8>12; (31,39) 8>12; (32,39) 8>12; (33,39) 8>12; (28,40) 8>12; (29,40) 8>12; (30,40) 8>12; (31,40) 8>12; (32,40) 8>12; (33,40) 8>12; (28,41) 8>12; (29,41) 8>12; (30,41) 8>12; (31,41) 8>12; (32,41) 8>12; (33,41) 8>12; (58,63) 12>11

[STEP 21]
[ACTION] ACTION6 x=46 y=38
[BOARD] 1/1 settled
4 4 4 4 4 4 4 4 4 4 4 4 4 4 4 4 4 4 4 4 4 4 4 4 4 4 4 4 4 4 4 4 4 4 4 4 4 4 4 4 4 4 4 4 4 4 4 4 4 4 4 4 4 4 4 4 4 4 4 4 8 8 8 8
4 4 4 4 4 4 4 4 4 4 4 4 4 4 4 4 4 4 4 4 4 4 4 4 4 4 4 4 4 4 4 4 4 4 4 4 4 4 4 4 4 4 4 4 4 4 4 4 4 4 4 4 4 4 4 4 4 4 4 4 8 8 8 8
4 4 4 4 4 4 4 4 4 4 4 4 4 4 4 4 4 4 4 4 4 4 4 4 4 4 4 4 4 4 4 4 4 4 4 4 4 4 4 4 4 4 4 4 4 4 4 4 4 4 4 4 4 4 4 4 4 4 4 4 8 8 8 8
4 4 4 4 4 4 4 4 4 4 4 4 4 4 4 4 4 4 4 4 4 4 4 4 4 4 4 4 4 4 4 4 4 4 4 4 4 4 4 4 4 4 4 4 4 4 4 4 4 4 4 4 4 4 4 4 4 4 4 4 8 8 8 8
4 4 4 4 4 4 4 4 4 4 4 4 4 4 4 4 4 4 4 4 12 12 12 12 12 12 4 4 12 12 12 12 12 12 4 4 12 12 12 12 12 12 4 4 4 4 4 4 4 4 4 4 4 4 4 4 4 4 4 4 12 12 12 12
4 4 4 4 4 4 4 4 4 4 4 4 4 4 4 4 4 4 4 4 12 12 12 12 12 12 4 4 12 12 12 12 12 12 4 4 12 12 12 12 12 12 4 4 4 4 4 4 4 4 4 4 4 4 4 4 4 4 4 4 12 12 12 12
4 4 4 4 4 4 4 4 4 4 4 4 4 4 4 4 4 4 4 4 12 12 12 12 12 12 4 4 12 12 12 12 12 12 4 4 12 12 12 12 12 12 4 4 4 4 4 4 4 4 4 4 4 4 4 4 4 4 4 4 12 12 12 12
4 4 4 4 4 4 4 4 4 4 4 4 4 4 4 4 4 4 4 4 12 12 12 12 12 12 4 4 12 12 12 12 12 12 4 4 12 12 12 12 12 12 4 4 4 4 4 4 4 4 4 4 4 4 4 4 4 4 4 4 12 12 12 12
4 4 4 4 4 4 4 4 4 4 4 4 4 4 4 4 4 4 4 4 12 12 12 12 12 12 4 4 12 12 12 12 12 12 4 4 12 12 12 12 12 12 4 4 4 4 4 4 4 4 4 4 4 4 4 4 4 4 4 4 4 4 4 4
4 4 4 4 4 4 4 4 4 4 4 4 4 4 4 4 4 4 4 4 12 12 12 12 12 12 4 4 12 12 12 12 12 12 4 4 12 12 12 12 12 12 4 4 4 4 4 4 4 4 4 4 4 4 4 4 4 4 4 4 4 4 4 4
4 4 4 4 4 4 4 4 4 4 4 4 4 4 4 4 4 4 4 4 4 4 4 4 4 4 4 4 4 4 4 4 4 4 4 4 4 4 4 4 4 4 4 4 4 4 4 4 4 4 4 4 4 4 4 4 4 4 4 4 4 4 4 4
4 4 4 4 4 4 4 4 4 4 4 4 4 4 4 4 4 4 4 4 4 4 4 4 4 4 4 4 4 4 4 4 4 4 4 4 4 4 4 4 4 4 4 4 4 4 4 4 4 4 4 4 4 4 4 4 4 4 4 4 4 4 4 4
4 4 4 4 4 4 4 4 4 4 4 4 4 4 4 4 4 4 4 4 12 12 12 12 12 12 4 4 0 0 0 0 0 0 4 4 8 8 8 8 8 8 4 4 4 4 4 4 4 4 4 4 4 4 4 4 4 4 4 4 4 4 4 4
4 4 4 4 4 4 4 4 4 4 4 4 4 4 4 4 4 4 4 4 12 12 12 12 12 12 4 4 0 0 0 0 0 0 4 4 8 8 8 8 8 8 4 4 4 4 4 4 4 4 4 4 4 4 4 4 4 4 4 4 4 4 4 4
4 4 4 4 4 4 4 4 4 4 4 4 4 4 4 4 4 4 4 4 12 12 12 12 12 12 4 4 0 0 12 12 2 2 4 4 8 8 8 8 8 8 4 4 4 4 4 4 4 4 4 4 4 4 4 4 4 4 4 4 4 4 4 4
4 4 4 4 4 4 4 4 4 4 4 4 4 4 4 4 4 4 4 4 12 12 12 12 12 12 4 4 0 0 12 12 2 2 4 4 8 8 8 8 8 8 4 4 4 4 4 4 4 4 4 4 4 4 4 4 4 4 4 4 4 4 4 4
4 4 4 4 4 4 4 4 4 4 4 4 4 4 4 4 4 4 4 4 12 12 12 12 12 12 4 4 2 2 0 0 2 2 4 4 8 8 8 8 8 8 4 4 4 4 4 4 4 4 4 4 4 4 4 4 4 4 4 4 4 4 4 4
4 4 4 4 4 4 4 4 4 4 4 4 4 4 4 4 4 4 4 4 12 12 12 12 12 12 4 4 2 2 0 0 2 2 4 4 8 8 8 8 8 8 4 4 4 4 4 4 4 4 4 4 4 4 4 4 4 4 4 4 4 4 4 4
4 4 4 4 4 4 4 4 4 4 4 4 4 4 4 4 4 4 4 4 4 4 4 4 4 4 4 4 4 4 4 4 4 4 4 4 4 4 4 4 4 4 4 4 4 4 4 4 4 4 4 4 4 4 4 4 4 4 4 4 4 4 4 4
4 4 4 4 4 4 4 4 4 4 4 4 4 4 4 4 4 4 4 4 4 4 4 4 4 4 4 4 4 4 4 4 4 4 4 4 4 4 4 4 4 4 4 4 4 4 4 4 4 4 4 4 4 4 4 4 4 4 4 4 4 4 4 4
4 4 4 4 4 4 4 4 4 4 4 4 12 12 12 12 12 12 4 4 8 8 8 8 8 8 4 4 12 12 12 12 12 12 4 4 8 8 8 8 8 8 4 4 8 8 8 8 8 8 4 4 4 4 4 4 4 4 4 4 4 4 4 4
4 4 4 4 4 4 4 4 4 4 4 4 12 12 12 12 12 12 4 4 8 8 8 8 8 8 4 4 12 12 12 12 12 12 4 4 8 8 8 8 8 8 4 4 8 8 8 8 8 8 4 4 4 4 4 4 4 4 4 4 4 4 4 4
4 4 4 4 4 4 4 4 4 4 4 4 12 12 12 12 12 12 4 4 8 8 8 8 8 8 4 4 12 12 12 12 12 12 4 4 8 8 8 8 8 8 4 4 8 8 8 8 8 8 4 4 4 4 4 4 4 4 4 4 4 4 4 4
4 4 4 4 4 4 4 4 4 4 4 4 12 12 12 12 12 12 4 4 8 8 8 8 8 8 4 4 12 12 12 12 12 12 4 4 8 8 8 8 8 8 4 4 8 8 8 8 8 8 4 4 4 4 4 4 4 4 4 4 4 4 4 4
4 4 4 4 4 4 4 4 4 4 4 4 12 12 12 12 12 12 4 4 8 8 8 8 8 8 4 4 12 12 12 12 12 12 4 4 8 8 8 8 8 8 4 4 8 8 8 8 8 8 4 4 4 4 4 4 4 4 4 4 4 4 4 4
4 4 4 4 4 4 4 4 4 4 4 4 12 12 12 12 12 12 4 4 8 8 8 8 8 8 4 4 12 12 12 12 12 12 4 4 8 8 8 8 8 8 4 4 8 8 8 8 8 8 4 4 4 4 4 4 4 4 4 4 4 4 4 4
4 4 4 4 4 4 4 4 4 4 4 4 4 4 4 4 4 4 4 4 4 4 4 4 4 4 4 4 4 4 4 4 4 4 4 4 4 4 4 4 4 4 4 4 4 4 4 4 4 4 4 4 4 4 4 4 4 4 4 4 4 4 4 4
4 4 4 4 4 4 4 4 4 4 4 4 4 4 4 4 4 4 4 4 4 4 4 4 4 4 4 4 4 4 4 4 4 4 4 4 4 4 4 4 4 4 4 4 4 4 4 4 4 4 4 4 4 4 4 4 4 4 4 4 4 4 4 4
4 4 4 4 4 4 4 4 4 4 4 4 12 12 12 12 12 12 4 4 2 2 0 0 2 2 4 4 8 8 8 8 8 8 4 4 2 2 0 0 0 0 4 4 12 12 12 12 12 12 4 4 4 4 4 4 4 4 4 4 4 4 4 4
4 4 4 4 4 4 4 4 4 4 4 4 12 12 12 12 12 12 4 4 2 2 0 0 2 2 4 4 8 8 8 8 8 8 4 4 2 2 0 0 0 0 4 4 12 12 12 12 12 12 4 4 4 4 4 4 4 4 4 4 4 4 4 4
4 4 4 4 4 4 4 4 4 4 4 4 12 12 12 12 12 12 4 4 2 2 8 8 0 0 4 4 8 8 8 8 8 8 4 4 0 0 8 8 2 2 4 4 12 12 12 12 12 12 4 4 4 4 4 4 4 4 4 4 4 4 4 4
4 4 4 4 4 4 4 4 4 4 4 4 12 12 12 12 12 12 4 4 2 2 8 8 0 0 4 4 8 8 8 8 8 8 4 4 0 0 8 8 2 2 4 4 12 12 12 12 12 12 4 4 4 4 4 4 4 4 4 4 4 4 4 4
4 4 4 4 4 4 4 4 4 4 4 4 12 12 12 12 12 12 4 4 0 0 0 0 2 2 4 4 8 8 8 8 8 8 4 4 2 2 0 0 2 2 4 4 12 12 12 12 12 12 4 4 4 4 4 4 4 4 4 4 4 4 4 4
4 4 4 4 4 4 4 4 4 4 4 4 12 12 12 12 12 12 4 4 0 0 0 0 2 2 4 4 8 8 8 8 8 8 4 4 2 2 0 0 2 2 4 4 12 12 12 12 12 12 4 4 4 4 4 4 4 4 4 4 4 4 4 4
4 4 4 4 4 4 4 4 4 4 4 4 4 4 4 4 4 4 4 4 4 4 4 4 4 4 4 4 4 4 4 4 4 4 4 4 4 4 4 4 4 4 4 4 4 4 4 4 4 4 4 4 4 4 4 4 4 4 4 4 4 4 4 4
4 4 4 4 4 4 4 4 4 4 4 4 4 4 4 4 4 4 4 4 4 4 4 4 4 4 4 4 4 4 4 4 4 4 4 4 4 4 4 4 4 4 4 4 4 4 4 4 4 4 4 4 4 4 4 4 4 4 4 4 4 4 4 4
4 4 4 4 4 4 4 4 4 4 4 4 8 8 8 8 8 8 4 4 8 8 8 8 8 8 4 4 12 12 12 12 12 12 4 4 8 8 8 8 8 8 4 4 12 12 12 12 12 12 4 4 4 4 4 4 4 4 4 4 4 4 4 4
4 4 4 4 4 4 4 4 4 4 4 4 8 8 8 8 8 8 4 4 8 8 8 8 8 8 4 4 12 12 12 12 12 12 4 4 8 8 8 8 8 8 4 4 12 12 12 12 12 12 4 4 4 4 4 4 4 4 4 4 4 4 4 4
4 4 4 4 4 4 4 4 4 4 4 4 8 8 8 8 8 8 4 4 8 8 8 8 8 8 4 4 12 12 12 12 12 12 4 4 8 8 8 8 8 8 4 4 12 12 12 12 12 12 4 4 4 4 4 4 4 4 4 4 4 4 4 4
4 4 4 4 4 4 4 4 4 4 4 4 8 8 8 8 8 8 4 4 8 8 8 8 8 8 4 4 12 12 12 12 12 12 4 4 8 8 8 8 8 8 4 4 12 12 12 12 12 12 4 4 4 4 4 4 4 4 4 4 4 4 4 4
4 4 4 4 4 4 4 4 4 4 4 4 8 8 8 8 8 8 4 4 8 8 8 8 8 8 4 4 12 12 12 12 12 12 4 4 8 8 8 8 8 8 4 4 12 12 12 12 12 12 4 4 4 4 4 4 4 4 4 4 4 4 4 4
4 4 4 4 4 4 4 4 4 4 4 4 8 8 8 8 8 8 4 4 8 8 8 8 8 8 4 4 12 12 12 12 12 12 4 4 8 8 8 8 8 8 4 4 12 12 12 12 12 12 4 4 4 4 4 4 4 4 4 4 4 4 4 4
4 4 4 4 4 4 4 4 4 4 4 4 4 4 4 4 4 4 4 4 4 4 4 4 4 4 4 4 4 4 4 4 4 4 4 4 4 4 4 4 4 4 4 4 4 4 4 4 4 4 4 4 4 4 4 4 4 4 4 4 4 4 4 4
4 4 4 4 4 4 4 4 4 4 4 4 4 4 4 4 4 4 4 4 4 4 4 4 4 4 4 4 4 4 4 4 4 4 4 4 4 4 4 4 4 4 4 4 4 4 4 4 4 4 4 4 4 4 4 4 4 4 4 4 4 4 4 4
4 4 4 4 4 4 4 4 4 4 4 4 4 4 4 4 4 4 4 4 8 8 8 8 8 8 4 4 2 2 0 0 2 2 4 4 8 8 8 8 8 8 4 4 4 4 4 4 4 4 4 4 4 4 4 4 4 4 4 4 4 4 4 4
4 4 4 4 4 4 4 4 4 4 4 4 4 4 4 4 4 4 4 4 8 8 8 8 8 8 4 4 2 2 0 0 2 2 4 4 8 8 8 8 8 8 4 4 4 4 4 4 4 4 4 4 4 4 4 4 4 4 4 4 4 4 4 4
4 4 4 4 4 4 4 4 4 4 4 4 4 4 4 4 4 4 4 4 8 8 8 8 8 8 4 4 0 0 12 12 2 2 4 4 8 8 8 8 8 8 4 4 4 4 4 4 4 4 4 4 4 4 4 4 4 4 4 4 4 4 4 4
4 4 4 4 4 4 4 4 4 4 4 4 4 4 4 4 4 4 4 4 8 8 8 8 8 8 4 4 0 0 12 12 2 2 4 4 8 8 8 8 8 8 4 4 4 4 4 4 4 4 4 4 4 4 4 4 4 4 4 4 4 4 4 4
4 4 4 4 4 4 4 4 4 4 4 4 4 4 4 4 4 4 4 4 8 8 8 8 8 8 4 4 0 0 0 0 0 0 4 4 8 8 8 8 8 8 4 4 4 4 4 4 4 4 4 4 4 4 4 4 4 4 4 4 4 4 4 4
4 4 4 4 4 4 4 4 4 4 4 4 4 4 4 4 4 4 4 4 8 8 8 8 8 8 4 4 0 0 0 0 0 0 4 4 8 8 8 8 8 8 4 4 4 4 4 4 4 4 4 4 4 4 4 4 4 4 4 4 4 4 4 4
4 4 4 4 4 4 4 4 4 4 4 4 4 4 4 4 4 4 4 4 4 4 4 4 4 4 4 4 4 4 4 4 4 4 4 4 4 4 4 4 4 4 4 4 4 4 4 4 4 4 4 4 4 4 4 4 4 4 4 4 4 4 4 4
4 4 4 4 4 4 4 4 4 4 4 4 4 4 4 4 4 4 4 4 4 4 4 4 4 4 4 4 4 4 4 4 4 4 4 4 4 4 4 4 4 4 4 4 4 4 4 4 4 4 4 4 4 4 4 4 4 4 4 4 4 4 4 4
4 4 4 4 4 4 4 4 4 4 4 4 4 4 4 4 4 4 4 4 8 8 8 8 8 8 4 4 8 8 8 8 8 8 4 4 8 8 8 8 8 8 4 4 4 4 4 4 4 4 4 4 4 4 4 4 4 4 4 4 4 4 4 4
4 4 4 4 4 4 4 4 4 4 4 4 4 4 4 4 4 4 4 4 8 8 8 8 8 8 4 4 8 8 8 8 8 8 4 4 8 8 8 8 8 8 4 4 4 4 4 4 4 4 4 4 4 4 4 4 4 4 4 4 4 4 4 4
4 4 4 4 4 4 4 4 4 4 4 4 4 4 4 4 4 4 4 4 8 8 8 8 8 8 4 4 8 8 8 8 8 8 4 4 8 8 8 8 8 8 4 4 4 4 4 4 4 4 4 4 4 4 4 4 4 4 4 4 4 4 4 4
4 4 4 4 4 4 4 4 4 4 4 4 4 4 4 4 4 4 4 4 8 8 8 8 8 8 4 4 8 8 8 8 8 8 4 4 8 8 8 8 8 8 4 4 4 4 4 4 4 4 4 4 4 4 4 4 4 4 4 4 4 4 4 4
4 4 4 4 4 4 4 4 4 4 4 4 4 4 4 4 4 4 4 4 8 8 8 8 8 8 4 4 8 8 8 8 8 8 4 4 8 8 8 8 8 8 4 4 4 4 4 4 4 4 4 4 4 4 4 4 4 4 4 4 4 4 4 4
4 4 4 4 4 4 4 4 4 4 4 4 4 4 4 4 4 4 4 4 8 8 8 8 8 8 4 4 8 8 8 8 8 8 4 4 8 8 8 8 8 8 4 4 4 4 4 4 4 4 4 4 4 4 4 4 4 4 4 4 4 4 4 4
4 4 4 4 4 4 4 4 4 4 4 4 4 4 4 4 4 4 4 4 4 4 4 4 4 4 4 4 4 4 4 4 4 4 4 4 4 4 4 4 4 4 4 4 4 4 4 4 4 4 4 4 4 4 4 4 4 4 4 4 4 4 4 4
4 4 4 4 4 4 4 4 4 4 4 4 4 4 4 4 4 4 4 4 4 4 4 4 4 4 4 4 4 4 4 4 4 4 4 4 4 4 4 4 4 4 4 4 4 4 4 4 4 4 4 4 4 4 4 4 4 4 4 4 4 4 4 4
4 4 4 4 4 4 4 4 4 4 4 4 4 4 4 4 4 4 4 4 4 4 4 4 4 4 4 4 4 4 4 4 4 4 4 4 4 4 4 4 4 4 4 4 4 4 4 4 4 4 4 4 4 4 4 4 4 4 4 4 4 4 4 4
4 4 4 4 4 4 4 4 4 4 4 4 4 4 4 4 4 4 4 4 4 4 4 4 4 4 4 4 4 4 4 4 4 4 4 4 4 4 4 4 4 4 4 4 4 4 4 4 4 4 4 4 4 4 4 4 4 4 4 4 4 4 4 4
4 4 4 4 4 4 4 4 4 4 4 4 4 4 4 4 4 4 4 4 4 4 4 4 4 4 4 4 4 4 4 4 4 4 4 4 4 4 4 4 4 4 4 4 4 4 4 4 4 4 4 4 4 4 4 4 4 4 4 4 4 4 4 4
12 12 12 12 12 12 12 12 12 12 12 12 12 12 12 12 12 12 12 12 12 12 12 12 12 12 12 12 12 12 12 12 12 12 12 12 12 12 12 12 12 12 12 12 12 12 12 12 12 12 12 12 12 12 12 12 12 11 11 11 11 11 11 11
[LEVELS] 2/6
[STATE] NOT_FINISHED
[AVAILABLE] ACTION6
[DIFF] 37 cells: (44,36) 8>12; (45,36) 8>12; (46,36) 8>12; (47,36) 8>12; (48,36) 8>12; (49,36) 8>12; (44,37) 8>12; (45,37) 8>12; (46,37) 8>12; (47,37) 8>12; (48,37) 8>12; (49,37) 8>12; (44,38) 8>12; (45,38) 8>12; (46,38) 8>12; (47,38) 8>12; (48,38) 8>12; (49,38) 8>12; (44,39) 8>12; (45,39) 8>12; (46,39) 8>12; (47,39) 8>12; (48,39) 8>12; (49,39) 8>12; (44,40) 8>12; (45,40) 8>12; (46,40) 8>12; (47,40) 8>12; (48,40) 8>12; (49,40) 8>12; (44,41) 8>12; (45,41) 8>12; (46,41) 8>12; (47,41) 8>12; (48,41) 8>12; (49,41) 8>12; (57,63) 12>11

[STEP 22]
[ACTION] ACTION6 x=22 y=46
[BOARD] 1/1 settled
4 4 4 4 4 4 4 4 4 4 4 4 4 4 4 4 4 4 4 4 4 4 4 4 4 4 4 4 4 4 4 4 4 4 4 4 4 4 4 4 4 4 4 4 4 4 4 4 4 4 4 4 4 4 4 4 4 4 4 4 8 8 8 8
4 4 4 4 4 4 4 4 4 4 4 4 4 4 4 4 4 4 4 4 4 4 4 4 4 4 4 4 4 4 4 4 4 4 4 4 4 4 4 4 4 4 4 4 4 4 4 4 4 4 4 4 4 4 4 4 4 4 4 4 8 8 8 8
4 4 4 4 4 4 4 4 4 4 4 4 4 4 4 4 4 4 4 4 4 4 4 4 4 4 4 4 4 4 4 4 4 4 4 4 4 4 4 4 4 4 4 4 4 4 4 4 4 4 4 4 4 4 4 4 4 4 4 4 8 8 8 8
4 4 4 4 4 4 4 4 4 4 4 4 4 4 4 4 4 4 4 4 4 4 4 4 4 4 4 4 4 4 4 4 4 4 4 4 4 4 4 4 4 4 4 4 4 4 4 4 4 4 4 4 4 4 4 4 4 4 4 4 8 8 8 8
4 4 4 4 4 4 4 4 4 4 4 4 4 4 4 4 4 4 4 4 12 12 12 12 12 12 4 4 12 12 12 12 12 12 4 4 12 12 12 12 12 12 4 4 4 4 4 4 4 4 4 4 4 4 4 4 4 4 4 4 12 12 12 12
4 4 4 4 4 4 4 4 4 4 4 4 4 4 4 4 4 4 4 4 12 12 12 12 12 12 4 4 12 12 12 12 12 12 4 4 12 12 12 12 12 12 4 4 4 4 4 4 4 4 4 4 4 4 4 4 4 4 4 4 12 12 12 12
4 4 4 4 4 4 4 4 4 4 4 4 4 4 4 4 4 4 4 4 12 12 12 12 12 12 4 4 12 12 12 12 12 12 4 4 12 12 12 12 12 12 4 4 4 4 4 4 4 4 4 4 4 4 4 4 4 4 4 4 12 12 12 12
4 4 4 4 4 4 4 4 4 4 4 4 4 4 4 4 4 4 4 4 12 12 12 12 12 12 4 4 12 12 12 12 12 12 4 4 12 12 12 12 12 12 4 4 4 4 4 4 4 4 4 4 4 4 4 4 4 4 4 4 12 12 12 12
4 4 4 4 4 4 4 4 4 4 4 4 4 4 4 4 4 4 4 4 12 12 12 12 12 12 4 4 12 12 12 12 12 12 4 4 12 12 12 12 12 12 4 4 4 4 4 4 4 4 4 4 4 4 4 4 4 4 4 4 4 4 4 4
4 4 4 4 4 4 4 4 4 4 4 4 4 4 4 4 4 4 4 4 12 12 12 12 12 12 4 4 12 12 12 12 12 12 4 4 12 12 12 12 12 12 4 4 4 4 4 4 4 4 4 4 4 4 4 4 4 4 4 4 4 4 4 4
4 4 4 4 4 4 4 4 4 4 4 4 4 4 4 4 4 4 4 4 4 4 4 4 4 4 4 4 4 4 4 4 4 4 4 4 4 4 4 4 4 4 4 4 4 4 4 4 4 4 4 4 4 4 4 4 4 4 4 4 4 4 4 4
4 4 4 4 4 4 4 4 4 4 4 4 4 4 4 4 4 4 4 4 4 4 4 4 4 4 4 4 4 4 4 4 4 4 4 4 4 4 4 4 4 4 4 4 4 4 4 4 4 4 4 4 4 4 4 4 4 4 4 4 4 4 4 4
4 4 4 4 4 4 4 4 4 4 4 4 4 4 4 4 4 4 4 4 12 12 12 12 12 12 4 4 0 0 0 0 0 0 4 4 8 8 8 8 8 8 4 4 4 4 4 4 4 4 4 4 4 4 4 4 4 4 4 4 4 4 4 4
4 4 4 4 4 4 4 4 4 4 4 4 4 4 4 4 4 4 4 4 12 12 12 12 12 12 4 4 0 0 0 0 0 0 4 4 8 8 8 8 8 8 4 4 4 4 4 4 4 4 4 4 4 4 4 4 4 4 4 4 4 4 4 4
4 4 4 4 4 4 4 4 4 4 4 4 4 4 4 4 4 4 4 4 12 12 12 12 12 12 4 4 0 0 12 12 2 2 4 4 8 8 8 8 8 8 4 4 4 4 4 4 4 4 4 4 4 4 4 4 4 4 4 4 4 4 4 4
4 4 4 4 4 4 4 4 4 4 4 4 4 4 4 4 4 4 4 4 12 12 12 12 12 12 4 4 0 0 12 12 2 2 4 4 8 8 8 8 8 8 4 4 4 4 4 4 4 4 4 4 4 4 4 4 4 4 4 4 4 4 4 4
4 4 4 4 4 4 4 4 4 4 4 4 4 4 4 4 4 4 4 4 12 12 12 12 12 12 4 4 2 2 0 0 2 2 4 4 8 8 8 8 8 8 4 4 4 4 4 4 4 4 4 4 4 4 4 4 4 4 4 4 4 4 4 4
4 4 4 4 4 4 4 4 4 4 4 4 4 4 4 4 4 4 4 4 12 12 12 12 12 12 4 4 2 2 0 0 2 2 4 4 8 8 8 8 8 8 4 4 4 4 4 4 4 4 4 4 4 4 4 4 4 4 4 4 4 4 4 4
4 4 4 4 4 4 4 4 4 4 4 4 4 4 4 4 4 4 4 4 4 4 4 4 4 4 4 4 4 4 4 4 4 4 4 4 4 4 4 4 4 4 4 4 4 4 4 4 4 4 4 4 4 4 4 4 4 4 4 4 4 4 4 4
4 4 4 4 4 4 4 4 4 4 4 4 4 4 4 4 4 4 4 4 4 4 4 4 4 4 4 4 4 4 4 4 4 4 4 4 4 4 4 4 4 4 4 4 4 4 4 4 4 4 4 4 4 4 4 4 4 4 4 4 4 4 4 4
4 4 4 4 4 4 4 4 4 4 4 4 12 12 12 12 12 12 4 4 8 8 8 8 8 8 4 4 12 12 12 12 12 12 4 4 8 8 8 8 8 8 4 4 8 8 8 8 8 8 4 4 4 4 4 4 4 4 4 4 4 4 4 4
4 4 4 4 4 4 4 4 4 4 4 4 12 12 12 12 12 12 4 4 8 8 8 8 8 8 4 4 12 12 12 12 12 12 4 4 8 8 8 8 8 8 4 4 8 8 8 8 8 8 4 4 4 4 4 4 4 4 4 4 4 4 4 4
4 4 4 4 4 4 4 4 4 4 4 4 12 12 12 12 12 12 4 4 8 8 8 8 8 8 4 4 12 12 12 12 12 12 4 4 8 8 8 8 8 8 4 4 8 8 8 8 8 8 4 4 4 4 4 4 4 4 4 4 4 4 4 4
4 4 4 4 4 4 4 4 4 4 4 4 12 12 12 12 12 12 4 4 8 8 8 8 8 8 4 4 12 12 12 12 12 12 4 4 8 8 8 8 8 8 4 4 8 8 8 8 8 8 4 4 4 4 4 4 4 4 4 4 4 4 4 4
4 4 4 4 4 4 4 4 4 4 4 4 12 12 12 12 12 12 4 4 8 8 8 8 8 8 4 4 12 12 12 12 12 12 4 4 8 8 8 8 8 8 4 4 8 8 8 8 8 8 4 4 4 4 4 4 4 4 4 4 4 4 4 4
4 4 4 4 4 4 4 4 4 4 4 4 12 12 12 12 12 12 4 4 8 8 8 8 8 8 4 4 12 12 12 12 12 12 4 4 8 8 8 8 8 8 4 4 8 8 8 8 8 8 4 4 4 4 4 4 4 4 4 4 4 4 4 4
4 4 4 4 4 4 4 4 4 4 4 4 4 4 4 4 4 4 4 4 4 4 4 4 4 4 4 4 4 4 4 4 4 4 4 4 4 4 4 4 4 4 4 4 4 4 4 4 4 4 4 4 4 4 4 4 4 4 4 4 4 4 4 4
4 4 4 4 4 4 4 4 4 4 4 4 4 4 4 4 4 4 4 4 4 4 4 4 4 4 4 4 4 4 4 4 4 4 4 4 4 4 4 4 4 4 4 4 4 4 4 4 4 4 4 4 4 4 4 4 4 4 4 4 4 4 4 4
4 4 4 4 4 4 4 4 4 4 4 4 12 12 12 12 12 12 4 4 2 2 0 0 2 2 4 4 8 8 8 8 8 8 4 4 2 2 0 0 0 0 4 4 12 12 12 12 12 12 4 4 4 4 4 4 4 4 4 4 4 4 4 4
4 4 4 4 4 4 4 4 4 4 4 4 12 12 12 12 12 12 4 4 2 2 0 0 2 2 4 4 8 8 8 8 8 8 4 4 2 2 0 0 0 0 4 4 12 12 12 12 12 12 4 4 4 4 4 4 4 4 4 4 4 4 4 4
4 4 4 4 4 4 4 4 4 4 4 4 12 12 12 12 12 12 4 4 2 2 8 8 0 0 4 4 8 8 8 8 8 8 4 4 0 0 8 8 2 2 4 4 12 12 12 12 12 12 4 4 4 4 4 4 4 4 4 4 4 4 4 4
4 4 4 4 4 4 4 4 4 4 4 4 12 12 12 12 12 12 4 4 2 2 8 8 0 0 4 4 8 8 8 8 8 8 4 4 0 0 8 8 2 2 4 4 12 12 12 12 12 12 4 4 4 4 4 4 4 4 4 4 4 4 4 4
4 4 4 4 4 4 4 4 4 4 4 4 12 12 12 12 12 12 4 4 0 0 0 0 2 2 4 4 8 8 8 8 8 8 4 4 2 2 0 0 2 2 4 4 12 12 12 12 12 12 4 4 4 4 4 4 4 4 4 4 4 4 4 4
4 4 4 4 4 4 4 4 4 4 4 4 12 12 12 12 12 12 4 4 0 0 0 0 2 2 4 4 8 8 8 8 8 8 4 4 2 2 0 0 2 2 4 4 12 12 12 12 12 12 4 4 4 4 4 4 4 4 4 4 4 4 4 4
4 4 4 4 4 4 4 4 4 4 4 4 4 4 4 4 4 4 4 4 4 4 4 4 4 4 4 4 4 4 4 4 4 4 4 4 4 4 4 4 4 4 4 4 4 4 4 4 4 4 4 4 4 4 4 4 4 4 4 4 4 4 4 4
4 4 4 4 4 4 4 4 4 4 4 4 4 4 4 4 4 4 4 4 4 4 4 4 4 4 4 4 4 4 4 4 4 4 4 4 4 4 4 4 4 4 4 4 4 4 4 4 4 4 4 4 4 4 4 4 4 4 4 4 4 4 4 4
4 4 4 4 4 4 4 4 4 4 4 4 8 8 8 8 8 8 4 4 8 8 8 8 8 8 4 4 12 12 12 12 12 12 4 4 8 8 8 8 8 8 4 4 12 12 12 12 12 12 4 4 4 4 4 4 4 4 4 4 4 4 4 4
4 4 4 4 4 4 4 4 4 4 4 4 8 8 8 8 8 8 4 4 8 8 8 8 8 8 4 4 12 12 12 12 12 12 4 4 8 8 8 8 8 8 4 4 12 12 12 12 12 12 4 4 4 4 4 4 4 4 4 4 4 4 4 4
4 4 4 4 4 4 4 4 4 4 4 4 8 8 8 8 8 8 4 4 8 8 8 8 8 8 4 4 12 12 12 12 12 12 4 4 8 8 8 8 8 8 4 4 12 12 12 12 12 12 4 4 4 4 4 4 4 4 4 4 4 4 4 4
4 4 4 4 4 4 4 4 4 4 4 4 8 8 8 8 8 8 4 4 8 8 8 8 8 8 4 4 12 12 12 12 12 12 4 4 8 8 8 8 8 8 4 4 12 12 12 12 12 12 4 4 4 4 4 4 4 4 4 4 4 4 4 4
4 4 4 4 4 4 4 4 4 4 4 4 8 8 8 8 8 8 4 4 8 8 8 8 8 8 4 4 12 12 12 12 12 12 4 4 8 8 8 8 8 8 4 4 12 12 12 12 12 12 4 4 4 4 4 4 4 4 4 4 4 4 4 4
4 4 4 4 4 4 4 4 4 4 4 4 8 8 8 8 8 8 4 4 8 8 8 8 8 8 4 4 12 12 12 12 12 12 4 4 8 8 8 8 8 8 4 4 12 12 12 12 12 12 4 4 4 4 4 4 4 4 4 4 4 4 4 4
4 4 4 4 4 4 4 4 4 4 4 4 4 4 4 4 4 4 4 4 4 4 4 4 4 4 4 4 4 4 4 4 4 4 4 4 4 4 4 4 4 4 4 4 4 4 4 4 4 4 4 4 4 4 4 4 4 4 4 4 4 4 4 4
4 4 4 4 4 4 4 4 4 4 4 4 4 4 4 4 4 4 4 4 4 4 4 4 4 4 4 4 4 4 4 4 4 4 4 4 4 4 4 4 4 4 4 4 4 4 4 4 4 4 4 4 4 4 4 4 4 4 4 4 4 4 4 4
4 4 4 4 4 4 4 4 4 4 4 4 4 4 4 4 4 4 4 4 12 12 12 12 12 12 4 4 2 2 0 0 2 2 4 4 8 8 8 8 8 8 4 4 4 4 4 4 4 4 4 4 4 4 4 4 4 4 4 4 4 4 4 4
4 4 4 4 4 4 4 4 4 4 4 4 4 4 4 4 4 4 4 4 12 12 12 12 12 12 4 4 2 2 0 0 2 2 4 4 8 8 8 8 8 8 4 4 4 4 4 4 4 4 4 4 4 4 4 4 4 4 4 4 4 4 4 4
4 4 4 4 4 4 4 4 4 4 4 4 4 4 4 4 4 4 4 4 12 12 12 12 12 12 4 4 0 0 12 12 2 2 4 4 8 8 8 8 8 8 4 4 4 4 4 4 4 4 4 4 4 4 4 4 4 4 4 4 4 4 4 4
4 4 4 4 4 4 4 4 4 4 4 4 4 4 4 4 4 4 4 4 12 12 12 12 12 12 4 4 0 0 12 12 2 2 4 4 8 8 8 8 8 8 4 4 4 4 4 4 4 4 4 4 4 4 4 4 4 4 4 4 4 4 4 4
4 4 4 4 4 4 4 4 4 4 4 4 4 4 4 4 4 4 4 4 12 12 12 12 12 12 4 4 0 0 0 0 0 0 4 4 8 8 8 8 8 8 4 4 4 4 4 4 4 4 4 4 4 4 4 4 4 4 4 4 4 4 4 4
4 4 4 4 4 4 4 4 4 4 4 4 4 4 4 4 4 4 4 4 12 12 12 12 12 12 4 4 0 0 0 0 0 0 4 4 8 8 8 8 8 8 4 4 4 4 4 4 4 4 4 4 4 4 4 4 4 4 4 4 4 4 4 4
4 4 4 4 4 4 4 4 4 4 4 4 4 4 4 4 4 4 4 4 4 4 4 4 4 4 4 4 4 4 4 4 4 4 4 4 4 4 4 4 4 4 4 4 4 4 4 4 4 4 4 4 4 4 4 4 4 4 4 4 4 4 4 4
4 4 4 4 4 4 4 4 4 4 4 4 4 4 4 4 4 4 4 4 4 4 4 4 4 4 4 4 4 4 4 4 4 4 4 4 4 4 4 4 4 4 4 4 4 4 4 4 4 4 4 4 4 4 4 4 4 4 4 4 4 4 4 4
4 4 4 4 4 4 4 4 4 4 4 4 4 4 4 4 4 4 4 4 8 8 8 8 8 8 4 4 8 8 8 8 8 8 4 4 8 8 8 8 8 8 4 4 4 4 4 4 4 4 4 4 4 4 4 4 4 4 4 4 4 4 4 4
4 4 4 4 4 4 4 4 4 4 4 4 4 4 4 4 4 4 4 4 8 8 8 8 8 8 4 4 8 8 8 8 8 8 4 4 8 8 8 8 8 8 4 4 4 4 4 4 4 4 4 4 4 4 4 4 4 4 4 4 4 4 4 4
4 4 4 4 4 4 4 4 4 4 4 4 4 4 4 4 4 4 4 4 8 8 8 8 8 8 4 4 8 8 8 8 8 8 4 4 8 8 8 8 8 8 4 4 4 4 4 4 4 4 4 4 4 4 4 4 4 4 4 4 4 4 4 4
4 4 4 4 4 4 4 4 4 4 4 4 4 4 4 4 4 4 4 4 8 8 8 8 8 8 4 4 8 8 8 8 8 8 4 4 8 8 8 8 8 8 4 4 4 4 4 4 4 4 4 4 4 4 4 4 4 4 4 4 4 4 4 4
4 4 4 4 4 4 4 4 4 4 4 4 4 4 4 4 4 4 4 4 8 8 8 8 8 8 4 4 8 8 8 8 8 8 4 4 8 8 8 8 8 8 4 4 4 4 4 4 4 4 4 4 4 4 4 4 4 4 4 4 4 4 4 4
4 4 4 4 4 4 4 4 4 4 4 4 4 4 4 4 4 4 4 4 8 8 8 8 8 8 4 4 8 8 8 8 8 8 4 4 8 8 8 8 8 8 4 4 4 4 4 4 4 4 4 4 4 4 4 4 4 4 4 4 4 4 4 4
4 4 4 4 4 4 4 4 4 4 4 4 4 4 4 4 4 4 4 4 4 4 4 4 4 4 4 4 4 4 4 4 4 4 4 4 4 4 4 4 4 4 4 4 4 4 4 4 4 4 4 4 4 4 4 4 4 4 4 4 4 4 4 4
4 4 4 4 4 4 4 4 4 4 4 4 4 4 4 4 4 4 4 4 4 4 4 4 4 4 4 4 4 4 4 4 4 4 4 4 4 4 4 4 4 4 4 4 4 4 4 4 4 4 4 4 4 4 4 4 4 4 4 4 4 4 4 4
4 4 4 4 4 4 4 4 4 4 4 4 4 4 4 4 4 4 4 4 4 4 4 4 4 4 4 4 4 4 4 4 4 4 4 4 4 4 4 4 4 4 4 4 4 4 4 4 4 4 4 4 4 4 4 4 4 4 4 4 4 4 4 4
4 4 4 4 4 4 4 4 4 4 4 4 4 4 4 4 4 4 4 4 4 4 4 4 4 4 4 4 4 4 4 4 4 4 4 4 4 4 4 4 4 4 4 4 4 4 4 4 4 4 4 4 4 4 4 4 4 4 4 4 4 4 4 4
4 4 4 4 4 4 4 4 4 4 4 4 4 4 4 4 4 4 4 4 4 4 4 4 4 4 4 4 4 4 4 4 4 4 4 4 4 4 4 4 4 4 4 4 4 4 4 4 4 4 4 4 4 4 4 4 4 4 4 4 4 4 4 4
12 12 12 12 12 12 12 12 12 12 12 12 12 12 12 12 12 12 12 12 12 12 12 12 12 12 12 12 12 12 12 12 12 12 12 12 12 12 12 12 12 12 12 12 12 12 12 12 12 12 12 12 12 12 12 12 12 11 11 11 11 11 11 11
[LEVELS] 2/6
[STATE] NOT_FINISHED
[AVAILABLE] ACTION6
[DIFF] 36 cells: (20,44) 8>12; (21,44) 8>12; (22,44) 8>12; (23,44) 8>12; (24,44) 8>12; (25,44) 8>12; (20,45) 8>12; (21,45) 8>12; (22,45) 8>12; (23,45) 8>12; (24,45) 8>12; (25,45) 8>12; (20,46) 8>12; (21,46) 8>12; (22,46) 8>12; (23,46) 8>12; (24,46) 8>12; (25,46) 8>12; (20,47) 8>12; (21,47) 8>12; (22,47) 8>12; (23,47) 8>12; (24,47) 8>12; (25,47) 8>12; (20,48) 8>12; (21,48) 8>12; (22,48) 8>12; (23,48) 8>12; (24,48) 8>12; (25,48) 8>12; (20,49) 8>12; (21,49) 8>12; (22,49) 8>12; (23,49) 8>12; (24,49) 8>12; (25,49) 8>12

[STEP 23]
[ACTION] ACTION6 x=22 y=54
[BOARD] 1/1 settled
4 4 4 4 4 4 4 4 4 4 4 4 4 4 4 4 4 4 4 4 4 4 4 4 4 4 4 4 4 4 4 4 4 4 4 4 4 4 4 4 4 4 4 4 4 4 4 4 4 4 4 4 4 4 4 4 4 4 4 4 8 8 8 8
4 4 4 4 4 4 4 4 4 4 4 4 4 4 4 4 4 4 4 4 4 4 4 4 4 4 4 4 4 4 4 4 4 4 4 4 4 4 4 4 4 4 4 4 4 4 4 4 4 4 4 4 4 4 4 4 4 4 4 4 8 8 8 8
4 4 4 4 4 4 4 4 4 4 4 4 4 4 4 4 4 4 4 4 4 4 4 4 4 4 4 4 4 4 4 4 4 4 4 4 4 4 4 4 4 4 4 4 4 4 4 4 4 4 4 4 4 4 4 4 4 4 4 4 8 8 8 8
4 4 4 4 4 4 4 4 4 4 4 4 4 4 4 4 4 4 4 4 4 4 4 4 4 4 4 4 4 4 4 4 4 4 4 4 4 4 4 4 4 4 4 4 4 4 4 4 4 4 4 4 4 4 4 4 4 4 4 4 8 8 8 8
4 4 4 4 4 4 4 4 4 4 4 4 4 4 4 4 4 4 4 4 12 12 12 12 12 12 4 4 12 12 12 12 12 12 4 4 12 12 12 12 12 12 4 4 4 4 4 4 4 4 4 4 4 4 4 4 4 4 4 4 12 12 12 12
4 4 4 4 4 4 4 4 4 4 4 4 4 4 4 4 4 4 4 4 12 12 12 12 12 12 4 4 12 12 12 12 12 12 4 4 12 12 12 12 12 12 4 4 4 4 4 4 4 4 4 4 4 4 4 4 4 4 4 4 12 12 12 12
4 4 4 4 4 4 4 4 4 4 4 4 4 4 4 4 4 4 4 4 12 12 12 12 12 12 4 4 12 12 12 12 12 12 4 4 12 12 12 12 12 12 4 4 4 4 4 4 4 4 4 4 4 4 4 4 4 4 4 4 12 12 12 12
4 4 4 4 4 4 4 4 4 4 4 4 4 4 4 4 4 4 4 4 12 12 12 12 12 12 4 4 12 12 12 12 12 12 4 4 12 12 12 12 12 12 4 4 4 4 4 4 4 4 4 4 4 4 4 4 4 4 4 4 12 12 12 12
4 4 4 4 4 4 4 4 4 4 4 4 4 4 4 4 4 4 4 4 12 12 12 12 12 12 4 4 12 12 12 12 12 12 4 4 12 12 12 12 12 12 4 4 4 4 4 4 4 4 4 4 4 4 4 4 4 4 4 4 4 4 4 4
4 4 4 4 4 4 4 4 4 4 4 4 4 4 4 4 4 4 4 4 12 12 12 12 12 12 4 4 12 12 12 12 12 12 4 4 12 12 12 12 12 12 4 4 4 4 4 4 4 4 4 4 4 4 4 4 4 4 4 4 4 4 4 4
4 4 4 4 4 4 4 4 4 4 4 4 4 4 4 4 4 4 4 4 4 4 4 4 4 4 4 4 4 4 4 4 4 4 4 4 4 4 4 4 4 4 4 4 4 4 4 4 4 4 4 4 4 4 4 4 4 4 4 4 4 4 4 4
4 4 4 4 4 4 4 4 4 4 4 4 4 4 4 4 4 4 4 4 4 4 4 4 4 4 4 4 4 4 4 4 4 4 4 4 4 4 4 4 4 4 4 4 4 4 4 4 4 4 4 4 4 4 4 4 4 4 4 4 4 4 4 4
4 4 4 4 4 4 4 4 4 4 4 4 4 4 4 4 4 4 4 4 12 12 12 12 12 12 4 4 0 0 0 0 0 0 4 4 8 8 8 8 8 8 4 4 4 4 4 4 4 4 4 4 4 4 4 4 4 4 4 4 4 4 4 4
4 4 4 4 4 4 4 4 4 4 4 4 4 4 4 4 4 4 4 4 12 12 12 12 12 12 4 4 0 0 0 0 0 0 4 4 8 8 8 8 8 8 4 4 4 4 4 4 4 4 4 4 4 4 4 4 4 4 4 4 4 4 4 4
4 4 4 4 4 4 4 4 4 4 4 4 4 4 4 4 4 4 4 4 12 12 12 12 12 12 4 4 0 0 12 12 2 2 4 4 8 8 8 8 8 8 4 4 4 4 4 4 4 4 4 4 4 4 4 4 4 4 4 4 4 4 4 4
4 4 4 4 4 4 4 4 4 4 4 4 4 4 4 4 4 4 4 4 12 12 12 12 12 12 4 4 0 0 12 12 2 2 4 4 8 8 8 8 8 8 4 4 4 4 4 4 4 4 4 4 4 4 4 4 4 4 4 4 4 4 4 4
4 4 4 4 4 4 4 4 4 4 4 4 4 4 4 4 4 4 4 4 12 12 12 12 12 12 4 4 2 2 0 0 2 2 4 4 8 8 8 8 8 8 4 4 4 4 4 4 4 4 4 4 4 4 4 4 4 4 4 4 4 4 4 4
4 4 4 4 4 4 4 4 4 4 4 4 4 4 4 4 4 4 4 4 12 12 12 12 12 12 4 4 2 2 0 0 2 2 4 4 8 8 8 8 8 8 4 4 4 4 4 4 4 4 4 4 4 4 4 4 4 4 4 4 4 4 4 4
4 4 4 4 4 4 4 4 4 4 4 4 4 4 4 4 4 4 4 4 4 4 4 4 4 4 4 4 4 4 4 4 4 4 4 4 4 4 4 4 4 4 4 4 4 4 4 4 4 4 4 4 4 4 4 4 4 4 4 4 4 4 4 4
4 4 4 4 4 4 4 4 4 4 4 4 4 4 4 4 4 4 4 4 4 4 4 4 4 4 4 4 4 4 4 4 4 4 4 4 4 4 4 4 4 4 4 4 4 4 4 4 4 4 4 4 4 4 4 4 4 4 4 4 4 4 4 4
4 4 4 4 4 4 4 4 4 4 4 4 12 12 12 12 12 12 4 4 8 8 8 8 8 8 4 4 12 12 12 12 12 12 4 4 8 8 8 8 8 8 4 4 8 8 8 8 8 8 4 4 4 4 4 4 4 4 4 4 4 4 4 4
4 4 4 4 4 4 4 4 4 4 4 4 12 12 12 12 12 12 4 4 8 8 8 8 8 8 4 4 12 12 12 12 12 12 4 4 8 8 8 8 8 8 4 4 8 8 8 8 8 8 4 4 4 4 4 4 4 4 4 4 4 4 4 4
4 4 4 4 4 4 4 4 4 4 4 4 12 12 12 12 12 12 4 4 8 8 8 8 8 8 4 4 12 12 12 12 12 12 4 4 8 8 8 8 8 8 4 4 8 8 8 8 8 8 4 4 4 4 4 4 4 4 4 4 4 4 4 4
4 4 4 4 4 4 4 4 4 4 4 4 12 12 12 12 12 12 4 4 8 8 8 8 8 8 4 4 12 12 12 12 12 12 4 4 8 8 8 8 8 8 4 4 8 8 8 8 8 8 4 4 4 4 4 4 4 4 4 4 4 4 4 4
4 4 4 4 4 4 4 4 4 4 4 4 12 12 12 12 12 12 4 4 8 8 8 8 8 8 4 4 12 12 12 12 12 12 4 4 8 8 8 8 8 8 4 4 8 8 8 8 8 8 4 4 4 4 4 4 4 4 4 4 4 4 4 4
4 4 4 4 4 4 4 4 4 4 4 4 12 12 12 12 12 12 4 4 8 8 8 8 8 8 4 4 12 12 12 12 12 12 4 4 8 8 8 8 8 8 4 4 8 8 8 8 8 8 4 4 4 4 4 4 4 4 4 4 4 4 4 4
4 4 4 4 4 4 4 4 4 4 4 4 4 4 4 4 4 4 4 4 4 4 4 4 4 4 4 4 4 4 4 4 4 4 4 4 4 4 4 4 4 4 4 4 4 4 4 4 4 4 4 4 4 4 4 4 4 4 4 4 4 4 4 4
4 4 4 4 4 4 4 4 4 4 4 4 4 4 4 4 4 4 4 4 4 4 4 4 4 4 4 4 4 4 4 4 4 4 4 4 4 4 4 4 4 4 4 4 4 4 4 4 4 4 4 4 4 4 4 4 4 4 4 4 4 4 4 4
4 4 4 4 4 4 4 4 4 4 4 4 12 12 12 12 12 12 4 4 2 2 0 0 2 2 4 4 8 8 8 8 8 8 4 4 2 2 0 0 0 0 4 4 12 12 12 12 12 12 4 4 4 4 4 4 4 4 4 4 4 4 4 4
4 4 4 4 4 4 4 4 4 4 4 4 12 12 12 12 12 12 4 4 2 2 0 0 2 2 4 4 8 8 8 8 8 8 4 4 2 2 0 0 0 0 4 4 12 12 12 12 12 12 4 4 4 4 4 4 4 4 4 4 4 4 4 4
4 4 4 4 4 4 4 4 4 4 4 4 12 12 12 12 12 12 4 4 2 2 8 8 0 0 4 4 8 8 8 8 8 8 4 4 0 0 8 8 2 2 4 4 12 12 12 12 12 12 4 4 4 4 4 4 4 4 4 4 4 4 4 4
4 4 4 4 4 4 4 4 4 4 4 4 12 12 12 12 12 12 4 4 2 2 8 8 0 0 4 4 8 8 8 8 8 8 4 4 0 0 8 8 2 2 4 4 12 12 12 12 12 12 4 4 4 4 4 4 4 4 4 4 4 4 4 4
4 4 4 4 4 4 4 4 4 4 4 4 12 12 12 12 12 12 4 4 0 0 0 0 2 2 4 4 8 8 8 8 8 8 4 4 2 2 0 0 2 2 4 4 12 12 12 12 12 12 4 4 4 4 4 4 4 4 4 4 4 4 4 4
4 4 4 4 4 4 4 4 4 4 4 4 12 12 12 12 12 12 4 4 0 0 0 0 2 2 4 4 8 8 8 8 8 8 4 4 2 2 0 0 2 2 4 4 12 12 12 12 12 12 4 4 4 4 4 4 4 4 4 4 4 4 4 4
4 4 4 4 4 4 4 4 4 4 4 4 4 4 4 4 4 4 4 4 4 4 4 4 4 4 4 4 4 4 4 4 4 4 4 4 4 4 4 4 4 4 4 4 4 4 4 4 4 4 4 4 4 4 4 4 4 4 4 4 4 4 4 4
4 4 4 4 4 4 4 4 4 4 4 4 4 4 4 4 4 4 4 4 4 4 4 4 4 4 4 4 4 4 4 4 4 4 4 4 4 4 4 4 4 4 4 4 4 4 4 4 4 4 4 4 4 4 4 4 4 4 4 4 4 4 4 4
4 4 4 4 4 4 4 4 4 4 4 4 8 8 8 8 8 8 4 4 8 8 8 8 8 8 4 4 12 12 12 12 12 12 4 4 8 8 8 8 8 8 4 4 12 12 12 12 12 12 4 4 4 4 4 4 4 4 4 4 4 4 4 4
4 4 4 4 4 4 4 4 4 4 4 4 8 8 8 8 8 8 4 4 8 8 8 8 8 8 4 4 12 12 12 12 12 12 4 4 8 8 8 8 8 8 4 4 12 12 12 12 12 12 4 4 4 4 4 4 4 4 4 4 4 4 4 4
4 4 4 4 4 4 4 4 4 4 4 4 8 8 8 8 8 8 4 4 8 8 8 8 8 8 4 4 12 12 12 12 12 12 4 4 8 8 8 8 8 8 4 4 12 12 12 12 12 12 4 4 4 4 4 4 4 4 4 4 4 4 4 4
4 4 4 4 4 4 4 4 4 4 4 4 8 8 8 8 8 8 4 4 8 8 8 8 8 8 4 4 12 12 12 12 12 12 4 4 8 8 8 8 8 8 4 4 12 12 12 12 12 12 4 4 4 4 4 4 4 4 4 4 4 4 4 4
4 4 4 4 4 4 4 4 4 4 4 4 8 8 8 8 8 8 4 4 8 8 8 8 8 8 4 4 12 12 12 12 12 12 4 4 8 8 8 8 8 8 4 4 12 12 12 12 12 12 4 4 4 4 4 4 4 4 4 4 4 4 4 4
4 4 4 4 4 4 4 4 4 4 4 4 8 8 8 8 8 8 4 4 8 8 8 8 8 8 4 4 12 12 12 12 12 12 4 4 8 8 8 8 8 8 4 4 12 12 12 12 12 12 4 4 4 4 4 4 4 4 4 4 4 4 4 4
4 4 4 4 4 4 4 4 4 4 4 4 4 4 4 4 4 4 4 4 4 4 4 4 4 4 4 4 4 4 4 4 4 4 4 4 4 4 4 4 4 4 4 4 4 4 4 4 4 4 4 4 4 4 4 4 4 4 4 4 4 4 4 4
4 4 4 4 4 4 4 4 4 4 4 4 4 4 4 4 4 4 4 4 4 4 4 4 4 4 4 4 4 4 4 4 4 4 4 4 4 4 4 4 4 4 4 4 4 4 4 4 4 4 4 4 4 4 4 4 4 4 4 4 4 4 4 4
4 4 4 4 4 4 4 4 4 4 4 4 4 4 4 4 4 4 4 4 12 12 12 12 12 12 4 4 2 2 0 0 2 2 4 4 8 8 8 8 8 8 4 4 4 4 4 4 4 4 4 4 4 4 4 4 4 4 4 4 4 4 4 4
4 4 4 4 4 4 4 4 4 4 4 4 4 4 4 4 4 4 4 4 12 12 12 12 12 12 4 4 2 2 0 0 2 2 4 4 8 8 8 8 8 8 4 4 4 4 4 4 4 4 4 4 4 4 4 4 4 4 4 4 4 4 4 4
4 4 4 4 4 4 4 4 4 4 4 4 4 4 4 4 4 4 4 4 12 12 12 12 12 12 4 4 0 0 12 12 2 2 4 4 8 8 8 8 8 8 4 4 4 4 4 4 4 4 4 4 4 4 4 4 4 4 4 4 4 4 4 4
4 4 4 4 4 4 4 4 4 4 4 4 4 4 4 4 4 4 4 4 12 12 12 12 12 12 4 4 0 0 12 12 2 2 4 4 8 8 8 8 8 8 4 4 4 4 4 4 4 4 4 4 4 4 4 4 4 4 4 4 4 4 4 4
4 4 4 4 4 4 4 4 4 4 4 4 4 4 4 4 4 4 4 4 12 12 12 12 12 12 4 4 0 0 0 0 0 0 4 4 8 8 8 8 8 8 4 4 4 4 4 4 4 4 4 4 4 4 4 4 4 4 4 4 4 4 4 4
4 4 4 4 4 4 4 4 4 4 4 4 4 4 4 4 4 4 4 4 12 12 12 12 12 12 4 4 0 0 0 0 0 0 4 4 8 8 8 8 8 8 4 4 4 4 4 4 4 4 4 4 4 4 4 4 4 4 4 4 4 4 4 4
4 4 4 4 4 4 4 4 4 4 4 4 4 4 4 4 4 4 4 4 4 4 4 4 4 4 4 4 4 4 4 4 4 4 4 4 4 4 4 4 4 4 4 4 4 4 4 4 4 4 4 4 4 4 4 4 4 4 4 4 4 4 4 4
4 4 4 4 4 4 4 4 4 4 4 4 4 4 4 4 4 4 4 4 4 4 4 4 4 4 4 4 4 4 4 4 4 4 4 4 4 4 4 4 4 4 4 4 4 4 4 4 4 4 4 4 4 4 4 4 4 4 4 4 4 4 4 4
4 4 4 4 4 4 4 4 4 4 4 4 4 4 4 4 4 4 4 4 12 12 12 12 12 12 4 4 8 8 8 8 8 8 4 4 8 8 8 8 8 8 4 4 4 4 4 4 4 4 4 4 4 4 4 4 4 4 4 4 4 4 4 4
4 4 4 4 4 4 4 4 4 4 4 4 4 4 4 4 4 4 4 4 12 12 12 12 12 12 4 4 8 8 8 8 8 8 4 4 8 8 8 8 8 8 4 4 4 4 4 4 4 4 4 4 4 4 4 4 4 4 4 4 4 4 4 4
4 4 4 4 4 4 4 4 4 4 4 4 4 4 4 4 4 4 4 4 12 12 12 12 12 12 4 4 8 8 8 8 8 8 4 4 8 8 8 8 8 8 4 4 4 4 4 4 4 4 4 4 4 4 4 4 4 4 4 4 4 4 4 4
4 4 4 4 4 4 4 4 4 4 4 4 4 4 4 4 4 4 4 4 12 12 12 12 12 12 4 4 8 8 8 8 8 8 4 4 8 8 8 8 8 8 4 4 4 4 4 4 4 4 4 4 4 4 4 4 4 4 4 4 4 4 4 4
4 4 4 4 4 4 4 4 4 4 4 4 4 4 4 4 4 4 4 4 12 12 12 12 12 12 4 4 8 8 8 8 8 8 4 4 8 8 8 8 8 8 4 4 4 4 4 4 4 4 4 4 4 4 4 4 4 4 4 4 4 4 4 4
4 4 4 4 4 4 4 4 4 4 4 4 4 4 4 4 4 4 4 4 12 12 12 12 12 12 4 4 8 8 8 8 8 8 4 4 8 8 8 8 8 8 4 4 4 4 4 4 4 4 4 4 4 4 4 4 4 4 4 4 4 4 4 4
4 4 4 4 4 4 4 4 4 4 4 4 4 4 4 4 4 4 4 4 4 4 4 4 4 4 4 4 4 4 4 4 4 4 4 4 4 4 4 4 4 4 4 4 4 4 4 4 4 4 4 4 4 4 4 4 4 4 4 4 4 4 4 4
4 4 4 4 4 4 4 4 4 4 4 4 4 4 4 4 4 4 4 4 4 4 4 4 4 4 4 4 4 4 4 4 4 4 4 4 4 4 4 4 4 4 4 4 4 4 4 4 4 4 4 4 4 4 4 4 4 4 4 4 4 4 4 4
4 4 4 4 4 4 4 4 4 4 4 4 4 4 4 4 4 4 4 4 4 4 4 4 4 4 4 4 4 4 4 4 4 4 4 4 4 4 4 4 4 4 4 4 4 4 4 4 4 4 4 4 4 4 4 4 4 4 4 4 4 4 4 4
4 4 4 4 4 4 4 4 4 4 4 4 4 4 4 4 4 4 4 4 4 4 4 4 4 4 4 4 4 4 4 4 4 4 4 4 4 4 4 4 4 4 4 4 4 4 4 4 4 4 4 4 4 4 4 4 4 4 4 4 4 4 4 4
4 4 4 4 4 4 4 4 4 4 4 4 4 4 4 4 4 4 4 4 4 4 4 4 4 4 4 4 4 4 4 4 4 4 4 4 4 4 4 4 4 4 4 4 4 4 4 4 4 4 4 4 4 4 4 4 4 4 4 4 4 4 4 4
12 12 12 12 12 12 12 12 12 12 12 12 12 12 12 12 12 12 12 12 12 12 12 12 12 12 12 12 12 12 12 12 12 12 12 12 12 12 12 12 12 12 12 12 12 12 12 12 12 12 12 12 12 12 12 12 11 11 11 11 11 11 11 11
[LEVELS] 2/6
[STATE] NOT_FINISHED
[AVAILABLE] ACTION6
[DIFF] 37 cells: (20,52) 8>12; (21,52) 8>12; (22,52) 8>12; (23,52) 8>12; (24,52) 8>12; (25,52) 8>12; (20,53) 8>12; (21,53) 8>12; (22,53) 8>12; (23,53) 8>12; (24,53) 8>12; (25,53) 8>12; (20,54) 8>12; (21,54) 8>12; (22,54) 8>12; (23,54) 8>12; (24,54) 8>12; (25,54) 8>12; (20,55) 8>12; (21,55) 8>12; (22,55) 8>12; (23,55) 8>12; (24,55) 8>12; (25,55) 8>12; (20,56) 8>12; (21,56) 8>12; (22,56) 8>12; (23,56) 8>12; (24,56) 8>12; (25,56) 8>12; (20,57) 8>12; (21,57) 8>12; (22,57) 8>12; (23,57) 8>12; (24,57) 8>12; (25,57) 8>12; (56,63) 12>11

[STEP 24]
[ACTION] ACTION6 x=30 y=54
[BOARD] 1/1 settled
4 4 4 4 4 4 4 4 4 4 4 4 4 4 4 4 4 4 4 4 4 4 4 4 4 4 4 4 4 4 4 4 4 4 4 4 4 4 4 4 4 4 4 4 4 4 4 4 4 4 4 4 4 4 4 4 4 4 4 4 8 8 8 8
4 4 4 4 4 4 4 4 4 4 4 4 4 4 4 4 4 4 4 4 4 4 4 4 4 4 4 4 4 4 4 4 4 4 4 4 4 4 4 4 4 4 4 4 4 4 4 4 4 4 4 4 4 4 4 4 4 4 4 4 8 8 8 8
4 4 4 4 4 4 4 4 4 4 4 4 4 4 4 4 4 4 4 4 4 4 4 4 4 4 4 4 4 4 4 4 4 4 4 4 4 4 4 4 4 4 4 4 4 4 4 4 4 4 4 4 4 4 4 4 4 4 4 4 8 8 8 8
4 4 4 4 4 4 4 4 4 4 4 4 4 4 4 4 4 4 4 4 4 4 4 4 4 4 4 4 4 4 4 4 4 4 4 4 4 4 4 4 4 4 4 4 4 4 4 4 4 4 4 4 4 4 4 4 4 4 4 4 8 8 8 8
4 4 4 4 4 4 4 4 4 4 4 4 4 4 4 4 4 4 4 4 12 12 12 12 12 12 4 4 12 12 12 12 12 12 4 4 12 12 12 12 12 12 4 4 4 4 4 4 4 4 4 4 4 4 4 4 4 4 4 4 12 12 12 12
4 4 4 4 4 4 4 4 4 4 4 4 4 4 4 4 4 4 4 4 12 12 12 12 12 12 4 4 12 12 12 12 12 12 4 4 12 12 12 12 12 12 4 4 4 4 4 4 4 4 4 4 4 4 4 4 4 4 4 4 12 12 12 12
4 4 4 4 4 4 4 4 4 4 4 4 4 4 4 4 4 4 4 4 12 12 12 12 12 12 4 4 12 12 12 12 12 12 4 4 12 12 12 12 12 12 4 4 4 4 4 4 4 4 4 4 4 4 4 4 4 4 4 4 12 12 12 12
4 4 4 4 4 4 4 4 4 4 4 4 4 4 4 4 4 4 4 4 12 12 12 12 12 12 4 4 12 12 12 12 12 12 4 4 12 12 12 12 12 12 4 4 4 4 4 4 4 4 4 4 4 4 4 4 4 4 4 4 12 12 12 12
4 4 4 4 4 4 4 4 4 4 4 4 4 4 4 4 4 4 4 4 12 12 12 12 12 12 4 4 12 12 12 12 12 12 4 4 12 12 12 12 12 12 4 4 4 4 4 4 4 4 4 4 4 4 4 4 4 4 4 4 4 4 4 4
4 4 4 4 4 4 4 4 4 4 4 4 4 4 4 4 4 4 4 4 12 12 12 12 12 12 4 4 12 12 12 12 12 12 4 4 12 12 12 12 12 12 4 4 4 4 4 4 4 4 4 4 4 4 4 4 4 4 4 4 4 4 4 4
4 4 4 4 4 4 4 4 4 4 4 4 4 4 4 4 4 4 4 4 4 4 4 4 4 4 4 4 4 4 4 4 4 4 4 4 4 4 4 4 4 4 4 4 4 4 4 4 4 4 4 4 4 4 4 4 4 4 4 4 4 4 4 4
4 4 4 4 4 4 4 4 4 4 4 4 4 4 4 4 4 4 4 4 4 4 4 4 4 4 4 4 4 4 4 4 4 4 4 4 4 4 4 4 4 4 4 4 4 4 4 4 4 4 4 4 4 4 4 4 4 4 4 4 4 4 4 4
4 4 4 4 4 4 4 4 4 4 4 4 4 4 4 4 4 4 4 4 12 12 12 12 12 12 4 4 0 0 0 0 0 0 4 4 8 8 8 8 8 8 4 4 4 4 4 4 4 4 4 4 4 4 4 4 4 4 4 4 4 4 4 4
4 4 4 4 4 4 4 4 4 4 4 4 4 4 4 4 4 4 4 4 12 12 12 12 12 12 4 4 0 0 0 0 0 0 4 4 8 8 8 8 8 8 4 4 4 4 4 4 4 4 4 4 4 4 4 4 4 4 4 4 4 4 4 4
4 4 4 4 4 4 4 4 4 4 4 4 4 4 4 4 4 4 4 4 12 12 12 12 12 12 4 4 0 0 12 12 2 2 4 4 8 8 8 8 8 8 4 4 4 4 4 4 4 4 4 4 4 4 4 4 4 4 4 4 4 4 4 4
4 4 4 4 4 4 4 4 4 4 4 4 4 4 4 4 4 4 4 4 12 12 12 12 12 12 4 4 0 0 12 12 2 2 4 4 8 8 8 8 8 8 4 4 4 4 4 4 4 4 4 4 4 4 4 4 4 4 4 4 4 4 4 4
4 4 4 4 4 4 4 4 4 4 4 4 4 4 4 4 4 4 4 4 12 12 12 12 12 12 4 4 2 2 0 0 2 2 4 4 8 8 8 8 8 8 4 4 4 4 4 4 4 4 4 4 4 4 4 4 4 4 4 4 4 4 4 4
4 4 4 4 4 4 4 4 4 4 4 4 4 4 4 4 4 4 4 4 12 12 12 12 12 12 4 4 2 2 0 0 2 2 4 4 8 8 8 8 8 8 4 4 4 4 4 4 4 4 4 4 4 4 4 4 4 4 4 4 4 4 4 4
4 4 4 4 4 4 4 4 4 4 4 4 4 4 4 4 4 4 4 4 4 4 4 4 4 4 4 4 4 4 4 4 4 4 4 4 4 4 4 4 4 4 4 4 4 4 4 4 4 4 4 4 4 4 4 4 4 4 4 4 4 4 4 4
4 4 4 4 4 4 4 4 4 4 4 4 4 4 4 4 4 4 4 4 4 4 4 4 4 4 4 4 4 4 4 4 4 4 4 4 4 4 4 4 4 4 4 4 4 4 4 4 4 4 4 4 4 4 4 4 4 4 4 4 4 4 4 4
4 4 4 4 4 4 4 4 4 4 4 4 12 12 12 12 12 12 4 4 8 8 8 8 8 8 4 4 12 12 12 12 12 12 4 4 8 8 8 8 8 8 4 4 8 8 8 8 8 8 4 4 4 4 4 4 4 4 4 4 4 4 4 4
4 4 4 4 4 4 4 4 4 4 4 4 12 12 12 12 12 12 4 4 8 8 8 8 8 8 4 4 12 12 12 12 12 12 4 4 8 8 8 8 8 8 4 4 8 8 8 8 8 8 4 4 4 4 4 4 4 4 4 4 4 4 4 4
4 4 4 4 4 4 4 4 4 4 4 4 12 12 12 12 12 12 4 4 8 8 8 8 8 8 4 4 12 12 12 12 12 12 4 4 8 8 8 8 8 8 4 4 8 8 8 8 8 8 4 4 4 4 4 4 4 4 4 4 4 4 4 4
4 4 4 4 4 4 4 4 4 4 4 4 12 12 12 12 12 12 4 4 8 8 8 8 8 8 4 4 12 12 12 12 12 12 4 4 8 8 8 8 8 8 4 4 8 8 8 8 8 8 4 4 4 4 4 4 4 4 4 4 4 4 4 4
4 4 4 4 4 4 4 4 4 4 4 4 12 12 12 12 12 12 4 4 8 8 8 8 8 8 4 4 12 12 12 12 12 12 4 4 8 8 8 8 8 8 4 4 8 8 8 8 8 8 4 4 4 4 4 4 4 4 4 4 4 4 4 4
4 4 4 4 4 4 4 4 4 4 4 4 12 12 12 12 12 12 4 4 8 8 8 8 8 8 4 4 12 12 12 12 12 12 4 4 8 8 8 8 8 8 4 4 8 8 8 8 8 8 4 4 4 4 4 4 4 4 4 4 4 4 4 4
4 4 4 4 4 4 4 4 4 4 4 4 4 4 4 4 4 4 4 4 4 4 4 4 4 4 4 4 4 4 4 4 4 4 4 4 4 4 4 4 4 4 4 4 4 4 4 4 4 4 4 4 4 4 4 4 4 4 4 4 4 4 4 4
4 4 4 4 4 4 4 4 4 4 4 4 4 4 4 4 4 4 4 4 4 4 4 4 4 4 4 4 4 4 4 4 4 4 4 4 4 4 4 4 4 4 4 4 4 4 4 4 4 4 4 4 4 4 4 4 4 4 4 4 4 4 4 4
4 4 4 4 4 4 4 4 4 4 4 4 12 12 12 12 12 12 4 4 2 2 0 0 2 2 4 4 8 8 8 8 8 8 4 4 2 2 0 0 0 0 4 4 12 12 12 12 12 12 4 4 4 4 4 4 4 4 4 4 4 4 4 4
4 4 4 4 4 4 4 4 4 4 4 4 12 12 12 12 12 12 4 4 2 2 0 0 2 2 4 4 8 8 8 8 8 8 4 4 2 2 0 0 0 0 4 4 12 12 12 12 12 12 4 4 4 4 4 4 4 4 4 4 4 4 4 4
4 4 4 4 4 4 4 4 4 4 4 4 12 12 12 12 12 12 4 4 2 2 8 8 0 0 4 4 8 8 8 8 8 8 4 4 0 0 8 8 2 2 4 4 12 12 12 12 12 12 4 4 4 4 4 4 4 4 4 4 4 4 4 4
4 4 4 4 4 4 4 4 4 4 4 4 12 12 12 12 12 12 4 4 2 2 8 8 0 0 4 4 8 8 8 8 8 8 4 4 0 0 8 8 2 2 4 4 12 12 12 12 12 12 4 4 4 4 4 4 4 4 4 4 4 4 4 4
4 4 4 4 4 4 4 4 4 4 4 4 12 12 12 12 12 12 4 4 0 0 0 0 2 2 4 4 8 8 8 8 8 8 4 4 2 2 0 0 2 2 4 4 12 12 12 12 12 12 4 4 4 4 4 4 4 4 4 4 4 4 4 4
4 4 4 4 4 4 4 4 4 4 4 4 12 12 12 12 12 12 4 4 0 0 0 0 2 2 4 4 8 8 8 8 8 8 4 4 2 2 0 0 2 2 4 4 12 12 12 12 12 12 4 4 4 4 4 4 4 4 4 4 4 4 4 4
4 4 4 4 4 4 4 4 4 4 4 4 4 4 4 4 4 4 4 4 4 4 4 4 4 4 4 4 4 4 4 4 4 4 4 4 4 4 4 4 4 4 4 4 4 4 4 4 4 4 4 4 4 4 4 4 4 4 4 4 4 4 4 4
4 4 4 4 4 4 4 4 4 4 4 4 4 4 4 4 4 4 4 4 4 4 4 4 4 4 4 4 4 4 4 4 4 4 4 4 4 4 4 4 4 4 4 4 4 4 4 4 4 4 4 4 4 4 4 4 4 4 4 4 4 4 4 4
4 4 4 4 4 4 4 4 4 4 4 4 8 8 8 8 8 8 4 4 8 8 8 8 8 8 4 4 12 12 12 12 12 12 4 4 8 8 8 8 8 8 4 4 12 12 12 12 12 12 4 4 4 4 4 4 4 4 4 4 4 4 4 4
4 4 4 4 4 4 4 4 4 4 4 4 8 8 8 8 8 8 4 4 8 8 8 8 8 8 4 4 12 12 12 12 12 12 4 4 8 8 8 8 8 8 4 4 12 12 12 12 12 12 4 4 4 4 4 4 4 4 4 4 4 4 4 4
4 4 4 4 4 4 4 4 4 4 4 4 8 8 8 8 8 8 4 4 8 8 8 8 8 8 4 4 12 12 12 12 12 12 4 4 8 8 8 8 8 8 4 4 12 12 12 12 12 12 4 4 4 4 4 4 4 4 4 4 4 4 4 4
4 4 4 4 4 4 4 4 4 4 4 4 8 8 8 8 8 8 4 4 8 8 8 8 8 8 4 4 12 12 12 12 12 12 4 4 8 8 8 8 8 8 4 4 12 12 12 12 12 12 4 4 4 4 4 4 4 4 4 4 4 4 4 4
4 4 4 4 4 4 4 4 4 4 4 4 8 8 8 8 8 8 4 4 8 8 8 8 8 8 4 4 12 12 12 12 12 12 4 4 8 8 8 8 8 8 4 4 12 12 12 12 12 12 4 4 4 4 4 4 4 4 4 4 4 4 4 4
4 4 4 4 4 4 4 4 4 4 4 4 8 8 8 8 8 8 4 4 8 8 8 8 8 8 4 4 12 12 12 12 12 12 4 4 8 8 8 8 8 8 4 4 12 12 12 12 12 12 4 4 4 4 4 4 4 4 4 4 4 4 4 4
4 4 4 4 4 4 4 4 4 4 4 4 4 4 4 4 4 4 4 4 4 4 4 4 4 4 4 4 4 4 4 4 4 4 4 4 4 4 4 4 4 4 4 4 4 4 4 4 4 4 4 4 4 4 4 4 4 4 4 4 4 4 4 4
4 4 4 4 4 4 4 4 4 4 4 4 4 4 4 4 4 4 4 4 4 4 4 4 4 4 4 4 4 4 4 4 4 4 4 4 4 4 4 4 4 4 4 4 4 4 4 4 4 4 4 4 4 4 4 4 4 4 4 4 4 4 4 4
4 4 4 4 4 4 4 4 4 4 4 4 4 4 4 4 4 4 4 4 12 12 12 12 12 12 4 4 2 2 0 0 2 2 4 4 8 8 8 8 8 8 4 4 4 4 4 4 4 4 4 4 4 4 4 4 4 4 4 4 4 4 4 4
4 4 4 4 4 4 4 4 4 4 4 4 4 4 4 4 4 4 4 4 12 12 12 12 12 12 4 4 2 2 0 0 2 2 4 4 8 8 8 8 8 8 4 4 4 4 4 4 4 4 4 4 4 4 4 4 4 4 4 4 4 4 4 4
4 4 4 4 4 4 4 4 4 4 4 4 4 4 4 4 4 4 4 4 12 12 12 12 12 12 4 4 0 0 12 12 2 2 4 4 8 8 8 8 8 8 4 4 4 4 4 4 4 4 4 4 4 4 4 4 4 4 4 4 4 4 4 4
4 4 4 4 4 4 4 4 4 4 4 4 4 4 4 4 4 4 4 4 12 12 12 12 12 12 4 4 0 0 12 12 2 2 4 4 8 8 8 8 8 8 4 4 4 4 4 4 4 4 4 4 4 4 4 4 4 4 4 4 4 4 4 4
4 4 4 4 4 4 4 4 4 4 4 4 4 4 4 4 4 4 4 4 12 12 12 12 12 12 4 4 0 0 0 0 0 0 4 4 8 8 8 8 8 8 4 4 4 4 4 4 4 4 4 4 4 4 4 4 4 4 4 4 4 4 4 4
4 4 4 4 4 4 4 4 4 4 4 4 4 4 4 4 4 4 4 4 12 12 12 12 12 12 4 4 0 0 0 0 0 0 4 4 8 8 8 8 8 8 4 4 4 4 4 4 4 4 4 4 4 4 4 4 4 4 4 4 4 4 4 4
4 4 4 4 4 4 4 4 4 4 4 4 4 4 4 4 4 4 4 4 4 4 4 4 4 4 4 4 4 4 4 4 4 4 4 4 4 4 4 4 4 4 4 4 4 4 4 4 4 4 4 4 4 4 4 4 4 4 4 4 4 4 4 4
4 4 4 4 4 4 4 4 4 4 4 4 4 4 4 4 4 4 4 4 4 4 4 4 4 4 4 4 4 4 4 4 4 4 4 4 4 4 4 4 4 4 4 4 4 4 4 4 4 4 4 4 4 4 4 4 4 4 4 4 4 4 4 4
4 4 4 4 4 4 4 4 4 4 4 4 4 4 4 4 4 4 4 4 12 12 12 12 12 12 4 4 12 12 12 12 12 12 4 4 8 8 8 8 8 8 4 4 4 4 4 4 4 4 4 4 4 4 4 4 4 4 4 4 4 4 4 4
4 4 4 4 4 4 4 4 4 4 4 4 4 4 4 4 4 4 4 4 12 12 12 12 12 12 4 4 12 12 12 12 12 12 4 4 8 8 8 8 8 8 4 4 4 4 4 4 4 4 4 4 4 4 4 4 4 4 4 4 4 4 4 4
4 4 4 4 4 4 4 4 4 4 4 4 4 4 4 4 4 4 4 4 12 12 12 12 12 12 4 4 12 12 12 12 12 12 4 4 8 8 8 8 8 8 4 4 4 4 4 4 4 4 4 4 4 4 4 4 4 4 4 4 4 4 4 4
4 4 4 4 4 4 4 4 4 4 4 4 4 4 4 4 4 4 4 4 12 12 12 12 12 12 4 4 12 12 12 12 12 12 4 4 8 8 8 8 8 8 4 4 4 4 4 4 4 4 4 4 4 4 4 4 4 4 4 4 4 4 4 4
4 4 4 4 4 4 4 4 4 4 4 4 4 4 4 4 4 4 4 4 12 12 12 12 12 12 4 4 12 12 12 12 12 12 4 4 8 8 8 8 8 8 4 4 4 4 4 4 4 4 4 4 4 4 4 4 4 4 4 4 4 4 4 4
4 4 4 4 4 4 4 4 4 4 4 4 4 4 4 4 4 4 4 4 12 12 12 12 12 12 4 4 12 12 12 12 12 12 4 4 8 8 8 8 8 8 4 4 4 4 4 4 4 4 4 4 4 4 4 4 4 4 4 4 4 4 4 4
4 4 4 4 4 4 4 4 4 4 4 4 4 4 4 4 4 4 4 4 4 4 4 4 4 4 4 4 4 4 4 4 4 4 4 4 4 4 4 4 4 4 4 4 4 4 4 4 4 4 4 4 4 4 4 4 4 4 4 4 4 4 4 4
4 4 4 4 4 4 4 4 4 4 4 4 4 4 4 4 4 4 4 4 4 4 4 4 4 4 4 4 4 4 4 4 4 4 4 4 4 4 4 4 4 4 4 4 4 4 4 4 4 4 4 4 4 4 4 4 4 4 4 4 4 4 4 4
4 4 4 4 4 4 4 4 4 4 4 4 4 4 4 4 4 4 4 4 4 4 4 4 4 4 4 4 4 4 4 4 4 4 4 4 4 4 4 4 4 4 4 4 4 4 4 4 4 4 4 4 4 4 4 4 4 4 4 4 4 4 4 4
4 4 4 4 4 4 4 4 4 4 4 4 4 4 4 4 4 4 4 4 4 4 4 4 4 4 4 4 4 4 4 4 4 4 4 4 4 4 4 4 4 4 4 4 4 4 4 4 4 4 4 4 4 4 4 4 4 4 4 4 4 4 4 4
4 4 4 4 4 4 4 4 4 4 4 4 4 4 4 4 4 4 4 4 4 4 4 4 4 4 4 4 4 4 4 4 4 4 4 4 4 4 4 4 4 4 4 4 4 4 4 4 4 4 4 4 4 4 4 4 4 4 4 4 4 4 4 4
12 12 12 12 12 12 12 12 12 12 12 12 12 12 12 12 12 12 12 12 12 12 12 12 12 12 12 12 12 12 12 12 12 12 12 12 12 12 12 12 12 12 12 12 12 12 12 12 12 12 12 12 12 12 12 11 11 11 11 11 11 11 11 11
[LEVELS] 2/6
[STATE] NOT_FINISHED
[AVAILABLE] ACTION6
[DIFF] 37 cells: (28,52) 8>12; (29,52) 8>12; (30,52) 8>12; (31,52) 8>12; (32,52) 8>12; (33,52) 8>12; (28,53) 8>12; (29,53) 8>12; (30,53) 8>12; (31,53) 8>12; (32,53) 8>12; (33,53) 8>12; (28,54) 8>12; (29,54) 8>12; (30,54) 8>12; (31,54) 8>12; (32,54) 8>12; (33,54) 8>12; (28,55) 8>12; (29,55) 8>12; (30,55) 8>12; (31,55) 8>12; (32,55) 8>12; (33,55) 8>12; (28,56) 8>12; (29,56) 8>12; (30,56) 8>12; (31,56) 8>12; (32,56) 8>12; (33,56) 8>12; (28,57) 8>12; (29,57) 8>12; (30,57) 8>12; (31,57) 8>12; (32,57) 8>12; (33,57) 8>12; (55,63) 12>11

[STEP 25]
[ACTION] ACTION6 x=38 y=54
[BOARD] 1/2 intermediate
4 4 4 4 4 4 4 4 4 4 4 4 4 4 4 4 4 4 4 4 4 4 4 4 4 4 4 4 4 4 4 4 4 4 4 4 4 4 4 4 4 4 4 4 4 4 4 4 4 4 4 4 4 4 4 4 4 4 4 4 8 8 8 8
4 4 4 4 4 4 4 4 4 4 4 4 4 4 4 4 4 4 4 4 4 4 4 4 4 4 4 4 4 4 4 4 4 4 4 4 4 4 4 4 4 4 4 4 4 4 4 4 4 4 4 4 4 4 4 4 4 4 4 4 8 8 8 8
4 4 4 4 4 4 4 4 4 4 4 4 4 4 4 4 4 4 4 4 4 4 4 4 4 4 4 4 4 4 4 4 4 4 4 4 4 4 4 4 4 4 4 4 4 4 4 4 4 4 4 4 4 4 4 4 4 4 4 4 8 8 8 8
4 4 4 4 4 4 4 4 4 4 4 4 4 4 4 4 4 4 4 4 4 4 4 4 4 4 4 4 4 4 4 4 4 4 4 4 4 4 4 4 4 4 4 4 4 4 4 4 4 4 4 4 4 4 4 4 4 4 4 4 8 8 8 8
4 4 4 4 4 4 4 4 4 4 4 4 4 4 4 4 4 4 4 4 12 12 12 12 12 12 4 4 12 12 12 12 12 12 4 4 12 12 12 12 12 12 4 4 4 4 4 4 4 4 4 4 4 4 4 4 4 4 4 4 12 12 12 12
4 4 4 4 4 4 4 4 4 4 4 4 4 4 4 4 4 4 4 4 12 12 12 12 12 12 4 4 12 12 12 12 12 12 4 4 12 12 12 12 12 12 4 4 4 4 4 4 4 4 4 4 4 4 4 4 4 4 4 4 12 12 12 12
4 4 4 4 4 4 4 4 4 4 4 4 4 4 4 4 4 4 4 4 12 12 12 12 12 12 4 4 12 12 12 12 12 12 4 4 12 12 12 12 12 12 4 4 4 4 4 4 4 4 4 4 4 4 4 4 4 4 4 4 12 12 12 12
4 4 4 4 4 4 4 4 4 4 4 4 4 4 4 4 4 4 4 4 12 12 12 12 12 12 4 4 12 12 12 12 12 12 4 4 12 12 12 12 12 12 4 4 4 4 4 4 4 4 4 4 4 4 4 4 4 4 4 4 12 12 12 12
4 4 4 4 4 4 4 4 4 4 4 4 4 4 4 4 4 4 4 4 12 12 12 12 12 12 4 4 12 12 12 12 12 12 4 4 12 12 12 12 12 12 4 4 4 4 4 4 4 4 4 4 4 4 4 4 4 4 4 4 4 4 4 4
4 4 4 4 4 4 4 4 4 4 4 4 4 4 4 4 4 4 4 4 12 12 12 12 12 12 4 4 12 12 12 12 12 12 4 4 12 12 12 12 12 12 4 4 4 4 4 4 4 4 4 4 4 4 4 4 4 4 4 4 4 4 4 4
4 4 4 4 4 4 4 4 4 4 4 4 4 4 4 4 4 4 4 4 4 4 4 4 4 4 4 4 4 4 4 4 4 4 4 4 4 4 4 4 4 4 4 4 4 4 4 4 4 4 4 4 4 4 4 4 4 4 4 4 4 4 4 4
4 4 4 4 4 4 4 4 4 4 4 4 4 4 4 4 4 4 4 4 4 4 4 4 4 4 4 4 4 4 4 4 4 4 4 4 4 4 4 4 4 4 4 4 4 4 4 4 4 4 4 4 4 4 4 4 4 4 4 4 4 4 4 4
4 4 4 4 4 4 4 4 4 4 4 4 4 4 4 4 4 4 4 4 12 12 12 12 12 12 4 4 0 0 0 0 0 0 4 4 8 8 8 8 8 8 4 4 4 4 4 4 4 4 4 4 4 4 4 4 4 4 4 4 4 4 4 4
4 4 4 4 4 4 4 4 4 4 4 4 4 4 4 4 4 4 4 4 12 12 12 12 12 12 4 4 0 0 0 0 0 0 4 4 8 8 8 8 8 8 4 4 4 4 4 4 4 4 4 4 4 4 4 4 4 4 4 4 4 4 4 4
4 4 4 4 4 4 4 4 4 4 4 4 4 4 4 4 4 4 4 4 12 12 12 12 12 12 4 4 0 0 12 12 2 2 4 4 8 8 8 8 8 8 4 4 4 4 4 4 4 4 4 4 4 4 4 4 4 4 4 4 4 4 4 4
4 4 4 4 4 4 4 4 4 4 4 4 4 4 4 4 4 4 4 4 12 12 12 12 12 12 4 4 0 0 12 12 2 2 4 4 8 8 8 8 8 8 4 4 4 4 4 4 4 4 4 4 4 4 4 4 4 4 4 4 4 4 4 4
4 4 4 4 4 4 4 4 4 4 4 4 4 4 4 4 4 4 4 4 12 12 12 12 12 12 4 4 2 2 0 0 2 2 4 4 8 8 8 8 8 8 4 4 4 4 4 4 4 4 4 4 4 4 4 4 4 4 4 4 4 4 4 4
4 4 4 4 4 4 4 4 4 4 4 4 4 4 4 4 4 4 4 4 12 12 12 12 12 12 4 4 2 2 0 0 2 2 4 4 8 8 8 8 8 8 4 4 4 4 4 4 4 4 4 4 4 4 4 4 4 4 4 4 4 4 4 4
4 4 4 4 4 4 4 4 4 4 4 4 4 4 4 4 4 4 4 4 4 4 4 4 4 4 4 4 4 4 4 4 4 4 4 4 4 4 4 4 4 4 4 4 4 4 4 4 4 4 4 4 4 4 4 4 4 4 4 4 4 4 4 4
4 4 4 4 4 4 4 4 4 4 4 4 4 4 4 4 4 4 4 4 4 4 4 4 4 4 4 4 4 4 4 4 4 4 4 4 4 4 4 4 4 4 4 4 4 4 4 4 4 4 4 4 4 4 4 4 4 4 4 4 4 4 4 4
4 4 4 4 4 4 4 4 4 4 4 4 12 12 12 12 12 12 4 4 8 8 8 8 8 8 4 4 12 12 12 12 12 12 4 4 8 8 8 8 8 8 4 4 8 8 8 8 8 8 4 4 4 4 4 4 4 4 4 4 4 4 4 4
4 4 4 4 4 4 4 4 4 4 4 4 12 12 12 12 12 12 4 4 8 8 8 8 8 8 4 4 12 12 12 12 12 12 4 4 8 8 8 8 8 8 4 4 8 8 8 8 8 8 4 4 4 4 4 4 4 4 4 4 4 4 4 4
4 4 4 4 4 4 4 4 4 4 4 4 12 12 12 12 12 12 4 4 8 8 8 8 8 8 4 4 12 12 12 12 12 12 4 4 8 8 8 8 8 8 4 4 8 8 8 8 8 8 4 4 4 4 4 4 4 4 4 4 4 4 4 4
4 4 4 4 4 4 4 4 4 4 4 4 12 12 12 12 12 12 4 4 8 8 8 8 8 8 4 4 12 12 12 12 12 12 4 4 8 8 8 8 8 8 4 4 8 8 8 8 8 8 4 4 4 4 4 4 4 4 4 4 4 4 4 4
4 4 4 4 4 4 4 4 4 4 4 4 12 12 12 12 12 12 4 4 8 8 8 8 8 8 4 4 12 12 12 12 12 12 4 4 8 8 8 8 8 8 4 4 8 8 8 8 8 8 4 4 4 4 4 4 4 4 4 4 4 4 4 4
4 4 4 4 4 4 4 4 4 4 4 4 12 12 12 12 12 12 4 4 8 8 8 8 8 8 4 4 12 12 12 12 12 12 4 4 8 8 8 8 8 8 4 4 8 8 8 8 8 8 4 4 4 4 4 4 4 4 4 4 4 4 4 4
4 4 4 4 4 4 4 4 4 4 4 4 4 4 4 4 4 4 4 4 4 4 4 4 4 4 4 4 4 4 4 4 4 4 4 4 4 4 4 4 4 4 4 4 4 4 4 4 4 4 4 4 4 4 4 4 4 4 4 4 4 4 4 4
4 4 4 4 4 4 4 4 4 4 4 4 4 4 4 4 4 4 4 4 4 4 4 4 4 4 4 4 4 4 4 4 4 4 4 4 4 4 4 4 4 4 4 4 4 4 4 4 4 4 4 4 4 4 4 4 4 4 4 4 4 4 4 4
4 4 4 4 4 4 4 4 4 4 4 4 12 12 12 12 12 12 4 4 2 2 0 0 2 2 4 4 8 8 8 8 8 8 4 4 2 2 0 0 0 0 4 4 12 12 12 12 12 12 4 4 4 4 4 4 4 4 4 4 4 4 4 4
4 4 4 4 4 4 4 4 4 4 4 4 12 12 12 12 12 12 4 4 2 2 0 0 2 2 4 4 8 8 8 8 8 8 4 4 2 2 0 0 0 0 4 4 12 12 12 12 12 12 4 4 4 4 4 4 4 4 4 4 4 4 4 4
4 4 4 4 4 4 4 4 4 4 4 4 12 12 12 12 12 12 4 4 2 2 8 8 0 0 4 4 8 8 8 8 8 8 4 4 0 0 8 8 2 2 4 4 12 12 12 12 12 12 4 4 4 4 4 4 4 4 4 4 4 4 4 4
4 4 4 4 4 4 4 4 4 4 4 4 12 12 12 12 12 12 4 4 2 2 8 8 0 0 4 4 8 8 8 8 8 8 4 4 0 0 8 8 2 2 4 4 12 12 12 12 12 12 4 4 4 4 4 4 4 4 4 4 4 4 4 4
4 4 4 4 4 4 4 4 4 4 4 4 12 12 12 12 12 12 4 4 0 0 0 0 2 2 4 4 8 8 8 8 8 8 4 4 2 2 0 0 2 2 4 4 12 12 12 12 12 12 4 4 4 4 4 4 4 4 4 4 4 4 4 4
4 4 4 4 4 4 4 4 4 4 4 4 12 12 12 12 12 12 4 4 0 0 0 0 2 2 4 4 8 8 8 8 8 8 4 4 2 2 0 0 2 2 4 4 12 12 12 12 12 12 4 4 4 4 4 4 4 4 4 4 4 4 4 4
4 4 4 4 4 4 4 4 4 4 4 4 4 4 4 4 4 4 4 4 4 4 4 4 4 4 4 4 4 4 4 4 4 4 4 4 4 4 4 4 4 4 4 4 4 4 4 4 4 4 4 4 4 4 4 4 4 4 4 4 4 4 4 4
4 4 4 4 4 4 4 4 4 4 4 4 4 4 4 4 4 4 4 4 4 4 4 4 4 4 4 4 4 4 4 4 4 4 4 4 4 4 4 4 4 4 4 4 4 4 4 4 4 4 4 4 4 4 4 4 4 4 4 4 4 4 4 4
4 4 4 4 4 4 4 4 4 4 4 4 8 8 8 8 8 8 4 4 8 8 8 8 8 8 4 4 12 12 12 12 12 12 4 4 8 8 8 8 8 8 4 4 12 12 12 12 12 12 4 4 4 4 4 4 4 4 4 4 4 4 4 4
4 4 4 4 4 4 4 4 4 4 4 4 8 8 8 8 8 8 4 4 8 8 8 8 8 8 4 4 12 12 12 12 12 12 4 4 8 8 8 8 8 8 4 4 12 12 12 12 12 12 4 4 4 4 4 4 4 4 4 4 4 4 4 4
4 4 4 4 4 4 4 4 4 4 4 4 8 8 8 8 8 8 4 4 8 8 8 8 8 8 4 4 12 12 12 12 12 12 4 4 8 8 8 8 8 8 4 4 12 12 12 12 12 12 4 4 4 4 4 4 4 4 4 4 4 4 4 4
4 4 4 4 4 4 4 4 4 4 4 4 8 8 8 8 8 8 4 4 8 8 8 8 8 8 4 4 12 12 12 12 12 12 4 4 8 8 8 8 8 8 4 4 12 12 12 12 12 12 4 4 4 4 4 4 4 4 4 4 4 4 4 4
4 4 4 4 4 4 4 4 4 4 4 4 8 8 8 8 8 8 4 4 8 8 8 8 8 8 4 4 12 12 12 12 12 12 4 4 8 8 8 8 8 8 4 4 12 12 12 12 12 12 4 4 4 4 4 4 4 4 4 4 4 4 4 4
4 4 4 4 4 4 4 4 4 4 4 4 8 8 8 8 8 8 4 4 8 8 8 8 8 8 4 4 12 12 12 12 12 12 4 4 8 8 8 8 8 8 4 4 12 12 12 12 12 12 4 4 4 4 4 4 4 4 4 4 4 4 4 4
4 4 4 4 4 4 4 4 4 4 4 4 4 4 4 4 4 4 4 4 4 4 4 4 4 4 4 4 4 4 4 4 4 4 4 4 4 4 4 4 4 4 4 4 4 4 4 4 4 4 4 4 4 4 4 4 4 4 4 4 4 4 4 4
4 4 4 4 4 4 4 4 4 4 4 4 4 4 4 4 4 4 4 4 4 4 4 4 4 4 4 4 4 4 4 4 4 4 4 4 4 4 4 4 4 4 4 4 4 4 4 4 4 4 4 4 4 4 4 4 4 4 4 4 4 4 4 4
4 4 4 4 4 4 4 4 4 4 4 4 4 4 4 4 4 4 4 4 12 12 12 12 12 12 4 4 2 2 0 0 2 2 4 4 8 8 8 8 8 8 4 4 4 4 4 4 4 4 4 4 4 4 4 4 4 4 4 4 4 4 4 4
4 4 4 4 4 4 4 4 4 4 4 4 4 4 4 4 4 4 4 4 12 12 12 12 12 12 4 4 2 2 0 0 2 2 4 4 8 8 8 8 8 8 4 4 4 4 4 4 4 4 4 4 4 4 4 4 4 4 4 4 4 4 4 4
4 4 4 4 4 4 4 4 4 4 4 4 4 4 4 4 4 4 4 4 12 12 12 12 12 12 4 4 0 0 12 12 2 2 4 4 8 8 8 8 8 8 4 4 4 4 4 4 4 4 4 4 4 4 4 4 4 4 4 4 4 4 4 4
4 4 4 4 4 4 4 4 4 4 4 4 4 4 4 4 4 4 4 4 12 12 12 12 12 12 4 4 0 0 12 12 2 2 4 4 8 8 8 8 8 8 4 4 4 4 4 4 4 4 4 4 4 4 4 4 4 4 4 4 4 4 4 4
4 4 4 4 4 4 4 4 4 4 4 4 4 4 4 4 4 4 4 4 12 12 12 12 12 12 4 4 0 0 0 0 0 0 4 4 8 8 8 8 8 8 4 4 4 4 4 4 4 4 4 4 4 4 4 4 4 4 4 4 4 4 4 4
4 4 4 4 4 4 4 4 4 4 4 4 4 4 4 4 4 4 4 4 12 12 12 12 12 12 4 4 0 0 0 0 0 0 4 4 8 8 8 8 8 8 4 4 4 4 4 4 4 4 4 4 4 4 4 4 4 4 4 4 4 4 4 4
4 4 4 4 4 4 4 4 4 4 4 4 4 4 4 4 4 4 4 4 4 4 4 4 4 4 4 4 4 4 4 4 4 4 4 4 4 4 4 4 4 4 4 4 4 4 4 4 4 4 4 4 4 4 4 4 4 4 4 4 4 4 4 4
4 4 4 4 4 4 4 4 4 4 4 4 4 4 4 4 4 4 4 4 4 4 4 4 4 4 4 4 4 4 4 4 4 4 4 4 4 4 4 4 4 4 4 4 4 4 4 4 4 4 4 4 4 4 4 4 4 4 4 4 4 4 4 4
4 4 4 4 4 4 4 4 4 4 4 4 4 4 4 4 4 4 4 4 12 12 12 12 12 12 4 4 12 12 12 12 12 12 4 4 12 12 12 12 12 12 4 4 4 4 4 4 4 4 4 4 4 4 4 4 4 4 4 4 4 4 4 4
4 4 4 4 4 4 4 4 4 4 4 4 4 4 4 4 4 4 4 4 12 12 12 12 12 12 4 4 12 12 12 12 12 12 4 4 12 12 12 12 12 12 4 4 4 4 4 4 4 4 4 4 4 4 4 4 4 4 4 4 4 4 4 4
4 4 4 4 4 4 4 4 4 4 4 4 4 4 4 4 4 4 4 4 12 12 12 12 12 12 4 4 12 12 12 12 12 12 4 4 12 12 12 12 12 12 4 4 4 4 4 4 4 4 4 4 4 4 4 4 4 4 4 4 4 4 4 4
4 4 4 4 4 4 4 4 4 4 4 4 4 4 4 4 4 4 4 4 12 12 12 12 12 12 4 4 12 12 12 12 12 12 4 4 12 12 12 12 12 12 4 4 4 4 4 4 4 4 4 4 4 4 4 4 4 4 4 4 4 4 4 4
4 4 4 4 4 4 4 4 4 4 4 4 4 4 4 4 4 4 4 4 12 12 12 12 12 12 4 4 12 12 12 12 12 12 4 4 12 12 12 12 12 12 4 4 4 4 4 4 4 4 4 4 4 4 4 4 4 4 4 4 4 4 4 4
4 4 4 4 4 4 4 4 4 4 4 4 4 4 4 4 4 4 4 4 12 12 12 12 12 12 4 4 12 12 12 12 12 12 4 4 12 12 12 12 12 12 4 4 4 4 4 4 4 4 4 4 4 4 4 4 4 4 4 4 4 4 4 4
4 4 4 4 4 4 4 4 4 4 4 4 4 4 4 4 4 4 4 4 4 4 4 4 4 4 4 4 4 4 4 4 4 4 4 4 4 4 4 4 4 4 4 4 4 4 4 4 4 4 4 4 4 4 4 4 4 4 4 4 4 4 4 4
4 4 4 4 4 4 4 4 4 4 4 4 4 4 4 4 4 4 4 4 4 4 4 4 4 4 4 4 4 4 4 4 4 4 4 4 4 4 4 4 4 4 4 4 4 4 4 4 4 4 4 4 4 4 4 4 4 4 4 4 4 4 4 4
4 4 4 4 4 4 4 4 4 4 4 4 4 4 4 4 4 4 4 4 4 4 4 4 4 4 4 4 4 4 4 4 4 4 4 4 4 4 4 4 4 4 4 4 4 4 4 4 4 4 4 4 4 4 4 4 4 4 4 4 4 4 4 4
4 4 4 4 4 4 4 4 4 4 4 4 4 4 4 4 4 4 4 4 4 4 4 4 4 4 4 4 4 4 4 4 4 4 4 4 4 4 4 4 4 4 4 4 4 4 4 4 4 4 4 4 4 4 4 4 4 4 4 4 4 4 4 4
4 4 4 4 4 4 4 4 4 4 4 4 4 4 4 4 4 4 4 4 4 4 4 4 4 4 4 4 4 4 4 4 4 4 4 4 4 4 4 4 4 4 4 4 4 4 4 4 4 4 4 4 4 4 4 4 4 4 4 4 4 4 4 4
12 12 12 12 12 12 12 12 12 12 12 12 12 12 12 12 12 12 12 12 12 12 12 12 12 12 12 12 12 12 12 12 12 12 12 12 12 12 12 12 12 12 12 12 12 12 12 12 12 12 12 12 12 12 12 11 11 11 11 11 11 11 11 11
[BOARD] 2/2 settled
4 4 4 4 4 4 4 4 4 4 4 4 4 4 4 4 4 4 4 4 4 4 4 4 4 4 4 4 4 4 4 4 4 4 4 4 4 4 4 4 4 4 4 4 4 4 4 4 4 4 4 4 4 4 4 4 4 4 4 4 9 9 9 9
4 4 4 4 4 4 4 4 4 4 4 4 4 4 4 4 4 4 4 4 4 4 4 4 4 4 4 4 4 4 4 4 4 4 4 4 4 4 4 4 4 4 4 4 4 4 4 4 4 4 4 4 4 4 4 4 4 4 4 4 9 9 9 9
4 4 4 4 4 4 4 4 4 4 4 4 4 4 4 4 4 4 4 4 4 4 4 4 4 4 4 4 4 4 4 4 4 4 4 4 4 4 4 4 4 4 4 4 4 4 4 4 4 4 4 4 4 4 4 4 4 4 4 4 9 9 9 9
4 4 4 4 4 4 4 4 4 4 4 4 4 4 4 4 4 4 4 4 4 4 4 4 4 4 4 4 4 4 4 4 4 4 4 4 4 4 4 4 4 4 4 4 4 4 4 4 4 4 4 4 4 4 4 4 4 4 4 4 9 9 9 9
4 4 4 4 4 4 4 4 4 4 4 4 4 4 4 4 4 4 4 4 4 4 4 4 4 4 4 4 4 4 4 4 4 4 4 4 4 4 4 4 4 4 4 4 4 4 4 4 4 4 4 4 4 4 4 4 4 4 4 4 8 8 8 8
4 4 4 4 4 4 4 4 4 4 4 4 4 4 4 4 4 4 4 4 4 4 4 4 4 4 4 4 4 4 4 4 4 4 4 4 4 4 4 4 4 4 4 4 4 4 4 4 4 4 4 4 4 4 4 4 4 4 4 4 8 8 8 8
4 4 4 4 4 4 4 4 4 4 4 4 4 4 4 4 4 4 4 4 4 4 4 4 4 4 4 4 4 4 4 4 4 4 4 4 4 4 4 4 4 4 4 4 4 4 4 4 4 4 4 4 4 4 4 4 4 4 4 4 8 8 8 8
4 4 4 4 4 4 4 4 4 4 4 4 4 4 4 4 4 4 4 4 4 4 4 4 4 4 4 4 4 4 4 4 4 4 4 4 4 4 4 4 4 4 4 4 4 4 4 4 4 4 4 4 4 4 4 4 4 4 4 4 8 8 8 8
4 4 4 4 4 4 4 4 4 4 4 4 4 4 4 4 4 4 4 4 4 4 4 4 4 4 4 4 4 4 4 4 4 4 4 4 4 4 4 4 4 4 4 4 4 4 4 4 4 4 4 4 4 4 4 4 4 4 4 4 12 12 12 12
4 4 4 4 4 4 4 4 4 4 4 4 4 4 4 4 4 4 4 4 4 4 4 4 4 4 4 4 4 4 4 4 4 4 4 4 4 4 4 4 4 4 4 4 4 4 4 4 4 4 4 4 4 4 4 4 4 4 4 4 12 12 12 12
4 4 4 4 4 4 4 4 4 4 4 4 4 4 4 4 4 4 4 4 4 4 4 4 4 4 4 4 4 4 4 4 4 4 4 4 4 4 4 4 4 4 4 4 4 4 4 4 4 4 4 4 4 4 4 4 4 4 4 4 12 12 12 12
4 4 4 4 4 4 4 4 4 4 4 4 4 4 4 4 4 4 4 4 4 4 4 4 4 4 4 4 4 4 4 4 4 4 4 4 4 4 4 4 4 4 4 4 4 4 4 4 4 4 4 4 4 4 4 4 4 4 4 4 12 12 12 12
4 4 4 4 4 4 4 4 4 4 4 4 4 4 4 4 4 4 4 4 4 4 4 4 4 4 4 4 4 4 4 4 4 4 4 4 4 4 4 4 4 4 4 4 4 4 4 4 4 4 4 4 4 4 4 4 4 4 4 4 4 4 4 4
4 4 4 4 4 4 4 4 4 4 4 4 4 4 4 4 4 4 4 4 4 4 4 4 4 4 4 4 4 4 4 4 4 4 4 4 4 4 4 4 4 4 4 4 4 4 4 4 4 4 4 4 4 4 4 4 4 4 4 4 4 4 4 4
4 4 4 4 4 4 4 4 4 4 4 4 9 9 9 9 9 9 4 4 9 9 9 9 9 9 4 4 9 9 9 9 9 9 4 4 9 9 9 9 9 9 4 4 9 9 9 9 9 9 4 4 4 4 4 4 4 4 4 4 4 4 4 4
4 4 4 4 4 4 4 4 4 4 4 4 9 9 9 9 9 9 4 4 9 9 9 9 9 9 4 4 9 9 9 9 9 9 4 4 9 9 9 9 9 9 4 4 9 9 9 9 9 9 4 4 4 4 4 4 4 4 4 4 4 4 4 4
4 4 4 4 4 4 4 4 4 4 4 4 9 9 9 9 9 9 4 4 9 9 9 9 9 9 4 4 9 9 9 9 9 9 4 4 9 9 9 9 9 9 4 4 9 9 9 9 9 9 4 4 4 4 4 4 4 4 4 4 4 4 4 4
4 4 4 4 4 4 4 4 4 4 4 4 9 9 9 9 9 9 4 4 9 9 9 9 9 9 4 4 9 9 9 9 9 9 4 4 9 9 9 9 9 9 4 4 9 9 9 9 9 9 4 4 4 4 4 4 4 4 4 4 4 4 4 4
4 4 4 4 4 4 4 4 4 4 4 4 9 9 9 9 9 9 4 4 9 9 9 9 9 9 4 4 9 9 9 9 9 9 4 4 9 9 9 9 9 9 4 4 9 9 9 9 9 9 4 4 4 4 4 4 4 4 4 4 4 4 4 4
4 4 4 4 4 4 4 4 4 4 4 4 9 9 9 9 9 9 4 4 9 9 9 9 9 9 4 4 9 9 9 9 9 9 4 4 9 9 9 9 9 9 4 4 9 9 9 9 9 9 4 4 4 4 4 4 4 4 4 4 4 4 4 4
4 4 4 4 4 4 4 4 4 4 4 4 4 4 4 4 4 4 4 4 4 4 4 4 4 4 4 4 4 4 4 4 4 4 4 4 4 4 4 4 4 4 4 4 4 4 4 4 4 4 4 4 4 4 4 4 4 4 4 4 4 4 4 4
4 4 4 4 4 4 4 4 4 4 4 4 4 4 4 4 4 4 4 4 4 4 4 4 4 4 4 4 4 4 4 4 4 4 4 4 4 4 4 4 4 4 4 4 4 4 4 4 4 4 4 4 4 4 4 4 4 4 4 4 4 4 4 4
4 4 4 4 4 4 4 4 4 4 4 4 9 9 9 9 9 9 4 4 2 2 0 0 2 2 4 4 9 9 9 9 9 9 4 4 2 2 0 0 2 2 4 4 9 9 9 9 9 9 4 4 4 4 4 4 4 4 4 4 4 4 4 4
4 4 4 4 4 4 4 4 4 4 4 4 9 9 9 9 9 9 4 4 2 2 0 0 2 2 4 4 9 9 9 9 9 9 4 4 2 2 0 0 2 2 4 4 9 9 9 9 9 9 4 4 4 4 4 4 4 4 4 4 4 4 4 4
4 4 4 4 4 4 4 4 4 4 4 4 9 9 9 9 9 9 4 4 2 2 12 12 2 2 4 4 9 9 9 9 9 9 4 4 2 2 9 9 2 2 4 4 9 9 9 9 9 9 4 4 4 4 4 4 4 4 4 4 4 4 4 4
4 4 4 4 4 4 4 4 4 4 4 4 9 9 9 9 9 9 4 4 2 2 12 12 2 2 4 4 9 9 9 9 9 9 4 4 2 2 9 9 2 2 4 4 9 9 9 9 9 9 4 4 4 4 4 4 4 4 4 4 4 4 4 4
4 4 4 4 4 4 4 4 4 4 4 4 9 9 9 9 9 9 4 4 2 2 0 0 2 2 4 4 9 9 9 9 9 9 4 4 2 2 2 2 0 0 4 4 9 9 9 9 9 9 4 4 4 4 4 4 4 4 4 4 4 4 4 4
4 4 4 4 4 4 4 4 4 4 4 4 9 9 9 9 9 9 4 4 2 2 0 0 2 2 4 4 9 9 9 9 9 9 4 4 2 2 2 2 0 0 4 4 9 9 9 9 9 9 4 4 4 4 4 4 4 4 4 4 4 4 4 4
4 4 4 4 4 4 4 4 4 4 4 4 4 4 4 4 4 4 4 4 4 4 4 4 4 4 4 4 4 4 4 4 4 4 4 4 4 4 4 4 4 4 4 4 4 4 4 4 4 4 4 4 4 4 4 4 4 4 4 4 4 4 4 4
4 4 4 4 4 4 4 4 4 4 4 4 4 4 4 4 4 4 4 4 4 4 4 4 4 4 4 4 4 4 4 4 4 4 4 4 4 4 4 4 4 4 4 4 4 4 4 4 4 4 4 4 4 4 4 4 4 4 4 4 4 4 4 4
4 4 4 4 4 4 4 4 4 4 4 4 9 9 9 9 9 9 4 4 9 9 9 9 9 9 4 4 9 9 9 9 9 9 4 4 9 9 9 9 9 9 4 4 9 9 9 9 9 9 4 4 4 4 4 4 4 4 4 4 4 4 4 4
4 4 4 4 4 4 4 4 4 4 4 4 9 9 9 9 9 9 4 4 9 9 9 9 9 9 4 4 9 9 9 9 9 9 4 4 9 9 9 9 9 9 4 4 9 9 9 9 9 9 4 4 4 4 4 4 4 4 4 4 4 4 4 4
4 4 4 4 4 4 4 4 4 4 4 4 9 9 9 9 9 9 4 4 9 9 9 9 9 9 4 4 9 9 9 9 9 9 4 4 9 9 9 9 9 9 4 4 9 9 9 9 9 9 4 4 4 4 4 4 4 4 4 4 4 4 4 4
4 4 4 4 4 4 4 4 4 4 4 4 9 9 9 9 9 9 4 4 9 9 9 9 9 9 4 4 9 9 9 9 9 9 4 4 9 9 9 9 9 9 4 4 9 9 9 9 9 9 4 4 4 4 4 4 4 4 4 4 4 4 4 4
4 4 4 4 4 4 4 4 4 4 4 4 9 9 9 9 9 9 4 4 9 9 9 9 9 9 4 4 9 9 9 9 9 9 4 4 9 9 9 9 9 9 4 4 9 9 9 9 9 9 4 4 4 4 4 4 4 4 4 4 4 4 4 4
4 4 4 4 4 4 4 4 4 4 4 4 9 9 9 9 9 9 4 4 9 9 9 9 9 9 4 4 9 9 9 9 9 9 4 4 9 9 9 9 9 9 4 4 9 9 9 9 9 9 4 4 4 4 4 4 4 4 4 4 4 4 4 4
4 4 4 4 4 4 4 4 4 4 4 4 4 4 4 4 4 4 4 4 4 4 4 4 4 4 4 4 4 4 4 4 4 4 4 4 4 4 4 4 4 4 4 4 4 4 4 4 4 4 4 4 4 4 4 4 4 4 4 4 4 4 4 4
4 4 4 4 4 4 4 4 4 4 4 4 4 4 4 4 4 4 4 4 4 4 4 4 4 4 4 4 4 4 4 4 4 4 4 4 4 4 4 4 4 4 4 4 4 4 4 4 4 4 4 4 4 4 4 4 4 4 4 4 4 4 4 4
4 4 4 4 4 4 4 4 4 4 4 4 4 4 4 4 4 4 4 4 9 9 9 9 9 9 4 4 0 0 2 2 2 2 4 4 9 9 9 9 9 9 4 4 4 4 4 4 4 4 4 4 4 4 4 4 4 4 4 4 4 4 4 4
4 4 4 4 4 4 4 4 4 4 4 4 4 4 4 4 4 4 4 4 9 9 9 9 9 9 4 4 0 0 2 2 2 2 4 4 9 9 9 9 9 9 4 4 4 4 4 4 4 4 4 4 4 4 4 4 4 4 4 4 4 4 4 4
4 4 4 4 4 4 4 4 4 4 4 4 4 4 4 4 4 4 4 4 9 9 9 9 9 9 4 4 2 2 12 12 2 2 4 4 9 9 9 9 9 9 4 4 4 4 4 4 4 4 4 4 4 4 4 4 4 4 4 4 4 4 4 4
4 4 4 4 4 4 4 4 4 4 4 4 4 4 4 4 4 4 4 4 9 9 9 9 9 9 4 4 2 2 12 12 2 2 4 4 9 9 9 9 9 9 4 4 4 4 4 4 4 4 4 4 4 4 4 4 4 4 4 4 4 4 4 4
4 4 4 4 4 4 4 4 4 4 4 4 4 4 4 4 4 4 4 4 9 9 9 9 9 9 4 4 0 0 0 0 0 0 4 4 9 9 9 9 9 9 4 4 4 4 4 4 4 4 4 4 4 4 4 4 4 4 4 4 4 4 4 4
4 4 4 4 4 4 4 4 4 4 4 4 4 4 4 4 4 4 4 4 9 9 9 9 9 9 4 4 0 0 0 0 0 0 4 4 9 9 9 9 9 9 4 4 4 4 4 4 4 4 4 4 4 4 4 4 4 4 4 4 4 4 4 4
4 4 4 4 4 4 4 4 4 4 4 4 4 4 4 4 4 4 4 4 4 4 4 4 4 4 4 4 4 4 4 4 4 4 4 4 4 4 4 4 4 4 4 4 4 4 4 4 4 4 4 4 4 4 4 4 4 4 4 4 4 4 4 4
4 4 4 4 4 4 4 4 4 4 4 4 4 4 4 4 4 4 4 4 4 4 4 4 4 4 4 4 4 4 4 4 4 4 4 4 4 4 4 4 4 4 4 4 4 4 4 4 4 4 4 4 4 4 4 4 4 4 4 4 4 4 4 4
4 4 4 4 4 4 4 4 4 4 4 4 4 4 4 4 4 4 4 4 9 9 9 9 9 9 4 4 9 9 9 9 9 9 4 4 9 9 9 9 9 9 4 4 4 4 4 4 4 4 4 4 4 4 4 4 4 4 4 4 4 4 4 4
4 4 4 4 4 4 4 4 4 4 4 4 4 4 4 4 4 4 4 4 9 9 9 9 9 9 4 4 9 9 9 9 9 9 4 4 9 9 9 9 9 9 4 4 4 4 4 4 4 4 4 4 4 4 4 4 4 4 4 4 4 4 4 4
4 4 4 4 4 4 4 4 4 4 4 4 4 4 4 4 4 4 4 4 9 9 9 9 9 9 4 4 9 9 9 9 9 9 4 4 9 9 9 9 9 9 4 4 4 4 4 4 4 4 4 4 4 4 4 4 4 4 4 4 4 4 4 4
4 4 4 4 4 4 4 4 4 4 4 4 4 4 4 4 4 4 4 4 9 9 9 9 9 9 4 4 9 9 9 9 9 9 4 4 9 9 9 9 9 9 4 4 4 4 4 4 4 4 4 4 4 4 4 4 4 4 4 4 4 4 4 4
4 4 4 4 4 4 4 4 4 4 4 4 4 4 4 4 4 4 4 4 9 9 9 9 9 9 4 4 9 9 9 9 9 9 4 4 9 9 9 9 9 9 4 4 4 4 4 4 4 4 4 4 4 4 4 4 4 4 4 4 4 4 4 4
4 4 4 4 4 4 4 4 4 4 4 4 4 4 4 4 4 4 4 4 9 9 9 9 9 9 4 4 9 9 9 9 9 9 4 4 9 9 9 9 9 9 4 4 4 4 4 4 4 4 4 4 4 4 4 4 4 4 4 4 4 4 4 4
4 4 4 4 4 4 4 4 4 4 4 4 4 4 4 4 4 4 4 4 4 4 4 4 4 4 4 4 4 4 4 4 4 4 4 4 4 4 4 4 4 4 4 4 4 4 4 4 4 4 4 4 4 4 4 4 4 4 4 4 4 4 4 4
4 4 4 4 4 4 4 4 4 4 4 4 4 4 4 4 4 4 4 4 4 4 4 4 4 4 4 4 4 4 4 4 4 4 4 4 4 4 4 4 4 4 4 4 4 4 4 4 4 4 4 4 4 4 4 4 4 4 4 4 4 4 4 4
4 4 4 4 4 4 4 4 4 4 4 4 4 4 4 4 4 4 4 4 4 4 4 4 4 4 4 4 4 4 4 4 4 4 4 4 4 4 4 4 4 4 4 4 4 4 4 4 4 4 4 4 4 4 4 4 4 4 4 4 4 4 4 4
4 4 4 4 4 4 4 4 4 4 4 4 4 4 4 4 4 4 4 4 4 4 4 4 4 4 4 4 4 4 4 4 4 4 4 4 4 4 4 4 4 4 4 4 4 4 4 4 4 4 4 4 4 4 4 4 4 4 4 4 4 4 4 4
4 4 4 4 4 4 4 4 4 4 4 4 4 4 4 4 4 4 4 4 4 4 4 4 4 4 4 4 4 4 4 4 4 4 4 4 4 4 4 4 4 4 4 4 4 4 4 4 4 4 4 4 4 4 4 4 4 4 4 4 4 4 4 4
4 4 4 4 4 4 4 4 4 4 4 4 4 4 4 4 4 4 4 4 4 4 4 4 4 4 4 4 4 4 4 4 4 4 4 4 4 4 4 4 4 4 4 4 4 4 4 4 4 4 4 4 4 4 4 4 4 4 4 4 4 4 4 4
4 4 4 4 4 4 4 4 4 4 4 4 4 4 4 4 4 4 4 4 4 4 4 4 4 4 4 4 4 4 4 4 4 4 4 4 4 4 4 4 4 4 4 4 4 4 4 4 4 4 4 4 4 4 4 4 4 4 4 4 4 4 4 4
4 4 4 4 4 4 4 4 4 4 4 4 4 4 4 4 4 4 4 4 4 4 4 4 4 4 4 4 4 4 4 4 4 4 4 4 4 4 4 4 4 4 4 4 4 4 4 4 4 4 4 4 4 4 4 4 4 4 4 4 4 4 4 4
4 4 4 4 4 4 4 4 4 4 4 4 4 4 4 4 4 4 4 4 4 4 4 4 4 4 4 4 4 4 4 4 4 4 4 4 4 4 4 4 4 4 4 4 4 4 4 4 4 4 4 4 4 4 4 4 4 4 4 4 4 4 4 4
4 4 4 4 4 4 4 4 4 4 4 4 4 4 4 4 4 4 4 4 4 4 4 4 4 4 4 4 4 4 4 4 4 4 4 4 4 4 4 4 4 4 4 4 4 4 4 4 4 4 4 4 4 4 4 4 4 4 4 4 4 4 4 4
4 4 4 4 4 4 4 4 4 4 4 4 4 4 4 4 4 4 4 4 4 4 4 4 4 4 4 4 4 4 4 4 4 4 4 4 4 4 4 4 4 4 4 4 4 4 4 4 4 4 4 4 4 4 4 4 4 4 4 4 4 4 4 4
12 12 12 12 12 12 12 12 12 12 12 12 12 12 12 12 12 12 12 12 12 12 12 12 12 12 12 12 12 12 12 12 12 12 12 12 12 12 12 12 12 12 12 12 12 12 12 12 12 12 12 12 12 12 12 12 12 12 12 12 12 12 12 12
[LEVELS] 3/6
[STATE] NOT_FINISHED
[AVAILABLE] ACTION6
[DIFF] 1325 cells changed in bbox (12,0)-(63,63)

[PLAN] invocation 6
This required equality-to-12 tile should advance through the displayed three-color cycle from 9 to 8 and then from 8 to 12.
plan: ACTION6(x=22,y=16) ACTION6(x=22,y=16)
[END PLAN]

[STEP 26]
[ACTION] ACTION6 x=22 y=16
[BOARD] 1/1 settled
4 4 4 4 4 4 4 4 4 4 4 4 4 4 4 4 4 4 4 4 4 4 4 4 4 4 4 4 4 4 4 4 4 4 4 4 4 4 4 4 4 4 4 4 4 4 4 4 4 4 4 4 4 4 4 4 4 4 4 4 9 9 9 9
4 4 4 4 4 4 4 4 4 4 4 4 4 4 4 4 4 4 4 4 4 4 4 4 4 4 4 4 4 4 4 4 4 4 4 4 4 4 4 4 4 4 4 4 4 4 4 4 4 4 4 4 4 4 4 4 4 4 4 4 9 9 9 9
4 4 4 4 4 4 4 4 4 4 4 4 4 4 4 4 4 4 4 4 4 4 4 4 4 4 4 4 4 4 4 4 4 4 4 4 4 4 4 4 4 4 4 4 4 4 4 4 4 4 4 4 4 4 4 4 4 4 4 4 9 9 9 9
4 4 4 4 4 4 4 4 4 4 4 4 4 4 4 4 4 4 4 4 4 4 4 4 4 4 4 4 4 4 4 4 4 4 4 4 4 4 4 4 4 4 4 4 4 4 4 4 4 4 4 4 4 4 4 4 4 4 4 4 9 9 9 9
4 4 4 4 4 4 4 4 4 4 4 4 4 4 4 4 4 4 4 4 4 4 4 4 4 4 4 4 4 4 4 4 4 4 4 4 4 4 4 4 4 4 4 4 4 4 4 4 4 4 4 4 4 4 4 4 4 4 4 4 8 8 8 8
4 4 4 4 4 4 4 4 4 4 4 4 4 4 4 4 4 4 4 4 4 4 4 4 4 4 4 4 4 4 4 4 4 4 4 4 4 4 4 4 4 4 4 4 4 4 4 4 4 4 4 4 4 4 4 4 4 4 4 4 8 8 8 8
4 4 4 4 4 4 4 4 4 4 4 4 4 4 4 4 4 4 4 4 4 4 4 4 4 4 4 4 4 4 4 4 4 4 4 4 4 4 4 4 4 4 4 4 4 4 4 4 4 4 4 4 4 4 4 4 4 4 4 4 8 8 8 8
4 4 4 4 4 4 4 4 4 4 4 4 4 4 4 4 4 4 4 4 4 4 4 4 4 4 4 4 4 4 4 4 4 4 4 4 4 4 4 4 4 4 4 4 4 4 4 4 4 4 4 4 4 4 4 4 4 4 4 4 8 8 8 8
4 4 4 4 4 4 4 4 4 4 4 4 4 4 4 4 4 4 4 4 4 4 4 4 4 4 4 4 4 4 4 4 4 4 4 4 4 4 4 4 4 4 4 4 4 4 4 4 4 4 4 4 4 4 4 4 4 4 4 4 12 12 12 12
4 4 4 4 4 4 4 4 4 4 4 4 4 4 4 4 4 4 4 4 4 4 4 4 4 4 4 4 4 4 4 4 4 4 4 4 4 4 4 4 4 4 4 4 4 4 4 4 4 4 4 4 4 4 4 4 4 4 4 4 12 12 12 12
4 4 4 4 4 4 4 4 4 4 4 4 4 4 4 4 4 4 4 4 4 4 4 4 4 4 4 4 4 4 4 4 4 4 4 4 4 4 4 4 4 4 4 4 4 4 4 4 4 4 4 4 4 4 4 4 4 4 4 4 12 12 12 12
4 4 4 4 4 4 4 4 4 4 4 4 4 4 4 4 4 4 4 4 4 4 4 4 4 4 4 4 4 4 4 4 4 4 4 4 4 4 4 4 4 4 4 4 4 4 4 4 4 4 4 4 4 4 4 4 4 4 4 4 12 12 12 12
4 4 4 4 4 4 4 4 4 4 4 4 4 4 4 4 4 4 4 4 4 4 4 4 4 4 4 4 4 4 4 4 4 4 4 4 4 4 4 4 4 4 4 4 4 4 4 4 4 4 4 4 4 4 4 4 4 4 4 4 4 4 4 4
4 4 4 4 4 4 4 4 4 4 4 4 4 4 4 4 4 4 4 4 4 4 4 4 4 4 4 4 4 4 4 4 4 4 4 4 4 4 4 4 4 4 4 4 4 4 4 4 4 4 4 4 4 4 4 4 4 4 4 4 4 4 4 4
4 4 4 4 4 4 4 4 4 4 4 4 9 9 9 9 9 9 4 4 8 8 8 8 8 8 4 4 9 9 9 9 9 9 4 4 9 9 9 9 9 9 4 4 9 9 9 9 9 9 4 4 4 4 4 4 4 4 4 4 4 4 4 4
4 4 4 4 4 4 4 4 4 4 4 4 9 9 9 9 9 9 4 4 8 8 8 8 8 8 4 4 9 9 9 9 9 9 4 4 9 9 9 9 9 9 4 4 9 9 9 9 9 9 4 4 4 4 4 4 4 4 4 4 4 4 4 4
4 4 4 4 4 4 4 4 4 4 4 4 9 9 9 9 9 9 4 4 8 8 8 8 8 8 4 4 9 9 9 9 9 9 4 4 9 9 9 9 9 9 4 4 9 9 9 9 9 9 4 4 4 4 4 4 4 4 4 4 4 4 4 4
4 4 4 4 4 4 4 4 4 4 4 4 9 9 9 9 9 9 4 4 8 8 8 8 8 8 4 4 9 9 9 9 9 9 4 4 9 9 9 9 9 9 4 4 9 9 9 9 9 9 4 4 4 4 4 4 4 4 4 4 4 4 4 4
4 4 4 4 4 4 4 4 4 4 4 4 9 9 9 9 9 9 4 4 8 8 8 8 8 8 4 4 9 9 9 9 9 9 4 4 9 9 9 9 9 9 4 4 9 9 9 9 9 9 4 4 4 4 4 4 4 4 4 4 4 4 4 4
4 4 4 4 4 4 4 4 4 4 4 4 9 9 9 9 9 9 4 4 8 8 8 8 8 8 4 4 9 9 9 9 9 9 4 4 9 9 9 9 9 9 4 4 9 9 9 9 9 9 4 4 4 4 4 4 4 4 4 4 4 4 4 4
4 4 4 4 4 4 4 4 4 4 4 4 4 4 4 4 4 4 4 4 4 4 4 4 4 4 4 4 4 4 4 4 4 4 4 4 4 4 4 4 4 4 4 4 4 4 4 4 4 4 4 4 4 4 4 4 4 4 4 4 4 4 4 4
4 4 4 4 4 4 4 4 4 4 4 4 4 4 4 4 4 4 4 4 4 4 4 4 4 4 4 4 4 4 4 4 4 4 4 4 4 4 4 4 4 4 4 4 4 4 4 4 4 4 4 4 4 4 4 4 4 4 4 4 4 4 4 4
4 4 4 4 4 4 4 4 4 4 4 4 9 9 9 9 9 9 4 4 2 2 0 0 2 2 4 4 9 9 9 9 9 9 4 4 2 2 0 0 2 2 4 4 9 9 9 9 9 9 4 4 4 4 4 4 4 4 4 4 4 4 4 4
4 4 4 4 4 4 4 4 4 4 4 4 9 9 9 9 9 9 4 4 2 2 0 0 2 2 4 4 9 9 9 9 9 9 4 4 2 2 0 0 2 2 4 4 9 9 9 9 9 9 4 4 4 4 4 4 4 4 4 4 4 4 4 4
4 4 4 4 4 4 4 4 4 4 4 4 9 9 9 9 9 9 4 4 2 2 12 12 2 2 4 4 9 9 9 9 9 9 4 4 2 2 9 9 2 2 4 4 9 9 9 9 9 9 4 4 4 4 4 4 4 4 4 4 4 4 4 4
4 4 4 4 4 4 4 4 4 4 4 4 9 9 9 9 9 9 4 4 2 2 12 12 2 2 4 4 9 9 9 9 9 9 4 4 2 2 9 9 2 2 4 4 9 9 9 9 9 9 4 4 4 4 4 4 4 4 4 4 4 4 4 4
4 4 4 4 4 4 4 4 4 4 4 4 9 9 9 9 9 9 4 4 2 2 0 0 2 2 4 4 9 9 9 9 9 9 4 4 2 2 2 2 0 0 4 4 9 9 9 9 9 9 4 4 4 4 4 4 4 4 4 4 4 4 4 4
4 4 4 4 4 4 4 4 4 4 4 4 9 9 9 9 9 9 4 4 2 2 0 0 2 2 4 4 9 9 9 9 9 9 4 4 2 2 2 2 0 0 4 4 9 9 9 9 9 9 4 4 4 4 4 4 4 4 4 4 4 4 4 4
4 4 4 4 4 4 4 4 4 4 4 4 4 4 4 4 4 4 4 4 4 4 4 4 4 4 4 4 4 4 4 4 4 4 4 4 4 4 4 4 4 4 4 4 4 4 4 4 4 4 4 4 4 4 4 4 4 4 4 4 4 4 4 4
4 4 4 4 4 4 4 4 4 4 4 4 4 4 4 4 4 4 4 4 4 4 4 4 4 4 4 4 4 4 4 4 4 4 4 4 4 4 4 4 4 4 4 4 4 4 4 4 4 4 4 4 4 4 4 4 4 4 4 4 4 4 4 4
4 4 4 4 4 4 4 4 4 4 4 4 9 9 9 9 9 9 4 4 9 9 9 9 9 9 4 4 9 9 9 9 9 9 4 4 9 9 9 9 9 9 4 4 9 9 9 9 9 9 4 4 4 4 4 4 4 4 4 4 4 4 4 4
4 4 4 4 4 4 4 4 4 4 4 4 9 9 9 9 9 9 4 4 9 9 9 9 9 9 4 4 9 9 9 9 9 9 4 4 9 9 9 9 9 9 4 4 9 9 9 9 9 9 4 4 4 4 4 4 4 4 4 4 4 4 4 4
4 4 4 4 4 4 4 4 4 4 4 4 9 9 9 9 9 9 4 4 9 9 9 9 9 9 4 4 9 9 9 9 9 9 4 4 9 9 9 9 9 9 4 4 9 9 9 9 9 9 4 4 4 4 4 4 4 4 4 4 4 4 4 4
4 4 4 4 4 4 4 4 4 4 4 4 9 9 9 9 9 9 4 4 9 9 9 9 9 9 4 4 9 9 9 9 9 9 4 4 9 9 9 9 9 9 4 4 9 9 9 9 9 9 4 4 4 4 4 4 4 4 4 4 4 4 4 4
4 4 4 4 4 4 4 4 4 4 4 4 9 9 9 9 9 9 4 4 9 9 9 9 9 9 4 4 9 9 9 9 9 9 4 4 9 9 9 9 9 9 4 4 9 9 9 9 9 9 4 4 4 4 4 4 4 4 4 4 4 4 4 4
4 4 4 4 4 4 4 4 4 4 4 4 9 9 9 9 9 9 4 4 9 9 9 9 9 9 4 4 9 9 9 9 9 9 4 4 9 9 9 9 9 9 4 4 9 9 9 9 9 9 4 4 4 4 4 4 4 4 4 4 4 4 4 4
4 4 4 4 4 4 4 4 4 4 4 4 4 4 4 4 4 4 4 4 4 4 4 4 4 4 4 4 4 4 4 4 4 4 4 4 4 4 4 4 4 4 4 4 4 4 4 4 4 4 4 4 4 4 4 4 4 4 4 4 4 4 4 4
4 4 4 4 4 4 4 4 4 4 4 4 4 4 4 4 4 4 4 4 4 4 4 4 4 4 4 4 4 4 4 4 4 4 4 4 4 4 4 4 4 4 4 4 4 4 4 4 4 4 4 4 4 4 4 4 4 4 4 4 4 4 4 4
4 4 4 4 4 4 4 4 4 4 4 4 4 4 4 4 4 4 4 4 9 9 9 9 9 9 4 4 0 0 2 2 2 2 4 4 9 9 9 9 9 9 4 4 4 4 4 4 4 4 4 4 4 4 4 4 4 4 4 4 4 4 4 4
4 4 4 4 4 4 4 4 4 4 4 4 4 4 4 4 4 4 4 4 9 9 9 9 9 9 4 4 0 0 2 2 2 2 4 4 9 9 9 9 9 9 4 4 4 4 4 4 4 4 4 4 4 4 4 4 4 4 4 4 4 4 4 4
4 4 4 4 4 4 4 4 4 4 4 4 4 4 4 4 4 4 4 4 9 9 9 9 9 9 4 4 2 2 12 12 2 2 4 4 9 9 9 9 9 9 4 4 4 4 4 4 4 4 4 4 4 4 4 4 4 4 4 4 4 4 4 4
4 4 4 4 4 4 4 4 4 4 4 4 4 4 4 4 4 4 4 4 9 9 9 9 9 9 4 4 2 2 12 12 2 2 4 4 9 9 9 9 9 9 4 4 4 4 4 4 4 4 4 4 4 4 4 4 4 4 4 4 4 4 4 4
4 4 4 4 4 4 4 4 4 4 4 4 4 4 4 4 4 4 4 4 9 9 9 9 9 9 4 4 0 0 0 0 0 0 4 4 9 9 9 9 9 9 4 4 4 4 4 4 4 4 4 4 4 4 4 4 4 4 4 4 4 4 4 4
4 4 4 4 4 4 4 4 4 4 4 4 4 4 4 4 4 4 4 4 9 9 9 9 9 9 4 4 0 0 0 0 0 0 4 4 9 9 9 9 9 9 4 4 4 4 4 4 4 4 4 4 4 4 4 4 4 4 4 4 4 4 4 4
4 4 4 4 4 4 4 4 4 4 4 4 4 4 4 4 4 4 4 4 4 4 4 4 4 4 4 4 4 4 4 4 4 4 4 4 4 4 4 4 4 4 4 4 4 4 4 4 4 4 4 4 4 4 4 4 4 4 4 4 4 4 4 4
4 4 4 4 4 4 4 4 4 4 4 4 4 4 4 4 4 4 4 4 4 4 4 4 4 4 4 4 4 4 4 4 4 4 4 4 4 4 4 4 4 4 4 4 4 4 4 4 4 4 4 4 4 4 4 4 4 4 4 4 4 4 4 4
4 4 4 4 4 4 4 4 4 4 4 4 4 4 4 4 4 4 4 4 9 9 9 9 9 9 4 4 9 9 9 9 9 9 4 4 9 9 9 9 9 9 4 4 4 4 4 4 4 4 4 4 4 4 4 4 4 4 4 4 4 4 4 4
4 4 4 4 4 4 4 4 4 4 4 4 4 4 4 4 4 4 4 4 9 9 9 9 9 9 4 4 9 9 9 9 9 9 4 4 9 9 9 9 9 9 4 4 4 4 4 4 4 4 4 4 4 4 4 4 4 4 4 4 4 4 4 4
4 4 4 4 4 4 4 4 4 4 4 4 4 4 4 4 4 4 4 4 9 9 9 9 9 9 4 4 9 9 9 9 9 9 4 4 9 9 9 9 9 9 4 4 4 4 4 4 4 4 4 4 4 4 4 4 4 4 4 4 4 4 4 4
4 4 4 4 4 4 4 4 4 4 4 4 4 4 4 4 4 4 4 4 9 9 9 9 9 9 4 4 9 9 9 9 9 9 4 4 9 9 9 9 9 9 4 4 4 4 4 4 4 4 4 4 4 4 4 4 4 4 4 4 4 4 4 4
4 4 4 4 4 4 4 4 4 4 4 4 4 4 4 4 4 4 4 4 9 9 9 9 9 9 4 4 9 9 9 9 9 9 4 4 9 9 9 9 9 9 4 4 4 4 4 4 4 4 4 4 4 4 4 4 4 4 4 4 4 4 4 4
4 4 4 4 4 4 4 4 4 4 4 4 4 4 4 4 4 4 4 4 9 9 9 9 9 9 4 4 9 9 9 9 9 9 4 4 9 9 9 9 9 9 4 4 4 4 4 4 4 4 4 4 4 4 4 4 4 4 4 4 4 4 4 4
4 4 4 4 4 4 4 4 4 4 4 4 4 4 4 4 4 4 4 4 4 4 4 4 4 4 4 4 4 4 4 4 4 4 4 4 4 4 4 4 4 4 4 4 4 4 4 4 4 4 4 4 4 4 4 4 4 4 4 4 4 4 4 4
4 4 4 4 4 4 4 4 4 4 4 4 4 4 4 4 4 4 4 4 4 4 4 4 4 4 4 4 4 4 4 4 4 4 4 4 4 4 4 4 4 4 4 4 4 4 4 4 4 4 4 4 4 4 4 4 4 4 4 4 4 4 4 4
4 4 4 4 4 4 4 4 4 4 4 4 4 4 4 4 4 4 4 4 4 4 4 4 4 4 4 4 4 4 4 4 4 4 4 4 4 4 4 4 4 4 4 4 4 4 4 4 4 4 4 4 4 4 4 4 4 4 4 4 4 4 4 4
4 4 4 4 4 4 4 4 4 4 4 4 4 4 4 4 4 4 4 4 4 4 4 4 4 4 4 4 4 4 4 4 4 4 4 4 4 4 4 4 4 4 4 4 4 4 4 4 4 4 4 4 4 4 4 4 4 4 4 4 4 4 4 4
4 4 4 4 4 4 4 4 4 4 4 4 4 4 4 4 4 4 4 4 4 4 4 4 4 4 4 4 4 4 4 4 4 4 4 4 4 4 4 4 4 4 4 4 4 4 4 4 4 4 4 4 4 4 4 4 4 4 4 4 4 4 4 4
4 4 4 4 4 4 4 4 4 4 4 4 4 4 4 4 4 4 4 4 4 4 4 4 4 4 4 4 4 4 4 4 4 4 4 4 4 4 4 4 4 4 4 4 4 4 4 4 4 4 4 4 4 4 4 4 4 4 4 4 4 4 4 4
4 4 4 4 4 4 4 4 4 4 4 4 4 4 4 4 4 4 4 4 4 4 4 4 4 4 4 4 4 4 4 4 4 4 4 4 4 4 4 4 4 4 4 4 4 4 4 4 4 4 4 4 4 4 4 4 4 4 4 4 4 4 4 4
4 4 4 4 4 4 4 4 4 4 4 4 4 4 4 4 4 4 4 4 4 4 4 4 4 4 4 4 4 4 4 4 4 4 4 4 4 4 4 4 4 4 4 4 4 4 4 4 4 4 4 4 4 4 4 4 4 4 4 4 4 4 4 4
4 4 4 4 4 4 4 4 4 4 4 4 4 4 4 4 4 4 4 4 4 4 4 4 4 4 4 4 4 4 4 4 4 4 4 4 4 4 4 4 4 4 4 4 4 4 4 4 4 4 4 4 4 4 4 4 4 4 4 4 4 4 4 4
4 4 4 4 4 4 4 4 4 4 4 4 4 4 4 4 4 4 4 4 4 4 4 4 4 4 4 4 4 4 4 4 4 4 4 4 4 4 4 4 4 4 4 4 4 4 4 4 4 4 4 4 4 4 4 4 4 4 4 4 4 4 4 4
4 4 4 4 4 4 4 4 4 4 4 4 4 4 4 4 4 4 4 4 4 4 4 4 4 4 4 4 4 4 4 4 4 4 4 4 4 4 4 4 4 4 4 4 4 4 4 4 4 4 4 4 4 4 4 4 4 4 4 4 4 4 4 4
12 12 12 12 12 12 12 12 12 12 12 12 12 12 12 12 12 12 12 12 12 12 12 12 12 12 12 12 12 12 12 12 12 12 12 12 12 12 12 12 12 12 12 12 12 12 12 12 12 12 12 12 12 12 12 12 12 12 12 12 12 12 12 11
[LEVELS] 3/6
[STATE] NOT_FINISHED
[AVAILABLE] ACTION6
[DIFF] 37 cells: (20,14) 9>8; (21,14) 9>8; (22,14) 9>8; (23,14) 9>8; (24,14) 9>8; (25,14) 9>8; (20,15) 9>8; (21,15) 9>8; (22,15) 9>8; (23,15) 9>8; (24,15) 9>8; (25,15) 9>8; (20,16) 9>8; (21,16) 9>8; (22,16) 9>8; (23,16) 9>8; (24,16) 9>8; (25,16) 9>8; (20,17) 9>8; (21,17) 9>8; (22,17) 9>8; (23,17) 9>8; (24,17) 9>8; (25,17) 9>8; (20,18) 9>8; (21,18) 9>8; (22,18) 9>8; (23,18) 9>8; (24,18) 9>8; (25,18) 9>8; (20,19) 9>8; (21,19) 9>8; (22,19) 9>8; (23,19) 9>8; (24,19) 9>8; (25,19) 9>8; (63,63) 12>11

[STEP 27]
[ACTION] ACTION6 x=22 y=16
[BOARD] 1/1 settled
4 4 4 4 4 4 4 4 4 4 4 4 4 4 4 4 4 4 4 4 4 4 4 4 4 4 4 4 4 4 4 4 4 4 4 4 4 4 4 4 4 4 4 4 4 4 4 4 4 4 4 4 4 4 4 4 4 4 4 4 9 9 9 9
4 4 4 4 4 4 4 4 4 4 4 4 4 4 4 4 4 4 4 4 4 4 4 4 4 4 4 4 4 4 4 4 4 4 4 4 4 4 4 4 4 4 4 4 4 4 4 4 4 4 4 4 4 4 4 4 4 4 4 4 9 9 9 9
4 4 4 4 4 4 4 4 4 4 4 4 4 4 4 4 4 4 4 4 4 4 4 4 4 4 4 4 4 4 4 4 4 4 4 4 4 4 4 4 4 4 4 4 4 4 4 4 4 4 4 4 4 4 4 4 4 4 4 4 9 9 9 9
4 4 4 4 4 4 4 4 4 4 4 4 4 4 4 4 4 4 4 4 4 4 4 4 4 4 4 4 4 4 4 4 4 4 4 4 4 4 4 4 4 4 4 4 4 4 4 4 4 4 4 4 4 4 4 4 4 4 4 4 9 9 9 9
4 4 4 4 4 4 4 4 4 4 4 4 4 4 4 4 4 4 4 4 4 4 4 4 4 4 4 4 4 4 4 4 4 4 4 4 4 4 4 4 4 4 4 4 4 4 4 4 4 4 4 4 4 4 4 4 4 4 4 4 8 8 8 8
4 4 4 4 4 4 4 4 4 4 4 4 4 4 4 4 4 4 4 4 4 4 4 4 4 4 4 4 4 4 4 4 4 4 4 4 4 4 4 4 4 4 4 4 4 4 4 4 4 4 4 4 4 4 4 4 4 4 4 4 8 8 8 8
4 4 4 4 4 4 4 4 4 4 4 4 4 4 4 4 4 4 4 4 4 4 4 4 4 4 4 4 4 4 4 4 4 4 4 4 4 4 4 4 4 4 4 4 4 4 4 4 4 4 4 4 4 4 4 4 4 4 4 4 8 8 8 8
4 4 4 4 4 4 4 4 4 4 4 4 4 4 4 4 4 4 4 4 4 4 4 4 4 4 4 4 4 4 4 4 4 4 4 4 4 4 4 4 4 4 4 4 4 4 4 4 4 4 4 4 4 4 4 4 4 4 4 4 8 8 8 8
4 4 4 4 4 4 4 4 4 4 4 4 4 4 4 4 4 4 4 4 4 4 4 4 4 4 4 4 4 4 4 4 4 4 4 4 4 4 4 4 4 4 4 4 4 4 4 4 4 4 4 4 4 4 4 4 4 4 4 4 12 12 12 12
4 4 4 4 4 4 4 4 4 4 4 4 4 4 4 4 4 4 4 4 4 4 4 4 4 4 4 4 4 4 4 4 4 4 4 4 4 4 4 4 4 4 4 4 4 4 4 4 4 4 4 4 4 4 4 4 4 4 4 4 12 12 12 12
4 4 4 4 4 4 4 4 4 4 4 4 4 4 4 4 4 4 4 4 4 4 4 4 4 4 4 4 4 4 4 4 4 4 4 4 4 4 4 4 4 4 4 4 4 4 4 4 4 4 4 4 4 4 4 4 4 4 4 4 12 12 12 12
4 4 4 4 4 4 4 4 4 4 4 4 4 4 4 4 4 4 4 4 4 4 4 4 4 4 4 4 4 4 4 4 4 4 4 4 4 4 4 4 4 4 4 4 4 4 4 4 4 4 4 4 4 4 4 4 4 4 4 4 12 12 12 12
4 4 4 4 4 4 4 4 4 4 4 4 4 4 4 4 4 4 4 4 4 4 4 4 4 4 4 4 4 4 4 4 4 4 4 4 4 4 4 4 4 4 4 4 4 4 4 4 4 4 4 4 4 4 4 4 4 4 4 4 4 4 4 4
4 4 4 4 4 4 4 4 4 4 4 4 4 4 4 4 4 4 4 4 4 4 4 4 4 4 4 4 4 4 4 4 4 4 4 4 4 4 4 4 4 4 4 4 4 4 4 4 4 4 4 4 4 4 4 4 4 4 4 4 4 4 4 4
4 4 4 4 4 4 4 4 4 4 4 4 9 9 9 9 9 9 4 4 12 12 12 12 12 12 4 4 9 9 9 9 9 9 4 4 9 9 9 9 9 9 4 4 9 9 9 9 9 9 4 4 4 4 4 4 4 4 4 4 4 4 4 4
4 4 4 4 4 4 4 4 4 4 4 4 9 9 9 9 9 9 4 4 12 12 12 12 12 12 4 4 9 9 9 9 9 9 4 4 9 9 9 9 9 9 4 4 9 9 9 9 9 9 4 4 4 4 4 4 4 4 4 4 4 4 4 4
4 4 4 4 4 4 4 4 4 4 4 4 9 9 9 9 9 9 4 4 12 12 12 12 12 12 4 4 9 9 9 9 9 9 4 4 9 9 9 9 9 9 4 4 9 9 9 9 9 9 4 4 4 4 4 4 4 4 4 4 4 4 4 4
4 4 4 4 4 4 4 4 4 4 4 4 9 9 9 9 9 9 4 4 12 12 12 12 12 12 4 4 9 9 9 9 9 9 4 4 9 9 9 9 9 9 4 4 9 9 9 9 9 9 4 4 4 4 4 4 4 4 4 4 4 4 4 4
4 4 4 4 4 4 4 4 4 4 4 4 9 9 9 9 9 9 4 4 12 12 12 12 12 12 4 4 9 9 9 9 9 9 4 4 9 9 9 9 9 9 4 4 9 9 9 9 9 9 4 4 4 4 4 4 4 4 4 4 4 4 4 4
4 4 4 4 4 4 4 4 4 4 4 4 9 9 9 9 9 9 4 4 12 12 12 12 12 12 4 4 9 9 9 9 9 9 4 4 9 9 9 9 9 9 4 4 9 9 9 9 9 9 4 4 4 4 4 4 4 4 4 4 4 4 4 4
4 4 4 4 4 4 4 4 4 4 4 4 4 4 4 4 4 4 4 4 4 4 4 4 4 4 4 4 4 4 4 4 4 4 4 4 4 4 4 4 4 4 4 4 4 4 4 4 4 4 4 4 4 4 4 4 4 4 4 4 4 4 4 4
4 4 4 4 4 4 4 4 4 4 4 4 4 4 4 4 4 4 4 4 4 4 4 4 4 4 4 4 4 4 4 4 4 4 4 4 4 4 4 4 4 4 4 4 4 4 4 4 4 4 4 4 4 4 4 4 4 4 4 4 4 4 4 4
4 4 4 4 4 4 4 4 4 4 4 4 9 9 9 9 9 9 4 4 2 2 0 0 2 2 4 4 9 9 9 9 9 9 4 4 2 2 0 0 2 2 4 4 9 9 9 9 9 9 4 4 4 4 4 4 4 4 4 4 4 4 4 4
4 4 4 4 4 4 4 4 4 4 4 4 9 9 9 9 9 9 4 4 2 2 0 0 2 2 4 4 9 9 9 9 9 9 4 4 2 2 0 0 2 2 4 4 9 9 9 9 9 9 4 4 4 4 4 4 4 4 4 4 4 4 4 4
4 4 4 4 4 4 4 4 4 4 4 4 9 9 9 9 9 9 4 4 2 2 12 12 2 2 4 4 9 9 9 9 9 9 4 4 2 2 9 9 2 2 4 4 9 9 9 9 9 9 4 4 4 4 4 4 4 4 4 4 4 4 4 4
4 4 4 4 4 4 4 4 4 4 4 4 9 9 9 9 9 9 4 4 2 2 12 12 2 2 4 4 9 9 9 9 9 9 4 4 2 2 9 9 2 2 4 4 9 9 9 9 9 9 4 4 4 4 4 4 4 4 4 4 4 4 4 4
4 4 4 4 4 4 4 4 4 4 4 4 9 9 9 9 9 9 4 4 2 2 0 0 2 2 4 4 9 9 9 9 9 9 4 4 2 2 2 2 0 0 4 4 9 9 9 9 9 9 4 4 4 4 4 4 4 4 4 4 4 4 4 4
4 4 4 4 4 4 4 4 4 4 4 4 9 9 9 9 9 9 4 4 2 2 0 0 2 2 4 4 9 9 9 9 9 9 4 4 2 2 2 2 0 0 4 4 9 9 9 9 9 9 4 4 4 4 4 4 4 4 4 4 4 4 4 4
4 4 4 4 4 4 4 4 4 4 4 4 4 4 4 4 4 4 4 4 4 4 4 4 4 4 4 4 4 4 4 4 4 4 4 4 4 4 4 4 4 4 4 4 4 4 4 4 4 4 4 4 4 4 4 4 4 4 4 4 4 4 4 4
4 4 4 4 4 4 4 4 4 4 4 4 4 4 4 4 4 4 4 4 4 4 4 4 4 4 4 4 4 4 4 4 4 4 4 4 4 4 4 4 4 4 4 4 4 4 4 4 4 4 4 4 4 4 4 4 4 4 4 4 4 4 4 4
4 4 4 4 4 4 4 4 4 4 4 4 9 9 9 9 9 9 4 4 9 9 9 9 9 9 4 4 9 9 9 9 9 9 4 4 9 9 9 9 9 9 4 4 9 9 9 9 9 9 4 4 4 4 4 4 4 4 4 4 4 4 4 4
4 4 4 4 4 4 4 4 4 4 4 4 9 9 9 9 9 9 4 4 9 9 9 9 9 9 4 4 9 9 9 9 9 9 4 4 9 9 9 9 9 9 4 4 9 9 9 9 9 9 4 4 4 4 4 4 4 4 4 4 4 4 4 4
4 4 4 4 4 4 4 4 4 4 4 4 9 9 9 9 9 9 4 4 9 9 9 9 9 9 4 4 9 9 9 9 9 9 4 4 9 9 9 9 9 9 4 4 9 9 9 9 9 9 4 4 4 4 4 4 4 4 4 4 4 4 4 4
4 4 4 4 4 4 4 4 4 4 4 4 9 9 9 9 9 9 4 4 9 9 9 9 9 9 4 4 9 9 9 9 9 9 4 4 9 9 9 9 9 9 4 4 9 9 9 9 9 9 4 4 4 4 4 4 4 4 4 4 4 4 4 4
4 4 4 4 4 4 4 4 4 4 4 4 9 9 9 9 9 9 4 4 9 9 9 9 9 9 4 4 9 9 9 9 9 9 4 4 9 9 9 9 9 9 4 4 9 9 9 9 9 9 4 4 4 4 4 4 4 4 4 4 4 4 4 4
4 4 4 4 4 4 4 4 4 4 4 4 9 9 9 9 9 9 4 4 9 9 9 9 9 9 4 4 9 9 9 9 9 9 4 4 9 9 9 9 9 9 4 4 9 9 9 9 9 9 4 4 4 4 4 4 4 4 4 4 4 4 4 4
4 4 4 4 4 4 4 4 4 4 4 4 4 4 4 4 4 4 4 4 4 4 4 4 4 4 4 4 4 4 4 4 4 4 4 4 4 4 4 4 4 4 4 4 4 4 4 4 4 4 4 4 4 4 4 4 4 4 4 4 4 4 4 4
4 4 4 4 4 4 4 4 4 4 4 4 4 4 4 4 4 4 4 4 4 4 4 4 4 4 4 4 4 4 4 4 4 4 4 4 4 4 4 4 4 4 4 4 4 4 4 4 4 4 4 4 4 4 4 4 4 4 4 4 4 4 4 4
4 4 4 4 4 4 4 4 4 4 4 4 4 4 4 4 4 4 4 4 9 9 9 9 9 9 4 4 0 0 2 2 2 2 4 4 9 9 9 9 9 9 4 4 4 4 4 4 4 4 4 4 4 4 4 4 4 4 4 4 4 4 4 4
4 4 4 4 4 4 4 4 4 4 4 4 4 4 4 4 4 4 4 4 9 9 9 9 9 9 4 4 0 0 2 2 2 2 4 4 9 9 9 9 9 9 4 4 4 4 4 4 4 4 4 4 4 4 4 4 4 4 4 4 4 4 4 4
4 4 4 4 4 4 4 4 4 4 4 4 4 4 4 4 4 4 4 4 9 9 9 9 9 9 4 4 2 2 12 12 2 2 4 4 9 9 9 9 9 9 4 4 4 4 4 4 4 4 4 4 4 4 4 4 4 4 4 4 4 4 4 4
4 4 4 4 4 4 4 4 4 4 4 4 4 4 4 4 4 4 4 4 9 9 9 9 9 9 4 4 2 2 12 12 2 2 4 4 9 9 9 9 9 9 4 4 4 4 4 4 4 4 4 4 4 4 4 4 4 4 4 4 4 4 4 4
4 4 4 4 4 4 4 4 4 4 4 4 4 4 4 4 4 4 4 4 9 9 9 9 9 9 4 4 0 0 0 0 0 0 4 4 9 9 9 9 9 9 4 4 4 4 4 4 4 4 4 4 4 4 4 4 4 4 4 4 4 4 4 4
4 4 4 4 4 4 4 4 4 4 4 4 4 4 4 4 4 4 4 4 9 9 9 9 9 9 4 4 0 0 0 0 0 0 4 4 9 9 9 9 9 9 4 4 4 4 4 4 4 4 4 4 4 4 4 4 4 4 4 4 4 4 4 4
4 4 4 4 4 4 4 4 4 4 4 4 4 4 4 4 4 4 4 4 4 4 4 4 4 4 4 4 4 4 4 4 4 4 4 4 4 4 4 4 4 4 4 4 4 4 4 4 4 4 4 4 4 4 4 4 4 4 4 4 4 4 4 4
4 4 4 4 4 4 4 4 4 4 4 4 4 4 4 4 4 4 4 4 4 4 4 4 4 4 4 4 4 4 4 4 4 4 4 4 4 4 4 4 4 4 4 4 4 4 4 4 4 4 4 4 4 4 4 4 4 4 4 4 4 4 4 4
4 4 4 4 4 4 4 4 4 4 4 4 4 4 4 4 4 4 4 4 9 9 9 9 9 9 4 4 9 9 9 9 9 9 4 4 9 9 9 9 9 9 4 4 4 4 4 4 4 4 4 4 4 4 4 4 4 4 4 4 4 4 4 4
4 4 4 4 4 4 4 4 4 4 4 4 4 4 4 4 4 4 4 4 9 9 9 9 9 9 4 4 9 9 9 9 9 9 4 4 9 9 9 9 9 9 4 4 4 4 4 4 4 4 4 4 4 4 4 4 4 4 4 4 4 4 4 4
4 4 4 4 4 4 4 4 4 4 4 4 4 4 4 4 4 4 4 4 9 9 9 9 9 9 4 4 9 9 9 9 9 9 4 4 9 9 9 9 9 9 4 4 4 4 4 4 4 4 4 4 4 4 4 4 4 4 4 4 4 4 4 4
4 4 4 4 4 4 4 4 4 4 4 4 4 4 4 4 4 4 4 4 9 9 9 9 9 9 4 4 9 9 9 9 9 9 4 4 9 9 9 9 9 9 4 4 4 4 4 4 4 4 4 4 4 4 4 4 4 4 4 4 4 4 4 4
4 4 4 4 4 4 4 4 4 4 4 4 4 4 4 4 4 4 4 4 9 9 9 9 9 9 4 4 9 9 9 9 9 9 4 4 9 9 9 9 9 9 4 4 4 4 4 4 4 4 4 4 4 4 4 4 4 4 4 4 4 4 4 4
4 4 4 4 4 4 4 4 4 4 4 4 4 4 4 4 4 4 4 4 9 9 9 9 9 9 4 4 9 9 9 9 9 9 4 4 9 9 9 9 9 9 4 4 4 4 4 4 4 4 4 4 4 4 4 4 4 4 4 4 4 4 4 4
4 4 4 4 4 4 4 4 4 4 4 4 4 4 4 4 4 4 4 4 4 4 4 4 4 4 4 4 4 4 4 4 4 4 4 4 4 4 4 4 4 4 4 4 4 4 4 4 4 4 4 4 4 4 4 4 4 4 4 4 4 4 4 4
4 4 4 4 4 4 4 4 4 4 4 4 4 4 4 4 4 4 4 4 4 4 4 4 4 4 4 4 4 4 4 4 4 4 4 4 4 4 4 4 4 4 4 4 4 4 4 4 4 4 4 4 4 4 4 4 4 4 4 4 4 4 4 4
4 4 4 4 4 4 4 4 4 4 4 4 4 4 4 4 4 4 4 4 4 4 4 4 4 4 4 4 4 4 4 4 4 4 4 4 4 4 4 4 4 4 4 4 4 4 4 4 4 4 4 4 4 4 4 4 4 4 4 4 4 4 4 4
4 4 4 4 4 4 4 4 4 4 4 4 4 4 4 4 4 4 4 4 4 4 4 4 4 4 4 4 4 4 4 4 4 4 4 4 4 4 4 4 4 4 4 4 4 4 4 4 4 4 4 4 4 4 4 4 4 4 4 4 4 4 4 4
4 4 4 4 4 4 4 4 4 4 4 4 4 4 4 4 4 4 4 4 4 4 4 4 4 4 4 4 4 4 4 4 4 4 4 4 4 4 4 4 4 4 4 4 4 4 4 4 4 4 4 4 4 4 4 4 4 4 4 4 4 4 4 4
4 4 4 4 4 4 4 4 4 4 4 4 4 4 4 4 4 4 4 4 4 4 4 4 4 4 4 4 4 4 4 4 4 4 4 4 4 4 4 4 4 4 4 4 4 4 4 4 4 4 4 4 4 4 4 4 4 4 4 4 4 4 4 4
4 4 4 4 4 4 4 4 4 4 4 4 4 4 4 4 4 4 4 4 4 4 4 4 4 4 4 4 4 4 4 4 4 4 4 4 4 4 4 4 4 4 4 4 4 4 4 4 4 4 4 4 4 4 4 4 4 4 4 4 4 4 4 4
4 4 4 4 4 4 4 4 4 4 4 4 4 4 4 4 4 4 4 4 4 4 4 4 4 4 4 4 4 4 4 4 4 4 4 4 4 4 4 4 4 4 4 4 4 4 4 4 4 4 4 4 4 4 4 4 4 4 4 4 4 4 4 4
4 4 4 4 4 4 4 4 4 4 4 4 4 4 4 4 4 4 4 4 4 4 4 4 4 4 4 4 4 4 4 4 4 4 4 4 4 4 4 4 4 4 4 4 4 4 4 4 4 4 4 4 4 4 4 4 4 4 4 4 4 4 4 4
4 4 4 4 4 4 4 4 4 4 4 4 4 4 4 4 4 4 4 4 4 4 4 4 4 4 4 4 4 4 4 4 4 4 4 4 4 4 4 4 4 4 4 4 4 4 4 4 4 4 4 4 4 4 4 4 4 4 4 4 4 4 4 4
4 4 4 4 4 4 4 4 4 4 4 4 4 4 4 4 4 4 4 4 4 4 4 4 4 4 4 4 4 4 4 4 4 4 4 4 4 4 4 4 4 4 4 4 4 4 4 4 4 4 4 4 4 4 4 4 4 4 4 4 4 4 4 4
12 12 12 12 12 12 12 12 12 12 12 12 12 12 12 12 12 12 12 12 12 12 12 12 12 12 12 12 12 12 12 12 12 12 12 12 12 12 12 12 12 12 12 12 12 12 12 12 12 12 12 12 12 12 12 12 12 12 12 12 12 12 12 11
[LEVELS] 3/6
[STATE] NOT_FINISHED
[AVAILABLE] ACTION6
[DIFF] 36 cells: (20,14) 8>12; (21,14) 8>12; (22,14) 8>12; (23,14) 8>12; (24,14) 8>12; (25,14) 8>12; (20,15) 8>12; (21,15) 8>12; (22,15) 8>12; (23,15) 8>12; (24,15) 8>12; (25,15) 8>12; (20,16) 8>12; (21,16) 8>12; (22,16) 8>12; (23,16) 8>12; (24,16) 8>12; (25,16) 8>12; (20,17) 8>12; (21,17) 8>12; (22,17) 8>12; (23,17) 8>12; (24,17) 8>12; (25,17) 8>12; (20,18) 8>12; (21,18) 8>12; (22,18) 8>12; (23,18) 8>12; (24,18) 8>12; (25,18) 8>12; (20,19) 8>12; (21,19) 8>12; (22,19) 8>12; (23,19) 8>12; (24,19) 8>12; (25,19) 8>12

[PLAN] invocation 7
This is the minimum-cycle assignment satisfying every micro-0 equality and every micro-2 inequality across all three level-4 clues.
plan: ACTION6(x=30,y=16) ACTION6(x=46,y=16) ACTION6(x=30,y=24) ACTION6(x=46,y=24) ACTION6(x=30,y=32) ACTION6(x=38,y=32) ACTION6(x=22,y=32) ACTION6(x=22,y=32) ACTION6(x=22,y=48) ACTION6(x=22,y=48) ACTION6(x=30,y=48) ACTION6(x=30,y=48) ACTION6(x=38,y=48) ACTION6(x=38,y=48)
[END PLAN]

[STEP 28]
[ACTION] ACTION6 x=30 y=16
[BOARD] 1/1 settled
4 4 4 4 4 4 4 4 4 4 4 4 4 4 4 4 4 4 4 4 4 4 4 4 4 4 4 4 4 4 4 4 4 4 4 4 4 4 4 4 4 4 4 4 4 4 4 4 4 4 4 4 4 4 4 4 4 4 4 4 9 9 9 9
4 4 4 4 4 4 4 4 4 4 4 4 4 4 4 4 4 4 4 4 4 4 4 4 4 4 4 4 4 4 4 4 4 4 4 4 4 4 4 4 4 4 4 4 4 4 4 4 4 4 4 4 4 4 4 4 4 4 4 4 9 9 9 9
4 4 4 4 4 4 4 4 4 4 4 4 4 4 4 4 4 4 4 4 4 4 4 4 4 4 4 4 4 4 4 4 4 4 4 4 4 4 4 4 4 4 4 4 4 4 4 4 4 4 4 4 4 4 4 4 4 4 4 4 9 9 9 9
4 4 4 4 4 4 4 4 4 4 4 4 4 4 4 4 4 4 4 4 4 4 4 4 4 4 4 4 4 4 4 4 4 4 4 4 4 4 4 4 4 4 4 4 4 4 4 4 4 4 4 4 4 4 4 4 4 4 4 4 9 9 9 9
4 4 4 4 4 4 4 4 4 4 4 4 4 4 4 4 4 4 4 4 4 4 4 4 4 4 4 4 4 4 4 4 4 4 4 4 4 4 4 4 4 4 4 4 4 4 4 4 4 4 4 4 4 4 4 4 4 4 4 4 8 8 8 8
4 4 4 4 4 4 4 4 4 4 4 4 4 4 4 4 4 4 4 4 4 4 4 4 4 4 4 4 4 4 4 4 4 4 4 4 4 4 4 4 4 4 4 4 4 4 4 4 4 4 4 4 4 4 4 4 4 4 4 4 8 8 8 8
4 4 4 4 4 4 4 4 4 4 4 4 4 4 4 4 4 4 4 4 4 4 4 4 4 4 4 4 4 4 4 4 4 4 4 4 4 4 4 4 4 4 4 4 4 4 4 4 4 4 4 4 4 4 4 4 4 4 4 4 8 8 8 8
4 4 4 4 4 4 4 4 4 4 4 4 4 4 4 4 4 4 4 4 4 4 4 4 4 4 4 4 4 4 4 4 4 4 4 4 4 4 4 4 4 4 4 4 4 4 4 4 4 4 4 4 4 4 4 4 4 4 4 4 8 8 8 8
4 4 4 4 4 4 4 4 4 4 4 4 4 4 4 4 4 4 4 4 4 4 4 4 4 4 4 4 4 4 4 4 4 4 4 4 4 4 4 4 4 4 4 4 4 4 4 4 4 4 4 4 4 4 4 4 4 4 4 4 12 12 12 12
4 4 4 4 4 4 4 4 4 4 4 4 4 4 4 4 4 4 4 4 4 4 4 4 4 4 4 4 4 4 4 4 4 4 4 4 4 4 4 4 4 4 4 4 4 4 4 4 4 4 4 4 4 4 4 4 4 4 4 4 12 12 12 12
4 4 4 4 4 4 4 4 4 4 4 4 4 4 4 4 4 4 4 4 4 4 4 4 4 4 4 4 4 4 4 4 4 4 4 4 4 4 4 4 4 4 4 4 4 4 4 4 4 4 4 4 4 4 4 4 4 4 4 4 12 12 12 12
4 4 4 4 4 4 4 4 4 4 4 4 4 4 4 4 4 4 4 4 4 4 4 4 4 4 4 4 4 4 4 4 4 4 4 4 4 4 4 4 4 4 4 4 4 4 4 4 4 4 4 4 4 4 4 4 4 4 4 4 12 12 12 12
4 4 4 4 4 4 4 4 4 4 4 4 4 4 4 4 4 4 4 4 4 4 4 4 4 4 4 4 4 4 4 4 4 4 4 4 4 4 4 4 4 4 4 4 4 4 4 4 4 4 4 4 4 4 4 4 4 4 4 4 4 4 4 4
4 4 4 4 4 4 4 4 4 4 4 4 4 4 4 4 4 4 4 4 4 4 4 4 4 4 4 4 4 4 4 4 4 4 4 4 4 4 4 4 4 4 4 4 4 4 4 4 4 4 4 4 4 4 4 4 4 4 4 4 4 4 4 4
4 4 4 4 4 4 4 4 4 4 4 4 9 9 9 9 9 9 4 4 12 12 12 12 12 12 4 4 8 8 8 8 8 8 4 4 9 9 9 9 9 9 4 4 9 9 9 9 9 9 4 4 4 4 4 4 4 4 4 4 4 4 4 4
4 4 4 4 4 4 4 4 4 4 4 4 9 9 9 9 9 9 4 4 12 12 12 12 12 12 4 4 8 8 8 8 8 8 4 4 9 9 9 9 9 9 4 4 9 9 9 9 9 9 4 4 4 4 4 4 4 4 4 4 4 4 4 4
4 4 4 4 4 4 4 4 4 4 4 4 9 9 9 9 9 9 4 4 12 12 12 12 12 12 4 4 8 8 8 8 8 8 4 4 9 9 9 9 9 9 4 4 9 9 9 9 9 9 4 4 4 4 4 4 4 4 4 4 4 4 4 4
4 4 4 4 4 4 4 4 4 4 4 4 9 9 9 9 9 9 4 4 12 12 12 12 12 12 4 4 8 8 8 8 8 8 4 4 9 9 9 9 9 9 4 4 9 9 9 9 9 9 4 4 4 4 4 4 4 4 4 4 4 4 4 4
4 4 4 4 4 4 4 4 4 4 4 4 9 9 9 9 9 9 4 4 12 12 12 12 12 12 4 4 8 8 8 8 8 8 4 4 9 9 9 9 9 9 4 4 9 9 9 9 9 9 4 4 4 4 4 4 4 4 4 4 4 4 4 4
4 4 4 4 4 4 4 4 4 4 4 4 9 9 9 9 9 9 4 4 12 12 12 12 12 12 4 4 8 8 8 8 8 8 4 4 9 9 9 9 9 9 4 4 9 9 9 9 9 9 4 4 4 4 4 4 4 4 4 4 4 4 4 4
4 4 4 4 4 4 4 4 4 4 4 4 4 4 4 4 4 4 4 4 4 4 4 4 4 4 4 4 4 4 4 4 4 4 4 4 4 4 4 4 4 4 4 4 4 4 4 4 4 4 4 4 4 4 4 4 4 4 4 4 4 4 4 4
4 4 4 4 4 4 4 4 4 4 4 4 4 4 4 4 4 4 4 4 4 4 4 4 4 4 4 4 4 4 4 4 4 4 4 4 4 4 4 4 4 4 4 4 4 4 4 4 4 4 4 4 4 4 4 4 4 4 4 4 4 4 4 4
4 4 4 4 4 4 4 4 4 4 4 4 9 9 9 9 9 9 4 4 2 2 0 0 2 2 4 4 9 9 9 9 9 9 4 4 2 2 0 0 2 2 4 4 9 9 9 9 9 9 4 4 4 4 4 4 4 4 4 4 4 4 4 4
4 4 4 4 4 4 4 4 4 4 4 4 9 9 9 9 9 9 4 4 2 2 0 0 2 2 4 4 9 9 9 9 9 9 4 4 2 2 0 0 2 2 4 4 9 9 9 9 9 9 4 4 4 4 4 4 4 4 4 4 4 4 4 4
4 4 4 4 4 4 4 4 4 4 4 4 9 9 9 9 9 9 4 4 2 2 12 12 2 2 4 4 9 9 9 9 9 9 4 4 2 2 9 9 2 2 4 4 9 9 9 9 9 9 4 4 4 4 4 4 4 4 4 4 4 4 4 4
4 4 4 4 4 4 4 4 4 4 4 4 9 9 9 9 9 9 4 4 2 2 12 12 2 2 4 4 9 9 9 9 9 9 4 4 2 2 9 9 2 2 4 4 9 9 9 9 9 9 4 4 4 4 4 4 4 4 4 4 4 4 4 4
4 4 4 4 4 4 4 4 4 4 4 4 9 9 9 9 9 9 4 4 2 2 0 0 2 2 4 4 9 9 9 9 9 9 4 4 2 2 2 2 0 0 4 4 9 9 9 9 9 9 4 4 4 4 4 4 4 4 4 4 4 4 4 4
4 4 4 4 4 4 4 4 4 4 4 4 9 9 9 9 9 9 4 4 2 2 0 0 2 2 4 4 9 9 9 9 9 9 4 4 2 2 2 2 0 0 4 4 9 9 9 9 9 9 4 4 4 4 4 4 4 4 4 4 4 4 4 4
4 4 4 4 4 4 4 4 4 4 4 4 4 4 4 4 4 4 4 4 4 4 4 4 4 4 4 4 4 4 4 4 4 4 4 4 4 4 4 4 4 4 4 4 4 4 4 4 4 4 4 4 4 4 4 4 4 4 4 4 4 4 4 4
4 4 4 4 4 4 4 4 4 4 4 4 4 4 4 4 4 4 4 4 4 4 4 4 4 4 4 4 4 4 4 4 4 4 4 4 4 4 4 4 4 4 4 4 4 4 4 4 4 4 4 4 4 4 4 4 4 4 4 4 4 4 4 4
4 4 4 4 4 4 4 4 4 4 4 4 9 9 9 9 9 9 4 4 9 9 9 9 9 9 4 4 9 9 9 9 9 9 4 4 9 9 9 9 9 9 4 4 9 9 9 9 9 9 4 4 4 4 4 4 4 4 4 4 4 4 4 4
4 4 4 4 4 4 4 4 4 4 4 4 9 9 9 9 9 9 4 4 9 9 9 9 9 9 4 4 9 9 9 9 9 9 4 4 9 9 9 9 9 9 4 4 9 9 9 9 9 9 4 4 4 4 4 4 4 4 4 4 4 4 4 4
4 4 4 4 4 4 4 4 4 4 4 4 9 9 9 9 9 9 4 4 9 9 9 9 9 9 4 4 9 9 9 9 9 9 4 4 9 9 9 9 9 9 4 4 9 9 9 9 9 9 4 4 4 4 4 4 4 4 4 4 4 4 4 4
4 4 4 4 4 4 4 4 4 4 4 4 9 9 9 9 9 9 4 4 9 9 9 9 9 9 4 4 9 9 9 9 9 9 4 4 9 9 9 9 9 9 4 4 9 9 9 9 9 9 4 4 4 4 4 4 4 4 4 4 4 4 4 4
4 4 4 4 4 4 4 4 4 4 4 4 9 9 9 9 9 9 4 4 9 9 9 9 9 9 4 4 9 9 9 9 9 9 4 4 9 9 9 9 9 9 4 4 9 9 9 9 9 9 4 4 4 4 4 4 4 4 4 4 4 4 4 4
4 4 4 4 4 4 4 4 4 4 4 4 9 9 9 9 9 9 4 4 9 9 9 9 9 9 4 4 9 9 9 9 9 9 4 4 9 9 9 9 9 9 4 4 9 9 9 9 9 9 4 4 4 4 4 4 4 4 4 4 4 4 4 4
4 4 4 4 4 4 4 4 4 4 4 4 4 4 4 4 4 4 4 4 4 4 4 4 4 4 4 4 4 4 4 4 4 4 4 4 4 4 4 4 4 4 4 4 4 4 4 4 4 4 4 4 4 4 4 4 4 4 4 4 4 4 4 4
4 4 4 4 4 4 4 4 4 4 4 4 4 4 4 4 4 4 4 4 4 4 4 4 4 4 4 4 4 4 4 4 4 4 4 4 4 4 4 4 4 4 4 4 4 4 4 4 4 4 4 4 4 4 4 4 4 4 4 4 4 4 4 4
4 4 4 4 4 4 4 4 4 4 4 4 4 4 4 4 4 4 4 4 9 9 9 9 9 9 4 4 0 0 2 2 2 2 4 4 9 9 9 9 9 9 4 4 4 4 4 4 4 4 4 4 4 4 4 4 4 4 4 4 4 4 4 4
4 4 4 4 4 4 4 4 4 4 4 4 4 4 4 4 4 4 4 4 9 9 9 9 9 9 4 4 0 0 2 2 2 2 4 4 9 9 9 9 9 9 4 4 4 4 4 4 4 4 4 4 4 4 4 4 4 4 4 4 4 4 4 4
4 4 4 4 4 4 4 4 4 4 4 4 4 4 4 4 4 4 4 4 9 9 9 9 9 9 4 4 2 2 12 12 2 2 4 4 9 9 9 9 9 9 4 4 4 4 4 4 4 4 4 4 4 4 4 4 4 4 4 4 4 4 4 4
4 4 4 4 4 4 4 4 4 4 4 4 4 4 4 4 4 4 4 4 9 9 9 9 9 9 4 4 2 2 12 12 2 2 4 4 9 9 9 9 9 9 4 4 4 4 4 4 4 4 4 4 4 4 4 4 4 4 4 4 4 4 4 4
4 4 4 4 4 4 4 4 4 4 4 4 4 4 4 4 4 4 4 4 9 9 9 9 9 9 4 4 0 0 0 0 0 0 4 4 9 9 9 9 9 9 4 4 4 4 4 4 4 4 4 4 4 4 4 4 4 4 4 4 4 4 4 4
4 4 4 4 4 4 4 4 4 4 4 4 4 4 4 4 4 4 4 4 9 9 9 9 9 9 4 4 0 0 0 0 0 0 4 4 9 9 9 9 9 9 4 4 4 4 4 4 4 4 4 4 4 4 4 4 4 4 4 4 4 4 4 4
4 4 4 4 4 4 4 4 4 4 4 4 4 4 4 4 4 4 4 4 4 4 4 4 4 4 4 4 4 4 4 4 4 4 4 4 4 4 4 4 4 4 4 4 4 4 4 4 4 4 4 4 4 4 4 4 4 4 4 4 4 4 4 4
4 4 4 4 4 4 4 4 4 4 4 4 4 4 4 4 4 4 4 4 4 4 4 4 4 4 4 4 4 4 4 4 4 4 4 4 4 4 4 4 4 4 4 4 4 4 4 4 4 4 4 4 4 4 4 4 4 4 4 4 4 4 4 4
4 4 4 4 4 4 4 4 4 4 4 4 4 4 4 4 4 4 4 4 9 9 9 9 9 9 4 4 9 9 9 9 9 9 4 4 9 9 9 9 9 9 4 4 4 4 4 4 4 4 4 4 4 4 4 4 4 4 4 4 4 4 4 4
4 4 4 4 4 4 4 4 4 4 4 4 4 4 4 4 4 4 4 4 9 9 9 9 9 9 4 4 9 9 9 9 9 9 4 4 9 9 9 9 9 9 4 4 4 4 4 4 4 4 4 4 4 4 4 4 4 4 4 4 4 4 4 4
4 4 4 4 4 4 4 4 4 4 4 4 4 4 4 4 4 4 4 4 9 9 9 9 9 9 4 4 9 9 9 9 9 9 4 4 9 9 9 9 9 9 4 4 4 4 4 4 4 4 4 4 4 4 4 4 4 4 4 4 4 4 4 4
4 4 4 4 4 4 4 4 4 4 4 4 4 4 4 4 4 4 4 4 9 9 9 9 9 9 4 4 9 9 9 9 9 9 4 4 9 9 9 9 9 9 4 4 4 4 4 4 4 4 4 4 4 4 4 4 4 4 4 4 4 4 4 4
4 4 4 4 4 4 4 4 4 4 4 4 4 4 4 4 4 4 4 4 9 9 9 9 9 9 4 4 9 9 9 9 9 9 4 4 9 9 9 9 9 9 4 4 4 4 4 4 4 4 4 4 4 4 4 4 4 4 4 4 4 4 4 4
4 4 4 4 4 4 4 4 4 4 4 4 4 4 4 4 4 4 4 4 9 9 9 9 9 9 4 4 9 9 9 9 9 9 4 4 9 9 9 9 9 9 4 4 4 4 4 4 4 4 4 4 4 4 4 4 4 4 4 4 4 4 4 4
4 4 4 4 4 4 4 4 4 4 4 4 4 4 4 4 4 4 4 4 4 4 4 4 4 4 4 4 4 4 4 4 4 4 4 4 4 4 4 4 4 4 4 4 4 4 4 4 4 4 4 4 4 4 4 4 4 4 4 4 4 4 4 4
4 4 4 4 4 4 4 4 4 4 4 4 4 4 4 4 4 4 4 4 4 4 4 4 4 4 4 4 4 4 4 4 4 4 4 4 4 4 4 4 4 4 4 4 4 4 4 4 4 4 4 4 4 4 4 4 4 4 4 4 4 4 4 4
4 4 4 4 4 4 4 4 4 4 4 4 4 4 4 4 4 4 4 4 4 4 4 4 4 4 4 4 4 4 4 4 4 4 4 4 4 4 4 4 4 4 4 4 4 4 4 4 4 4 4 4 4 4 4 4 4 4 4 4 4 4 4 4
4 4 4 4 4 4 4 4 4 4 4 4 4 4 4 4 4 4 4 4 4 4 4 4 4 4 4 4 4 4 4 4 4 4 4 4 4 4 4 4 4 4 4 4 4 4 4 4 4 4 4 4 4 4 4 4 4 4 4 4 4 4 4 4
4 4 4 4 4 4 4 4 4 4 4 4 4 4 4 4 4 4 4 4 4 4 4 4 4 4 4 4 4 4 4 4 4 4 4 4 4 4 4 4 4 4 4 4 4 4 4 4 4 4 4 4 4 4 4 4 4 4 4 4 4 4 4 4
4 4 4 4 4 4 4 4 4 4 4 4 4 4 4 4 4 4 4 4 4 4 4 4 4 4 4 4 4 4 4 4 4 4 4 4 4 4 4 4 4 4 4 4 4 4 4 4 4 4 4 4 4 4 4 4 4 4 4 4 4 4 4 4
4 4 4 4 4 4 4 4 4 4 4 4 4 4 4 4 4 4 4 4 4 4 4 4 4 4 4 4 4 4 4 4 4 4 4 4 4 4 4 4 4 4 4 4 4 4 4 4 4 4 4 4 4 4 4 4 4 4 4 4 4 4 4 4
4 4 4 4 4 4 4 4 4 4 4 4 4 4 4 4 4 4 4 4 4 4 4 4 4 4 4 4 4 4 4 4 4 4 4 4 4 4 4 4 4 4 4 4 4 4 4 4 4 4 4 4 4 4 4 4 4 4 4 4 4 4 4 4
4 4 4 4 4 4 4 4 4 4 4 4 4 4 4 4 4 4 4 4 4 4 4 4 4 4 4 4 4 4 4 4 4 4 4 4 4 4 4 4 4 4 4 4 4 4 4 4 4 4 4 4 4 4 4 4 4 4 4 4 4 4 4 4
4 4 4 4 4 4 4 4 4 4 4 4 4 4 4 4 4 4 4 4 4 4 4 4 4 4 4 4 4 4 4 4 4 4 4 4 4 4 4 4 4 4 4 4 4 4 4 4 4 4 4 4 4 4 4 4 4 4 4 4 4 4 4 4
4 4 4 4 4 4 4 4 4 4 4 4 4 4 4 4 4 4 4 4 4 4 4 4 4 4 4 4 4 4 4 4 4 4 4 4 4 4 4 4 4 4 4 4 4 4 4 4 4 4 4 4 4 4 4 4 4 4 4 4 4 4 4 4
12 12 12 12 12 12 12 12 12 12 12 12 12 12 12 12 12 12 12 12 12 12 12 12 12 12 12 12 12 12 12 12 12 12 12 12 12 12 12 12 12 12 12 12 12 12 12 12 12 12 12 12 12 12 12 12 12 12 12 12 12 12 11 11
[LEVELS] 3/6
[STATE] NOT_FINISHED
[AVAILABLE] ACTION6
[DIFF] 37 cells: (28,14) 9>8; (29,14) 9>8; (30,14) 9>8; (31,14) 9>8; (32,14) 9>8; (33,14) 9>8; (28,15) 9>8; (29,15) 9>8; (30,15) 9>8; (31,15) 9>8; (32,15) 9>8; (33,15) 9>8; (28,16) 9>8; (29,16) 9>8; (30,16) 9>8; (31,16) 9>8; (32,16) 9>8; (33,16) 9>8; (28,17) 9>8; (29,17) 9>8; (30,17) 9>8; (31,17) 9>8; (32,17) 9>8; (33,17) 9>8; (28,18) 9>8; (29,18) 9>8; (30,18) 9>8; (31,18) 9>8; (32,18) 9>8; (33,18) 9>8; (28,19) 9>8; (29,19) 9>8; (30,19) 9>8; (31,19) 9>8; (32,19) 9>8; (33,19) 9>8; (62,63) 12>11

[STEP 29]
[ACTION] ACTION6 x=46 y=16
[BOARD] 1/1 settled
4 4 4 4 4 4 4 4 4 4 4 4 4 4 4 4 4 4 4 4 4 4 4 4 4 4 4 4 4 4 4 4 4 4 4 4 4 4 4 4 4 4 4 4 4 4 4 4 4 4 4 4 4 4 4 4 4 4 4 4 9 9 9 9
4 4 4 4 4 4 4 4 4 4 4 4 4 4 4 4 4 4 4 4 4 4 4 4 4 4 4 4 4 4 4 4 4 4 4 4 4 4 4 4 4 4 4 4 4 4 4 4 4 4 4 4 4 4 4 4 4 4 4 4 9 9 9 9
4 4 4 4 4 4 4 4 4 4 4 4 4 4 4 4 4 4 4 4 4 4 4 4 4 4 4 4 4 4 4 4 4 4 4 4 4 4 4 4 4 4 4 4 4 4 4 4 4 4 4 4 4 4 4 4 4 4 4 4 9 9 9 9
4 4 4 4 4 4 4 4 4 4 4 4 4 4 4 4 4 4 4 4 4 4 4 4 4 4 4 4 4 4 4 4 4 4 4 4 4 4 4 4 4 4 4 4 4 4 4 4 4 4 4 4 4 4 4 4 4 4 4 4 9 9 9 9
4 4 4 4 4 4 4 4 4 4 4 4 4 4 4 4 4 4 4 4 4 4 4 4 4 4 4 4 4 4 4 4 4 4 4 4 4 4 4 4 4 4 4 4 4 4 4 4 4 4 4 4 4 4 4 4 4 4 4 4 8 8 8 8
4 4 4 4 4 4 4 4 4 4 4 4 4 4 4 4 4 4 4 4 4 4 4 4 4 4 4 4 4 4 4 4 4 4 4 4 4 4 4 4 4 4 4 4 4 4 4 4 4 4 4 4 4 4 4 4 4 4 4 4 8 8 8 8
4 4 4 4 4 4 4 4 4 4 4 4 4 4 4 4 4 4 4 4 4 4 4 4 4 4 4 4 4 4 4 4 4 4 4 4 4 4 4 4 4 4 4 4 4 4 4 4 4 4 4 4 4 4 4 4 4 4 4 4 8 8 8 8
4 4 4 4 4 4 4 4 4 4 4 4 4 4 4 4 4 4 4 4 4 4 4 4 4 4 4 4 4 4 4 4 4 4 4 4 4 4 4 4 4 4 4 4 4 4 4 4 4 4 4 4 4 4 4 4 4 4 4 4 8 8 8 8
4 4 4 4 4 4 4 4 4 4 4 4 4 4 4 4 4 4 4 4 4 4 4 4 4 4 4 4 4 4 4 4 4 4 4 4 4 4 4 4 4 4 4 4 4 4 4 4 4 4 4 4 4 4 4 4 4 4 4 4 12 12 12 12
4 4 4 4 4 4 4 4 4 4 4 4 4 4 4 4 4 4 4 4 4 4 4 4 4 4 4 4 4 4 4 4 4 4 4 4 4 4 4 4 4 4 4 4 4 4 4 4 4 4 4 4 4 4 4 4 4 4 4 4 12 12 12 12
4 4 4 4 4 4 4 4 4 4 4 4 4 4 4 4 4 4 4 4 4 4 4 4 4 4 4 4 4 4 4 4 4 4 4 4 4 4 4 4 4 4 4 4 4 4 4 4 4 4 4 4 4 4 4 4 4 4 4 4 12 12 12 12
4 4 4 4 4 4 4 4 4 4 4 4 4 4 4 4 4 4 4 4 4 4 4 4 4 4 4 4 4 4 4 4 4 4 4 4 4 4 4 4 4 4 4 4 4 4 4 4 4 4 4 4 4 4 4 4 4 4 4 4 12 12 12 12
4 4 4 4 4 4 4 4 4 4 4 4 4 4 4 4 4 4 4 4 4 4 4 4 4 4 4 4 4 4 4 4 4 4 4 4 4 4 4 4 4 4 4 4 4 4 4 4 4 4 4 4 4 4 4 4 4 4 4 4 4 4 4 4
4 4 4 4 4 4 4 4 4 4 4 4 4 4 4 4 4 4 4 4 4 4 4 4 4 4 4 4 4 4 4 4 4 4 4 4 4 4 4 4 4 4 4 4 4 4 4 4 4 4 4 4 4 4 4 4 4 4 4 4 4 4 4 4
4 4 4 4 4 4 4 4 4 4 4 4 9 9 9 9 9 9 4 4 12 12 12 12 12 12 4 4 8 8 8 8 8 8 4 4 9 9 9 9 9 9 4 4 8 8 8 8 8 8 4 4 4 4 4 4 4 4 4 4 4 4 4 4
4 4 4 4 4 4 4 4 4 4 4 4 9 9 9 9 9 9 4 4 12 12 12 12 12 12 4 4 8 8 8 8 8 8 4 4 9 9 9 9 9 9 4 4 8 8 8 8 8 8 4 4 4 4 4 4 4 4 4 4 4 4 4 4
4 4 4 4 4 4 4 4 4 4 4 4 9 9 9 9 9 9 4 4 12 12 12 12 12 12 4 4 8 8 8 8 8 8 4 4 9 9 9 9 9 9 4 4 8 8 8 8 8 8 4 4 4 4 4 4 4 4 4 4 4 4 4 4
4 4 4 4 4 4 4 4 4 4 4 4 9 9 9 9 9 9 4 4 12 12 12 12 12 12 4 4 8 8 8 8 8 8 4 4 9 9 9 9 9 9 4 4 8 8 8 8 8 8 4 4 4 4 4 4 4 4 4 4 4 4 4 4
4 4 4 4 4 4 4 4 4 4 4 4 9 9 9 9 9 9 4 4 12 12 12 12 12 12 4 4 8 8 8 8 8 8 4 4 9 9 9 9 9 9 4 4 8 8 8 8 8 8 4 4 4 4 4 4 4 4 4 4 4 4 4 4
4 4 4 4 4 4 4 4 4 4 4 4 9 9 9 9 9 9 4 4 12 12 12 12 12 12 4 4 8 8 8 8 8 8 4 4 9 9 9 9 9 9 4 4 8 8 8 8 8 8 4 4 4 4 4 4 4 4 4 4 4 4 4 4
4 4 4 4 4 4 4 4 4 4 4 4 4 4 4 4 4 4 4 4 4 4 4 4 4 4 4 4 4 4 4 4 4 4 4 4 4 4 4 4 4 4 4 4 4 4 4 4 4 4 4 4 4 4 4 4 4 4 4 4 4 4 4 4
4 4 4 4 4 4 4 4 4 4 4 4 4 4 4 4 4 4 4 4 4 4 4 4 4 4 4 4 4 4 4 4 4 4 4 4 4 4 4 4 4 4 4 4 4 4 4 4 4 4 4 4 4 4 4 4 4 4 4 4 4 4 4 4
4 4 4 4 4 4 4 4 4 4 4 4 9 9 9 9 9 9 4 4 2 2 0 0 2 2 4 4 9 9 9 9 9 9 4 4 2 2 0 0 2 2 4 4 9 9 9 9 9 9 4 4 4 4 4 4 4 4 4 4 4 4 4 4
4 4 4 4 4 4 4 4 4 4 4 4 9 9 9 9 9 9 4 4 2 2 0 0 2 2 4 4 9 9 9 9 9 9 4 4 2 2 0 0 2 2 4 4 9 9 9 9 9 9 4 4 4 4 4 4 4 4 4 4 4 4 4 4
4 4 4 4 4 4 4 4 4 4 4 4 9 9 9 9 9 9 4 4 2 2 12 12 2 2 4 4 9 9 9 9 9 9 4 4 2 2 9 9 2 2 4 4 9 9 9 9 9 9 4 4 4 4 4 4 4 4 4 4 4 4 4 4
4 4 4 4 4 4 4 4 4 4 4 4 9 9 9 9 9 9 4 4 2 2 12 12 2 2 4 4 9 9 9 9 9 9 4 4 2 2 9 9 2 2 4 4 9 9 9 9 9 9 4 4 4 4 4 4 4 4 4 4 4 4 4 4
4 4 4 4 4 4 4 4 4 4 4 4 9 9 9 9 9 9 4 4 2 2 0 0 2 2 4 4 9 9 9 9 9 9 4 4 2 2 2 2 0 0 4 4 9 9 9 9 9 9 4 4 4 4 4 4 4 4 4 4 4 4 4 4
4 4 4 4 4 4 4 4 4 4 4 4 9 9 9 9 9 9 4 4 2 2 0 0 2 2 4 4 9 9 9 9 9 9 4 4 2 2 2 2 0 0 4 4 9 9 9 9 9 9 4 4 4 4 4 4 4 4 4 4 4 4 4 4
4 4 4 4 4 4 4 4 4 4 4 4 4 4 4 4 4 4 4 4 4 4 4 4 4 4 4 4 4 4 4 4 4 4 4 4 4 4 4 4 4 4 4 4 4 4 4 4 4 4 4 4 4 4 4 4 4 4 4 4 4 4 4 4
4 4 4 4 4 4 4 4 4 4 4 4 4 4 4 4 4 4 4 4 4 4 4 4 4 4 4 4 4 4 4 4 4 4 4 4 4 4 4 4 4 4 4 4 4 4 4 4 4 4 4 4 4 4 4 4 4 4 4 4 4 4 4 4
4 4 4 4 4 4 4 4 4 4 4 4 9 9 9 9 9 9 4 4 9 9 9 9 9 9 4 4 9 9 9 9 9 9 4 4 9 9 9 9 9 9 4 4 9 9 9 9 9 9 4 4 4 4 4 4 4 4 4 4 4 4 4 4
4 4 4 4 4 4 4 4 4 4 4 4 9 9 9 9 9 9 4 4 9 9 9 9 9 9 4 4 9 9 9 9 9 9 4 4 9 9 9 9 9 9 4 4 9 9 9 9 9 9 4 4 4 4 4 4 4 4 4 4 4 4 4 4
4 4 4 4 4 4 4 4 4 4 4 4 9 9 9 9 9 9 4 4 9 9 9 9 9 9 4 4 9 9 9 9 9 9 4 4 9 9 9 9 9 9 4 4 9 9 9 9 9 9 4 4 4 4 4 4 4 4 4 4 4 4 4 4
4 4 4 4 4 4 4 4 4 4 4 4 9 9 9 9 9 9 4 4 9 9 9 9 9 9 4 4 9 9 9 9 9 9 4 4 9 9 9 9 9 9 4 4 9 9 9 9 9 9 4 4 4 4 4 4 4 4 4 4 4 4 4 4
4 4 4 4 4 4 4 4 4 4 4 4 9 9 9 9 9 9 4 4 9 9 9 9 9 9 4 4 9 9 9 9 9 9 4 4 9 9 9 9 9 9 4 4 9 9 9 9 9 9 4 4 4 4 4 4 4 4 4 4 4 4 4 4
4 4 4 4 4 4 4 4 4 4 4 4 9 9 9 9 9 9 4 4 9 9 9 9 9 9 4 4 9 9 9 9 9 9 4 4 9 9 9 9 9 9 4 4 9 9 9 9 9 9 4 4 4 4 4 4 4 4 4 4 4 4 4 4
4 4 4 4 4 4 4 4 4 4 4 4 4 4 4 4 4 4 4 4 4 4 4 4 4 4 4 4 4 4 4 4 4 4 4 4 4 4 4 4 4 4 4 4 4 4 4 4 4 4 4 4 4 4 4 4 4 4 4 4 4 4 4 4
4 4 4 4 4 4 4 4 4 4 4 4 4 4 4 4 4 4 4 4 4 4 4 4 4 4 4 4 4 4 4 4 4 4 4 4 4 4 4 4 4 4 4 4 4 4 4 4 4 4 4 4 4 4 4 4 4 4 4 4 4 4 4 4
4 4 4 4 4 4 4 4 4 4 4 4 4 4 4 4 4 4 4 4 9 9 9 9 9 9 4 4 0 0 2 2 2 2 4 4 9 9 9 9 9 9 4 4 4 4 4 4 4 4 4 4 4 4 4 4 4 4 4 4 4 4 4 4
4 4 4 4 4 4 4 4 4 4 4 4 4 4 4 4 4 4 4 4 9 9 9 9 9 9 4 4 0 0 2 2 2 2 4 4 9 9 9 9 9 9 4 4 4 4 4 4 4 4 4 4 4 4 4 4 4 4 4 4 4 4 4 4
4 4 4 4 4 4 4 4 4 4 4 4 4 4 4 4 4 4 4 4 9 9 9 9 9 9 4 4 2 2 12 12 2 2 4 4 9 9 9 9 9 9 4 4 4 4 4 4 4 4 4 4 4 4 4 4 4 4 4 4 4 4 4 4
4 4 4 4 4 4 4 4 4 4 4 4 4 4 4 4 4 4 4 4 9 9 9 9 9 9 4 4 2 2 12 12 2 2 4 4 9 9 9 9 9 9 4 4 4 4 4 4 4 4 4 4 4 4 4 4 4 4 4 4 4 4 4 4
4 4 4 4 4 4 4 4 4 4 4 4 4 4 4 4 4 4 4 4 9 9 9 9 9 9 4 4 0 0 0 0 0 0 4 4 9 9 9 9 9 9 4 4 4 4 4 4 4 4 4 4 4 4 4 4 4 4 4 4 4 4 4 4
4 4 4 4 4 4 4 4 4 4 4 4 4 4 4 4 4 4 4 4 9 9 9 9 9 9 4 4 0 0 0 0 0 0 4 4 9 9 9 9 9 9 4 4 4 4 4 4 4 4 4 4 4 4 4 4 4 4 4 4 4 4 4 4
4 4 4 4 4 4 4 4 4 4 4 4 4 4 4 4 4 4 4 4 4 4 4 4 4 4 4 4 4 4 4 4 4 4 4 4 4 4 4 4 4 4 4 4 4 4 4 4 4 4 4 4 4 4 4 4 4 4 4 4 4 4 4 4
4 4 4 4 4 4 4 4 4 4 4 4 4 4 4 4 4 4 4 4 4 4 4 4 4 4 4 4 4 4 4 4 4 4 4 4 4 4 4 4 4 4 4 4 4 4 4 4 4 4 4 4 4 4 4 4 4 4 4 4 4 4 4 4
4 4 4 4 4 4 4 4 4 4 4 4 4 4 4 4 4 4 4 4 9 9 9 9 9 9 4 4 9 9 9 9 9 9 4 4 9 9 9 9 9 9 4 4 4 4 4 4 4 4 4 4 4 4 4 4 4 4 4 4 4 4 4 4
4 4 4 4 4 4 4 4 4 4 4 4 4 4 4 4 4 4 4 4 9 9 9 9 9 9 4 4 9 9 9 9 9 9 4 4 9 9 9 9 9 9 4 4 4 4 4 4 4 4 4 4 4 4 4 4 4 4 4 4 4 4 4 4
4 4 4 4 4 4 4 4 4 4 4 4 4 4 4 4 4 4 4 4 9 9 9 9 9 9 4 4 9 9 9 9 9 9 4 4 9 9 9 9 9 9 4 4 4 4 4 4 4 4 4 4 4 4 4 4 4 4 4 4 4 4 4 4
4 4 4 4 4 4 4 4 4 4 4 4 4 4 4 4 4 4 4 4 9 9 9 9 9 9 4 4 9 9 9 9 9 9 4 4 9 9 9 9 9 9 4 4 4 4 4 4 4 4 4 4 4 4 4 4 4 4 4 4 4 4 4 4
4 4 4 4 4 4 4 4 4 4 4 4 4 4 4 4 4 4 4 4 9 9 9 9 9 9 4 4 9 9 9 9 9 9 4 4 9 9 9 9 9 9 4 4 4 4 4 4 4 4 4 4 4 4 4 4 4 4 4 4 4 4 4 4
4 4 4 4 4 4 4 4 4 4 4 4 4 4 4 4 4 4 4 4 9 9 9 9 9 9 4 4 9 9 9 9 9 9 4 4 9 9 9 9 9 9 4 4 4 4 4 4 4 4 4 4 4 4 4 4 4 4 4 4 4 4 4 4
4 4 4 4 4 4 4 4 4 4 4 4 4 4 4 4 4 4 4 4 4 4 4 4 4 4 4 4 4 4 4 4 4 4 4 4 4 4 4 4 4 4 4 4 4 4 4 4 4 4 4 4 4 4 4 4 4 4 4 4 4 4 4 4
4 4 4 4 4 4 4 4 4 4 4 4 4 4 4 4 4 4 4 4 4 4 4 4 4 4 4 4 4 4 4 4 4 4 4 4 4 4 4 4 4 4 4 4 4 4 4 4 4 4 4 4 4 4 4 4 4 4 4 4 4 4 4 4
4 4 4 4 4 4 4 4 4 4 4 4 4 4 4 4 4 4 4 4 4 4 4 4 4 4 4 4 4 4 4 4 4 4 4 4 4 4 4 4 4 4 4 4 4 4 4 4 4 4 4 4 4 4 4 4 4 4 4 4 4 4 4 4
4 4 4 4 4 4 4 4 4 4 4 4 4 4 4 4 4 4 4 4 4 4 4 4 4 4 4 4 4 4 4 4 4 4 4 4 4 4 4 4 4 4 4 4 4 4 4 4 4 4 4 4 4 4 4 4 4 4 4 4 4 4 4 4
4 4 4 4 4 4 4 4 4 4 4 4 4 4 4 4 4 4 4 4 4 4 4 4 4 4 4 4 4 4 4 4 4 4 4 4 4 4 4 4 4 4 4 4 4 4 4 4 4 4 4 4 4 4 4 4 4 4 4 4 4 4 4 4
4 4 4 4 4 4 4 4 4 4 4 4 4 4 4 4 4 4 4 4 4 4 4 4 4 4 4 4 4 4 4 4 4 4 4 4 4 4 4 4 4 4 4 4 4 4 4 4 4 4 4 4 4 4 4 4 4 4 4 4 4 4 4 4
4 4 4 4 4 4 4 4 4 4 4 4 4 4 4 4 4 4 4 4 4 4 4 4 4 4 4 4 4 4 4 4 4 4 4 4 4 4 4 4 4 4 4 4 4 4 4 4 4 4 4 4 4 4 4 4 4 4 4 4 4 4 4 4
4 4 4 4 4 4 4 4 4 4 4 4 4 4 4 4 4 4 4 4 4 4 4 4 4 4 4 4 4 4 4 4 4 4 4 4 4 4 4 4 4 4 4 4 4 4 4 4 4 4 4 4 4 4 4 4 4 4 4 4 4 4 4 4
4 4 4 4 4 4 4 4 4 4 4 4 4 4 4 4 4 4 4 4 4 4 4 4 4 4 4 4 4 4 4 4 4 4 4 4 4 4 4 4 4 4 4 4 4 4 4 4 4 4 4 4 4 4 4 4 4 4 4 4 4 4 4 4
4 4 4 4 4 4 4 4 4 4 4 4 4 4 4 4 4 4 4 4 4 4 4 4 4 4 4 4 4 4 4 4 4 4 4 4 4 4 4 4 4 4 4 4 4 4 4 4 4 4 4 4 4 4 4 4 4 4 4 4 4 4 4 4
4 4 4 4 4 4 4 4 4 4 4 4 4 4 4 4 4 4 4 4 4 4 4 4 4 4 4 4 4 4 4 4 4 4 4 4 4 4 4 4 4 4 4 4 4 4 4 4 4 4 4 4 4 4 4 4 4 4 4 4 4 4 4 4
12 12 12 12 12 12 12 12 12 12 12 12 12 12 12 12 12 12 12 12 12 12 12 12 12 12 12 12 12 12 12 12 12 12 12 12 12 12 12 12 12 12 12 12 12 12 12 12 12 12 12 12 12 12 12 12 12 12 12 12 12 11 11 11
[LEVELS] 3/6
[STATE] NOT_FINISHED
[AVAILABLE] ACTION6
[DIFF] 37 cells: (44,14) 9>8; (45,14) 9>8; (46,14) 9>8; (47,14) 9>8; (48,14) 9>8; (49,14) 9>8; (44,15) 9>8; (45,15) 9>8; (46,15) 9>8; (47,15) 9>8; (48,15) 9>8; (49,15) 9>8; (44,16) 9>8; (45,16) 9>8; (46,16) 9>8; (47,16) 9>8; (48,16) 9>8; (49,16) 9>8; (44,17) 9>8; (45,17) 9>8; (46,17) 9>8; (47,17) 9>8; (48,17) 9>8; (49,17) 9>8; (44,18) 9>8; (45,18) 9>8; (46,18) 9>8; (47,18) 9>8; (48,18) 9>8; (49,18) 9>8; (44,19) 9>8; (45,19) 9>8; (46,19) 9>8; (47,19) 9>8; (48,19) 9>8; (49,19) 9>8; (61,63) 12>11

[STEP 30]
[ACTION] ACTION6 x=30 y=24
[BOARD] 1/1 settled
4 4 4 4 4 4 4 4 4 4 4 4 4 4 4 4 4 4 4 4 4 4 4 4 4 4 4 4 4 4 4 4 4 4 4 4 4 4 4 4 4 4 4 4 4 4 4 4 4 4 4 4 4 4 4 4 4 4 4 4 9 9 9 9
4 4 4 4 4 4 4 4 4 4 4 4 4 4 4 4 4 4 4 4 4 4 4 4 4 4 4 4 4 4 4 4 4 4 4 4 4 4 4 4 4 4 4 4 4 4 4 4 4 4 4 4 4 4 4 4 4 4 4 4 9 9 9 9
4 4 4 4 4 4 4 4 4 4 4 4 4 4 4 4 4 4 4 4 4 4 4 4 4 4 4 4 4 4 4 4 4 4 4 4 4 4 4 4 4 4 4 4 4 4 4 4 4 4 4 4 4 4 4 4 4 4 4 4 9 9 9 9
4 4 4 4 4 4 4 4 4 4 4 4 4 4 4 4 4 4 4 4 4 4 4 4 4 4 4 4 4 4 4 4 4 4 4 4 4 4 4 4 4 4 4 4 4 4 4 4 4 4 4 4 4 4 4 4 4 4 4 4 9 9 9 9
4 4 4 4 4 4 4 4 4 4 4 4 4 4 4 4 4 4 4 4 4 4 4 4 4 4 4 4 4 4 4 4 4 4 4 4 4 4 4 4 4 4 4 4 4 4 4 4 4 4 4 4 4 4 4 4 4 4 4 4 8 8 8 8
4 4 4 4 4 4 4 4 4 4 4 4 4 4 4 4 4 4 4 4 4 4 4 4 4 4 4 4 4 4 4 4 4 4 4 4 4 4 4 4 4 4 4 4 4 4 4 4 4 4 4 4 4 4 4 4 4 4 4 4 8 8 8 8
4 4 4 4 4 4 4 4 4 4 4 4 4 4 4 4 4 4 4 4 4 4 4 4 4 4 4 4 4 4 4 4 4 4 4 4 4 4 4 4 4 4 4 4 4 4 4 4 4 4 4 4 4 4 4 4 4 4 4 4 8 8 8 8
4 4 4 4 4 4 4 4 4 4 4 4 4 4 4 4 4 4 4 4 4 4 4 4 4 4 4 4 4 4 4 4 4 4 4 4 4 4 4 4 4 4 4 4 4 4 4 4 4 4 4 4 4 4 4 4 4 4 4 4 8 8 8 8
4 4 4 4 4 4 4 4 4 4 4 4 4 4 4 4 4 4 4 4 4 4 4 4 4 4 4 4 4 4 4 4 4 4 4 4 4 4 4 4 4 4 4 4 4 4 4 4 4 4 4 4 4 4 4 4 4 4 4 4 12 12 12 12
4 4 4 4 4 4 4 4 4 4 4 4 4 4 4 4 4 4 4 4 4 4 4 4 4 4 4 4 4 4 4 4 4 4 4 4 4 4 4 4 4 4 4 4 4 4 4 4 4 4 4 4 4 4 4 4 4 4 4 4 12 12 12 12
4 4 4 4 4 4 4 4 4 4 4 4 4 4 4 4 4 4 4 4 4 4 4 4 4 4 4 4 4 4 4 4 4 4 4 4 4 4 4 4 4 4 4 4 4 4 4 4 4 4 4 4 4 4 4 4 4 4 4 4 12 12 12 12
4 4 4 4 4 4 4 4 4 4 4 4 4 4 4 4 4 4 4 4 4 4 4 4 4 4 4 4 4 4 4 4 4 4 4 4 4 4 4 4 4 4 4 4 4 4 4 4 4 4 4 4 4 4 4 4 4 4 4 4 12 12 12 12
4 4 4 4 4 4 4 4 4 4 4 4 4 4 4 4 4 4 4 4 4 4 4 4 4 4 4 4 4 4 4 4 4 4 4 4 4 4 4 4 4 4 4 4 4 4 4 4 4 4 4 4 4 4 4 4 4 4 4 4 4 4 4 4
4 4 4 4 4 4 4 4 4 4 4 4 4 4 4 4 4 4 4 4 4 4 4 4 4 4 4 4 4 4 4 4 4 4 4 4 4 4 4 4 4 4 4 4 4 4 4 4 4 4 4 4 4 4 4 4 4 4 4 4 4 4 4 4
4 4 4 4 4 4 4 4 4 4 4 4 9 9 9 9 9 9 4 4 12 12 12 12 12 12 4 4 8 8 8 8 8 8 4 4 9 9 9 9 9 9 4 4 8 8 8 8 8 8 4 4 4 4 4 4 4 4 4 4 4 4 4 4
4 4 4 4 4 4 4 4 4 4 4 4 9 9 9 9 9 9 4 4 12 12 12 12 12 12 4 4 8 8 8 8 8 8 4 4 9 9 9 9 9 9 4 4 8 8 8 8 8 8 4 4 4 4 4 4 4 4 4 4 4 4 4 4
4 4 4 4 4 4 4 4 4 4 4 4 9 9 9 9 9 9 4 4 12 12 12 12 12 12 4 4 8 8 8 8 8 8 4 4 9 9 9 9 9 9 4 4 8 8 8 8 8 8 4 4 4 4 4 4 4 4 4 4 4 4 4 4
4 4 4 4 4 4 4 4 4 4 4 4 9 9 9 9 9 9 4 4 12 12 12 12 12 12 4 4 8 8 8 8 8 8 4 4 9 9 9 9 9 9 4 4 8 8 8 8 8 8 4 4 4 4 4 4 4 4 4 4 4 4 4 4
4 4 4 4 4 4 4 4 4 4 4 4 9 9 9 9 9 9 4 4 12 12 12 12 12 12 4 4 8 8 8 8 8 8 4 4 9 9 9 9 9 9 4 4 8 8 8 8 8 8 4 4 4 4 4 4 4 4 4 4 4 4 4 4
4 4 4 4 4 4 4 4 4 4 4 4 9 9 9 9 9 9 4 4 12 12 12 12 12 12 4 4 8 8 8 8 8 8 4 4 9 9 9 9 9 9 4 4 8 8 8 8 8 8 4 4 4 4 4 4 4 4 4 4 4 4 4 4
4 4 4 4 4 4 4 4 4 4 4 4 4 4 4 4 4 4 4 4 4 4 4 4 4 4 4 4 4 4 4 4 4 4 4 4 4 4 4 4 4 4 4 4 4 4 4 4 4 4 4 4 4 4 4 4 4 4 4 4 4 4 4 4
4 4 4 4 4 4 4 4 4 4 4 4 4 4 4 4 4 4 4 4 4 4 4 4 4 4 4 4 4 4 4 4 4 4 4 4 4 4 4 4 4 4 4 4 4 4 4 4 4 4 4 4 4 4 4 4 4 4 4 4 4 4 4 4
4 4 4 4 4 4 4 4 4 4 4 4 9 9 9 9 9 9 4 4 2 2 0 0 2 2 4 4 8 8 8 8 8 8 4 4 2 2 0 0 2 2 4 4 9 9 9 9 9 9 4 4 4 4 4 4 4 4 4 4 4 4 4 4
4 4 4 4 4 4 4 4 4 4 4 4 9 9 9 9 9 9 4 4 2 2 0 0 2 2 4 4 8 8 8 8 8 8 4 4 2 2 0 0 2 2 4 4 9 9 9 9 9 9 4 4 4 4 4 4 4 4 4 4 4 4 4 4
4 4 4 4 4 4 4 4 4 4 4 4 9 9 9 9 9 9 4 4 2 2 12 12 2 2 4 4 8 8 8 8 8 8 4 4 2 2 9 9 2 2 4 4 9 9 9 9 9 9 4 4 4 4 4 4 4 4 4 4 4 4 4 4
4 4 4 4 4 4 4 4 4 4 4 4 9 9 9 9 9 9 4 4 2 2 12 12 2 2 4 4 8 8 8 8 8 8 4 4 2 2 9 9 2 2 4 4 9 9 9 9 9 9 4 4 4 4 4 4 4 4 4 4 4 4 4 4
4 4 4 4 4 4 4 4 4 4 4 4 9 9 9 9 9 9 4 4 2 2 0 0 2 2 4 4 8 8 8 8 8 8 4 4 2 2 2 2 0 0 4 4 9 9 9 9 9 9 4 4 4 4 4 4 4 4 4 4 4 4 4 4
4 4 4 4 4 4 4 4 4 4 4 4 9 9 9 9 9 9 4 4 2 2 0 0 2 2 4 4 8 8 8 8 8 8 4 4 2 2 2 2 0 0 4 4 9 9 9 9 9 9 4 4 4 4 4 4 4 4 4 4 4 4 4 4
4 4 4 4 4 4 4 4 4 4 4 4 4 4 4 4 4 4 4 4 4 4 4 4 4 4 4 4 4 4 4 4 4 4 4 4 4 4 4 4 4 4 4 4 4 4 4 4 4 4 4 4 4 4 4 4 4 4 4 4 4 4 4 4
4 4 4 4 4 4 4 4 4 4 4 4 4 4 4 4 4 4 4 4 4 4 4 4 4 4 4 4 4 4 4 4 4 4 4 4 4 4 4 4 4 4 4 4 4 4 4 4 4 4 4 4 4 4 4 4 4 4 4 4 4 4 4 4
4 4 4 4 4 4 4 4 4 4 4 4 9 9 9 9 9 9 4 4 9 9 9 9 9 9 4 4 9 9 9 9 9 9 4 4 9 9 9 9 9 9 4 4 9 9 9 9 9 9 4 4 4 4 4 4 4 4 4 4 4 4 4 4
4 4 4 4 4 4 4 4 4 4 4 4 9 9 9 9 9 9 4 4 9 9 9 9 9 9 4 4 9 9 9 9 9 9 4 4 9 9 9 9 9 9 4 4 9 9 9 9 9 9 4 4 4 4 4 4 4 4 4 4 4 4 4 4
4 4 4 4 4 4 4 4 4 4 4 4 9 9 9 9 9 9 4 4 9 9 9 9 9 9 4 4 9 9 9 9 9 9 4 4 9 9 9 9 9 9 4 4 9 9 9 9 9 9 4 4 4 4 4 4 4 4 4 4 4 4 4 4
4 4 4 4 4 4 4 4 4 4 4 4 9 9 9 9 9 9 4 4 9 9 9 9 9 9 4 4 9 9 9 9 9 9 4 4 9 9 9 9 9 9 4 4 9 9 9 9 9 9 4 4 4 4 4 4 4 4 4 4 4 4 4 4
4 4 4 4 4 4 4 4 4 4 4 4 9 9 9 9 9 9 4 4 9 9 9 9 9 9 4 4 9 9 9 9 9 9 4 4 9 9 9 9 9 9 4 4 9 9 9 9 9 9 4 4 4 4 4 4 4 4 4 4 4 4 4 4
4 4 4 4 4 4 4 4 4 4 4 4 9 9 9 9 9 9 4 4 9 9 9 9 9 9 4 4 9 9 9 9 9 9 4 4 9 9 9 9 9 9 4 4 9 9 9 9 9 9 4 4 4 4 4 4 4 4 4 4 4 4 4 4
4 4 4 4 4 4 4 4 4 4 4 4 4 4 4 4 4 4 4 4 4 4 4 4 4 4 4 4 4 4 4 4 4 4 4 4 4 4 4 4 4 4 4 4 4 4 4 4 4 4 4 4 4 4 4 4 4 4 4 4 4 4 4 4
4 4 4 4 4 4 4 4 4 4 4 4 4 4 4 4 4 4 4 4 4 4 4 4 4 4 4 4 4 4 4 4 4 4 4 4 4 4 4 4 4 4 4 4 4 4 4 4 4 4 4 4 4 4 4 4 4 4 4 4 4 4 4 4
4 4 4 4 4 4 4 4 4 4 4 4 4 4 4 4 4 4 4 4 9 9 9 9 9 9 4 4 0 0 2 2 2 2 4 4 9 9 9 9 9 9 4 4 4 4 4 4 4 4 4 4 4 4 4 4 4 4 4 4 4 4 4 4
4 4 4 4 4 4 4 4 4 4 4 4 4 4 4 4 4 4 4 4 9 9 9 9 9 9 4 4 0 0 2 2 2 2 4 4 9 9 9 9 9 9 4 4 4 4 4 4 4 4 4 4 4 4 4 4 4 4 4 4 4 4 4 4
4 4 4 4 4 4 4 4 4 4 4 4 4 4 4 4 4 4 4 4 9 9 9 9 9 9 4 4 2 2 12 12 2 2 4 4 9 9 9 9 9 9 4 4 4 4 4 4 4 4 4 4 4 4 4 4 4 4 4 4 4 4 4 4
4 4 4 4 4 4 4 4 4 4 4 4 4 4 4 4 4 4 4 4 9 9 9 9 9 9 4 4 2 2 12 12 2 2 4 4 9 9 9 9 9 9 4 4 4 4 4 4 4 4 4 4 4 4 4 4 4 4 4 4 4 4 4 4
4 4 4 4 4 4 4 4 4 4 4 4 4 4 4 4 4 4 4 4 9 9 9 9 9 9 4 4 0 0 0 0 0 0 4 4 9 9 9 9 9 9 4 4 4 4 4 4 4 4 4 4 4 4 4 4 4 4 4 4 4 4 4 4
4 4 4 4 4 4 4 4 4 4 4 4 4 4 4 4 4 4 4 4 9 9 9 9 9 9 4 4 0 0 0 0 0 0 4 4 9 9 9 9 9 9 4 4 4 4 4 4 4 4 4 4 4 4 4 4 4 4 4 4 4 4 4 4
4 4 4 4 4 4 4 4 4 4 4 4 4 4 4 4 4 4 4 4 4 4 4 4 4 4 4 4 4 4 4 4 4 4 4 4 4 4 4 4 4 4 4 4 4 4 4 4 4 4 4 4 4 4 4 4 4 4 4 4 4 4 4 4
4 4 4 4 4 4 4 4 4 4 4 4 4 4 4 4 4 4 4 4 4 4 4 4 4 4 4 4 4 4 4 4 4 4 4 4 4 4 4 4 4 4 4 4 4 4 4 4 4 4 4 4 4 4 4 4 4 4 4 4 4 4 4 4
4 4 4 4 4 4 4 4 4 4 4 4 4 4 4 4 4 4 4 4 9 9 9 9 9 9 4 4 9 9 9 9 9 9 4 4 9 9 9 9 9 9 4 4 4 4 4 4 4 4 4 4 4 4 4 4 4 4 4 4 4 4 4 4
4 4 4 4 4 4 4 4 4 4 4 4 4 4 4 4 4 4 4 4 9 9 9 9 9 9 4 4 9 9 9 9 9 9 4 4 9 9 9 9 9 9 4 4 4 4 4 4 4 4 4 4 4 4 4 4 4 4 4 4 4 4 4 4
4 4 4 4 4 4 4 4 4 4 4 4 4 4 4 4 4 4 4 4 9 9 9 9 9 9 4 4 9 9 9 9 9 9 4 4 9 9 9 9 9 9 4 4 4 4 4 4 4 4 4 4 4 4 4 4 4 4 4 4 4 4 4 4
4 4 4 4 4 4 4 4 4 4 4 4 4 4 4 4 4 4 4 4 9 9 9 9 9 9 4 4 9 9 9 9 9 9 4 4 9 9 9 9 9 9 4 4 4 4 4 4 4 4 4 4 4 4 4 4 4 4 4 4 4 4 4 4
4 4 4 4 4 4 4 4 4 4 4 4 4 4 4 4 4 4 4 4 9 9 9 9 9 9 4 4 9 9 9 9 9 9 4 4 9 9 9 9 9 9 4 4 4 4 4 4 4 4 4 4 4 4 4 4 4 4 4 4 4 4 4 4
4 4 4 4 4 4 4 4 4 4 4 4 4 4 4 4 4 4 4 4 9 9 9 9 9 9 4 4 9 9 9 9 9 9 4 4 9 9 9 9 9 9 4 4 4 4 4 4 4 4 4 4 4 4 4 4 4 4 4 4 4 4 4 4
4 4 4 4 4 4 4 4 4 4 4 4 4 4 4 4 4 4 4 4 4 4 4 4 4 4 4 4 4 4 4 4 4 4 4 4 4 4 4 4 4 4 4 4 4 4 4 4 4 4 4 4 4 4 4 4 4 4 4 4 4 4 4 4
4 4 4 4 4 4 4 4 4 4 4 4 4 4 4 4 4 4 4 4 4 4 4 4 4 4 4 4 4 4 4 4 4 4 4 4 4 4 4 4 4 4 4 4 4 4 4 4 4 4 4 4 4 4 4 4 4 4 4 4 4 4 4 4
4 4 4 4 4 4 4 4 4 4 4 4 4 4 4 4 4 4 4 4 4 4 4 4 4 4 4 4 4 4 4 4 4 4 4 4 4 4 4 4 4 4 4 4 4 4 4 4 4 4 4 4 4 4 4 4 4 4 4 4 4 4 4 4
4 4 4 4 4 4 4 4 4 4 4 4 4 4 4 4 4 4 4 4 4 4 4 4 4 4 4 4 4 4 4 4 4 4 4 4 4 4 4 4 4 4 4 4 4 4 4 4 4 4 4 4 4 4 4 4 4 4 4 4 4 4 4 4
4 4 4 4 4 4 4 4 4 4 4 4 4 4 4 4 4 4 4 4 4 4 4 4 4 4 4 4 4 4 4 4 4 4 4 4 4 4 4 4 4 4 4 4 4 4 4 4 4 4 4 4 4 4 4 4 4 4 4 4 4 4 4 4
4 4 4 4 4 4 4 4 4 4 4 4 4 4 4 4 4 4 4 4 4 4 4 4 4 4 4 4 4 4 4 4 4 4 4 4 4 4 4 4 4 4 4 4 4 4 4 4 4 4 4 4 4 4 4 4 4 4 4 4 4 4 4 4
4 4 4 4 4 4 4 4 4 4 4 4 4 4 4 4 4 4 4 4 4 4 4 4 4 4 4 4 4 4 4 4 4 4 4 4 4 4 4 4 4 4 4 4 4 4 4 4 4 4 4 4 4 4 4 4 4 4 4 4 4 4 4 4
4 4 4 4 4 4 4 4 4 4 4 4 4 4 4 4 4 4 4 4 4 4 4 4 4 4 4 4 4 4 4 4 4 4 4 4 4 4 4 4 4 4 4 4 4 4 4 4 4 4 4 4 4 4 4 4 4 4 4 4 4 4 4 4
4 4 4 4 4 4 4 4 4 4 4 4 4 4 4 4 4 4 4 4 4 4 4 4 4 4 4 4 4 4 4 4 4 4 4 4 4 4 4 4 4 4 4 4 4 4 4 4 4 4 4 4 4 4 4 4 4 4 4 4 4 4 4 4
4 4 4 4 4 4 4 4 4 4 4 4 4 4 4 4 4 4 4 4 4 4 4 4 4 4 4 4 4 4 4 4 4 4 4 4 4 4 4 4 4 4 4 4 4 4 4 4 4 4 4 4 4 4 4 4 4 4 4 4 4 4 4 4
4 4 4 4 4 4 4 4 4 4 4 4 4 4 4 4 4 4 4 4 4 4 4 4 4 4 4 4 4 4 4 4 4 4 4 4 4 4 4 4 4 4 4 4 4 4 4 4 4 4 4 4 4 4 4 4 4 4 4 4 4 4 4 4
12 12 12 12 12 12 12 12 12 12 12 12 12 12 12 12 12 12 12 12 12 12 12 12 12 12 12 12 12 12 12 12 12 12 12 12 12 12 12 12 12 12 12 12 12 12 12 12 12 12 12 12 12 12 12 12 12 12 12 12 12 11 11 11
[LEVELS] 3/6
[STATE] NOT_FINISHED
[AVAILABLE] ACTION6
[DIFF] 36 cells: (28,22) 9>8; (29,22) 9>8; (30,22) 9>8; (31,22) 9>8; (32,22) 9>8; (33,22) 9>8; (28,23) 9>8; (29,23) 9>8; (30,23) 9>8; (31,23) 9>8; (32,23) 9>8; (33,23) 9>8; (28,24) 9>8; (29,24) 9>8; (30,24) 9>8; (31,24) 9>8; (32,24) 9>8; (33,24) 9>8; (28,25) 9>8; (29,25) 9>8; (30,25) 9>8; (31,25) 9>8; (32,25) 9>8; (33,25) 9>8; (28,26) 9>8; (29,26) 9>8; (30,26) 9>8; (31,26) 9>8; (32,26) 9>8; (33,26) 9>8; (28,27) 9>8; (29,27) 9>8; (30,27) 9>8; (31,27) 9>8; (32,27) 9>8; (33,27) 9>8

[STEP 31]
[ACTION] ACTION6 x=46 y=24
[BOARD] 1/1 settled
4 4 4 4 4 4 4 4 4 4 4 4 4 4 4 4 4 4 4 4 4 4 4 4 4 4 4 4 4 4 4 4 4 4 4 4 4 4 4 4 4 4 4 4 4 4 4 4 4 4 4 4 4 4 4 4 4 4 4 4 9 9 9 9
4 4 4 4 4 4 4 4 4 4 4 4 4 4 4 4 4 4 4 4 4 4 4 4 4 4 4 4 4 4 4 4 4 4 4 4 4 4 4 4 4 4 4 4 4 4 4 4 4 4 4 4 4 4 4 4 4 4 4 4 9 9 9 9
4 4 4 4 4 4 4 4 4 4 4 4 4 4 4 4 4 4 4 4 4 4 4 4 4 4 4 4 4 4 4 4 4 4 4 4 4 4 4 4 4 4 4 4 4 4 4 4 4 4 4 4 4 4 4 4 4 4 4 4 9 9 9 9
4 4 4 4 4 4 4 4 4 4 4 4 4 4 4 4 4 4 4 4 4 4 4 4 4 4 4 4 4 4 4 4 4 4 4 4 4 4 4 4 4 4 4 4 4 4 4 4 4 4 4 4 4 4 4 4 4 4 4 4 9 9 9 9
4 4 4 4 4 4 4 4 4 4 4 4 4 4 4 4 4 4 4 4 4 4 4 4 4 4 4 4 4 4 4 4 4 4 4 4 4 4 4 4 4 4 4 4 4 4 4 4 4 4 4 4 4 4 4 4 4 4 4 4 8 8 8 8
4 4 4 4 4 4 4 4 4 4 4 4 4 4 4 4 4 4 4 4 4 4 4 4 4 4 4 4 4 4 4 4 4 4 4 4 4 4 4 4 4 4 4 4 4 4 4 4 4 4 4 4 4 4 4 4 4 4 4 4 8 8 8 8
4 4 4 4 4 4 4 4 4 4 4 4 4 4 4 4 4 4 4 4 4 4 4 4 4 4 4 4 4 4 4 4 4 4 4 4 4 4 4 4 4 4 4 4 4 4 4 4 4 4 4 4 4 4 4 4 4 4 4 4 8 8 8 8
4 4 4 4 4 4 4 4 4 4 4 4 4 4 4 4 4 4 4 4 4 4 4 4 4 4 4 4 4 4 4 4 4 4 4 4 4 4 4 4 4 4 4 4 4 4 4 4 4 4 4 4 4 4 4 4 4 4 4 4 8 8 8 8
4 4 4 4 4 4 4 4 4 4 4 4 4 4 4 4 4 4 4 4 4 4 4 4 4 4 4 4 4 4 4 4 4 4 4 4 4 4 4 4 4 4 4 4 4 4 4 4 4 4 4 4 4 4 4 4 4 4 4 4 12 12 12 12
4 4 4 4 4 4 4 4 4 4 4 4 4 4 4 4 4 4 4 4 4 4 4 4 4 4 4 4 4 4 4 4 4 4 4 4 4 4 4 4 4 4 4 4 4 4 4 4 4 4 4 4 4 4 4 4 4 4 4 4 12 12 12 12
4 4 4 4 4 4 4 4 4 4 4 4 4 4 4 4 4 4 4 4 4 4 4 4 4 4 4 4 4 4 4 4 4 4 4 4 4 4 4 4 4 4 4 4 4 4 4 4 4 4 4 4 4 4 4 4 4 4 4 4 12 12 12 12
4 4 4 4 4 4 4 4 4 4 4 4 4 4 4 4 4 4 4 4 4 4 4 4 4 4 4 4 4 4 4 4 4 4 4 4 4 4 4 4 4 4 4 4 4 4 4 4 4 4 4 4 4 4 4 4 4 4 4 4 12 12 12 12
4 4 4 4 4 4 4 4 4 4 4 4 4 4 4 4 4 4 4 4 4 4 4 4 4 4 4 4 4 4 4 4 4 4 4 4 4 4 4 4 4 4 4 4 4 4 4 4 4 4 4 4 4 4 4 4 4 4 4 4 4 4 4 4
4 4 4 4 4 4 4 4 4 4 4 4 4 4 4 4 4 4 4 4 4 4 4 4 4 4 4 4 4 4 4 4 4 4 4 4 4 4 4 4 4 4 4 4 4 4 4 4 4 4 4 4 4 4 4 4 4 4 4 4 4 4 4 4
4 4 4 4 4 4 4 4 4 4 4 4 9 9 9 9 9 9 4 4 12 12 12 12 12 12 4 4 8 8 8 8 8 8 4 4 9 9 9 9 9 9 4 4 8 8 8 8 8 8 4 4 4 4 4 4 4 4 4 4 4 4 4 4
4 4 4 4 4 4 4 4 4 4 4 4 9 9 9 9 9 9 4 4 12 12 12 12 12 12 4 4 8 8 8 8 8 8 4 4 9 9 9 9 9 9 4 4 8 8 8 8 8 8 4 4 4 4 4 4 4 4 4 4 4 4 4 4
4 4 4 4 4 4 4 4 4 4 4 4 9 9 9 9 9 9 4 4 12 12 12 12 12 12 4 4 8 8 8 8 8 8 4 4 9 9 9 9 9 9 4 4 8 8 8 8 8 8 4 4 4 4 4 4 4 4 4 4 4 4 4 4
4 4 4 4 4 4 4 4 4 4 4 4 9 9 9 9 9 9 4 4 12 12 12 12 12 12 4 4 8 8 8 8 8 8 4 4 9 9 9 9 9 9 4 4 8 8 8 8 8 8 4 4 4 4 4 4 4 4 4 4 4 4 4 4
4 4 4 4 4 4 4 4 4 4 4 4 9 9 9 9 9 9 4 4 12 12 12 12 12 12 4 4 8 8 8 8 8 8 4 4 9 9 9 9 9 9 4 4 8 8 8 8 8 8 4 4 4 4 4 4 4 4 4 4 4 4 4 4
4 4 4 4 4 4 4 4 4 4 4 4 9 9 9 9 9 9 4 4 12 12 12 12 12 12 4 4 8 8 8 8 8 8 4 4 9 9 9 9 9 9 4 4 8 8 8 8 8 8 4 4 4 4 4 4 4 4 4 4 4 4 4 4
4 4 4 4 4 4 4 4 4 4 4 4 4 4 4 4 4 4 4 4 4 4 4 4 4 4 4 4 4 4 4 4 4 4 4 4 4 4 4 4 4 4 4 4 4 4 4 4 4 4 4 4 4 4 4 4 4 4 4 4 4 4 4 4
4 4 4 4 4 4 4 4 4 4 4 4 4 4 4 4 4 4 4 4 4 4 4 4 4 4 4 4 4 4 4 4 4 4 4 4 4 4 4 4 4 4 4 4 4 4 4 4 4 4 4 4 4 4 4 4 4 4 4 4 4 4 4 4
4 4 4 4 4 4 4 4 4 4 4 4 9 9 9 9 9 9 4 4 2 2 0 0 2 2 4 4 8 8 8 8 8 8 4 4 2 2 0 0 2 2 4 4 8 8 8 8 8 8 4 4 4 4 4 4 4 4 4 4 4 4 4 4
4 4 4 4 4 4 4 4 4 4 4 4 9 9 9 9 9 9 4 4 2 2 0 0 2 2 4 4 8 8 8 8 8 8 4 4 2 2 0 0 2 2 4 4 8 8 8 8 8 8 4 4 4 4 4 4 4 4 4 4 4 4 4 4
4 4 4 4 4 4 4 4 4 4 4 4 9 9 9 9 9 9 4 4 2 2 12 12 2 2 4 4 8 8 8 8 8 8 4 4 2 2 9 9 2 2 4 4 8 8 8 8 8 8 4 4 4 4 4 4 4 4 4 4 4 4 4 4
4 4 4 4 4 4 4 4 4 4 4 4 9 9 9 9 9 9 4 4 2 2 12 12 2 2 4 4 8 8 8 8 8 8 4 4 2 2 9 9 2 2 4 4 8 8 8 8 8 8 4 4 4 4 4 4 4 4 4 4 4 4 4 4
4 4 4 4 4 4 4 4 4 4 4 4 9 9 9 9 9 9 4 4 2 2 0 0 2 2 4 4 8 8 8 8 8 8 4 4 2 2 2 2 0 0 4 4 8 8 8 8 8 8 4 4 4 4 4 4 4 4 4 4 4 4 4 4
4 4 4 4 4 4 4 4 4 4 4 4 9 9 9 9 9 9 4 4 2 2 0 0 2 2 4 4 8 8 8 8 8 8 4 4 2 2 2 2 0 0 4 4 8 8 8 8 8 8 4 4 4 4 4 4 4 4 4 4 4 4 4 4
4 4 4 4 4 4 4 4 4 4 4 4 4 4 4 4 4 4 4 4 4 4 4 4 4 4 4 4 4 4 4 4 4 4 4 4 4 4 4 4 4 4 4 4 4 4 4 4 4 4 4 4 4 4 4 4 4 4 4 4 4 4 4 4
4 4 4 4 4 4 4 4 4 4 4 4 4 4 4 4 4 4 4 4 4 4 4 4 4 4 4 4 4 4 4 4 4 4 4 4 4 4 4 4 4 4 4 4 4 4 4 4 4 4 4 4 4 4 4 4 4 4 4 4 4 4 4 4
4 4 4 4 4 4 4 4 4 4 4 4 9 9 9 9 9 9 4 4 9 9 9 9 9 9 4 4 9 9 9 9 9 9 4 4 9 9 9 9 9 9 4 4 9 9 9 9 9 9 4 4 4 4 4 4 4 4 4 4 4 4 4 4
4 4 4 4 4 4 4 4 4 4 4 4 9 9 9 9 9 9 4 4 9 9 9 9 9 9 4 4 9 9 9 9 9 9 4 4 9 9 9 9 9 9 4 4 9 9 9 9 9 9 4 4 4 4 4 4 4 4 4 4 4 4 4 4
4 4 4 4 4 4 4 4 4 4 4 4 9 9 9 9 9 9 4 4 9 9 9 9 9 9 4 4 9 9 9 9 9 9 4 4 9 9 9 9 9 9 4 4 9 9 9 9 9 9 4 4 4 4 4 4 4 4 4 4 4 4 4 4
4 4 4 4 4 4 4 4 4 4 4 4 9 9 9 9 9 9 4 4 9 9 9 9 9 9 4 4 9 9 9 9 9 9 4 4 9 9 9 9 9 9 4 4 9 9 9 9 9 9 4 4 4 4 4 4 4 4 4 4 4 4 4 4
4 4 4 4 4 4 4 4 4 4 4 4 9 9 9 9 9 9 4 4 9 9 9 9 9 9 4 4 9 9 9 9 9 9 4 4 9 9 9 9 9 9 4 4 9 9 9 9 9 9 4 4 4 4 4 4 4 4 4 4 4 4 4 4
4 4 4 4 4 4 4 4 4 4 4 4 9 9 9 9 9 9 4 4 9 9 9 9 9 9 4 4 9 9 9 9 9 9 4 4 9 9 9 9 9 9 4 4 9 9 9 9 9 9 4 4 4 4 4 4 4 4 4 4 4 4 4 4
4 4 4 4 4 4 4 4 4 4 4 4 4 4 4 4 4 4 4 4 4 4 4 4 4 4 4 4 4 4 4 4 4 4 4 4 4 4 4 4 4 4 4 4 4 4 4 4 4 4 4 4 4 4 4 4 4 4 4 4 4 4 4 4
4 4 4 4 4 4 4 4 4 4 4 4 4 4 4 4 4 4 4 4 4 4 4 4 4 4 4 4 4 4 4 4 4 4 4 4 4 4 4 4 4 4 4 4 4 4 4 4 4 4 4 4 4 4 4 4 4 4 4 4 4 4 4 4
4 4 4 4 4 4 4 4 4 4 4 4 4 4 4 4 4 4 4 4 9 9 9 9 9 9 4 4 0 0 2 2 2 2 4 4 9 9 9 9 9 9 4 4 4 4 4 4 4 4 4 4 4 4 4 4 4 4 4 4 4 4 4 4
4 4 4 4 4 4 4 4 4 4 4 4 4 4 4 4 4 4 4 4 9 9 9 9 9 9 4 4 0 0 2 2 2 2 4 4 9 9 9 9 9 9 4 4 4 4 4 4 4 4 4 4 4 4 4 4 4 4 4 4 4 4 4 4
4 4 4 4 4 4 4 4 4 4 4 4 4 4 4 4 4 4 4 4 9 9 9 9 9 9 4 4 2 2 12 12 2 2 4 4 9 9 9 9 9 9 4 4 4 4 4 4 4 4 4 4 4 4 4 4 4 4 4 4 4 4 4 4
4 4 4 4 4 4 4 4 4 4 4 4 4 4 4 4 4 4 4 4 9 9 9 9 9 9 4 4 2 2 12 12 2 2 4 4 9 9 9 9 9 9 4 4 4 4 4 4 4 4 4 4 4 4 4 4 4 4 4 4 4 4 4 4
4 4 4 4 4 4 4 4 4 4 4 4 4 4 4 4 4 4 4 4 9 9 9 9 9 9 4 4 0 0 0 0 0 0 4 4 9 9 9 9 9 9 4 4 4 4 4 4 4 4 4 4 4 4 4 4 4 4 4 4 4 4 4 4
4 4 4 4 4 4 4 4 4 4 4 4 4 4 4 4 4 4 4 4 9 9 9 9 9 9 4 4 0 0 0 0 0 0 4 4 9 9 9 9 9 9 4 4 4 4 4 4 4 4 4 4 4 4 4 4 4 4 4 4 4 4 4 4
4 4 4 4 4 4 4 4 4 4 4 4 4 4 4 4 4 4 4 4 4 4 4 4 4 4 4 4 4 4 4 4 4 4 4 4 4 4 4 4 4 4 4 4 4 4 4 4 4 4 4 4 4 4 4 4 4 4 4 4 4 4 4 4
4 4 4 4 4 4 4 4 4 4 4 4 4 4 4 4 4 4 4 4 4 4 4 4 4 4 4 4 4 4 4 4 4 4 4 4 4 4 4 4 4 4 4 4 4 4 4 4 4 4 4 4 4 4 4 4 4 4 4 4 4 4 4 4
4 4 4 4 4 4 4 4 4 4 4 4 4 4 4 4 4 4 4 4 9 9 9 9 9 9 4 4 9 9 9 9 9 9 4 4 9 9 9 9 9 9 4 4 4 4 4 4 4 4 4 4 4 4 4 4 4 4 4 4 4 4 4 4
4 4 4 4 4 4 4 4 4 4 4 4 4 4 4 4 4 4 4 4 9 9 9 9 9 9 4 4 9 9 9 9 9 9 4 4 9 9 9 9 9 9 4 4 4 4 4 4 4 4 4 4 4 4 4 4 4 4 4 4 4 4 4 4
4 4 4 4 4 4 4 4 4 4 4 4 4 4 4 4 4 4 4 4 9 9 9 9 9 9 4 4 9 9 9 9 9 9 4 4 9 9 9 9 9 9 4 4 4 4 4 4 4 4 4 4 4 4 4 4 4 4 4 4 4 4 4 4
4 4 4 4 4 4 4 4 4 4 4 4 4 4 4 4 4 4 4 4 9 9 9 9 9 9 4 4 9 9 9 9 9 9 4 4 9 9 9 9 9 9 4 4 4 4 4 4 4 4 4 4 4 4 4 4 4 4 4 4 4 4 4 4
4 4 4 4 4 4 4 4 4 4 4 4 4 4 4 4 4 4 4 4 9 9 9 9 9 9 4 4 9 9 9 9 9 9 4 4 9 9 9 9 9 9 4 4 4 4 4 4 4 4 4 4 4 4 4 4 4 4 4 4 4 4 4 4
4 4 4 4 4 4 4 4 4 4 4 4 4 4 4 4 4 4 4 4 9 9 9 9 9 9 4 4 9 9 9 9 9 9 4 4 9 9 9 9 9 9 4 4 4 4 4 4 4 4 4 4 4 4 4 4 4 4 4 4 4 4 4 4
4 4 4 4 4 4 4 4 4 4 4 4 4 4 4 4 4 4 4 4 4 4 4 4 4 4 4 4 4 4 4 4 4 4 4 4 4 4 4 4 4 4 4 4 4 4 4 4 4 4 4 4 4 4 4 4 4 4 4 4 4 4 4 4
4 4 4 4 4 4 4 4 4 4 4 4 4 4 4 4 4 4 4 4 4 4 4 4 4 4 4 4 4 4 4 4 4 4 4 4 4 4 4 4 4 4 4 4 4 4 4 4 4 4 4 4 4 4 4 4 4 4 4 4 4 4 4 4
4 4 4 4 4 4 4 4 4 4 4 4 4 4 4 4 4 4 4 4 4 4 4 4 4 4 4 4 4 4 4 4 4 4 4 4 4 4 4 4 4 4 4 4 4 4 4 4 4 4 4 4 4 4 4 4 4 4 4 4 4 4 4 4
4 4 4 4 4 4 4 4 4 4 4 4 4 4 4 4 4 4 4 4 4 4 4 4 4 4 4 4 4 4 4 4 4 4 4 4 4 4 4 4 4 4 4 4 4 4 4 4 4 4 4 4 4 4 4 4 4 4 4 4 4 4 4 4
4 4 4 4 4 4 4 4 4 4 4 4 4 4 4 4 4 4 4 4 4 4 4 4 4 4 4 4 4 4 4 4 4 4 4 4 4 4 4 4 4 4 4 4 4 4 4 4 4 4 4 4 4 4 4 4 4 4 4 4 4 4 4 4
4 4 4 4 4 4 4 4 4 4 4 4 4 4 4 4 4 4 4 4 4 4 4 4 4 4 4 4 4 4 4 4 4 4 4 4 4 4 4 4 4 4 4 4 4 4 4 4 4 4 4 4 4 4 4 4 4 4 4 4 4 4 4 4
4 4 4 4 4 4 4 4 4 4 4 4 4 4 4 4 4 4 4 4 4 4 4 4 4 4 4 4 4 4 4 4 4 4 4 4 4 4 4 4 4 4 4 4 4 4 4 4 4 4 4 4 4 4 4 4 4 4 4 4 4 4 4 4
4 4 4 4 4 4 4 4 4 4 4 4 4 4 4 4 4 4 4 4 4 4 4 4 4 4 4 4 4 4 4 4 4 4 4 4 4 4 4 4 4 4 4 4 4 4 4 4 4 4 4 4 4 4 4 4 4 4 4 4 4 4 4 4
4 4 4 4 4 4 4 4 4 4 4 4 4 4 4 4 4 4 4 4 4 4 4 4 4 4 4 4 4 4 4 4 4 4 4 4 4 4 4 4 4 4 4 4 4 4 4 4 4 4 4 4 4 4 4 4 4 4 4 4 4 4 4 4
4 4 4 4 4 4 4 4 4 4 4 4 4 4 4 4 4 4 4 4 4 4 4 4 4 4 4 4 4 4 4 4 4 4 4 4 4 4 4 4 4 4 4 4 4 4 4 4 4 4 4 4 4 4 4 4 4 4 4 4 4 4 4 4
4 4 4 4 4 4 4 4 4 4 4 4 4 4 4 4 4 4 4 4 4 4 4 4 4 4 4 4 4 4 4 4 4 4 4 4 4 4 4 4 4 4 4 4 4 4 4 4 4 4 4 4 4 4 4 4 4 4 4 4 4 4 4 4
12 12 12 12 12 12 12 12 12 12 12 12 12 12 12 12 12 12 12 12 12 12 12 12 12 12 12 12 12 12 12 12 12 12 12 12 12 12 12 12 12 12 12 12 12 12 12 12 12 12 12 12 12 12 12 12 12 12 12 12 11 11 11 11
[LEVELS] 3/6
[STATE] NOT_FINISHED
[AVAILABLE] ACTION6
[DIFF] 37 cells: (44,22) 9>8; (45,22) 9>8; (46,22) 9>8; (47,22) 9>8; (48,22) 9>8; (49,22) 9>8; (44,23) 9>8; (45,23) 9>8; (46,23) 9>8; (47,23) 9>8; (48,23) 9>8; (49,23) 9>8; (44,24) 9>8; (45,24) 9>8; (46,24) 9>8; (47,24) 9>8; (48,24) 9>8; (49,24) 9>8; (44,25) 9>8; (45,25) 9>8; (46,25) 9>8; (47,25) 9>8; (48,25) 9>8; (49,25) 9>8; (44,26) 9>8; (45,26) 9>8; (46,26) 9>8; (47,26) 9>8; (48,26) 9>8; (49,26) 9>8; (44,27) 9>8; (45,27) 9>8; (46,27) 9>8; (47,27) 9>8; (48,27) 9>8; (49,27) 9>8; (60,63) 12>11

[STEP 32]
[ACTION] ACTION6 x=30 y=32
[BOARD] 1/1 settled
4 4 4 4 4 4 4 4 4 4 4 4 4 4 4 4 4 4 4 4 4 4 4 4 4 4 4 4 4 4 4 4 4 4 4 4 4 4 4 4 4 4 4 4 4 4 4 4 4 4 4 4 4 4 4 4 4 4 4 4 9 9 9 9
4 4 4 4 4 4 4 4 4 4 4 4 4 4 4 4 4 4 4 4 4 4 4 4 4 4 4 4 4 4 4 4 4 4 4 4 4 4 4 4 4 4 4 4 4 4 4 4 4 4 4 4 4 4 4 4 4 4 4 4 9 9 9 9
4 4 4 4 4 4 4 4 4 4 4 4 4 4 4 4 4 4 4 4 4 4 4 4 4 4 4 4 4 4 4 4 4 4 4 4 4 4 4 4 4 4 4 4 4 4 4 4 4 4 4 4 4 4 4 4 4 4 4 4 9 9 9 9
4 4 4 4 4 4 4 4 4 4 4 4 4 4 4 4 4 4 4 4 4 4 4 4 4 4 4 4 4 4 4 4 4 4 4 4 4 4 4 4 4 4 4 4 4 4 4 4 4 4 4 4 4 4 4 4 4 4 4 4 9 9 9 9
4 4 4 4 4 4 4 4 4 4 4 4 4 4 4 4 4 4 4 4 4 4 4 4 4 4 4 4 4 4 4 4 4 4 4 4 4 4 4 4 4 4 4 4 4 4 4 4 4 4 4 4 4 4 4 4 4 4 4 4 8 8 8 8
4 4 4 4 4 4 4 4 4 4 4 4 4 4 4 4 4 4 4 4 4 4 4 4 4 4 4 4 4 4 4 4 4 4 4 4 4 4 4 4 4 4 4 4 4 4 4 4 4 4 4 4 4 4 4 4 4 4 4 4 8 8 8 8
4 4 4 4 4 4 4 4 4 4 4 4 4 4 4 4 4 4 4 4 4 4 4 4 4 4 4 4 4 4 4 4 4 4 4 4 4 4 4 4 4 4 4 4 4 4 4 4 4 4 4 4 4 4 4 4 4 4 4 4 8 8 8 8
4 4 4 4 4 4 4 4 4 4 4 4 4 4 4 4 4 4 4 4 4 4 4 4 4 4 4 4 4 4 4 4 4 4 4 4 4 4 4 4 4 4 4 4 4 4 4 4 4 4 4 4 4 4 4 4 4 4 4 4 8 8 8 8
4 4 4 4 4 4 4 4 4 4 4 4 4 4 4 4 4 4 4 4 4 4 4 4 4 4 4 4 4 4 4 4 4 4 4 4 4 4 4 4 4 4 4 4 4 4 4 4 4 4 4 4 4 4 4 4 4 4 4 4 12 12 12 12
4 4 4 4 4 4 4 4 4 4 4 4 4 4 4 4 4 4 4 4 4 4 4 4 4 4 4 4 4 4 4 4 4 4 4 4 4 4 4 4 4 4 4 4 4 4 4 4 4 4 4 4 4 4 4 4 4 4 4 4 12 12 12 12
4 4 4 4 4 4 4 4 4 4 4 4 4 4 4 4 4 4 4 4 4 4 4 4 4 4 4 4 4 4 4 4 4 4 4 4 4 4 4 4 4 4 4 4 4 4 4 4 4 4 4 4 4 4 4 4 4 4 4 4 12 12 12 12
4 4 4 4 4 4 4 4 4 4 4 4 4 4 4 4 4 4 4 4 4 4 4 4 4 4 4 4 4 4 4 4 4 4 4 4 4 4 4 4 4 4 4 4 4 4 4 4 4 4 4 4 4 4 4 4 4 4 4 4 12 12 12 12
4 4 4 4 4 4 4 4 4 4 4 4 4 4 4 4 4 4 4 4 4 4 4 4 4 4 4 4 4 4 4 4 4 4 4 4 4 4 4 4 4 4 4 4 4 4 4 4 4 4 4 4 4 4 4 4 4 4 4 4 4 4 4 4
4 4 4 4 4 4 4 4 4 4 4 4 4 4 4 4 4 4 4 4 4 4 4 4 4 4 4 4 4 4 4 4 4 4 4 4 4 4 4 4 4 4 4 4 4 4 4 4 4 4 4 4 4 4 4 4 4 4 4 4 4 4 4 4
4 4 4 4 4 4 4 4 4 4 4 4 9 9 9 9 9 9 4 4 12 12 12 12 12 12 4 4 8 8 8 8 8 8 4 4 9 9 9 9 9 9 4 4 8 8 8 8 8 8 4 4 4 4 4 4 4 4 4 4 4 4 4 4
4 4 4 4 4 4 4 4 4 4 4 4 9 9 9 9 9 9 4 4 12 12 12 12 12 12 4 4 8 8 8 8 8 8 4 4 9 9 9 9 9 9 4 4 8 8 8 8 8 8 4 4 4 4 4 4 4 4 4 4 4 4 4 4
4 4 4 4 4 4 4 4 4 4 4 4 9 9 9 9 9 9 4 4 12 12 12 12 12 12 4 4 8 8 8 8 8 8 4 4 9 9 9 9 9 9 4 4 8 8 8 8 8 8 4 4 4 4 4 4 4 4 4 4 4 4 4 4
4 4 4 4 4 4 4 4 4 4 4 4 9 9 9 9 9 9 4 4 12 12 12 12 12 12 4 4 8 8 8 8 8 8 4 4 9 9 9 9 9 9 4 4 8 8 8 8 8 8 4 4 4 4 4 4 4 4 4 4 4 4 4 4
4 4 4 4 4 4 4 4 4 4 4 4 9 9 9 9 9 9 4 4 12 12 12 12 12 12 4 4 8 8 8 8 8 8 4 4 9 9 9 9 9 9 4 4 8 8 8 8 8 8 4 4 4 4 4 4 4 4 4 4 4 4 4 4
4 4 4 4 4 4 4 4 4 4 4 4 9 9 9 9 9 9 4 4 12 12 12 12 12 12 4 4 8 8 8 8 8 8 4 4 9 9 9 9 9 9 4 4 8 8 8 8 8 8 4 4 4 4 4 4 4 4 4 4 4 4 4 4
4 4 4 4 4 4 4 4 4 4 4 4 4 4 4 4 4 4 4 4 4 4 4 4 4 4 4 4 4 4 4 4 4 4 4 4 4 4 4 4 4 4 4 4 4 4 4 4 4 4 4 4 4 4 4 4 4 4 4 4 4 4 4 4
4 4 4 4 4 4 4 4 4 4 4 4 4 4 4 4 4 4 4 4 4 4 4 4 4 4 4 4 4 4 4 4 4 4 4 4 4 4 4 4 4 4 4 4 4 4 4 4 4 4 4 4 4 4 4 4 4 4 4 4 4 4 4 4
4 4 4 4 4 4 4 4 4 4 4 4 9 9 9 9 9 9 4 4 2 2 0 0 2 2 4 4 8 8 8 8 8 8 4 4 2 2 0 0 2 2 4 4 8 8 8 8 8 8 4 4 4 4 4 4 4 4 4 4 4 4 4 4
4 4 4 4 4 4 4 4 4 4 4 4 9 9 9 9 9 9 4 4 2 2 0 0 2 2 4 4 8 8 8 8 8 8 4 4 2 2 0 0 2 2 4 4 8 8 8 8 8 8 4 4 4 4 4 4 4 4 4 4 4 4 4 4
4 4 4 4 4 4 4 4 4 4 4 4 9 9 9 9 9 9 4 4 2 2 12 12 2 2 4 4 8 8 8 8 8 8 4 4 2 2 9 9 2 2 4 4 8 8 8 8 8 8 4 4 4 4 4 4 4 4 4 4 4 4 4 4
4 4 4 4 4 4 4 4 4 4 4 4 9 9 9 9 9 9 4 4 2 2 12 12 2 2 4 4 8 8 8 8 8 8 4 4 2 2 9 9 2 2 4 4 8 8 8 8 8 8 4 4 4 4 4 4 4 4 4 4 4 4 4 4
4 4 4 4 4 4 4 4 4 4 4 4 9 9 9 9 9 9 4 4 2 2 0 0 2 2 4 4 8 8 8 8 8 8 4 4 2 2 2 2 0 0 4 4 8 8 8 8 8 8 4 4 4 4 4 4 4 4 4 4 4 4 4 4
4 4 4 4 4 4 4 4 4 4 4 4 9 9 9 9 9 9 4 4 2 2 0 0 2 2 4 4 8 8 8 8 8 8 4 4 2 2 2 2 0 0 4 4 8 8 8 8 8 8 4 4 4 4 4 4 4 4 4 4 4 4 4 4
4 4 4 4 4 4 4 4 4 4 4 4 4 4 4 4 4 4 4 4 4 4 4 4 4 4 4 4 4 4 4 4 4 4 4 4 4 4 4 4 4 4 4 4 4 4 4 4 4 4 4 4 4 4 4 4 4 4 4 4 4 4 4 4
4 4 4 4 4 4 4 4 4 4 4 4 4 4 4 4 4 4 4 4 4 4 4 4 4 4 4 4 4 4 4 4 4 4 4 4 4 4 4 4 4 4 4 4 4 4 4 4 4 4 4 4 4 4 4 4 4 4 4 4 4 4 4 4
4 4 4 4 4 4 4 4 4 4 4 4 9 9 9 9 9 9 4 4 9 9 9 9 9 9 4 4 8 8 8 8 8 8 4 4 9 9 9 9 9 9 4 4 9 9 9 9 9 9 4 4 4 4 4 4 4 4 4 4 4 4 4 4
4 4 4 4 4 4 4 4 4 4 4 4 9 9 9 9 9 9 4 4 9 9 9 9 9 9 4 4 8 8 8 8 8 8 4 4 9 9 9 9 9 9 4 4 9 9 9 9 9 9 4 4 4 4 4 4 4 4 4 4 4 4 4 4
4 4 4 4 4 4 4 4 4 4 4 4 9 9 9 9 9 9 4 4 9 9 9 9 9 9 4 4 8 8 8 8 8 8 4 4 9 9 9 9 9 9 4 4 9 9 9 9 9 9 4 4 4 4 4 4 4 4 4 4 4 4 4 4
4 4 4 4 4 4 4 4 4 4 4 4 9 9 9 9 9 9 4 4 9 9 9 9 9 9 4 4 8 8 8 8 8 8 4 4 9 9 9 9 9 9 4 4 9 9 9 9 9 9 4 4 4 4 4 4 4 4 4 4 4 4 4 4
4 4 4 4 4 4 4 4 4 4 4 4 9 9 9 9 9 9 4 4 9 9 9 9 9 9 4 4 8 8 8 8 8 8 4 4 9 9 9 9 9 9 4 4 9 9 9 9 9 9 4 4 4 4 4 4 4 4 4 4 4 4 4 4
4 4 4 4 4 4 4 4 4 4 4 4 9 9 9 9 9 9 4 4 9 9 9 9 9 9 4 4 8 8 8 8 8 8 4 4 9 9 9 9 9 9 4 4 9 9 9 9 9 9 4 4 4 4 4 4 4 4 4 4 4 4 4 4
4 4 4 4 4 4 4 4 4 4 4 4 4 4 4 4 4 4 4 4 4 4 4 4 4 4 4 4 4 4 4 4 4 4 4 4 4 4 4 4 4 4 4 4 4 4 4 4 4 4 4 4 4 4 4 4 4 4 4 4 4 4 4 4
4 4 4 4 4 4 4 4 4 4 4 4 4 4 4 4 4 4 4 4 4 4 4 4 4 4 4 4 4 4 4 4 4 4 4 4 4 4 4 4 4 4 4 4 4 4 4 4 4 4 4 4 4 4 4 4 4 4 4 4 4 4 4 4
4 4 4 4 4 4 4 4 4 4 4 4 4 4 4 4 4 4 4 4 9 9 9 9 9 9 4 4 0 0 2 2 2 2 4 4 9 9 9 9 9 9 4 4 4 4 4 4 4 4 4 4 4 4 4 4 4 4 4 4 4 4 4 4
4 4 4 4 4 4 4 4 4 4 4 4 4 4 4 4 4 4 4 4 9 9 9 9 9 9 4 4 0 0 2 2 2 2 4 4 9 9 9 9 9 9 4 4 4 4 4 4 4 4 4 4 4 4 4 4 4 4 4 4 4 4 4 4
4 4 4 4 4 4 4 4 4 4 4 4 4 4 4 4 4 4 4 4 9 9 9 9 9 9 4 4 2 2 12 12 2 2 4 4 9 9 9 9 9 9 4 4 4 4 4 4 4 4 4 4 4 4 4 4 4 4 4 4 4 4 4 4
4 4 4 4 4 4 4 4 4 4 4 4 4 4 4 4 4 4 4 4 9 9 9 9 9 9 4 4 2 2 12 12 2 2 4 4 9 9 9 9 9 9 4 4 4 4 4 4 4 4 4 4 4 4 4 4 4 4 4 4 4 4 4 4
4 4 4 4 4 4 4 4 4 4 4 4 4 4 4 4 4 4 4 4 9 9 9 9 9 9 4 4 0 0 0 0 0 0 4 4 9 9 9 9 9 9 4 4 4 4 4 4 4 4 4 4 4 4 4 4 4 4 4 4 4 4 4 4
4 4 4 4 4 4 4 4 4 4 4 4 4 4 4 4 4 4 4 4 9 9 9 9 9 9 4 4 0 0 0 0 0 0 4 4 9 9 9 9 9 9 4 4 4 4 4 4 4 4 4 4 4 4 4 4 4 4 4 4 4 4 4 4
4 4 4 4 4 4 4 4 4 4 4 4 4 4 4 4 4 4 4 4 4 4 4 4 4 4 4 4 4 4 4 4 4 4 4 4 4 4 4 4 4 4 4 4 4 4 4 4 4 4 4 4 4 4 4 4 4 4 4 4 4 4 4 4
4 4 4 4 4 4 4 4 4 4 4 4 4 4 4 4 4 4 4 4 4 4 4 4 4 4 4 4 4 4 4 4 4 4 4 4 4 4 4 4 4 4 4 4 4 4 4 4 4 4 4 4 4 4 4 4 4 4 4 4 4 4 4 4
4 4 4 4 4 4 4 4 4 4 4 4 4 4 4 4 4 4 4 4 9 9 9 9 9 9 4 4 9 9 9 9 9 9 4 4 9 9 9 9 9 9 4 4 4 4 4 4 4 4 4 4 4 4 4 4 4 4 4 4 4 4 4 4
4 4 4 4 4 4 4 4 4 4 4 4 4 4 4 4 4 4 4 4 9 9 9 9 9 9 4 4 9 9 9 9 9 9 4 4 9 9 9 9 9 9 4 4 4 4 4 4 4 4 4 4 4 4 4 4 4 4 4 4 4 4 4 4
4 4 4 4 4 4 4 4 4 4 4 4 4 4 4 4 4 4 4 4 9 9 9 9 9 9 4 4 9 9 9 9 9 9 4 4 9 9 9 9 9 9 4 4 4 4 4 4 4 4 4 4 4 4 4 4 4 4 4 4 4 4 4 4
4 4 4 4 4 4 4 4 4 4 4 4 4 4 4 4 4 4 4 4 9 9 9 9 9 9 4 4 9 9 9 9 9 9 4 4 9 9 9 9 9 9 4 4 4 4 4 4 4 4 4 4 4 4 4 4 4 4 4 4 4 4 4 4
4 4 4 4 4 4 4 4 4 4 4 4 4 4 4 4 4 4 4 4 9 9 9 9 9 9 4 4 9 9 9 9 9 9 4 4 9 9 9 9 9 9 4 4 4 4 4 4 4 4 4 4 4 4 4 4 4 4 4 4 4 4 4 4
4 4 4 4 4 4 4 4 4 4 4 4 4 4 4 4 4 4 4 4 9 9 9 9 9 9 4 4 9 9 9 9 9 9 4 4 9 9 9 9 9 9 4 4 4 4 4 4 4 4 4 4 4 4 4 4 4 4 4 4 4 4 4 4
4 4 4 4 4 4 4 4 4 4 4 4 4 4 4 4 4 4 4 4 4 4 4 4 4 4 4 4 4 4 4 4 4 4 4 4 4 4 4 4 4 4 4 4 4 4 4 4 4 4 4 4 4 4 4 4 4 4 4 4 4 4 4 4
4 4 4 4 4 4 4 4 4 4 4 4 4 4 4 4 4 4 4 4 4 4 4 4 4 4 4 4 4 4 4 4 4 4 4 4 4 4 4 4 4 4 4 4 4 4 4 4 4 4 4 4 4 4 4 4 4 4 4 4 4 4 4 4
4 4 4 4 4 4 4 4 4 4 4 4 4 4 4 4 4 4 4 4 4 4 4 4 4 4 4 4 4 4 4 4 4 4 4 4 4 4 4 4 4 4 4 4 4 4 4 4 4 4 4 4 4 4 4 4 4 4 4 4 4 4 4 4
4 4 4 4 4 4 4 4 4 4 4 4 4 4 4 4 4 4 4 4 4 4 4 4 4 4 4 4 4 4 4 4 4 4 4 4 4 4 4 4 4 4 4 4 4 4 4 4 4 4 4 4 4 4 4 4 4 4 4 4 4 4 4 4
4 4 4 4 4 4 4 4 4 4 4 4 4 4 4 4 4 4 4 4 4 4 4 4 4 4 4 4 4 4 4 4 4 4 4 4 4 4 4 4 4 4 4 4 4 4 4 4 4 4 4 4 4 4 4 4 4 4 4 4 4 4 4 4
4 4 4 4 4 4 4 4 4 4 4 4 4 4 4 4 4 4 4 4 4 4 4 4 4 4 4 4 4 4 4 4 4 4 4 4 4 4 4 4 4 4 4 4 4 4 4 4 4 4 4 4 4 4 4 4 4 4 4 4 4 4 4 4
4 4 4 4 4 4 4 4 4 4 4 4 4 4 4 4 4 4 4 4 4 4 4 4 4 4 4 4 4 4 4 4 4 4 4 4 4 4 4 4 4 4 4 4 4 4 4 4 4 4 4 4 4 4 4 4 4 4 4 4 4 4 4 4
4 4 4 4 4 4 4 4 4 4 4 4 4 4 4 4 4 4 4 4 4 4 4 4 4 4 4 4 4 4 4 4 4 4 4 4 4 4 4 4 4 4 4 4 4 4 4 4 4 4 4 4 4 4 4 4 4 4 4 4 4 4 4 4
4 4 4 4 4 4 4 4 4 4 4 4 4 4 4 4 4 4 4 4 4 4 4 4 4 4 4 4 4 4 4 4 4 4 4 4 4 4 4 4 4 4 4 4 4 4 4 4 4 4 4 4 4 4 4 4 4 4 4 4 4 4 4 4
4 4 4 4 4 4 4 4 4 4 4 4 4 4 4 4 4 4 4 4 4 4 4 4 4 4 4 4 4 4 4 4 4 4 4 4 4 4 4 4 4 4 4 4 4 4 4 4 4 4 4 4 4 4 4 4 4 4 4 4 4 4 4 4
4 4 4 4 4 4 4 4 4 4 4 4 4 4 4 4 4 4 4 4 4 4 4 4 4 4 4 4 4 4 4 4 4 4 4 4 4 4 4 4 4 4 4 4 4 4 4 4 4 4 4 4 4 4 4 4 4 4 4 4 4 4 4 4
12 12 12 12 12 12 12 12 12 12 12 12 12 12 12 12 12 12 12 12 12 12 12 12 12 12 12 12 12 12 12 12 12 12 12 12 12 12 12 12 12 12 12 12 12 12 12 12 12 12 12 12 12 12 12 12 12 12 12 11 11 11 11 11
[LEVELS] 3/6
[STATE] NOT_FINISHED
[AVAILABLE] ACTION6
[DIFF] 37 cells: (28,30) 9>8; (29,30) 9>8; (30,30) 9>8; (31,30) 9>8; (32,30) 9>8; (33,30) 9>8; (28,31) 9>8; (29,31) 9>8; (30,31) 9>8; (31,31) 9>8; (32,31) 9>8; (33,31) 9>8; (28,32) 9>8; (29,32) 9>8; (30,32) 9>8; (31,32) 9>8; (32,32) 9>8; (33,32) 9>8; (28,33) 9>8; (29,33) 9>8; (30,33) 9>8; (31,33) 9>8; (32,33) 9>8; (33,33) 9>8; (28,34) 9>8; (29,34) 9>8; (30,34) 9>8; (31,34) 9>8; (32,34) 9>8; (33,34) 9>8; (28,35) 9>8; (29,35) 9>8; (30,35) 9>8; (31,35) 9>8; (32,35) 9>8; (33,35) 9>8; (59,63) 12>11

[STEP 33]
[ACTION] ACTION6 x=38 y=32
[BOARD] 1/1 settled
4 4 4 4 4 4 4 4 4 4 4 4 4 4 4 4 4 4 4 4 4 4 4 4 4 4 4 4 4 4 4 4 4 4 4 4 4 4 4 4 4 4 4 4 4 4 4 4 4 4 4 4 4 4 4 4 4 4 4 4 9 9 9 9
4 4 4 4 4 4 4 4 4 4 4 4 4 4 4 4 4 4 4 4 4 4 4 4 4 4 4 4 4 4 4 4 4 4 4 4 4 4 4 4 4 4 4 4 4 4 4 4 4 4 4 4 4 4 4 4 4 4 4 4 9 9 9 9
4 4 4 4 4 4 4 4 4 4 4 4 4 4 4 4 4 4 4 4 4 4 4 4 4 4 4 4 4 4 4 4 4 4 4 4 4 4 4 4 4 4 4 4 4 4 4 4 4 4 4 4 4 4 4 4 4 4 4 4 9 9 9 9
4 4 4 4 4 4 4 4 4 4 4 4 4 4 4 4 4 4 4 4 4 4 4 4 4 4 4 4 4 4 4 4 4 4 4 4 4 4 4 4 4 4 4 4 4 4 4 4 4 4 4 4 4 4 4 4 4 4 4 4 9 9 9 9
4 4 4 4 4 4 4 4 4 4 4 4 4 4 4 4 4 4 4 4 4 4 4 4 4 4 4 4 4 4 4 4 4 4 4 4 4 4 4 4 4 4 4 4 4 4 4 4 4 4 4 4 4 4 4 4 4 4 4 4 8 8 8 8
4 4 4 4 4 4 4 4 4 4 4 4 4 4 4 4 4 4 4 4 4 4 4 4 4 4 4 4 4 4 4 4 4 4 4 4 4 4 4 4 4 4 4 4 4 4 4 4 4 4 4 4 4 4 4 4 4 4 4 4 8 8 8 8
4 4 4 4 4 4 4 4 4 4 4 4 4 4 4 4 4 4 4 4 4 4 4 4 4 4 4 4 4 4 4 4 4 4 4 4 4 4 4 4 4 4 4 4 4 4 4 4 4 4 4 4 4 4 4 4 4 4 4 4 8 8 8 8
4 4 4 4 4 4 4 4 4 4 4 4 4 4 4 4 4 4 4 4 4 4 4 4 4 4 4 4 4 4 4 4 4 4 4 4 4 4 4 4 4 4 4 4 4 4 4 4 4 4 4 4 4 4 4 4 4 4 4 4 8 8 8 8
4 4 4 4 4 4 4 4 4 4 4 4 4 4 4 4 4 4 4 4 4 4 4 4 4 4 4 4 4 4 4 4 4 4 4 4 4 4 4 4 4 4 4 4 4 4 4 4 4 4 4 4 4 4 4 4 4 4 4 4 12 12 12 12
4 4 4 4 4 4 4 4 4 4 4 4 4 4 4 4 4 4 4 4 4 4 4 4 4 4 4 4 4 4 4 4 4 4 4 4 4 4 4 4 4 4 4 4 4 4 4 4 4 4 4 4 4 4 4 4 4 4 4 4 12 12 12 12
4 4 4 4 4 4 4 4 4 4 4 4 4 4 4 4 4 4 4 4 4 4 4 4 4 4 4 4 4 4 4 4 4 4 4 4 4 4 4 4 4 4 4 4 4 4 4 4 4 4 4 4 4 4 4 4 4 4 4 4 12 12 12 12
4 4 4 4 4 4 4 4 4 4 4 4 4 4 4 4 4 4 4 4 4 4 4 4 4 4 4 4 4 4 4 4 4 4 4 4 4 4 4 4 4 4 4 4 4 4 4 4 4 4 4 4 4 4 4 4 4 4 4 4 12 12 12 12
4 4 4 4 4 4 4 4 4 4 4 4 4 4 4 4 4 4 4 4 4 4 4 4 4 4 4 4 4 4 4 4 4 4 4 4 4 4 4 4 4 4 4 4 4 4 4 4 4 4 4 4 4 4 4 4 4 4 4 4 4 4 4 4
4 4 4 4 4 4 4 4 4 4 4 4 4 4 4 4 4 4 4 4 4 4 4 4 4 4 4 4 4 4 4 4 4 4 4 4 4 4 4 4 4 4 4 4 4 4 4 4 4 4 4 4 4 4 4 4 4 4 4 4 4 4 4 4
4 4 4 4 4 4 4 4 4 4 4 4 9 9 9 9 9 9 4 4 12 12 12 12 12 12 4 4 8 8 8 8 8 8 4 4 9 9 9 9 9 9 4 4 8 8 8 8 8 8 4 4 4 4 4 4 4 4 4 4 4 4 4 4
4 4 4 4 4 4 4 4 4 4 4 4 9 9 9 9 9 9 4 4 12 12 12 12 12 12 4 4 8 8 8 8 8 8 4 4 9 9 9 9 9 9 4 4 8 8 8 8 8 8 4 4 4 4 4 4 4 4 4 4 4 4 4 4
4 4 4 4 4 4 4 4 4 4 4 4 9 9 9 9 9 9 4 4 12 12 12 12 12 12 4 4 8 8 8 8 8 8 4 4 9 9 9 9 9 9 4 4 8 8 8 8 8 8 4 4 4 4 4 4 4 4 4 4 4 4 4 4
4 4 4 4 4 4 4 4 4 4 4 4 9 9 9 9 9 9 4 4 12 12 12 12 12 12 4 4 8 8 8 8 8 8 4 4 9 9 9 9 9 9 4 4 8 8 8 8 8 8 4 4 4 4 4 4 4 4 4 4 4 4 4 4
4 4 4 4 4 4 4 4 4 4 4 4 9 9 9 9 9 9 4 4 12 12 12 12 12 12 4 4 8 8 8 8 8 8 4 4 9 9 9 9 9 9 4 4 8 8 8 8 8 8 4 4 4 4 4 4 4 4 4 4 4 4 4 4
4 4 4 4 4 4 4 4 4 4 4 4 9 9 9 9 9 9 4 4 12 12 12 12 12 12 4 4 8 8 8 8 8 8 4 4 9 9 9 9 9 9 4 4 8 8 8 8 8 8 4 4 4 4 4 4 4 4 4 4 4 4 4 4
4 4 4 4 4 4 4 4 4 4 4 4 4 4 4 4 4 4 4 4 4 4 4 4 4 4 4 4 4 4 4 4 4 4 4 4 4 4 4 4 4 4 4 4 4 4 4 4 4 4 4 4 4 4 4 4 4 4 4 4 4 4 4 4
4 4 4 4 4 4 4 4 4 4 4 4 4 4 4 4 4 4 4 4 4 4 4 4 4 4 4 4 4 4 4 4 4 4 4 4 4 4 4 4 4 4 4 4 4 4 4 4 4 4 4 4 4 4 4 4 4 4 4 4 4 4 4 4
4 4 4 4 4 4 4 4 4 4 4 4 9 9 9 9 9 9 4 4 2 2 0 0 2 2 4 4 8 8 8 8 8 8 4 4 2 2 0 0 2 2 4 4 8 8 8 8 8 8 4 4 4 4 4 4 4 4 4 4 4 4 4 4
4 4 4 4 4 4 4 4 4 4 4 4 9 9 9 9 9 9 4 4 2 2 0 0 2 2 4 4 8 8 8 8 8 8 4 4 2 2 0 0 2 2 4 4 8 8 8 8 8 8 4 4 4 4 4 4 4 4 4 4 4 4 4 4
4 4 4 4 4 4 4 4 4 4 4 4 9 9 9 9 9 9 4 4 2 2 12 12 2 2 4 4 8 8 8 8 8 8 4 4 2 2 9 9 2 2 4 4 8 8 8 8 8 8 4 4 4 4 4 4 4 4 4 4 4 4 4 4
4 4 4 4 4 4 4 4 4 4 4 4 9 9 9 9 9 9 4 4 2 2 12 12 2 2 4 4 8 8 8 8 8 8 4 4 2 2 9 9 2 2 4 4 8 8 8 8 8 8 4 4 4 4 4 4 4 4 4 4 4 4 4 4
4 4 4 4 4 4 4 4 4 4 4 4 9 9 9 9 9 9 4 4 2 2 0 0 2 2 4 4 8 8 8 8 8 8 4 4 2 2 2 2 0 0 4 4 8 8 8 8 8 8 4 4 4 4 4 4 4 4 4 4 4 4 4 4
4 4 4 4 4 4 4 4 4 4 4 4 9 9 9 9 9 9 4 4 2 2 0 0 2 2 4 4 8 8 8 8 8 8 4 4 2 2 2 2 0 0 4 4 8 8 8 8 8 8 4 4 4 4 4 4 4 4 4 4 4 4 4 4
4 4 4 4 4 4 4 4 4 4 4 4 4 4 4 4 4 4 4 4 4 4 4 4 4 4 4 4 4 4 4 4 4 4 4 4 4 4 4 4 4 4 4 4 4 4 4 4 4 4 4 4 4 4 4 4 4 4 4 4 4 4 4 4
4 4 4 4 4 4 4 4 4 4 4 4 4 4 4 4 4 4 4 4 4 4 4 4 4 4 4 4 4 4 4 4 4 4 4 4 4 4 4 4 4 4 4 4 4 4 4 4 4 4 4 4 4 4 4 4 4 4 4 4 4 4 4 4
4 4 4 4 4 4 4 4 4 4 4 4 9 9 9 9 9 9 4 4 9 9 9 9 9 9 4 4 8 8 8 8 8 8 4 4 8 8 8 8 8 8 4 4 9 9 9 9 9 9 4 4 4 4 4 4 4 4 4 4 4 4 4 4
4 4 4 4 4 4 4 4 4 4 4 4 9 9 9 9 9 9 4 4 9 9 9 9 9 9 4 4 8 8 8 8 8 8 4 4 8 8 8 8 8 8 4 4 9 9 9 9 9 9 4 4 4 4 4 4 4 4 4 4 4 4 4 4
4 4 4 4 4 4 4 4 4 4 4 4 9 9 9 9 9 9 4 4 9 9 9 9 9 9 4 4 8 8 8 8 8 8 4 4 8 8 8 8 8 8 4 4 9 9 9 9 9 9 4 4 4 4 4 4 4 4 4 4 4 4 4 4
4 4 4 4 4 4 4 4 4 4 4 4 9 9 9 9 9 9 4 4 9 9 9 9 9 9 4 4 8 8 8 8 8 8 4 4 8 8 8 8 8 8 4 4 9 9 9 9 9 9 4 4 4 4 4 4 4 4 4 4 4 4 4 4
4 4 4 4 4 4 4 4 4 4 4 4 9 9 9 9 9 9 4 4 9 9 9 9 9 9 4 4 8 8 8 8 8 8 4 4 8 8 8 8 8 8 4 4 9 9 9 9 9 9 4 4 4 4 4 4 4 4 4 4 4 4 4 4
4 4 4 4 4 4 4 4 4 4 4 4 9 9 9 9 9 9 4 4 9 9 9 9 9 9 4 4 8 8 8 8 8 8 4 4 8 8 8 8 8 8 4 4 9 9 9 9 9 9 4 4 4 4 4 4 4 4 4 4 4 4 4 4
4 4 4 4 4 4 4 4 4 4 4 4 4 4 4 4 4 4 4 4 4 4 4 4 4 4 4 4 4 4 4 4 4 4 4 4 4 4 4 4 4 4 4 4 4 4 4 4 4 4 4 4 4 4 4 4 4 4 4 4 4 4 4 4
4 4 4 4 4 4 4 4 4 4 4 4 4 4 4 4 4 4 4 4 4 4 4 4 4 4 4 4 4 4 4 4 4 4 4 4 4 4 4 4 4 4 4 4 4 4 4 4 4 4 4 4 4 4 4 4 4 4 4 4 4 4 4 4
4 4 4 4 4 4 4 4 4 4 4 4 4 4 4 4 4 4 4 4 9 9 9 9 9 9 4 4 0 0 2 2 2 2 4 4 9 9 9 9 9 9 4 4 4 4 4 4 4 4 4 4 4 4 4 4 4 4 4 4 4 4 4 4
4 4 4 4 4 4 4 4 4 4 4 4 4 4 4 4 4 4 4 4 9 9 9 9 9 9 4 4 0 0 2 2 2 2 4 4 9 9 9 9 9 9 4 4 4 4 4 4 4 4 4 4 4 4 4 4 4 4 4 4 4 4 4 4
4 4 4 4 4 4 4 4 4 4 4 4 4 4 4 4 4 4 4 4 9 9 9 9 9 9 4 4 2 2 12 12 2 2 4 4 9 9 9 9 9 9 4 4 4 4 4 4 4 4 4 4 4 4 4 4 4 4 4 4 4 4 4 4
4 4 4 4 4 4 4 4 4 4 4 4 4 4 4 4 4 4 4 4 9 9 9 9 9 9 4 4 2 2 12 12 2 2 4 4 9 9 9 9 9 9 4 4 4 4 4 4 4 4 4 4 4 4 4 4 4 4 4 4 4 4 4 4
4 4 4 4 4 4 4 4 4 4 4 4 4 4 4 4 4 4 4 4 9 9 9 9 9 9 4 4 0 0 0 0 0 0 4 4 9 9 9 9 9 9 4 4 4 4 4 4 4 4 4 4 4 4 4 4 4 4 4 4 4 4 4 4
4 4 4 4 4 4 4 4 4 4 4 4 4 4 4 4 4 4 4 4 9 9 9 9 9 9 4 4 0 0 0 0 0 0 4 4 9 9 9 9 9 9 4 4 4 4 4 4 4 4 4 4 4 4 4 4 4 4 4 4 4 4 4 4
4 4 4 4 4 4 4 4 4 4 4 4 4 4 4 4 4 4 4 4 4 4 4 4 4 4 4 4 4 4 4 4 4 4 4 4 4 4 4 4 4 4 4 4 4 4 4 4 4 4 4 4 4 4 4 4 4 4 4 4 4 4 4 4
4 4 4 4 4 4 4 4 4 4 4 4 4 4 4 4 4 4 4 4 4 4 4 4 4 4 4 4 4 4 4 4 4 4 4 4 4 4 4 4 4 4 4 4 4 4 4 4 4 4 4 4 4 4 4 4 4 4 4 4 4 4 4 4
4 4 4 4 4 4 4 4 4 4 4 4 4 4 4 4 4 4 4 4 9 9 9 9 9 9 4 4 9 9 9 9 9 9 4 4 9 9 9 9 9 9 4 4 4 4 4 4 4 4 4 4 4 4 4 4 4 4 4 4 4 4 4 4
4 4 4 4 4 4 4 4 4 4 4 4 4 4 4 4 4 4 4 4 9 9 9 9 9 9 4 4 9 9 9 9 9 9 4 4 9 9 9 9 9 9 4 4 4 4 4 4 4 4 4 4 4 4 4 4 4 4 4 4 4 4 4 4
4 4 4 4 4 4 4 4 4 4 4 4 4 4 4 4 4 4 4 4 9 9 9 9 9 9 4 4 9 9 9 9 9 9 4 4 9 9 9 9 9 9 4 4 4 4 4 4 4 4 4 4 4 4 4 4 4 4 4 4 4 4 4 4
4 4 4 4 4 4 4 4 4 4 4 4 4 4 4 4 4 4 4 4 9 9 9 9 9 9 4 4 9 9 9 9 9 9 4 4 9 9 9 9 9 9 4 4 4 4 4 4 4 4 4 4 4 4 4 4 4 4 4 4 4 4 4 4
4 4 4 4 4 4 4 4 4 4 4 4 4 4 4 4 4 4 4 4 9 9 9 9 9 9 4 4 9 9 9 9 9 9 4 4 9 9 9 9 9 9 4 4 4 4 4 4 4 4 4 4 4 4 4 4 4 4 4 4 4 4 4 4
4 4 4 4 4 4 4 4 4 4 4 4 4 4 4 4 4 4 4 4 9 9 9 9 9 9 4 4 9 9 9 9 9 9 4 4 9 9 9 9 9 9 4 4 4 4 4 4 4 4 4 4 4 4 4 4 4 4 4 4 4 4 4 4
4 4 4 4 4 4 4 4 4 4 4 4 4 4 4 4 4 4 4 4 4 4 4 4 4 4 4 4 4 4 4 4 4 4 4 4 4 4 4 4 4 4 4 4 4 4 4 4 4 4 4 4 4 4 4 4 4 4 4 4 4 4 4 4
4 4 4 4 4 4 4 4 4 4 4 4 4 4 4 4 4 4 4 4 4 4 4 4 4 4 4 4 4 4 4 4 4 4 4 4 4 4 4 4 4 4 4 4 4 4 4 4 4 4 4 4 4 4 4 4 4 4 4 4 4 4 4 4
4 4 4 4 4 4 4 4 4 4 4 4 4 4 4 4 4 4 4 4 4 4 4 4 4 4 4 4 4 4 4 4 4 4 4 4 4 4 4 4 4 4 4 4 4 4 4 4 4 4 4 4 4 4 4 4 4 4 4 4 4 4 4 4
4 4 4 4 4 4 4 4 4 4 4 4 4 4 4 4 4 4 4 4 4 4 4 4 4 4 4 4 4 4 4 4 4 4 4 4 4 4 4 4 4 4 4 4 4 4 4 4 4 4 4 4 4 4 4 4 4 4 4 4 4 4 4 4
4 4 4 4 4 4 4 4 4 4 4 4 4 4 4 4 4 4 4 4 4 4 4 4 4 4 4 4 4 4 4 4 4 4 4 4 4 4 4 4 4 4 4 4 4 4 4 4 4 4 4 4 4 4 4 4 4 4 4 4 4 4 4 4
4 4 4 4 4 4 4 4 4 4 4 4 4 4 4 4 4 4 4 4 4 4 4 4 4 4 4 4 4 4 4 4 4 4 4 4 4 4 4 4 4 4 4 4 4 4 4 4 4 4 4 4 4 4 4 4 4 4 4 4 4 4 4 4
4 4 4 4 4 4 4 4 4 4 4 4 4 4 4 4 4 4 4 4 4 4 4 4 4 4 4 4 4 4 4 4 4 4 4 4 4 4 4 4 4 4 4 4 4 4 4 4 4 4 4 4 4 4 4 4 4 4 4 4 4 4 4 4
4 4 4 4 4 4 4 4 4 4 4 4 4 4 4 4 4 4 4 4 4 4 4 4 4 4 4 4 4 4 4 4 4 4 4 4 4 4 4 4 4 4 4 4 4 4 4 4 4 4 4 4 4 4 4 4 4 4 4 4 4 4 4 4
4 4 4 4 4 4 4 4 4 4 4 4 4 4 4 4 4 4 4 4 4 4 4 4 4 4 4 4 4 4 4 4 4 4 4 4 4 4 4 4 4 4 4 4 4 4 4 4 4 4 4 4 4 4 4 4 4 4 4 4 4 4 4 4
4 4 4 4 4 4 4 4 4 4 4 4 4 4 4 4 4 4 4 4 4 4 4 4 4 4 4 4 4 4 4 4 4 4 4 4 4 4 4 4 4 4 4 4 4 4 4 4 4 4 4 4 4 4 4 4 4 4 4 4 4 4 4 4
4 4 4 4 4 4 4 4 4 4 4 4 4 4 4 4 4 4 4 4 4 4 4 4 4 4 4 4 4 4 4 4 4 4 4 4 4 4 4 4 4 4 4 4 4 4 4 4 4 4 4 4 4 4 4 4 4 4 4 4 4 4 4 4
12 12 12 12 12 12 12 12 12 12 12 12 12 12 12 12 12 12 12 12 12 12 12 12 12 12 12 12 12 12 12 12 12 12 12 12 12 12 12 12 12 12 12 12 12 12 12 12 12 12 12 12 12 12 12 12 12 12 12 11 11 11 11 11
[LEVELS] 3/6
[STATE] NOT_FINISHED
[AVAILABLE] ACTION6
[DIFF] 36 cells: (36,30) 9>8; (37,30) 9>8; (38,30) 9>8; (39,30) 9>8; (40,30) 9>8; (41,30) 9>8; (36,31) 9>8; (37,31) 9>8; (38,31) 9>8; (39,31) 9>8; (40,31) 9>8; (41,31) 9>8; (36,32) 9>8; (37,32) 9>8; (38,32) 9>8; (39,32) 9>8; (40,32) 9>8; (41,32) 9>8; (36,33) 9>8; (37,33) 9>8; (38,33) 9>8; (39,33) 9>8; (40,33) 9>8; (41,33) 9>8; (36,34) 9>8; (37,34) 9>8; (38,34) 9>8; (39,34) 9>8; (40,34) 9>8; (41,34) 9>8; (36,35) 9>8; (37,35) 9>8; (38,35) 9>8; (39,35) 9>8; (40,35) 9>8; (41,35) 9>8

[STEP 34]
[ACTION] ACTION6 x=22 y=32
[BOARD] 1/1 settled
4 4 4 4 4 4 4 4 4 4 4 4 4 4 4 4 4 4 4 4 4 4 4 4 4 4 4 4 4 4 4 4 4 4 4 4 4 4 4 4 4 4 4 4 4 4 4 4 4 4 4 4 4 4 4 4 4 4 4 4 9 9 9 9
4 4 4 4 4 4 4 4 4 4 4 4 4 4 4 4 4 4 4 4 4 4 4 4 4 4 4 4 4 4 4 4 4 4 4 4 4 4 4 4 4 4 4 4 4 4 4 4 4 4 4 4 4 4 4 4 4 4 4 4 9 9 9 9
4 4 4 4 4 4 4 4 4 4 4 4 4 4 4 4 4 4 4 4 4 4 4 4 4 4 4 4 4 4 4 4 4 4 4 4 4 4 4 4 4 4 4 4 4 4 4 4 4 4 4 4 4 4 4 4 4 4 4 4 9 9 9 9
4 4 4 4 4 4 4 4 4 4 4 4 4 4 4 4 4 4 4 4 4 4 4 4 4 4 4 4 4 4 4 4 4 4 4 4 4 4 4 4 4 4 4 4 4 4 4 4 4 4 4 4 4 4 4 4 4 4 4 4 9 9 9 9
4 4 4 4 4 4 4 4 4 4 4 4 4 4 4 4 4 4 4 4 4 4 4 4 4 4 4 4 4 4 4 4 4 4 4 4 4 4 4 4 4 4 4 4 4 4 4 4 4 4 4 4 4 4 4 4 4 4 4 4 8 8 8 8
4 4 4 4 4 4 4 4 4 4 4 4 4 4 4 4 4 4 4 4 4 4 4 4 4 4 4 4 4 4 4 4 4 4 4 4 4 4 4 4 4 4 4 4 4 4 4 4 4 4 4 4 4 4 4 4 4 4 4 4 8 8 8 8
4 4 4 4 4 4 4 4 4 4 4 4 4 4 4 4 4 4 4 4 4 4 4 4 4 4 4 4 4 4 4 4 4 4 4 4 4 4 4 4 4 4 4 4 4 4 4 4 4 4 4 4 4 4 4 4 4 4 4 4 8 8 8 8
4 4 4 4 4 4 4 4 4 4 4 4 4 4 4 4 4 4 4 4 4 4 4 4 4 4 4 4 4 4 4 4 4 4 4 4 4 4 4 4 4 4 4 4 4 4 4 4 4 4 4 4 4 4 4 4 4 4 4 4 8 8 8 8
4 4 4 4 4 4 4 4 4 4 4 4 4 4 4 4 4 4 4 4 4 4 4 4 4 4 4 4 4 4 4 4 4 4 4 4 4 4 4 4 4 4 4 4 4 4 4 4 4 4 4 4 4 4 4 4 4 4 4 4 12 12 12 12
4 4 4 4 4 4 4 4 4 4 4 4 4 4 4 4 4 4 4 4 4 4 4 4 4 4 4 4 4 4 4 4 4 4 4 4 4 4 4 4 4 4 4 4 4 4 4 4 4 4 4 4 4 4 4 4 4 4 4 4 12 12 12 12
4 4 4 4 4 4 4 4 4 4 4 4 4 4 4 4 4 4 4 4 4 4 4 4 4 4 4 4 4 4 4 4 4 4 4 4 4 4 4 4 4 4 4 4 4 4 4 4 4 4 4 4 4 4 4 4 4 4 4 4 12 12 12 12
4 4 4 4 4 4 4 4 4 4 4 4 4 4 4 4 4 4 4 4 4 4 4 4 4 4 4 4 4 4 4 4 4 4 4 4 4 4 4 4 4 4 4 4 4 4 4 4 4 4 4 4 4 4 4 4 4 4 4 4 12 12 12 12
4 4 4 4 4 4 4 4 4 4 4 4 4 4 4 4 4 4 4 4 4 4 4 4 4 4 4 4 4 4 4 4 4 4 4 4 4 4 4 4 4 4 4 4 4 4 4 4 4 4 4 4 4 4 4 4 4 4 4 4 4 4 4 4
4 4 4 4 4 4 4 4 4 4 4 4 4 4 4 4 4 4 4 4 4 4 4 4 4 4 4 4 4 4 4 4 4 4 4 4 4 4 4 4 4 4 4 4 4 4 4 4 4 4 4 4 4 4 4 4 4 4 4 4 4 4 4 4
4 4 4 4 4 4 4 4 4 4 4 4 9 9 9 9 9 9 4 4 12 12 12 12 12 12 4 4 8 8 8 8 8 8 4 4 9 9 9 9 9 9 4 4 8 8 8 8 8 8 4 4 4 4 4 4 4 4 4 4 4 4 4 4
4 4 4 4 4 4 4 4 4 4 4 4 9 9 9 9 9 9 4 4 12 12 12 12 12 12 4 4 8 8 8 8 8 8 4 4 9 9 9 9 9 9 4 4 8 8 8 8 8 8 4 4 4 4 4 4 4 4 4 4 4 4 4 4
4 4 4 4 4 4 4 4 4 4 4 4 9 9 9 9 9 9 4 4 12 12 12 12 12 12 4 4 8 8 8 8 8 8 4 4 9 9 9 9 9 9 4 4 8 8 8 8 8 8 4 4 4 4 4 4 4 4 4 4 4 4 4 4
4 4 4 4 4 4 4 4 4 4 4 4 9 9 9 9 9 9 4 4 12 12 12 12 12 12 4 4 8 8 8 8 8 8 4 4 9 9 9 9 9 9 4 4 8 8 8 8 8 8 4 4 4 4 4 4 4 4 4 4 4 4 4 4
4 4 4 4 4 4 4 4 4 4 4 4 9 9 9 9 9 9 4 4 12 12 12 12 12 12 4 4 8 8 8 8 8 8 4 4 9 9 9 9 9 9 4 4 8 8 8 8 8 8 4 4 4 4 4 4 4 4 4 4 4 4 4 4
4 4 4 4 4 4 4 4 4 4 4 4 9 9 9 9 9 9 4 4 12 12 12 12 12 12 4 4 8 8 8 8 8 8 4 4 9 9 9 9 9 9 4 4 8 8 8 8 8 8 4 4 4 4 4 4 4 4 4 4 4 4 4 4
4 4 4 4 4 4 4 4 4 4 4 4 4 4 4 4 4 4 4 4 4 4 4 4 4 4 4 4 4 4 4 4 4 4 4 4 4 4 4 4 4 4 4 4 4 4 4 4 4 4 4 4 4 4 4 4 4 4 4 4 4 4 4 4
4 4 4 4 4 4 4 4 4 4 4 4 4 4 4 4 4 4 4 4 4 4 4 4 4 4 4 4 4 4 4 4 4 4 4 4 4 4 4 4 4 4 4 4 4 4 4 4 4 4 4 4 4 4 4 4 4 4 4 4 4 4 4 4
4 4 4 4 4 4 4 4 4 4 4 4 9 9 9 9 9 9 4 4 2 2 0 0 2 2 4 4 8 8 8 8 8 8 4 4 2 2 0 0 2 2 4 4 8 8 8 8 8 8 4 4 4 4 4 4 4 4 4 4 4 4 4 4
4 4 4 4 4 4 4 4 4 4 4 4 9 9 9 9 9 9 4 4 2 2 0 0 2 2 4 4 8 8 8 8 8 8 4 4 2 2 0 0 2 2 4 4 8 8 8 8 8 8 4 4 4 4 4 4 4 4 4 4 4 4 4 4
4 4 4 4 4 4 4 4 4 4 4 4 9 9 9 9 9 9 4 4 2 2 12 12 2 2 4 4 8 8 8 8 8 8 4 4 2 2 9 9 2 2 4 4 8 8 8 8 8 8 4 4 4 4 4 4 4 4 4 4 4 4 4 4
4 4 4 4 4 4 4 4 4 4 4 4 9 9 9 9 9 9 4 4 2 2 12 12 2 2 4 4 8 8 8 8 8 8 4 4 2 2 9 9 2 2 4 4 8 8 8 8 8 8 4 4 4 4 4 4 4 4 4 4 4 4 4 4
4 4 4 4 4 4 4 4 4 4 4 4 9 9 9 9 9 9 4 4 2 2 0 0 2 2 4 4 8 8 8 8 8 8 4 4 2 2 2 2 0 0 4 4 8 8 8 8 8 8 4 4 4 4 4 4 4 4 4 4 4 4 4 4
4 4 4 4 4 4 4 4 4 4 4 4 9 9 9 9 9 9 4 4 2 2 0 0 2 2 4 4 8 8 8 8 8 8 4 4 2 2 2 2 0 0 4 4 8 8 8 8 8 8 4 4 4 4 4 4 4 4 4 4 4 4 4 4
4 4 4 4 4 4 4 4 4 4 4 4 4 4 4 4 4 4 4 4 4 4 4 4 4 4 4 4 4 4 4 4 4 4 4 4 4 4 4 4 4 4 4 4 4 4 4 4 4 4 4 4 4 4 4 4 4 4 4 4 4 4 4 4
4 4 4 4 4 4 4 4 4 4 4 4 4 4 4 4 4 4 4 4 4 4 4 4 4 4 4 4 4 4 4 4 4 4 4 4 4 4 4 4 4 4 4 4 4 4 4 4 4 4 4 4 4 4 4 4 4 4 4 4 4 4 4 4
4 4 4 4 4 4 4 4 4 4 4 4 9 9 9 9 9 9 4 4 8 8 8 8 8 8 4 4 8 8 8 8 8 8 4 4 8 8 8 8 8 8 4 4 9 9 9 9 9 9 4 4 4 4 4 4 4 4 4 4 4 4 4 4
4 4 4 4 4 4 4 4 4 4 4 4 9 9 9 9 9 9 4 4 8 8 8 8 8 8 4 4 8 8 8 8 8 8 4 4 8 8 8 8 8 8 4 4 9 9 9 9 9 9 4 4 4 4 4 4 4 4 4 4 4 4 4 4
4 4 4 4 4 4 4 4 4 4 4 4 9 9 9 9 9 9 4 4 8 8 8 8 8 8 4 4 8 8 8 8 8 8 4 4 8 8 8 8 8 8 4 4 9 9 9 9 9 9 4 4 4 4 4 4 4 4 4 4 4 4 4 4
4 4 4 4 4 4 4 4 4 4 4 4 9 9 9 9 9 9 4 4 8 8 8 8 8 8 4 4 8 8 8 8 8 8 4 4 8 8 8 8 8 8 4 4 9 9 9 9 9 9 4 4 4 4 4 4 4 4 4 4 4 4 4 4
4 4 4 4 4 4 4 4 4 4 4 4 9 9 9 9 9 9 4 4 8 8 8 8 8 8 4 4 8 8 8 8 8 8 4 4 8 8 8 8 8 8 4 4 9 9 9 9 9 9 4 4 4 4 4 4 4 4 4 4 4 4 4 4
4 4 4 4 4 4 4 4 4 4 4 4 9 9 9 9 9 9 4 4 8 8 8 8 8 8 4 4 8 8 8 8 8 8 4 4 8 8 8 8 8 8 4 4 9 9 9 9 9 9 4 4 4 4 4 4 4 4 4 4 4 4 4 4
4 4 4 4 4 4 4 4 4 4 4 4 4 4 4 4 4 4 4 4 4 4 4 4 4 4 4 4 4 4 4 4 4 4 4 4 4 4 4 4 4 4 4 4 4 4 4 4 4 4 4 4 4 4 4 4 4 4 4 4 4 4 4 4
4 4 4 4 4 4 4 4 4 4 4 4 4 4 4 4 4 4 4 4 4 4 4 4 4 4 4 4 4 4 4 4 4 4 4 4 4 4 4 4 4 4 4 4 4 4 4 4 4 4 4 4 4 4 4 4 4 4 4 4 4 4 4 4
4 4 4 4 4 4 4 4 4 4 4 4 4 4 4 4 4 4 4 4 9 9 9 9 9 9 4 4 0 0 2 2 2 2 4 4 9 9 9 9 9 9 4 4 4 4 4 4 4 4 4 4 4 4 4 4 4 4 4 4 4 4 4 4
4 4 4 4 4 4 4 4 4 4 4 4 4 4 4 4 4 4 4 4 9 9 9 9 9 9 4 4 0 0 2 2 2 2 4 4 9 9 9 9 9 9 4 4 4 4 4 4 4 4 4 4 4 4 4 4 4 4 4 4 4 4 4 4
4 4 4 4 4 4 4 4 4 4 4 4 4 4 4 4 4 4 4 4 9 9 9 9 9 9 4 4 2 2 12 12 2 2 4 4 9 9 9 9 9 9 4 4 4 4 4 4 4 4 4 4 4 4 4 4 4 4 4 4 4 4 4 4
4 4 4 4 4 4 4 4 4 4 4 4 4 4 4 4 4 4 4 4 9 9 9 9 9 9 4 4 2 2 12 12 2 2 4 4 9 9 9 9 9 9 4 4 4 4 4 4 4 4 4 4 4 4 4 4 4 4 4 4 4 4 4 4
4 4 4 4 4 4 4 4 4 4 4 4 4 4 4 4 4 4 4 4 9 9 9 9 9 9 4 4 0 0 0 0 0 0 4 4 9 9 9 9 9 9 4 4 4 4 4 4 4 4 4 4 4 4 4 4 4 4 4 4 4 4 4 4
4 4 4 4 4 4 4 4 4 4 4 4 4 4 4 4 4 4 4 4 9 9 9 9 9 9 4 4 0 0 0 0 0 0 4 4 9 9 9 9 9 9 4 4 4 4 4 4 4 4 4 4 4 4 4 4 4 4 4 4 4 4 4 4
4 4 4 4 4 4 4 4 4 4 4 4 4 4 4 4 4 4 4 4 4 4 4 4 4 4 4 4 4 4 4 4 4 4 4 4 4 4 4 4 4 4 4 4 4 4 4 4 4 4 4 4 4 4 4 4 4 4 4 4 4 4 4 4
4 4 4 4 4 4 4 4 4 4 4 4 4 4 4 4 4 4 4 4 4 4 4 4 4 4 4 4 4 4 4 4 4 4 4 4 4 4 4 4 4 4 4 4 4 4 4 4 4 4 4 4 4 4 4 4 4 4 4 4 4 4 4 4
4 4 4 4 4 4 4 4 4 4 4 4 4 4 4 4 4 4 4 4 9 9 9 9 9 9 4 4 9 9 9 9 9 9 4 4 9 9 9 9 9 9 4 4 4 4 4 4 4 4 4 4 4 4 4 4 4 4 4 4 4 4 4 4
4 4 4 4 4 4 4 4 4 4 4 4 4 4 4 4 4 4 4 4 9 9 9 9 9 9 4 4 9 9 9 9 9 9 4 4 9 9 9 9 9 9 4 4 4 4 4 4 4 4 4 4 4 4 4 4 4 4 4 4 4 4 4 4
4 4 4 4 4 4 4 4 4 4 4 4 4 4 4 4 4 4 4 4 9 9 9 9 9 9 4 4 9 9 9 9 9 9 4 4 9 9 9 9 9 9 4 4 4 4 4 4 4 4 4 4 4 4 4 4 4 4 4 4 4 4 4 4
4 4 4 4 4 4 4 4 4 4 4 4 4 4 4 4 4 4 4 4 9 9 9 9 9 9 4 4 9 9 9 9 9 9 4 4 9 9 9 9 9 9 4 4 4 4 4 4 4 4 4 4 4 4 4 4 4 4 4 4 4 4 4 4
4 4 4 4 4 4 4 4 4 4 4 4 4 4 4 4 4 4 4 4 9 9 9 9 9 9 4 4 9 9 9 9 9 9 4 4 9 9 9 9 9 9 4 4 4 4 4 4 4 4 4 4 4 4 4 4 4 4 4 4 4 4 4 4
4 4 4 4 4 4 4 4 4 4 4 4 4 4 4 4 4 4 4 4 9 9 9 9 9 9 4 4 9 9 9 9 9 9 4 4 9 9 9 9 9 9 4 4 4 4 4 4 4 4 4 4 4 4 4 4 4 4 4 4 4 4 4 4
4 4 4 4 4 4 4 4 4 4 4 4 4 4 4 4 4 4 4 4 4 4 4 4 4 4 4 4 4 4 4 4 4 4 4 4 4 4 4 4 4 4 4 4 4 4 4 4 4 4 4 4 4 4 4 4 4 4 4 4 4 4 4 4
4 4 4 4 4 4 4 4 4 4 4 4 4 4 4 4 4 4 4 4 4 4 4 4 4 4 4 4 4 4 4 4 4 4 4 4 4 4 4 4 4 4 4 4 4 4 4 4 4 4 4 4 4 4 4 4 4 4 4 4 4 4 4 4
4 4 4 4 4 4 4 4 4 4 4 4 4 4 4 4 4 4 4 4 4 4 4 4 4 4 4 4 4 4 4 4 4 4 4 4 4 4 4 4 4 4 4 4 4 4 4 4 4 4 4 4 4 4 4 4 4 4 4 4 4 4 4 4
4 4 4 4 4 4 4 4 4 4 4 4 4 4 4 4 4 4 4 4 4 4 4 4 4 4 4 4 4 4 4 4 4 4 4 4 4 4 4 4 4 4 4 4 4 4 4 4 4 4 4 4 4 4 4 4 4 4 4 4 4 4 4 4
4 4 4 4 4 4 4 4 4 4 4 4 4 4 4 4 4 4 4 4 4 4 4 4 4 4 4 4 4 4 4 4 4 4 4 4 4 4 4 4 4 4 4 4 4 4 4 4 4 4 4 4 4 4 4 4 4 4 4 4 4 4 4 4
4 4 4 4 4 4 4 4 4 4 4 4 4 4 4 4 4 4 4 4 4 4 4 4 4 4 4 4 4 4 4 4 4 4 4 4 4 4 4 4 4 4 4 4 4 4 4 4 4 4 4 4 4 4 4 4 4 4 4 4 4 4 4 4
4 4 4 4 4 4 4 4 4 4 4 4 4 4 4 4 4 4 4 4 4 4 4 4 4 4 4 4 4 4 4 4 4 4 4 4 4 4 4 4 4 4 4 4 4 4 4 4 4 4 4 4 4 4 4 4 4 4 4 4 4 4 4 4
4 4 4 4 4 4 4 4 4 4 4 4 4 4 4 4 4 4 4 4 4 4 4 4 4 4 4 4 4 4 4 4 4 4 4 4 4 4 4 4 4 4 4 4 4 4 4 4 4 4 4 4 4 4 4 4 4 4 4 4 4 4 4 4
4 4 4 4 4 4 4 4 4 4 4 4 4 4 4 4 4 4 4 4 4 4 4 4 4 4 4 4 4 4 4 4 4 4 4 4 4 4 4 4 4 4 4 4 4 4 4 4 4 4 4 4 4 4 4 4 4 4 4 4 4 4 4 4
4 4 4 4 4 4 4 4 4 4 4 4 4 4 4 4 4 4 4 4 4 4 4 4 4 4 4 4 4 4 4 4 4 4 4 4 4 4 4 4 4 4 4 4 4 4 4 4 4 4 4 4 4 4 4 4 4 4 4 4 4 4 4 4
4 4 4 4 4 4 4 4 4 4 4 4 4 4 4 4 4 4 4 4 4 4 4 4 4 4 4 4 4 4 4 4 4 4 4 4 4 4 4 4 4 4 4 4 4 4 4 4 4 4 4 4 4 4 4 4 4 4 4 4 4 4 4 4
12 12 12 12 12 12 12 12 12 12 12 12 12 12 12 12 12 12 12 12 12 12 12 12 12 12 12 12 12 12 12 12 12 12 12 12 12 12 12 12 12 12 12 12 12 12 12 12 12 12 12 12 12 12 12 12 12 12 11 11 11 11 11 11
[LEVELS] 3/6
[STATE] NOT_FINISHED
[AVAILABLE] ACTION6
[DIFF] 37 cells: (20,30) 9>8; (21,30) 9>8; (22,30) 9>8; (23,30) 9>8; (24,30) 9>8; (25,30) 9>8; (20,31) 9>8; (21,31) 9>8; (22,31) 9>8; (23,31) 9>8; (24,31) 9>8; (25,31) 9>8; (20,32) 9>8; (21,32) 9>8; (22,32) 9>8; (23,32) 9>8; (24,32) 9>8; (25,32) 9>8; (20,33) 9>8; (21,33) 9>8; (22,33) 9>8; (23,33) 9>8; (24,33) 9>8; (25,33) 9>8; (20,34) 9>8; (21,34) 9>8; (22,34) 9>8; (23,34) 9>8; (24,34) 9>8; (25,34) 9>8; (20,35) 9>8; (21,35) 9>8; (22,35) 9>8; (23,35) 9>8; (24,35) 9>8; (25,35) 9>8; (58,63) 12>11

[STEP 35]
[ACTION] ACTION6 x=22 y=32
[BOARD] 1/1 settled
4 4 4 4 4 4 4 4 4 4 4 4 4 4 4 4 4 4 4 4 4 4 4 4 4 4 4 4 4 4 4 4 4 4 4 4 4 4 4 4 4 4 4 4 4 4 4 4 4 4 4 4 4 4 4 4 4 4 4 4 9 9 9 9
4 4 4 4 4 4 4 4 4 4 4 4 4 4 4 4 4 4 4 4 4 4 4 4 4 4 4 4 4 4 4 4 4 4 4 4 4 4 4 4 4 4 4 4 4 4 4 4 4 4 4 4 4 4 4 4 4 4 4 4 9 9 9 9
4 4 4 4 4 4 4 4 4 4 4 4 4 4 4 4 4 4 4 4 4 4 4 4 4 4 4 4 4 4 4 4 4 4 4 4 4 4 4 4 4 4 4 4 4 4 4 4 4 4 4 4 4 4 4 4 4 4 4 4 9 9 9 9
4 4 4 4 4 4 4 4 4 4 4 4 4 4 4 4 4 4 4 4 4 4 4 4 4 4 4 4 4 4 4 4 4 4 4 4 4 4 4 4 4 4 4 4 4 4 4 4 4 4 4 4 4 4 4 4 4 4 4 4 9 9 9 9
4 4 4 4 4 4 4 4 4 4 4 4 4 4 4 4 4 4 4 4 4 4 4 4 4 4 4 4 4 4 4 4 4 4 4 4 4 4 4 4 4 4 4 4 4 4 4 4 4 4 4 4 4 4 4 4 4 4 4 4 8 8 8 8
4 4 4 4 4 4 4 4 4 4 4 4 4 4 4 4 4 4 4 4 4 4 4 4 4 4 4 4 4 4 4 4 4 4 4 4 4 4 4 4 4 4 4 4 4 4 4 4 4 4 4 4 4 4 4 4 4 4 4 4 8 8 8 8
4 4 4 4 4 4 4 4 4 4 4 4 4 4 4 4 4 4 4 4 4 4 4 4 4 4 4 4 4 4 4 4 4 4 4 4 4 4 4 4 4 4 4 4 4 4 4 4 4 4 4 4 4 4 4 4 4 4 4 4 8 8 8 8
4 4 4 4 4 4 4 4 4 4 4 4 4 4 4 4 4 4 4 4 4 4 4 4 4 4 4 4 4 4 4 4 4 4 4 4 4 4 4 4 4 4 4 4 4 4 4 4 4 4 4 4 4 4 4 4 4 4 4 4 8 8 8 8
4 4 4 4 4 4 4 4 4 4 4 4 4 4 4 4 4 4 4 4 4 4 4 4 4 4 4 4 4 4 4 4 4 4 4 4 4 4 4 4 4 4 4 4 4 4 4 4 4 4 4 4 4 4 4 4 4 4 4 4 12 12 12 12
4 4 4 4 4 4 4 4 4 4 4 4 4 4 4 4 4 4 4 4 4 4 4 4 4 4 4 4 4 4 4 4 4 4 4 4 4 4 4 4 4 4 4 4 4 4 4 4 4 4 4 4 4 4 4 4 4 4 4 4 12 12 12 12
4 4 4 4 4 4 4 4 4 4 4 4 4 4 4 4 4 4 4 4 4 4 4 4 4 4 4 4 4 4 4 4 4 4 4 4 4 4 4 4 4 4 4 4 4 4 4 4 4 4 4 4 4 4 4 4 4 4 4 4 12 12 12 12
4 4 4 4 4 4 4 4 4 4 4 4 4 4 4 4 4 4 4 4 4 4 4 4 4 4 4 4 4 4 4 4 4 4 4 4 4 4 4 4 4 4 4 4 4 4 4 4 4 4 4 4 4 4 4 4 4 4 4 4 12 12 12 12
4 4 4 4 4 4 4 4 4 4 4 4 4 4 4 4 4 4 4 4 4 4 4 4 4 4 4 4 4 4 4 4 4 4 4 4 4 4 4 4 4 4 4 4 4 4 4 4 4 4 4 4 4 4 4 4 4 4 4 4 4 4 4 4
4 4 4 4 4 4 4 4 4 4 4 4 4 4 4 4 4 4 4 4 4 4 4 4 4 4 4 4 4 4 4 4 4 4 4 4 4 4 4 4 4 4 4 4 4 4 4 4 4 4 4 4 4 4 4 4 4 4 4 4 4 4 4 4
4 4 4 4 4 4 4 4 4 4 4 4 9 9 9 9 9 9 4 4 12 12 12 12 12 12 4 4 8 8 8 8 8 8 4 4 9 9 9 9 9 9 4 4 8 8 8 8 8 8 4 4 4 4 4 4 4 4 4 4 4 4 4 4
4 4 4 4 4 4 4 4 4 4 4 4 9 9 9 9 9 9 4 4 12 12 12 12 12 12 4 4 8 8 8 8 8 8 4 4 9 9 9 9 9 9 4 4 8 8 8 8 8 8 4 4 4 4 4 4 4 4 4 4 4 4 4 4
4 4 4 4 4 4 4 4 4 4 4 4 9 9 9 9 9 9 4 4 12 12 12 12 12 12 4 4 8 8 8 8 8 8 4 4 9 9 9 9 9 9 4 4 8 8 8 8 8 8 4 4 4 4 4 4 4 4 4 4 4 4 4 4
4 4 4 4 4 4 4 4 4 4 4 4 9 9 9 9 9 9 4 4 12 12 12 12 12 12 4 4 8 8 8 8 8 8 4 4 9 9 9 9 9 9 4 4 8 8 8 8 8 8 4 4 4 4 4 4 4 4 4 4 4 4 4 4
4 4 4 4 4 4 4 4 4 4 4 4 9 9 9 9 9 9 4 4 12 12 12 12 12 12 4 4 8 8 8 8 8 8 4 4 9 9 9 9 9 9 4 4 8 8 8 8 8 8 4 4 4 4 4 4 4 4 4 4 4 4 4 4
4 4 4 4 4 4 4 4 4 4 4 4 9 9 9 9 9 9 4 4 12 12 12 12 12 12 4 4 8 8 8 8 8 8 4 4 9 9 9 9 9 9 4 4 8 8 8 8 8 8 4 4 4 4 4 4 4 4 4 4 4 4 4 4
4 4 4 4 4 4 4 4 4 4 4 4 4 4 4 4 4 4 4 4 4 4 4 4 4 4 4 4 4 4 4 4 4 4 4 4 4 4 4 4 4 4 4 4 4 4 4 4 4 4 4 4 4 4 4 4 4 4 4 4 4 4 4 4
4 4 4 4 4 4 4 4 4 4 4 4 4 4 4 4 4 4 4 4 4 4 4 4 4 4 4 4 4 4 4 4 4 4 4 4 4 4 4 4 4 4 4 4 4 4 4 4 4 4 4 4 4 4 4 4 4 4 4 4 4 4 4 4
4 4 4 4 4 4 4 4 4 4 4 4 9 9 9 9 9 9 4 4 2 2 0 0 2 2 4 4 8 8 8 8 8 8 4 4 2 2 0 0 2 2 4 4 8 8 8 8 8 8 4 4 4 4 4 4 4 4 4 4 4 4 4 4
4 4 4 4 4 4 4 4 4 4 4 4 9 9 9 9 9 9 4 4 2 2 0 0 2 2 4 4 8 8 8 8 8 8 4 4 2 2 0 0 2 2 4 4 8 8 8 8 8 8 4 4 4 4 4 4 4 4 4 4 4 4 4 4
4 4 4 4 4 4 4 4 4 4 4 4 9 9 9 9 9 9 4 4 2 2 12 12 2 2 4 4 8 8 8 8 8 8 4 4 2 2 9 9 2 2 4 4 8 8 8 8 8 8 4 4 4 4 4 4 4 4 4 4 4 4 4 4
4 4 4 4 4 4 4 4 4 4 4 4 9 9 9 9 9 9 4 4 2 2 12 12 2 2 4 4 8 8 8 8 8 8 4 4 2 2 9 9 2 2 4 4 8 8 8 8 8 8 4 4 4 4 4 4 4 4 4 4 4 4 4 4
4 4 4 4 4 4 4 4 4 4 4 4 9 9 9 9 9 9 4 4 2 2 0 0 2 2 4 4 8 8 8 8 8 8 4 4 2 2 2 2 0 0 4 4 8 8 8 8 8 8 4 4 4 4 4 4 4 4 4 4 4 4 4 4
4 4 4 4 4 4 4 4 4 4 4 4 9 9 9 9 9 9 4 4 2 2 0 0 2 2 4 4 8 8 8 8 8 8 4 4 2 2 2 2 0 0 4 4 8 8 8 8 8 8 4 4 4 4 4 4 4 4 4 4 4 4 4 4
4 4 4 4 4 4 4 4 4 4 4 4 4 4 4 4 4 4 4 4 4 4 4 4 4 4 4 4 4 4 4 4 4 4 4 4 4 4 4 4 4 4 4 4 4 4 4 4 4 4 4 4 4 4 4 4 4 4 4 4 4 4 4 4
4 4 4 4 4 4 4 4 4 4 4 4 4 4 4 4 4 4 4 4 4 4 4 4 4 4 4 4 4 4 4 4 4 4 4 4 4 4 4 4 4 4 4 4 4 4 4 4 4 4 4 4 4 4 4 4 4 4 4 4 4 4 4 4
4 4 4 4 4 4 4 4 4 4 4 4 9 9 9 9 9 9 4 4 12 12 12 12 12 12 4 4 8 8 8 8 8 8 4 4 8 8 8 8 8 8 4 4 9 9 9 9 9 9 4 4 4 4 4 4 4 4 4 4 4 4 4 4
4 4 4 4 4 4 4 4 4 4 4 4 9 9 9 9 9 9 4 4 12 12 12 12 12 12 4 4 8 8 8 8 8 8 4 4 8 8 8 8 8 8 4 4 9 9 9 9 9 9 4 4 4 4 4 4 4 4 4 4 4 4 4 4
4 4 4 4 4 4 4 4 4 4 4 4 9 9 9 9 9 9 4 4 12 12 12 12 12 12 4 4 8 8 8 8 8 8 4 4 8 8 8 8 8 8 4 4 9 9 9 9 9 9 4 4 4 4 4 4 4 4 4 4 4 4 4 4
4 4 4 4 4 4 4 4 4 4 4 4 9 9 9 9 9 9 4 4 12 12 12 12 12 12 4 4 8 8 8 8 8 8 4 4 8 8 8 8 8 8 4 4 9 9 9 9 9 9 4 4 4 4 4 4 4 4 4 4 4 4 4 4
4 4 4 4 4 4 4 4 4 4 4 4 9 9 9 9 9 9 4 4 12 12 12 12 12 12 4 4 8 8 8 8 8 8 4 4 8 8 8 8 8 8 4 4 9 9 9 9 9 9 4 4 4 4 4 4 4 4 4 4 4 4 4 4
4 4 4 4 4 4 4 4 4 4 4 4 9 9 9 9 9 9 4 4 12 12 12 12 12 12 4 4 8 8 8 8 8 8 4 4 8 8 8 8 8 8 4 4 9 9 9 9 9 9 4 4 4 4 4 4 4 4 4 4 4 4 4 4
4 4 4 4 4 4 4 4 4 4 4 4 4 4 4 4 4 4 4 4 4 4 4 4 4 4 4 4 4 4 4 4 4 4 4 4 4 4 4 4 4 4 4 4 4 4 4 4 4 4 4 4 4 4 4 4 4 4 4 4 4 4 4 4
4 4 4 4 4 4 4 4 4 4 4 4 4 4 4 4 4 4 4 4 4 4 4 4 4 4 4 4 4 4 4 4 4 4 4 4 4 4 4 4 4 4 4 4 4 4 4 4 4 4 4 4 4 4 4 4 4 4 4 4 4 4 4 4
4 4 4 4 4 4 4 4 4 4 4 4 4 4 4 4 4 4 4 4 9 9 9 9 9 9 4 4 0 0 2 2 2 2 4 4 9 9 9 9 9 9 4 4 4 4 4 4 4 4 4 4 4 4 4 4 4 4 4 4 4 4 4 4
4 4 4 4 4 4 4 4 4 4 4 4 4 4 4 4 4 4 4 4 9 9 9 9 9 9 4 4 0 0 2 2 2 2 4 4 9 9 9 9 9 9 4 4 4 4 4 4 4 4 4 4 4 4 4 4 4 4 4 4 4 4 4 4
4 4 4 4 4 4 4 4 4 4 4 4 4 4 4 4 4 4 4 4 9 9 9 9 9 9 4 4 2 2 12 12 2 2 4 4 9 9 9 9 9 9 4 4 4 4 4 4 4 4 4 4 4 4 4 4 4 4 4 4 4 4 4 4
4 4 4 4 4 4 4 4 4 4 4 4 4 4 4 4 4 4 4 4 9 9 9 9 9 9 4 4 2 2 12 12 2 2 4 4 9 9 9 9 9 9 4 4 4 4 4 4 4 4 4 4 4 4 4 4 4 4 4 4 4 4 4 4
4 4 4 4 4 4 4 4 4 4 4 4 4 4 4 4 4 4 4 4 9 9 9 9 9 9 4 4 0 0 0 0 0 0 4 4 9 9 9 9 9 9 4 4 4 4 4 4 4 4 4 4 4 4 4 4 4 4 4 4 4 4 4 4
4 4 4 4 4 4 4 4 4 4 4 4 4 4 4 4 4 4 4 4 9 9 9 9 9 9 4 4 0 0 0 0 0 0 4 4 9 9 9 9 9 9 4 4 4 4 4 4 4 4 4 4 4 4 4 4 4 4 4 4 4 4 4 4
4 4 4 4 4 4 4 4 4 4 4 4 4 4 4 4 4 4 4 4 4 4 4 4 4 4 4 4 4 4 4 4 4 4 4 4 4 4 4 4 4 4 4 4 4 4 4 4 4 4 4 4 4 4 4 4 4 4 4 4 4 4 4 4
4 4 4 4 4 4 4 4 4 4 4 4 4 4 4 4 4 4 4 4 4 4 4 4 4 4 4 4 4 4 4 4 4 4 4 4 4 4 4 4 4 4 4 4 4 4 4 4 4 4 4 4 4 4 4 4 4 4 4 4 4 4 4 4
4 4 4 4 4 4 4 4 4 4 4 4 4 4 4 4 4 4 4 4 9 9 9 9 9 9 4 4 9 9 9 9 9 9 4 4 9 9 9 9 9 9 4 4 4 4 4 4 4 4 4 4 4 4 4 4 4 4 4 4 4 4 4 4
4 4 4 4 4 4 4 4 4 4 4 4 4 4 4 4 4 4 4 4 9 9 9 9 9 9 4 4 9 9 9 9 9 9 4 4 9 9 9 9 9 9 4 4 4 4 4 4 4 4 4 4 4 4 4 4 4 4 4 4 4 4 4 4
4 4 4 4 4 4 4 4 4 4 4 4 4 4 4 4 4 4 4 4 9 9 9 9 9 9 4 4 9 9 9 9 9 9 4 4 9 9 9 9 9 9 4 4 4 4 4 4 4 4 4 4 4 4 4 4 4 4 4 4 4 4 4 4
4 4 4 4 4 4 4 4 4 4 4 4 4 4 4 4 4 4 4 4 9 9 9 9 9 9 4 4 9 9 9 9 9 9 4 4 9 9 9 9 9 9 4 4 4 4 4 4 4 4 4 4 4 4 4 4 4 4 4 4 4 4 4 4
4 4 4 4 4 4 4 4 4 4 4 4 4 4 4 4 4 4 4 4 9 9 9 9 9 9 4 4 9 9 9 9 9 9 4 4 9 9 9 9 9 9 4 4 4 4 4 4 4 4 4 4 4 4 4 4 4 4 4 4 4 4 4 4
4 4 4 4 4 4 4 4 4 4 4 4 4 4 4 4 4 4 4 4 9 9 9 9 9 9 4 4 9 9 9 9 9 9 4 4 9 9 9 9 9 9 4 4 4 4 4 4 4 4 4 4 4 4 4 4 4 4 4 4 4 4 4 4
4 4 4 4 4 4 4 4 4 4 4 4 4 4 4 4 4 4 4 4 4 4 4 4 4 4 4 4 4 4 4 4 4 4 4 4 4 4 4 4 4 4 4 4 4 4 4 4 4 4 4 4 4 4 4 4 4 4 4 4 4 4 4 4
4 4 4 4 4 4 4 4 4 4 4 4 4 4 4 4 4 4 4 4 4 4 4 4 4 4 4 4 4 4 4 4 4 4 4 4 4 4 4 4 4 4 4 4 4 4 4 4 4 4 4 4 4 4 4 4 4 4 4 4 4 4 4 4
4 4 4 4 4 4 4 4 4 4 4 4 4 4 4 4 4 4 4 4 4 4 4 4 4 4 4 4 4 4 4 4 4 4 4 4 4 4 4 4 4 4 4 4 4 4 4 4 4 4 4 4 4 4 4 4 4 4 4 4 4 4 4 4
4 4 4 4 4 4 4 4 4 4 4 4 4 4 4 4 4 4 4 4 4 4 4 4 4 4 4 4 4 4 4 4 4 4 4 4 4 4 4 4 4 4 4 4 4 4 4 4 4 4 4 4 4 4 4 4 4 4 4 4 4 4 4 4
4 4 4 4 4 4 4 4 4 4 4 4 4 4 4 4 4 4 4 4 4 4 4 4 4 4 4 4 4 4 4 4 4 4 4 4 4 4 4 4 4 4 4 4 4 4 4 4 4 4 4 4 4 4 4 4 4 4 4 4 4 4 4 4
4 4 4 4 4 4 4 4 4 4 4 4 4 4 4 4 4 4 4 4 4 4 4 4 4 4 4 4 4 4 4 4 4 4 4 4 4 4 4 4 4 4 4 4 4 4 4 4 4 4 4 4 4 4 4 4 4 4 4 4 4 4 4 4
4 4 4 4 4 4 4 4 4 4 4 4 4 4 4 4 4 4 4 4 4 4 4 4 4 4 4 4 4 4 4 4 4 4 4 4 4 4 4 4 4 4 4 4 4 4 4 4 4 4 4 4 4 4 4 4 4 4 4 4 4 4 4 4
4 4 4 4 4 4 4 4 4 4 4 4 4 4 4 4 4 4 4 4 4 4 4 4 4 4 4 4 4 4 4 4 4 4 4 4 4 4 4 4 4 4 4 4 4 4 4 4 4 4 4 4 4 4 4 4 4 4 4 4 4 4 4 4
4 4 4 4 4 4 4 4 4 4 4 4 4 4 4 4 4 4 4 4 4 4 4 4 4 4 4 4 4 4 4 4 4 4 4 4 4 4 4 4 4 4 4 4 4 4 4 4 4 4 4 4 4 4 4 4 4 4 4 4 4 4 4 4
4 4 4 4 4 4 4 4 4 4 4 4 4 4 4 4 4 4 4 4 4 4 4 4 4 4 4 4 4 4 4 4 4 4 4 4 4 4 4 4 4 4 4 4 4 4 4 4 4 4 4 4 4 4 4 4 4 4 4 4 4 4 4 4
4 4 4 4 4 4 4 4 4 4 4 4 4 4 4 4 4 4 4 4 4 4 4 4 4 4 4 4 4 4 4 4 4 4 4 4 4 4 4 4 4 4 4 4 4 4 4 4 4 4 4 4 4 4 4 4 4 4 4 4 4 4 4 4
12 12 12 12 12 12 12 12 12 12 12 12 12 12 12 12 12 12 12 12 12 12 12 12 12 12 12 12 12 12 12 12 12 12 12 12 12 12 12 12 12 12 12 12 12 12 12 12 12 12 12 12 12 12 12 12 12 11 11 11 11 11 11 11
[LEVELS] 3/6
[STATE] NOT_FINISHED
[AVAILABLE] ACTION6
[DIFF] 37 cells: (20,30) 8>12; (21,30) 8>12; (22,30) 8>12; (23,30) 8>12; (24,30) 8>12; (25,30) 8>12; (20,31) 8>12; (21,31) 8>12; (22,31) 8>12; (23,31) 8>12; (24,31) 8>12; (25,31) 8>12; (20,32) 8>12; (21,32) 8>12; (22,32) 8>12; (23,32) 8>12; (24,32) 8>12; (25,32) 8>12; (20,33) 8>12; (21,33) 8>12; (22,33) 8>12; (23,33) 8>12; (24,33) 8>12; (25,33) 8>12; (20,34) 8>12; (21,34) 8>12; (22,34) 8>12; (23,34) 8>12; (24,34) 8>12; (25,34) 8>12; (20,35) 8>12; (21,35) 8>12; (22,35) 8>12; (23,35) 8>12; (24,35) 8>12; (25,35) 8>12; (57,63) 12>11

[STEP 36]
[ACTION] ACTION6 x=22 y=48
[BOARD] 1/1 settled
4 4 4 4 4 4 4 4 4 4 4 4 4 4 4 4 4 4 4 4 4 4 4 4 4 4 4 4 4 4 4 4 4 4 4 4 4 4 4 4 4 4 4 4 4 4 4 4 4 4 4 4 4 4 4 4 4 4 4 4 9 9 9 9
4 4 4 4 4 4 4 4 4 4 4 4 4 4 4 4 4 4 4 4 4 4 4 4 4 4 4 4 4 4 4 4 4 4 4 4 4 4 4 4 4 4 4 4 4 4 4 4 4 4 4 4 4 4 4 4 4 4 4 4 9 9 9 9
4 4 4 4 4 4 4 4 4 4 4 4 4 4 4 4 4 4 4 4 4 4 4 4 4 4 4 4 4 4 4 4 4 4 4 4 4 4 4 4 4 4 4 4 4 4 4 4 4 4 4 4 4 4 4 4 4 4 4 4 9 9 9 9
4 4 4 4 4 4 4 4 4 4 4 4 4 4 4 4 4 4 4 4 4 4 4 4 4 4 4 4 4 4 4 4 4 4 4 4 4 4 4 4 4 4 4 4 4 4 4 4 4 4 4 4 4 4 4 4 4 4 4 4 9 9 9 9
4 4 4 4 4 4 4 4 4 4 4 4 4 4 4 4 4 4 4 4 4 4 4 4 4 4 4 4 4 4 4 4 4 4 4 4 4 4 4 4 4 4 4 4 4 4 4 4 4 4 4 4 4 4 4 4 4 4 4 4 8 8 8 8
4 4 4 4 4 4 4 4 4 4 4 4 4 4 4 4 4 4 4 4 4 4 4 4 4 4 4 4 4 4 4 4 4 4 4 4 4 4 4 4 4 4 4 4 4 4 4 4 4 4 4 4 4 4 4 4 4 4 4 4 8 8 8 8
4 4 4 4 4 4 4 4 4 4 4 4 4 4 4 4 4 4 4 4 4 4 4 4 4 4 4 4 4 4 4 4 4 4 4 4 4 4 4 4 4 4 4 4 4 4 4 4 4 4 4 4 4 4 4 4 4 4 4 4 8 8 8 8
4 4 4 4 4 4 4 4 4 4 4 4 4 4 4 4 4 4 4 4 4 4 4 4 4 4 4 4 4 4 4 4 4 4 4 4 4 4 4 4 4 4 4 4 4 4 4 4 4 4 4 4 4 4 4 4 4 4 4 4 8 8 8 8
4 4 4 4 4 4 4 4 4 4 4 4 4 4 4 4 4 4 4 4 4 4 4 4 4 4 4 4 4 4 4 4 4 4 4 4 4 4 4 4 4 4 4 4 4 4 4 4 4 4 4 4 4 4 4 4 4 4 4 4 12 12 12 12
4 4 4 4 4 4 4 4 4 4 4 4 4 4 4 4 4 4 4 4 4 4 4 4 4 4 4 4 4 4 4 4 4 4 4 4 4 4 4 4 4 4 4 4 4 4 4 4 4 4 4 4 4 4 4 4 4 4 4 4 12 12 12 12
4 4 4 4 4 4 4 4 4 4 4 4 4 4 4 4 4 4 4 4 4 4 4 4 4 4 4 4 4 4 4 4 4 4 4 4 4 4 4 4 4 4 4 4 4 4 4 4 4 4 4 4 4 4 4 4 4 4 4 4 12 12 12 12
4 4 4 4 4 4 4 4 4 4 4 4 4 4 4 4 4 4 4 4 4 4 4 4 4 4 4 4 4 4 4 4 4 4 4 4 4 4 4 4 4 4 4 4 4 4 4 4 4 4 4 4 4 4 4 4 4 4 4 4 12 12 12 12
4 4 4 4 4 4 4 4 4 4 4 4 4 4 4 4 4 4 4 4 4 4 4 4 4 4 4 4 4 4 4 4 4 4 4 4 4 4 4 4 4 4 4 4 4 4 4 4 4 4 4 4 4 4 4 4 4 4 4 4 4 4 4 4
4 4 4 4 4 4 4 4 4 4 4 4 4 4 4 4 4 4 4 4 4 4 4 4 4 4 4 4 4 4 4 4 4 4 4 4 4 4 4 4 4 4 4 4 4 4 4 4 4 4 4 4 4 4 4 4 4 4 4 4 4 4 4 4
4 4 4 4 4 4 4 4 4 4 4 4 9 9 9 9 9 9 4 4 12 12 12 12 12 12 4 4 8 8 8 8 8 8 4 4 9 9 9 9 9 9 4 4 8 8 8 8 8 8 4 4 4 4 4 4 4 4 4 4 4 4 4 4
4 4 4 4 4 4 4 4 4 4 4 4 9 9 9 9 9 9 4 4 12 12 12 12 12 12 4 4 8 8 8 8 8 8 4 4 9 9 9 9 9 9 4 4 8 8 8 8 8 8 4 4 4 4 4 4 4 4 4 4 4 4 4 4
4 4 4 4 4 4 4 4 4 4 4 4 9 9 9 9 9 9 4 4 12 12 12 12 12 12 4 4 8 8 8 8 8 8 4 4 9 9 9 9 9 9 4 4 8 8 8 8 8 8 4 4 4 4 4 4 4 4 4 4 4 4 4 4
4 4 4 4 4 4 4 4 4 4 4 4 9 9 9 9 9 9 4 4 12 12 12 12 12 12 4 4 8 8 8 8 8 8 4 4 9 9 9 9 9 9 4 4 8 8 8 8 8 8 4 4 4 4 4 4 4 4 4 4 4 4 4 4
4 4 4 4 4 4 4 4 4 4 4 4 9 9 9 9 9 9 4 4 12 12 12 12 12 12 4 4 8 8 8 8 8 8 4 4 9 9 9 9 9 9 4 4 8 8 8 8 8 8 4 4 4 4 4 4 4 4 4 4 4 4 4 4
4 4 4 4 4 4 4 4 4 4 4 4 9 9 9 9 9 9 4 4 12 12 12 12 12 12 4 4 8 8 8 8 8 8 4 4 9 9 9 9 9 9 4 4 8 8 8 8 8 8 4 4 4 4 4 4 4 4 4 4 4 4 4 4
4 4 4 4 4 4 4 4 4 4 4 4 4 4 4 4 4 4 4 4 4 4 4 4 4 4 4 4 4 4 4 4 4 4 4 4 4 4 4 4 4 4 4 4 4 4 4 4 4 4 4 4 4 4 4 4 4 4 4 4 4 4 4 4
4 4 4 4 4 4 4 4 4 4 4 4 4 4 4 4 4 4 4 4 4 4 4 4 4 4 4 4 4 4 4 4 4 4 4 4 4 4 4 4 4 4 4 4 4 4 4 4 4 4 4 4 4 4 4 4 4 4 4 4 4 4 4 4
4 4 4 4 4 4 4 4 4 4 4 4 9 9 9 9 9 9 4 4 2 2 0 0 2 2 4 4 8 8 8 8 8 8 4 4 2 2 0 0 2 2 4 4 8 8 8 8 8 8 4 4 4 4 4 4 4 4 4 4 4 4 4 4
4 4 4 4 4 4 4 4 4 4 4 4 9 9 9 9 9 9 4 4 2 2 0 0 2 2 4 4 8 8 8 8 8 8 4 4 2 2 0 0 2 2 4 4 8 8 8 8 8 8 4 4 4 4 4 4 4 4 4 4 4 4 4 4
4 4 4 4 4 4 4 4 4 4 4 4 9 9 9 9 9 9 4 4 2 2 12 12 2 2 4 4 8 8 8 8 8 8 4 4 2 2 9 9 2 2 4 4 8 8 8 8 8 8 4 4 4 4 4 4 4 4 4 4 4 4 4 4
4 4 4 4 4 4 4 4 4 4 4 4 9 9 9 9 9 9 4 4 2 2 12 12 2 2 4 4 8 8 8 8 8 8 4 4 2 2 9 9 2 2 4 4 8 8 8 8 8 8 4 4 4 4 4 4 4 4 4 4 4 4 4 4
4 4 4 4 4 4 4 4 4 4 4 4 9 9 9 9 9 9 4 4 2 2 0 0 2 2 4 4 8 8 8 8 8 8 4 4 2 2 2 2 0 0 4 4 8 8 8 8 8 8 4 4 4 4 4 4 4 4 4 4 4 4 4 4
4 4 4 4 4 4 4 4 4 4 4 4 9 9 9 9 9 9 4 4 2 2 0 0 2 2 4 4 8 8 8 8 8 8 4 4 2 2 2 2 0 0 4 4 8 8 8 8 8 8 4 4 4 4 4 4 4 4 4 4 4 4 4 4
4 4 4 4 4 4 4 4 4 4 4 4 4 4 4 4 4 4 4 4 4 4 4 4 4 4 4 4 4 4 4 4 4 4 4 4 4 4 4 4 4 4 4 4 4 4 4 4 4 4 4 4 4 4 4 4 4 4 4 4 4 4 4 4
4 4 4 4 4 4 4 4 4 4 4 4 4 4 4 4 4 4 4 4 4 4 4 4 4 4 4 4 4 4 4 4 4 4 4 4 4 4 4 4 4 4 4 4 4 4 4 4 4 4 4 4 4 4 4 4 4 4 4 4 4 4 4 4
4 4 4 4 4 4 4 4 4 4 4 4 9 9 9 9 9 9 4 4 12 12 12 12 12 12 4 4 8 8 8 8 8 8 4 4 8 8 8 8 8 8 4 4 9 9 9 9 9 9 4 4 4 4 4 4 4 4 4 4 4 4 4 4
4 4 4 4 4 4 4 4 4 4 4 4 9 9 9 9 9 9 4 4 12 12 12 12 12 12 4 4 8 8 8 8 8 8 4 4 8 8 8 8 8 8 4 4 9 9 9 9 9 9 4 4 4 4 4 4 4 4 4 4 4 4 4 4
4 4 4 4 4 4 4 4 4 4 4 4 9 9 9 9 9 9 4 4 12 12 12 12 12 12 4 4 8 8 8 8 8 8 4 4 8 8 8 8 8 8 4 4 9 9 9 9 9 9 4 4 4 4 4 4 4 4 4 4 4 4 4 4
4 4 4 4 4 4 4 4 4 4 4 4 9 9 9 9 9 9 4 4 12 12 12 12 12 12 4 4 8 8 8 8 8 8 4 4 8 8 8 8 8 8 4 4 9 9 9 9 9 9 4 4 4 4 4 4 4 4 4 4 4 4 4 4
4 4 4 4 4 4 4 4 4 4 4 4 9 9 9 9 9 9 4 4 12 12 12 12 12 12 4 4 8 8 8 8 8 8 4 4 8 8 8 8 8 8 4 4 9 9 9 9 9 9 4 4 4 4 4 4 4 4 4 4 4 4 4 4
4 4 4 4 4 4 4 4 4 4 4 4 9 9 9 9 9 9 4 4 12 12 12 12 12 12 4 4 8 8 8 8 8 8 4 4 8 8 8 8 8 8 4 4 9 9 9 9 9 9 4 4 4 4 4 4 4 4 4 4 4 4 4 4
4 4 4 4 4 4 4 4 4 4 4 4 4 4 4 4 4 4 4 4 4 4 4 4 4 4 4 4 4 4 4 4 4 4 4 4 4 4 4 4 4 4 4 4 4 4 4 4 4 4 4 4 4 4 4 4 4 4 4 4 4 4 4 4
4 4 4 4 4 4 4 4 4 4 4 4 4 4 4 4 4 4 4 4 4 4 4 4 4 4 4 4 4 4 4 4 4 4 4 4 4 4 4 4 4 4 4 4 4 4 4 4 4 4 4 4 4 4 4 4 4 4 4 4 4 4 4 4
4 4 4 4 4 4 4 4 4 4 4 4 4 4 4 4 4 4 4 4 9 9 9 9 9 9 4 4 0 0 2 2 2 2 4 4 9 9 9 9 9 9 4 4 4 4 4 4 4 4 4 4 4 4 4 4 4 4 4 4 4 4 4 4
4 4 4 4 4 4 4 4 4 4 4 4 4 4 4 4 4 4 4 4 9 9 9 9 9 9 4 4 0 0 2 2 2 2 4 4 9 9 9 9 9 9 4 4 4 4 4 4 4 4 4 4 4 4 4 4 4 4 4 4 4 4 4 4
4 4 4 4 4 4 4 4 4 4 4 4 4 4 4 4 4 4 4 4 9 9 9 9 9 9 4 4 2 2 12 12 2 2 4 4 9 9 9 9 9 9 4 4 4 4 4 4 4 4 4 4 4 4 4 4 4 4 4 4 4 4 4 4
4 4 4 4 4 4 4 4 4 4 4 4 4 4 4 4 4 4 4 4 9 9 9 9 9 9 4 4 2 2 12 12 2 2 4 4 9 9 9 9 9 9 4 4 4 4 4 4 4 4 4 4 4 4 4 4 4 4 4 4 4 4 4 4
4 4 4 4 4 4 4 4 4 4 4 4 4 4 4 4 4 4 4 4 9 9 9 9 9 9 4 4 0 0 0 0 0 0 4 4 9 9 9 9 9 9 4 4 4 4 4 4 4 4 4 4 4 4 4 4 4 4 4 4 4 4 4 4
4 4 4 4 4 4 4 4 4 4 4 4 4 4 4 4 4 4 4 4 9 9 9 9 9 9 4 4 0 0 0 0 0 0 4 4 9 9 9 9 9 9 4 4 4 4 4 4 4 4 4 4 4 4 4 4 4 4 4 4 4 4 4 4
4 4 4 4 4 4 4 4 4 4 4 4 4 4 4 4 4 4 4 4 4 4 4 4 4 4 4 4 4 4 4 4 4 4 4 4 4 4 4 4 4 4 4 4 4 4 4 4 4 4 4 4 4 4 4 4 4 4 4 4 4 4 4 4
4 4 4 4 4 4 4 4 4 4 4 4 4 4 4 4 4 4 4 4 4 4 4 4 4 4 4 4 4 4 4 4 4 4 4 4 4 4 4 4 4 4 4 4 4 4 4 4 4 4 4 4 4 4 4 4 4 4 4 4 4 4 4 4
4 4 4 4 4 4 4 4 4 4 4 4 4 4 4 4 4 4 4 4 8 8 8 8 8 8 4 4 9 9 9 9 9 9 4 4 9 9 9 9 9 9 4 4 4 4 4 4 4 4 4 4 4 4 4 4 4 4 4 4 4 4 4 4
4 4 4 4 4 4 4 4 4 4 4 4 4 4 4 4 4 4 4 4 8 8 8 8 8 8 4 4 9 9 9 9 9 9 4 4 9 9 9 9 9 9 4 4 4 4 4 4 4 4 4 4 4 4 4 4 4 4 4 4 4 4 4 4
4 4 4 4 4 4 4 4 4 4 4 4 4 4 4 4 4 4 4 4 8 8 8 8 8 8 4 4 9 9 9 9 9 9 4 4 9 9 9 9 9 9 4 4 4 4 4 4 4 4 4 4 4 4 4 4 4 4 4 4 4 4 4 4
4 4 4 4 4 4 4 4 4 4 4 4 4 4 4 4 4 4 4 4 8 8 8 8 8 8 4 4 9 9 9 9 9 9 4 4 9 9 9 9 9 9 4 4 4 4 4 4 4 4 4 4 4 4 4 4 4 4 4 4 4 4 4 4
4 4 4 4 4 4 4 4 4 4 4 4 4 4 4 4 4 4 4 4 8 8 8 8 8 8 4 4 9 9 9 9 9 9 4 4 9 9 9 9 9 9 4 4 4 4 4 4 4 4 4 4 4 4 4 4 4 4 4 4 4 4 4 4
4 4 4 4 4 4 4 4 4 4 4 4 4 4 4 4 4 4 4 4 8 8 8 8 8 8 4 4 9 9 9 9 9 9 4 4 9 9 9 9 9 9 4 4 4 4 4 4 4 4 4 4 4 4 4 4 4 4 4 4 4 4 4 4
4 4 4 4 4 4 4 4 4 4 4 4 4 4 4 4 4 4 4 4 4 4 4 4 4 4 4 4 4 4 4 4 4 4 4 4 4 4 4 4 4 4 4 4 4 4 4 4 4 4 4 4 4 4 4 4 4 4 4 4 4 4 4 4
4 4 4 4 4 4 4 4 4 4 4 4 4 4 4 4 4 4 4 4 4 4 4 4 4 4 4 4 4 4 4 4 4 4 4 4 4 4 4 4 4 4 4 4 4 4 4 4 4 4 4 4 4 4 4 4 4 4 4 4 4 4 4 4
4 4 4 4 4 4 4 4 4 4 4 4 4 4 4 4 4 4 4 4 4 4 4 4 4 4 4 4 4 4 4 4 4 4 4 4 4 4 4 4 4 4 4 4 4 4 4 4 4 4 4 4 4 4 4 4 4 4 4 4 4 4 4 4
4 4 4 4 4 4 4 4 4 4 4 4 4 4 4 4 4 4 4 4 4 4 4 4 4 4 4 4 4 4 4 4 4 4 4 4 4 4 4 4 4 4 4 4 4 4 4 4 4 4 4 4 4 4 4 4 4 4 4 4 4 4 4 4
4 4 4 4 4 4 4 4 4 4 4 4 4 4 4 4 4 4 4 4 4 4 4 4 4 4 4 4 4 4 4 4 4 4 4 4 4 4 4 4 4 4 4 4 4 4 4 4 4 4 4 4 4 4 4 4 4 4 4 4 4 4 4 4
4 4 4 4 4 4 4 4 4 4 4 4 4 4 4 4 4 4 4 4 4 4 4 4 4 4 4 4 4 4 4 4 4 4 4 4 4 4 4 4 4 4 4 4 4 4 4 4 4 4 4 4 4 4 4 4 4 4 4 4 4 4 4 4
4 4 4 4 4 4 4 4 4 4 4 4 4 4 4 4 4 4 4 4 4 4 4 4 4 4 4 4 4 4 4 4 4 4 4 4 4 4 4 4 4 4 4 4 4 4 4 4 4 4 4 4 4 4 4 4 4 4 4 4 4 4 4 4
4 4 4 4 4 4 4 4 4 4 4 4 4 4 4 4 4 4 4 4 4 4 4 4 4 4 4 4 4 4 4 4 4 4 4 4 4 4 4 4 4 4 4 4 4 4 4 4 4 4 4 4 4 4 4 4 4 4 4 4 4 4 4 4
4 4 4 4 4 4 4 4 4 4 4 4 4 4 4 4 4 4 4 4 4 4 4 4 4 4 4 4 4 4 4 4 4 4 4 4 4 4 4 4 4 4 4 4 4 4 4 4 4 4 4 4 4 4 4 4 4 4 4 4 4 4 4 4
4 4 4 4 4 4 4 4 4 4 4 4 4 4 4 4 4 4 4 4 4 4 4 4 4 4 4 4 4 4 4 4 4 4 4 4 4 4 4 4 4 4 4 4 4 4 4 4 4 4 4 4 4 4 4 4 4 4 4 4 4 4 4 4
4 4 4 4 4 4 4 4 4 4 4 4 4 4 4 4 4 4 4 4 4 4 4 4 4 4 4 4 4 4 4 4 4 4 4 4 4 4 4 4 4 4 4 4 4 4 4 4 4 4 4 4 4 4 4 4 4 4 4 4 4 4 4 4
12 12 12 12 12 12 12 12 12 12 12 12 12 12 12 12 12 12 12 12 12 12 12 12 12 12 12 12 12 12 12 12 12 12 12 12 12 12 12 12 12 12 12 12 12 12 12 12 12 12 12 12 12 12 12 12 12 11 11 11 11 11 11 11
[LEVELS] 3/6
[STATE] NOT_FINISHED
[AVAILABLE] ACTION6
[DIFF] 36 cells: (20,46) 9>8; (21,46) 9>8; (22,46) 9>8; (23,46) 9>8; (24,46) 9>8; (25,46) 9>8; (20,47) 9>8; (21,47) 9>8; (22,47) 9>8; (23,47) 9>8; (24,47) 9>8; (25,47) 9>8; (20,48) 9>8; (21,48) 9>8; (22,48) 9>8; (23,48) 9>8; (24,48) 9>8; (25,48) 9>8; (20,49) 9>8; (21,49) 9>8; (22,49) 9>8; (23,49) 9>8; (24,49) 9>8; (25,49) 9>8; (20,50) 9>8; (21,50) 9>8; (22,50) 9>8; (23,50) 9>8; (24,50) 9>8; (25,50) 9>8; (20,51) 9>8; (21,51) 9>8; (22,51) 9>8; (23,51) 9>8; (24,51) 9>8; (25,51) 9>8

[STEP 37]
[ACTION] ACTION6 x=22 y=48
[BOARD] 1/1 settled
4 4 4 4 4 4 4 4 4 4 4 4 4 4 4 4 4 4 4 4 4 4 4 4 4 4 4 4 4 4 4 4 4 4 4 4 4 4 4 4 4 4 4 4 4 4 4 4 4 4 4 4 4 4 4 4 4 4 4 4 9 9 9 9
4 4 4 4 4 4 4 4 4 4 4 4 4 4 4 4 4 4 4 4 4 4 4 4 4 4 4 4 4 4 4 4 4 4 4 4 4 4 4 4 4 4 4 4 4 4 4 4 4 4 4 4 4 4 4 4 4 4 4 4 9 9 9 9
4 4 4 4 4 4 4 4 4 4 4 4 4 4 4 4 4 4 4 4 4 4 4 4 4 4 4 4 4 4 4 4 4 4 4 4 4 4 4 4 4 4 4 4 4 4 4 4 4 4 4 4 4 4 4 4 4 4 4 4 9 9 9 9
4 4 4 4 4 4 4 4 4 4 4 4 4 4 4 4 4 4 4 4 4 4 4 4 4 4 4 4 4 4 4 4 4 4 4 4 4 4 4 4 4 4 4 4 4 4 4 4 4 4 4 4 4 4 4 4 4 4 4 4 9 9 9 9
4 4 4 4 4 4 4 4 4 4 4 4 4 4 4 4 4 4 4 4 4 4 4 4 4 4 4 4 4 4 4 4 4 4 4 4 4 4 4 4 4 4 4 4 4 4 4 4 4 4 4 4 4 4 4 4 4 4 4 4 8 8 8 8
4 4 4 4 4 4 4 4 4 4 4 4 4 4 4 4 4 4 4 4 4 4 4 4 4 4 4 4 4 4 4 4 4 4 4 4 4 4 4 4 4 4 4 4 4 4 4 4 4 4 4 4 4 4 4 4 4 4 4 4 8 8 8 8
4 4 4 4 4 4 4 4 4 4 4 4 4 4 4 4 4 4 4 4 4 4 4 4 4 4 4 4 4 4 4 4 4 4 4 4 4 4 4 4 4 4 4 4 4 4 4 4 4 4 4 4 4 4 4 4 4 4 4 4 8 8 8 8
4 4 4 4 4 4 4 4 4 4 4 4 4 4 4 4 4 4 4 4 4 4 4 4 4 4 4 4 4 4 4 4 4 4 4 4 4 4 4 4 4 4 4 4 4 4 4 4 4 4 4 4 4 4 4 4 4 4 4 4 8 8 8 8
4 4 4 4 4 4 4 4 4 4 4 4 4 4 4 4 4 4 4 4 4 4 4 4 4 4 4 4 4 4 4 4 4 4 4 4 4 4 4 4 4 4 4 4 4 4 4 4 4 4 4 4 4 4 4 4 4 4 4 4 12 12 12 12
4 4 4 4 4 4 4 4 4 4 4 4 4 4 4 4 4 4 4 4 4 4 4 4 4 4 4 4 4 4 4 4 4 4 4 4 4 4 4 4 4 4 4 4 4 4 4 4 4 4 4 4 4 4 4 4 4 4 4 4 12 12 12 12
4 4 4 4 4 4 4 4 4 4 4 4 4 4 4 4 4 4 4 4 4 4 4 4 4 4 4 4 4 4 4 4 4 4 4 4 4 4 4 4 4 4 4 4 4 4 4 4 4 4 4 4 4 4 4 4 4 4 4 4 12 12 12 12
4 4 4 4 4 4 4 4 4 4 4 4 4 4 4 4 4 4 4 4 4 4 4 4 4 4 4 4 4 4 4 4 4 4 4 4 4 4 4 4 4 4 4 4 4 4 4 4 4 4 4 4 4 4 4 4 4 4 4 4 12 12 12 12
4 4 4 4 4 4 4 4 4 4 4 4 4 4 4 4 4 4 4 4 4 4 4 4 4 4 4 4 4 4 4 4 4 4 4 4 4 4 4 4 4 4 4 4 4 4 4 4 4 4 4 4 4 4 4 4 4 4 4 4 4 4 4 4
4 4 4 4 4 4 4 4 4 4 4 4 4 4 4 4 4 4 4 4 4 4 4 4 4 4 4 4 4 4 4 4 4 4 4 4 4 4 4 4 4 4 4 4 4 4 4 4 4 4 4 4 4 4 4 4 4 4 4 4 4 4 4 4
4 4 4 4 4 4 4 4 4 4 4 4 9 9 9 9 9 9 4 4 12 12 12 12 12 12 4 4 8 8 8 8 8 8 4 4 9 9 9 9 9 9 4 4 8 8 8 8 8 8 4 4 4 4 4 4 4 4 4 4 4 4 4 4
4 4 4 4 4 4 4 4 4 4 4 4 9 9 9 9 9 9 4 4 12 12 12 12 12 12 4 4 8 8 8 8 8 8 4 4 9 9 9 9 9 9 4 4 8 8 8 8 8 8 4 4 4 4 4 4 4 4 4 4 4 4 4 4
4 4 4 4 4 4 4 4 4 4 4 4 9 9 9 9 9 9 4 4 12 12 12 12 12 12 4 4 8 8 8 8 8 8 4 4 9 9 9 9 9 9 4 4 8 8 8 8 8 8 4 4 4 4 4 4 4 4 4 4 4 4 4 4
4 4 4 4 4 4 4 4 4 4 4 4 9 9 9 9 9 9 4 4 12 12 12 12 12 12 4 4 8 8 8 8 8 8 4 4 9 9 9 9 9 9 4 4 8 8 8 8 8 8 4 4 4 4 4 4 4 4 4 4 4 4 4 4
4 4 4 4 4 4 4 4 4 4 4 4 9 9 9 9 9 9 4 4 12 12 12 12 12 12 4 4 8 8 8 8 8 8 4 4 9 9 9 9 9 9 4 4 8 8 8 8 8 8 4 4 4 4 4 4 4 4 4 4 4 4 4 4
4 4 4 4 4 4 4 4 4 4 4 4 9 9 9 9 9 9 4 4 12 12 12 12 12 12 4 4 8 8 8 8 8 8 4 4 9 9 9 9 9 9 4 4 8 8 8 8 8 8 4 4 4 4 4 4 4 4 4 4 4 4 4 4
4 4 4 4 4 4 4 4 4 4 4 4 4 4 4 4 4 4 4 4 4 4 4 4 4 4 4 4 4 4 4 4 4 4 4 4 4 4 4 4 4 4 4 4 4 4 4 4 4 4 4 4 4 4 4 4 4 4 4 4 4 4 4 4
4 4 4 4 4 4 4 4 4 4 4 4 4 4 4 4 4 4 4 4 4 4 4 4 4 4 4 4 4 4 4 4 4 4 4 4 4 4 4 4 4 4 4 4 4 4 4 4 4 4 4 4 4 4 4 4 4 4 4 4 4 4 4 4
4 4 4 4 4 4 4 4 4 4 4 4 9 9 9 9 9 9 4 4 2 2 0 0 2 2 4 4 8 8 8 8 8 8 4 4 2 2 0 0 2 2 4 4 8 8 8 8 8 8 4 4 4 4 4 4 4 4 4 4 4 4 4 4
4 4 4 4 4 4 4 4 4 4 4 4 9 9 9 9 9 9 4 4 2 2 0 0 2 2 4 4 8 8 8 8 8 8 4 4 2 2 0 0 2 2 4 4 8 8 8 8 8 8 4 4 4 4 4 4 4 4 4 4 4 4 4 4
4 4 4 4 4 4 4 4 4 4 4 4 9 9 9 9 9 9 4 4 2 2 12 12 2 2 4 4 8 8 8 8 8 8 4 4 2 2 9 9 2 2 4 4 8 8 8 8 8 8 4 4 4 4 4 4 4 4 4 4 4 4 4 4
4 4 4 4 4 4 4 4 4 4 4 4 9 9 9 9 9 9 4 4 2 2 12 12 2 2 4 4 8 8 8 8 8 8 4 4 2 2 9 9 2 2 4 4 8 8 8 8 8 8 4 4 4 4 4 4 4 4 4 4 4 4 4 4
4 4 4 4 4 4 4 4 4 4 4 4 9 9 9 9 9 9 4 4 2 2 0 0 2 2 4 4 8 8 8 8 8 8 4 4 2 2 2 2 0 0 4 4 8 8 8 8 8 8 4 4 4 4 4 4 4 4 4 4 4 4 4 4
4 4 4 4 4 4 4 4 4 4 4 4 9 9 9 9 9 9 4 4 2 2 0 0 2 2 4 4 8 8 8 8 8 8 4 4 2 2 2 2 0 0 4 4 8 8 8 8 8 8 4 4 4 4 4 4 4 4 4 4 4 4 4 4
4 4 4 4 4 4 4 4 4 4 4 4 4 4 4 4 4 4 4 4 4 4 4 4 4 4 4 4 4 4 4 4 4 4 4 4 4 4 4 4 4 4 4 4 4 4 4 4 4 4 4 4 4 4 4 4 4 4 4 4 4 4 4 4
4 4 4 4 4 4 4 4 4 4 4 4 4 4 4 4 4 4 4 4 4 4 4 4 4 4 4 4 4 4 4 4 4 4 4 4 4 4 4 4 4 4 4 4 4 4 4 4 4 4 4 4 4 4 4 4 4 4 4 4 4 4 4 4
4 4 4 4 4 4 4 4 4 4 4 4 9 9 9 9 9 9 4 4 12 12 12 12 12 12 4 4 8 8 8 8 8 8 4 4 8 8 8 8 8 8 4 4 9 9 9 9 9 9 4 4 4 4 4 4 4 4 4 4 4 4 4 4
4 4 4 4 4 4 4 4 4 4 4 4 9 9 9 9 9 9 4 4 12 12 12 12 12 12 4 4 8 8 8 8 8 8 4 4 8 8 8 8 8 8 4 4 9 9 9 9 9 9 4 4 4 4 4 4 4 4 4 4 4 4 4 4
4 4 4 4 4 4 4 4 4 4 4 4 9 9 9 9 9 9 4 4 12 12 12 12 12 12 4 4 8 8 8 8 8 8 4 4 8 8 8 8 8 8 4 4 9 9 9 9 9 9 4 4 4 4 4 4 4 4 4 4 4 4 4 4
4 4 4 4 4 4 4 4 4 4 4 4 9 9 9 9 9 9 4 4 12 12 12 12 12 12 4 4 8 8 8 8 8 8 4 4 8 8 8 8 8 8 4 4 9 9 9 9 9 9 4 4 4 4 4 4 4 4 4 4 4 4 4 4
4 4 4 4 4 4 4 4 4 4 4 4 9 9 9 9 9 9 4 4 12 12 12 12 12 12 4 4 8 8 8 8 8 8 4 4 8 8 8 8 8 8 4 4 9 9 9 9 9 9 4 4 4 4 4 4 4 4 4 4 4 4 4 4
4 4 4 4 4 4 4 4 4 4 4 4 9 9 9 9 9 9 4 4 12 12 12 12 12 12 4 4 8 8 8 8 8 8 4 4 8 8 8 8 8 8 4 4 9 9 9 9 9 9 4 4 4 4 4 4 4 4 4 4 4 4 4 4
4 4 4 4 4 4 4 4 4 4 4 4 4 4 4 4 4 4 4 4 4 4 4 4 4 4 4 4 4 4 4 4 4 4 4 4 4 4 4 4 4 4 4 4 4 4 4 4 4 4 4 4 4 4 4 4 4 4 4 4 4 4 4 4
4 4 4 4 4 4 4 4 4 4 4 4 4 4 4 4 4 4 4 4 4 4 4 4 4 4 4 4 4 4 4 4 4 4 4 4 4 4 4 4 4 4 4 4 4 4 4 4 4 4 4 4 4 4 4 4 4 4 4 4 4 4 4 4
4 4 4 4 4 4 4 4 4 4 4 4 4 4 4 4 4 4 4 4 9 9 9 9 9 9 4 4 0 0 2 2 2 2 4 4 9 9 9 9 9 9 4 4 4 4 4 4 4 4 4 4 4 4 4 4 4 4 4 4 4 4 4 4
4 4 4 4 4 4 4 4 4 4 4 4 4 4 4 4 4 4 4 4 9 9 9 9 9 9 4 4 0 0 2 2 2 2 4 4 9 9 9 9 9 9 4 4 4 4 4 4 4 4 4 4 4 4 4 4 4 4 4 4 4 4 4 4
4 4 4 4 4 4 4 4 4 4 4 4 4 4 4 4 4 4 4 4 9 9 9 9 9 9 4 4 2 2 12 12 2 2 4 4 9 9 9 9 9 9 4 4 4 4 4 4 4 4 4 4 4 4 4 4 4 4 4 4 4 4 4 4
4 4 4 4 4 4 4 4 4 4 4 4 4 4 4 4 4 4 4 4 9 9 9 9 9 9 4 4 2 2 12 12 2 2 4 4 9 9 9 9 9 9 4 4 4 4 4 4 4 4 4 4 4 4 4 4 4 4 4 4 4 4 4 4
4 4 4 4 4 4 4 4 4 4 4 4 4 4 4 4 4 4 4 4 9 9 9 9 9 9 4 4 0 0 0 0 0 0 4 4 9 9 9 9 9 9 4 4 4 4 4 4 4 4 4 4 4 4 4 4 4 4 4 4 4 4 4 4
4 4 4 4 4 4 4 4 4 4 4 4 4 4 4 4 4 4 4 4 9 9 9 9 9 9 4 4 0 0 0 0 0 0 4 4 9 9 9 9 9 9 4 4 4 4 4 4 4 4 4 4 4 4 4 4 4 4 4 4 4 4 4 4
4 4 4 4 4 4 4 4 4 4 4 4 4 4 4 4 4 4 4 4 4 4 4 4 4 4 4 4 4 4 4 4 4 4 4 4 4 4 4 4 4 4 4 4 4 4 4 4 4 4 4 4 4 4 4 4 4 4 4 4 4 4 4 4
4 4 4 4 4 4 4 4 4 4 4 4 4 4 4 4 4 4 4 4 4 4 4 4 4 4 4 4 4 4 4 4 4 4 4 4 4 4 4 4 4 4 4 4 4 4 4 4 4 4 4 4 4 4 4 4 4 4 4 4 4 4 4 4
4 4 4 4 4 4 4 4 4 4 4 4 4 4 4 4 4 4 4 4 12 12 12 12 12 12 4 4 9 9 9 9 9 9 4 4 9 9 9 9 9 9 4 4 4 4 4 4 4 4 4 4 4 4 4 4 4 4 4 4 4 4 4 4
4 4 4 4 4 4 4 4 4 4 4 4 4 4 4 4 4 4 4 4 12 12 12 12 12 12 4 4 9 9 9 9 9 9 4 4 9 9 9 9 9 9 4 4 4 4 4 4 4 4 4 4 4 4 4 4 4 4 4 4 4 4 4 4
4 4 4 4 4 4 4 4 4 4 4 4 4 4 4 4 4 4 4 4 12 12 12 12 12 12 4 4 9 9 9 9 9 9 4 4 9 9 9 9 9 9 4 4 4 4 4 4 4 4 4 4 4 4 4 4 4 4 4 4 4 4 4 4
4 4 4 4 4 4 4 4 4 4 4 4 4 4 4 4 4 4 4 4 12 12 12 12 12 12 4 4 9 9 9 9 9 9 4 4 9 9 9 9 9 9 4 4 4 4 4 4 4 4 4 4 4 4 4 4 4 4 4 4 4 4 4 4
4 4 4 4 4 4 4 4 4 4 4 4 4 4 4 4 4 4 4 4 12 12 12 12 12 12 4 4 9 9 9 9 9 9 4 4 9 9 9 9 9 9 4 4 4 4 4 4 4 4 4 4 4 4 4 4 4 4 4 4 4 4 4 4
4 4 4 4 4 4 4 4 4 4 4 4 4 4 4 4 4 4 4 4 12 12 12 12 12 12 4 4 9 9 9 9 9 9 4 4 9 9 9 9 9 9 4 4 4 4 4 4 4 4 4 4 4 4 4 4 4 4 4 4 4 4 4 4
4 4 4 4 4 4 4 4 4 4 4 4 4 4 4 4 4 4 4 4 4 4 4 4 4 4 4 4 4 4 4 4 4 4 4 4 4 4 4 4 4 4 4 4 4 4 4 4 4 4 4 4 4 4 4 4 4 4 4 4 4 4 4 4
4 4 4 4 4 4 4 4 4 4 4 4 4 4 4 4 4 4 4 4 4 4 4 4 4 4 4 4 4 4 4 4 4 4 4 4 4 4 4 4 4 4 4 4 4 4 4 4 4 4 4 4 4 4 4 4 4 4 4 4 4 4 4 4
4 4 4 4 4 4 4 4 4 4 4 4 4 4 4 4 4 4 4 4 4 4 4 4 4 4 4 4 4 4 4 4 4 4 4 4 4 4 4 4 4 4 4 4 4 4 4 4 4 4 4 4 4 4 4 4 4 4 4 4 4 4 4 4
4 4 4 4 4 4 4 4 4 4 4 4 4 4 4 4 4 4 4 4 4 4 4 4 4 4 4 4 4 4 4 4 4 4 4 4 4 4 4 4 4 4 4 4 4 4 4 4 4 4 4 4 4 4 4 4 4 4 4 4 4 4 4 4
4 4 4 4 4 4 4 4 4 4 4 4 4 4 4 4 4 4 4 4 4 4 4 4 4 4 4 4 4 4 4 4 4 4 4 4 4 4 4 4 4 4 4 4 4 4 4 4 4 4 4 4 4 4 4 4 4 4 4 4 4 4 4 4
4 4 4 4 4 4 4 4 4 4 4 4 4 4 4 4 4 4 4 4 4 4 4 4 4 4 4 4 4 4 4 4 4 4 4 4 4 4 4 4 4 4 4 4 4 4 4 4 4 4 4 4 4 4 4 4 4 4 4 4 4 4 4 4
4 4 4 4 4 4 4 4 4 4 4 4 4 4 4 4 4 4 4 4 4 4 4 4 4 4 4 4 4 4 4 4 4 4 4 4 4 4 4 4 4 4 4 4 4 4 4 4 4 4 4 4 4 4 4 4 4 4 4 4 4 4 4 4
4 4 4 4 4 4 4 4 4 4 4 4 4 4 4 4 4 4 4 4 4 4 4 4 4 4 4 4 4 4 4 4 4 4 4 4 4 4 4 4 4 4 4 4 4 4 4 4 4 4 4 4 4 4 4 4 4 4 4 4 4 4 4 4
4 4 4 4 4 4 4 4 4 4 4 4 4 4 4 4 4 4 4 4 4 4 4 4 4 4 4 4 4 4 4 4 4 4 4 4 4 4 4 4 4 4 4 4 4 4 4 4 4 4 4 4 4 4 4 4 4 4 4 4 4 4 4 4
4 4 4 4 4 4 4 4 4 4 4 4 4 4 4 4 4 4 4 4 4 4 4 4 4 4 4 4 4 4 4 4 4 4 4 4 4 4 4 4 4 4 4 4 4 4 4 4 4 4 4 4 4 4 4 4 4 4 4 4 4 4 4 4
4 4 4 4 4 4 4 4 4 4 4 4 4 4 4 4 4 4 4 4 4 4 4 4 4 4 4 4 4 4 4 4 4 4 4 4 4 4 4 4 4 4 4 4 4 4 4 4 4 4 4 4 4 4 4 4 4 4 4 4 4 4 4 4
12 12 12 12 12 12 12 12 12 12 12 12 12 12 12 12 12 12 12 12 12 12 12 12 12 12 12 12 12 12 12 12 12 12 12 12 12 12 12 12 12 12 12 12 12 12 12 12 12 12 12 12 12 12 12 12 11 11 11 11 11 11 11 11
[LEVELS] 3/6
[STATE] NOT_FINISHED
[AVAILABLE] ACTION6
[DIFF] 37 cells: (20,46) 8>12; (21,46) 8>12; (22,46) 8>12; (23,46) 8>12; (24,46) 8>12; (25,46) 8>12; (20,47) 8>12; (21,47) 8>12; (22,47) 8>12; (23,47) 8>12; (24,47) 8>12; (25,47) 8>12; (20,48) 8>12; (21,48) 8>12; (22,48) 8>12; (23,48) 8>12; (24,48) 8>12; (25,48) 8>12; (20,49) 8>12; (21,49) 8>12; (22,49) 8>12; (23,49) 8>12; (24,49) 8>12; (25,49) 8>12; (20,50) 8>12; (21,50) 8>12; (22,50) 8>12; (23,50) 8>12; (24,50) 8>12; (25,50) 8>12; (20,51) 8>12; (21,51) 8>12; (22,51) 8>12; (23,51) 8>12; (24,51) 8>12; (25,51) 8>12; (56,63) 12>11

[STEP 38]
[ACTION] ACTION6 x=30 y=48
[BOARD] 1/1 settled
4 4 4 4 4 4 4 4 4 4 4 4 4 4 4 4 4 4 4 4 4 4 4 4 4 4 4 4 4 4 4 4 4 4 4 4 4 4 4 4 4 4 4 4 4 4 4 4 4 4 4 4 4 4 4 4 4 4 4 4 9 9 9 9
4 4 4 4 4 4 4 4 4 4 4 4 4 4 4 4 4 4 4 4 4 4 4 4 4 4 4 4 4 4 4 4 4 4 4 4 4 4 4 4 4 4 4 4 4 4 4 4 4 4 4 4 4 4 4 4 4 4 4 4 9 9 9 9
4 4 4 4 4 4 4 4 4 4 4 4 4 4 4 4 4 4 4 4 4 4 4 4 4 4 4 4 4 4 4 4 4 4 4 4 4 4 4 4 4 4 4 4 4 4 4 4 4 4 4 4 4 4 4 4 4 4 4 4 9 9 9 9
4 4 4 4 4 4 4 4 4 4 4 4 4 4 4 4 4 4 4 4 4 4 4 4 4 4 4 4 4 4 4 4 4 4 4 4 4 4 4 4 4 4 4 4 4 4 4 4 4 4 4 4 4 4 4 4 4 4 4 4 9 9 9 9
4 4 4 4 4 4 4 4 4 4 4 4 4 4 4 4 4 4 4 4 4 4 4 4 4 4 4 4 4 4 4 4 4 4 4 4 4 4 4 4 4 4 4 4 4 4 4 4 4 4 4 4 4 4 4 4 4 4 4 4 8 8 8 8
4 4 4 4 4 4 4 4 4 4 4 4 4 4 4 4 4 4 4 4 4 4 4 4 4 4 4 4 4 4 4 4 4 4 4 4 4 4 4 4 4 4 4 4 4 4 4 4 4 4 4 4 4 4 4 4 4 4 4 4 8 8 8 8
4 4 4 4 4 4 4 4 4 4 4 4 4 4 4 4 4 4 4 4 4 4 4 4 4 4 4 4 4 4 4 4 4 4 4 4 4 4 4 4 4 4 4 4 4 4 4 4 4 4 4 4 4 4 4 4 4 4 4 4 8 8 8 8
4 4 4 4 4 4 4 4 4 4 4 4 4 4 4 4 4 4 4 4 4 4 4 4 4 4 4 4 4 4 4 4 4 4 4 4 4 4 4 4 4 4 4 4 4 4 4 4 4 4 4 4 4 4 4 4 4 4 4 4 8 8 8 8
4 4 4 4 4 4 4 4 4 4 4 4 4 4 4 4 4 4 4 4 4 4 4 4 4 4 4 4 4 4 4 4 4 4 4 4 4 4 4 4 4 4 4 4 4 4 4 4 4 4 4 4 4 4 4 4 4 4 4 4 12 12 12 12
4 4 4 4 4 4 4 4 4 4 4 4 4 4 4 4 4 4 4 4 4 4 4 4 4 4 4 4 4 4 4 4 4 4 4 4 4 4 4 4 4 4 4 4 4 4 4 4 4 4 4 4 4 4 4 4 4 4 4 4 12 12 12 12
4 4 4 4 4 4 4 4 4 4 4 4 4 4 4 4 4 4 4 4 4 4 4 4 4 4 4 4 4 4 4 4 4 4 4 4 4 4 4 4 4 4 4 4 4 4 4 4 4 4 4 4 4 4 4 4 4 4 4 4 12 12 12 12
4 4 4 4 4 4 4 4 4 4 4 4 4 4 4 4 4 4 4 4 4 4 4 4 4 4 4 4 4 4 4 4 4 4 4 4 4 4 4 4 4 4 4 4 4 4 4 4 4 4 4 4 4 4 4 4 4 4 4 4 12 12 12 12
4 4 4 4 4 4 4 4 4 4 4 4 4 4 4 4 4 4 4 4 4 4 4 4 4 4 4 4 4 4 4 4 4 4 4 4 4 4 4 4 4 4 4 4 4 4 4 4 4 4 4 4 4 4 4 4 4 4 4 4 4 4 4 4
4 4 4 4 4 4 4 4 4 4 4 4 4 4 4 4 4 4 4 4 4 4 4 4 4 4 4 4 4 4 4 4 4 4 4 4 4 4 4 4 4 4 4 4 4 4 4 4 4 4 4 4 4 4 4 4 4 4 4 4 4 4 4 4
4 4 4 4 4 4 4 4 4 4 4 4 9 9 9 9 9 9 4 4 12 12 12 12 12 12 4 4 8 8 8 8 8 8 4 4 9 9 9 9 9 9 4 4 8 8 8 8 8 8 4 4 4 4 4 4 4 4 4 4 4 4 4 4
4 4 4 4 4 4 4 4 4 4 4 4 9 9 9 9 9 9 4 4 12 12 12 12 12 12 4 4 8 8 8 8 8 8 4 4 9 9 9 9 9 9 4 4 8 8 8 8 8 8 4 4 4 4 4 4 4 4 4 4 4 4 4 4
4 4 4 4 4 4 4 4 4 4 4 4 9 9 9 9 9 9 4 4 12 12 12 12 12 12 4 4 8 8 8 8 8 8 4 4 9 9 9 9 9 9 4 4 8 8 8 8 8 8 4 4 4 4 4 4 4 4 4 4 4 4 4 4
4 4 4 4 4 4 4 4 4 4 4 4 9 9 9 9 9 9 4 4 12 12 12 12 12 12 4 4 8 8 8 8 8 8 4 4 9 9 9 9 9 9 4 4 8 8 8 8 8 8 4 4 4 4 4 4 4 4 4 4 4 4 4 4
4 4 4 4 4 4 4 4 4 4 4 4 9 9 9 9 9 9 4 4 12 12 12 12 12 12 4 4 8 8 8 8 8 8 4 4 9 9 9 9 9 9 4 4 8 8 8 8 8 8 4 4 4 4 4 4 4 4 4 4 4 4 4 4
4 4 4 4 4 4 4 4 4 4 4 4 9 9 9 9 9 9 4 4 12 12 12 12 12 12 4 4 8 8 8 8 8 8 4 4 9 9 9 9 9 9 4 4 8 8 8 8 8 8 4 4 4 4 4 4 4 4 4 4 4 4 4 4
4 4 4 4 4 4 4 4 4 4 4 4 4 4 4 4 4 4 4 4 4 4 4 4 4 4 4 4 4 4 4 4 4 4 4 4 4 4 4 4 4 4 4 4 4 4 4 4 4 4 4 4 4 4 4 4 4 4 4 4 4 4 4 4
4 4 4 4 4 4 4 4 4 4 4 4 4 4 4 4 4 4 4 4 4 4 4 4 4 4 4 4 4 4 4 4 4 4 4 4 4 4 4 4 4 4 4 4 4 4 4 4 4 4 4 4 4 4 4 4 4 4 4 4 4 4 4 4
4 4 4 4 4 4 4 4 4 4 4 4 9 9 9 9 9 9 4 4 2 2 0 0 2 2 4 4 8 8 8 8 8 8 4 4 2 2 0 0 2 2 4 4 8 8 8 8 8 8 4 4 4 4 4 4 4 4 4 4 4 4 4 4
4 4 4 4 4 4 4 4 4 4 4 4 9 9 9 9 9 9 4 4 2 2 0 0 2 2 4 4 8 8 8 8 8 8 4 4 2 2 0 0 2 2 4 4 8 8 8 8 8 8 4 4 4 4 4 4 4 4 4 4 4 4 4 4
4 4 4 4 4 4 4 4 4 4 4 4 9 9 9 9 9 9 4 4 2 2 12 12 2 2 4 4 8 8 8 8 8 8 4 4 2 2 9 9 2 2 4 4 8 8 8 8 8 8 4 4 4 4 4 4 4 4 4 4 4 4 4 4
4 4 4 4 4 4 4 4 4 4 4 4 9 9 9 9 9 9 4 4 2 2 12 12 2 2 4 4 8 8 8 8 8 8 4 4 2 2 9 9 2 2 4 4 8 8 8 8 8 8 4 4 4 4 4 4 4 4 4 4 4 4 4 4
4 4 4 4 4 4 4 4 4 4 4 4 9 9 9 9 9 9 4 4 2 2 0 0 2 2 4 4 8 8 8 8 8 8 4 4 2 2 2 2 0 0 4 4 8 8 8 8 8 8 4 4 4 4 4 4 4 4 4 4 4 4 4 4
4 4 4 4 4 4 4 4 4 4 4 4 9 9 9 9 9 9 4 4 2 2 0 0 2 2 4 4 8 8 8 8 8 8 4 4 2 2 2 2 0 0 4 4 8 8 8 8 8 8 4 4 4 4 4 4 4 4 4 4 4 4 4 4
4 4 4 4 4 4 4 4 4 4 4 4 4 4 4 4 4 4 4 4 4 4 4 4 4 4 4 4 4 4 4 4 4 4 4 4 4 4 4 4 4 4 4 4 4 4 4 4 4 4 4 4 4 4 4 4 4 4 4 4 4 4 4 4
4 4 4 4 4 4 4 4 4 4 4 4 4 4 4 4 4 4 4 4 4 4 4 4 4 4 4 4 4 4 4 4 4 4 4 4 4 4 4 4 4 4 4 4 4 4 4 4 4 4 4 4 4 4 4 4 4 4 4 4 4 4 4 4
4 4 4 4 4 4 4 4 4 4 4 4 9 9 9 9 9 9 4 4 12 12 12 12 12 12 4 4 8 8 8 8 8 8 4 4 8 8 8 8 8 8 4 4 9 9 9 9 9 9 4 4 4 4 4 4 4 4 4 4 4 4 4 4
4 4 4 4 4 4 4 4 4 4 4 4 9 9 9 9 9 9 4 4 12 12 12 12 12 12 4 4 8 8 8 8 8 8 4 4 8 8 8 8 8 8 4 4 9 9 9 9 9 9 4 4 4 4 4 4 4 4 4 4 4 4 4 4
4 4 4 4 4 4 4 4 4 4 4 4 9 9 9 9 9 9 4 4 12 12 12 12 12 12 4 4 8 8 8 8 8 8 4 4 8 8 8 8 8 8 4 4 9 9 9 9 9 9 4 4 4 4 4 4 4 4 4 4 4 4 4 4
4 4 4 4 4 4 4 4 4 4 4 4 9 9 9 9 9 9 4 4 12 12 12 12 12 12 4 4 8 8 8 8 8 8 4 4 8 8 8 8 8 8 4 4 9 9 9 9 9 9 4 4 4 4 4 4 4 4 4 4 4 4 4 4
4 4 4 4 4 4 4 4 4 4 4 4 9 9 9 9 9 9 4 4 12 12 12 12 12 12 4 4 8 8 8 8 8 8 4 4 8 8 8 8 8 8 4 4 9 9 9 9 9 9 4 4 4 4 4 4 4 4 4 4 4 4 4 4
4 4 4 4 4 4 4 4 4 4 4 4 9 9 9 9 9 9 4 4 12 12 12 12 12 12 4 4 8 8 8 8 8 8 4 4 8 8 8 8 8 8 4 4 9 9 9 9 9 9 4 4 4 4 4 4 4 4 4 4 4 4 4 4
4 4 4 4 4 4 4 4 4 4 4 4 4 4 4 4 4 4 4 4 4 4 4 4 4 4 4 4 4 4 4 4 4 4 4 4 4 4 4 4 4 4 4 4 4 4 4 4 4 4 4 4 4 4 4 4 4 4 4 4 4 4 4 4
4 4 4 4 4 4 4 4 4 4 4 4 4 4 4 4 4 4 4 4 4 4 4 4 4 4 4 4 4 4 4 4 4 4 4 4 4 4 4 4 4 4 4 4 4 4 4 4 4 4 4 4 4 4 4 4 4 4 4 4 4 4 4 4
4 4 4 4 4 4 4 4 4 4 4 4 4 4 4 4 4 4 4 4 9 9 9 9 9 9 4 4 0 0 2 2 2 2 4 4 9 9 9 9 9 9 4 4 4 4 4 4 4 4 4 4 4 4 4 4 4 4 4 4 4 4 4 4
4 4 4 4 4 4 4 4 4 4 4 4 4 4 4 4 4 4 4 4 9 9 9 9 9 9 4 4 0 0 2 2 2 2 4 4 9 9 9 9 9 9 4 4 4 4 4 4 4 4 4 4 4 4 4 4 4 4 4 4 4 4 4 4
4 4 4 4 4 4 4 4 4 4 4 4 4 4 4 4 4 4 4 4 9 9 9 9 9 9 4 4 2 2 12 12 2 2 4 4 9 9 9 9 9 9 4 4 4 4 4 4 4 4 4 4 4 4 4 4 4 4 4 4 4 4 4 4
4 4 4 4 4 4 4 4 4 4 4 4 4 4 4 4 4 4 4 4 9 9 9 9 9 9 4 4 2 2 12 12 2 2 4 4 9 9 9 9 9 9 4 4 4 4 4 4 4 4 4 4 4 4 4 4 4 4 4 4 4 4 4 4
4 4 4 4 4 4 4 4 4 4 4 4 4 4 4 4 4 4 4 4 9 9 9 9 9 9 4 4 0 0 0 0 0 0 4 4 9 9 9 9 9 9 4 4 4 4 4 4 4 4 4 4 4 4 4 4 4 4 4 4 4 4 4 4
4 4 4 4 4 4 4 4 4 4 4 4 4 4 4 4 4 4 4 4 9 9 9 9 9 9 4 4 0 0 0 0 0 0 4 4 9 9 9 9 9 9 4 4 4 4 4 4 4 4 4 4 4 4 4 4 4 4 4 4 4 4 4 4
4 4 4 4 4 4 4 4 4 4 4 4 4 4 4 4 4 4 4 4 4 4 4 4 4 4 4 4 4 4 4 4 4 4 4 4 4 4 4 4 4 4 4 4 4 4 4 4 4 4 4 4 4 4 4 4 4 4 4 4 4 4 4 4
4 4 4 4 4 4 4 4 4 4 4 4 4 4 4 4 4 4 4 4 4 4 4 4 4 4 4 4 4 4 4 4 4 4 4 4 4 4 4 4 4 4 4 4 4 4 4 4 4 4 4 4 4 4 4 4 4 4 4 4 4 4 4 4
4 4 4 4 4 4 4 4 4 4 4 4 4 4 4 4 4 4 4 4 12 12 12 12 12 12 4 4 8 8 8 8 8 8 4 4 9 9 9 9 9 9 4 4 4 4 4 4 4 4 4 4 4 4 4 4 4 4 4 4 4 4 4 4
4 4 4 4 4 4 4 4 4 4 4 4 4 4 4 4 4 4 4 4 12 12 12 12 12 12 4 4 8 8 8 8 8 8 4 4 9 9 9 9 9 9 4 4 4 4 4 4 4 4 4 4 4 4 4 4 4 4 4 4 4 4 4 4
4 4 4 4 4 4 4 4 4 4 4 4 4 4 4 4 4 4 4 4 12 12 12 12 12 12 4 4 8 8 8 8 8 8 4 4 9 9 9 9 9 9 4 4 4 4 4 4 4 4 4 4 4 4 4 4 4 4 4 4 4 4 4 4
4 4 4 4 4 4 4 4 4 4 4 4 4 4 4 4 4 4 4 4 12 12 12 12 12 12 4 4 8 8 8 8 8 8 4 4 9 9 9 9 9 9 4 4 4 4 4 4 4 4 4 4 4 4 4 4 4 4 4 4 4 4 4 4
4 4 4 4 4 4 4 4 4 4 4 4 4 4 4 4 4 4 4 4 12 12 12 12 12 12 4 4 8 8 8 8 8 8 4 4 9 9 9 9 9 9 4 4 4 4 4 4 4 4 4 4 4 4 4 4 4 4 4 4 4 4 4 4
4 4 4 4 4 4 4 4 4 4 4 4 4 4 4 4 4 4 4 4 12 12 12 12 12 12 4 4 8 8 8 8 8 8 4 4 9 9 9 9 9 9 4 4 4 4 4 4 4 4 4 4 4 4 4 4 4 4 4 4 4 4 4 4
4 4 4 4 4 4 4 4 4 4 4 4 4 4 4 4 4 4 4 4 4 4 4 4 4 4 4 4 4 4 4 4 4 4 4 4 4 4 4 4 4 4 4 4 4 4 4 4 4 4 4 4 4 4 4 4 4 4 4 4 4 4 4 4
4 4 4 4 4 4 4 4 4 4 4 4 4 4 4 4 4 4 4 4 4 4 4 4 4 4 4 4 4 4 4 4 4 4 4 4 4 4 4 4 4 4 4 4 4 4 4 4 4 4 4 4 4 4 4 4 4 4 4 4 4 4 4 4
4 4 4 4 4 4 4 4 4 4 4 4 4 4 4 4 4 4 4 4 4 4 4 4 4 4 4 4 4 4 4 4 4 4 4 4 4 4 4 4 4 4 4 4 4 4 4 4 4 4 4 4 4 4 4 4 4 4 4 4 4 4 4 4
4 4 4 4 4 4 4 4 4 4 4 4 4 4 4 4 4 4 4 4 4 4 4 4 4 4 4 4 4 4 4 4 4 4 4 4 4 4 4 4 4 4 4 4 4 4 4 4 4 4 4 4 4 4 4 4 4 4 4 4 4 4 4 4
4 4 4 4 4 4 4 4 4 4 4 4 4 4 4 4 4 4 4 4 4 4 4 4 4 4 4 4 4 4 4 4 4 4 4 4 4 4 4 4 4 4 4 4 4 4 4 4 4 4 4 4 4 4 4 4 4 4 4 4 4 4 4 4
4 4 4 4 4 4 4 4 4 4 4 4 4 4 4 4 4 4 4 4 4 4 4 4 4 4 4 4 4 4 4 4 4 4 4 4 4 4 4 4 4 4 4 4 4 4 4 4 4 4 4 4 4 4 4 4 4 4 4 4 4 4 4 4
4 4 4 4 4 4 4 4 4 4 4 4 4 4 4 4 4 4 4 4 4 4 4 4 4 4 4 4 4 4 4 4 4 4 4 4 4 4 4 4 4 4 4 4 4 4 4 4 4 4 4 4 4 4 4 4 4 4 4 4 4 4 4 4
4 4 4 4 4 4 4 4 4 4 4 4 4 4 4 4 4 4 4 4 4 4 4 4 4 4 4 4 4 4 4 4 4 4 4 4 4 4 4 4 4 4 4 4 4 4 4 4 4 4 4 4 4 4 4 4 4 4 4 4 4 4 4 4
4 4 4 4 4 4 4 4 4 4 4 4 4 4 4 4 4 4 4 4 4 4 4 4 4 4 4 4 4 4 4 4 4 4 4 4 4 4 4 4 4 4 4 4 4 4 4 4 4 4 4 4 4 4 4 4 4 4 4 4 4 4 4 4
4 4 4 4 4 4 4 4 4 4 4 4 4 4 4 4 4 4 4 4 4 4 4 4 4 4 4 4 4 4 4 4 4 4 4 4 4 4 4 4 4 4 4 4 4 4 4 4 4 4 4 4 4 4 4 4 4 4 4 4 4 4 4 4
4 4 4 4 4 4 4 4 4 4 4 4 4 4 4 4 4 4 4 4 4 4 4 4 4 4 4 4 4 4 4 4 4 4 4 4 4 4 4 4 4 4 4 4 4 4 4 4 4 4 4 4 4 4 4 4 4 4 4 4 4 4 4 4
12 12 12 12 12 12 12 12 12 12 12 12 12 12 12 12 12 12 12 12 12 12 12 12 12 12 12 12 12 12 12 12 12 12 12 12 12 12 12 12 12 12 12 12 12 12 12 12 12 12 12 12 12 12 12 11 11 11 11 11 11 11 11 11
[LEVELS] 3/6
[STATE] NOT_FINISHED
[AVAILABLE] ACTION6
[DIFF] 37 cells: (28,46) 9>8; (29,46) 9>8; (30,46) 9>8; (31,46) 9>8; (32,46) 9>8; (33,46) 9>8; (28,47) 9>8; (29,47) 9>8; (30,47) 9>8; (31,47) 9>8; (32,47) 9>8; (33,47) 9>8; (28,48) 9>8; (29,48) 9>8; (30,48) 9>8; (31,48) 9>8; (32,48) 9>8; (33,48) 9>8; (28,49) 9>8; (29,49) 9>8; (30,49) 9>8; (31,49) 9>8; (32,49) 9>8; (33,49) 9>8; (28,50) 9>8; (29,50) 9>8; (30,50) 9>8; (31,50) 9>8; (32,50) 9>8; (33,50) 9>8; (28,51) 9>8; (29,51) 9>8; (30,51) 9>8; (31,51) 9>8; (32,51) 9>8; (33,51) 9>8; (55,63) 12>11

[STEP 39]
[ACTION] ACTION6 x=30 y=48
[BOARD] 1/1 settled
4 4 4 4 4 4 4 4 4 4 4 4 4 4 4 4 4 4 4 4 4 4 4 4 4 4 4 4 4 4 4 4 4 4 4 4 4 4 4 4 4 4 4 4 4 4 4 4 4 4 4 4 4 4 4 4 4 4 4 4 9 9 9 9
4 4 4 4 4 4 4 4 4 4 4 4 4 4 4 4 4 4 4 4 4 4 4 4 4 4 4 4 4 4 4 4 4 4 4 4 4 4 4 4 4 4 4 4 4 4 4 4 4 4 4 4 4 4 4 4 4 4 4 4 9 9 9 9
4 4 4 4 4 4 4 4 4 4 4 4 4 4 4 4 4 4 4 4 4 4 4 4 4 4 4 4 4 4 4 4 4 4 4 4 4 4 4 4 4 4 4 4 4 4 4 4 4 4 4 4 4 4 4 4 4 4 4 4 9 9 9 9
4 4 4 4 4 4 4 4 4 4 4 4 4 4 4 4 4 4 4 4 4 4 4 4 4 4 4 4 4 4 4 4 4 4 4 4 4 4 4 4 4 4 4 4 4 4 4 4 4 4 4 4 4 4 4 4 4 4 4 4 9 9 9 9
4 4 4 4 4 4 4 4 4 4 4 4 4 4 4 4 4 4 4 4 4 4 4 4 4 4 4 4 4 4 4 4 4 4 4 4 4 4 4 4 4 4 4 4 4 4 4 4 4 4 4 4 4 4 4 4 4 4 4 4 8 8 8 8
4 4 4 4 4 4 4 4 4 4 4 4 4 4 4 4 4 4 4 4 4 4 4 4 4 4 4 4 4 4 4 4 4 4 4 4 4 4 4 4 4 4 4 4 4 4 4 4 4 4 4 4 4 4 4 4 4 4 4 4 8 8 8 8
4 4 4 4 4 4 4 4 4 4 4 4 4 4 4 4 4 4 4 4 4 4 4 4 4 4 4 4 4 4 4 4 4 4 4 4 4 4 4 4 4 4 4 4 4 4 4 4 4 4 4 4 4 4 4 4 4 4 4 4 8 8 8 8
4 4 4 4 4 4 4 4 4 4 4 4 4 4 4 4 4 4 4 4 4 4 4 4 4 4 4 4 4 4 4 4 4 4 4 4 4 4 4 4 4 4 4 4 4 4 4 4 4 4 4 4 4 4 4 4 4 4 4 4 8 8 8 8
4 4 4 4 4 4 4 4 4 4 4 4 4 4 4 4 4 4 4 4 4 4 4 4 4 4 4 4 4 4 4 4 4 4 4 4 4 4 4 4 4 4 4 4 4 4 4 4 4 4 4 4 4 4 4 4 4 4 4 4 12 12 12 12
4 4 4 4 4 4 4 4 4 4 4 4 4 4 4 4 4 4 4 4 4 4 4 4 4 4 4 4 4 4 4 4 4 4 4 4 4 4 4 4 4 4 4 4 4 4 4 4 4 4 4 4 4 4 4 4 4 4 4 4 12 12 12 12
4 4 4 4 4 4 4 4 4 4 4 4 4 4 4 4 4 4 4 4 4 4 4 4 4 4 4 4 4 4 4 4 4 4 4 4 4 4 4 4 4 4 4 4 4 4 4 4 4 4 4 4 4 4 4 4 4 4 4 4 12 12 12 12
4 4 4 4 4 4 4 4 4 4 4 4 4 4 4 4 4 4 4 4 4 4 4 4 4 4 4 4 4 4 4 4 4 4 4 4 4 4 4 4 4 4 4 4 4 4 4 4 4 4 4 4 4 4 4 4 4 4 4 4 12 12 12 12
4 4 4 4 4 4 4 4 4 4 4 4 4 4 4 4 4 4 4 4 4 4 4 4 4 4 4 4 4 4 4 4 4 4 4 4 4 4 4 4 4 4 4 4 4 4 4 4 4 4 4 4 4 4 4 4 4 4 4 4 4 4 4 4
4 4 4 4 4 4 4 4 4 4 4 4 4 4 4 4 4 4 4 4 4 4 4 4 4 4 4 4 4 4 4 4 4 4 4 4 4 4 4 4 4 4 4 4 4 4 4 4 4 4 4 4 4 4 4 4 4 4 4 4 4 4 4 4
4 4 4 4 4 4 4 4 4 4 4 4 9 9 9 9 9 9 4 4 12 12 12 12 12 12 4 4 8 8 8 8 8 8 4 4 9 9 9 9 9 9 4 4 8 8 8 8 8 8 4 4 4 4 4 4 4 4 4 4 4 4 4 4
4 4 4 4 4 4 4 4 4 4 4 4 9 9 9 9 9 9 4 4 12 12 12 12 12 12 4 4 8 8 8 8 8 8 4 4 9 9 9 9 9 9 4 4 8 8 8 8 8 8 4 4 4 4 4 4 4 4 4 4 4 4 4 4
4 4 4 4 4 4 4 4 4 4 4 4 9 9 9 9 9 9 4 4 12 12 12 12 12 12 4 4 8 8 8 8 8 8 4 4 9 9 9 9 9 9 4 4 8 8 8 8 8 8 4 4 4 4 4 4 4 4 4 4 4 4 4 4
4 4 4 4 4 4 4 4 4 4 4 4 9 9 9 9 9 9 4 4 12 12 12 12 12 12 4 4 8 8 8 8 8 8 4 4 9 9 9 9 9 9 4 4 8 8 8 8 8 8 4 4 4 4 4 4 4 4 4 4 4 4 4 4
4 4 4 4 4 4 4 4 4 4 4 4 9 9 9 9 9 9 4 4 12 12 12 12 12 12 4 4 8 8 8 8 8 8 4 4 9 9 9 9 9 9 4 4 8 8 8 8 8 8 4 4 4 4 4 4 4 4 4 4 4 4 4 4
4 4 4 4 4 4 4 4 4 4 4 4 9 9 9 9 9 9 4 4 12 12 12 12 12 12 4 4 8 8 8 8 8 8 4 4 9 9 9 9 9 9 4 4 8 8 8 8 8 8 4 4 4 4 4 4 4 4 4 4 4 4 4 4
4 4 4 4 4 4 4 4 4 4 4 4 4 4 4 4 4 4 4 4 4 4 4 4 4 4 4 4 4 4 4 4 4 4 4 4 4 4 4 4 4 4 4 4 4 4 4 4 4 4 4 4 4 4 4 4 4 4 4 4 4 4 4 4
4 4 4 4 4 4 4 4 4 4 4 4 4 4 4 4 4 4 4 4 4 4 4 4 4 4 4 4 4 4 4 4 4 4 4 4 4 4 4 4 4 4 4 4 4 4 4 4 4 4 4 4 4 4 4 4 4 4 4 4 4 4 4 4
4 4 4 4 4 4 4 4 4 4 4 4 9 9 9 9 9 9 4 4 2 2 0 0 2 2 4 4 8 8 8 8 8 8 4 4 2 2 0 0 2 2 4 4 8 8 8 8 8 8 4 4 4 4 4 4 4 4 4 4 4 4 4 4
4 4 4 4 4 4 4 4 4 4 4 4 9 9 9 9 9 9 4 4 2 2 0 0 2 2 4 4 8 8 8 8 8 8 4 4 2 2 0 0 2 2 4 4 8 8 8 8 8 8 4 4 4 4 4 4 4 4 4 4 4 4 4 4
4 4 4 4 4 4 4 4 4 4 4 4 9 9 9 9 9 9 4 4 2 2 12 12 2 2 4 4 8 8 8 8 8 8 4 4 2 2 9 9 2 2 4 4 8 8 8 8 8 8 4 4 4 4 4 4 4 4 4 4 4 4 4 4
4 4 4 4 4 4 4 4 4 4 4 4 9 9 9 9 9 9 4 4 2 2 12 12 2 2 4 4 8 8 8 8 8 8 4 4 2 2 9 9 2 2 4 4 8 8 8 8 8 8 4 4 4 4 4 4 4 4 4 4 4 4 4 4
4 4 4 4 4 4 4 4 4 4 4 4 9 9 9 9 9 9 4 4 2 2 0 0 2 2 4 4 8 8 8 8 8 8 4 4 2 2 2 2 0 0 4 4 8 8 8 8 8 8 4 4 4 4 4 4 4 4 4 4 4 4 4 4
4 4 4 4 4 4 4 4 4 4 4 4 9 9 9 9 9 9 4 4 2 2 0 0 2 2 4 4 8 8 8 8 8 8 4 4 2 2 2 2 0 0 4 4 8 8 8 8 8 8 4 4 4 4 4 4 4 4 4 4 4 4 4 4
4 4 4 4 4 4 4 4 4 4 4 4 4 4 4 4 4 4 4 4 4 4 4 4 4 4 4 4 4 4 4 4 4 4 4 4 4 4 4 4 4 4 4 4 4 4 4 4 4 4 4 4 4 4 4 4 4 4 4 4 4 4 4 4
4 4 4 4 4 4 4 4 4 4 4 4 4 4 4 4 4 4 4 4 4 4 4 4 4 4 4 4 4 4 4 4 4 4 4 4 4 4 4 4 4 4 4 4 4 4 4 4 4 4 4 4 4 4 4 4 4 4 4 4 4 4 4 4
4 4 4 4 4 4 4 4 4 4 4 4 9 9 9 9 9 9 4 4 12 12 12 12 12 12 4 4 8 8 8 8 8 8 4 4 8 8 8 8 8 8 4 4 9 9 9 9 9 9 4 4 4 4 4 4 4 4 4 4 4 4 4 4
4 4 4 4 4 4 4 4 4 4 4 4 9 9 9 9 9 9 4 4 12 12 12 12 12 12 4 4 8 8 8 8 8 8 4 4 8 8 8 8 8 8 4 4 9 9 9 9 9 9 4 4 4 4 4 4 4 4 4 4 4 4 4 4
4 4 4 4 4 4 4 4 4 4 4 4 9 9 9 9 9 9 4 4 12 12 12 12 12 12 4 4 8 8 8 8 8 8 4 4 8 8 8 8 8 8 4 4 9 9 9 9 9 9 4 4 4 4 4 4 4 4 4 4 4 4 4 4
4 4 4 4 4 4 4 4 4 4 4 4 9 9 9 9 9 9 4 4 12 12 12 12 12 12 4 4 8 8 8 8 8 8 4 4 8 8 8 8 8 8 4 4 9 9 9 9 9 9 4 4 4 4 4 4 4 4 4 4 4 4 4 4
4 4 4 4 4 4 4 4 4 4 4 4 9 9 9 9 9 9 4 4 12 12 12 12 12 12 4 4 8 8 8 8 8 8 4 4 8 8 8 8 8 8 4 4 9 9 9 9 9 9 4 4 4 4 4 4 4 4 4 4 4 4 4 4
4 4 4 4 4 4 4 4 4 4 4 4 9 9 9 9 9 9 4 4 12 12 12 12 12 12 4 4 8 8 8 8 8 8 4 4 8 8 8 8 8 8 4 4 9 9 9 9 9 9 4 4 4 4 4 4 4 4 4 4 4 4 4 4
4 4 4 4 4 4 4 4 4 4 4 4 4 4 4 4 4 4 4 4 4 4 4 4 4 4 4 4 4 4 4 4 4 4 4 4 4 4 4 4 4 4 4 4 4 4 4 4 4 4 4 4 4 4 4 4 4 4 4 4 4 4 4 4
4 4 4 4 4 4 4 4 4 4 4 4 4 4 4 4 4 4 4 4 4 4 4 4 4 4 4 4 4 4 4 4 4 4 4 4 4 4 4 4 4 4 4 4 4 4 4 4 4 4 4 4 4 4 4 4 4 4 4 4 4 4 4 4
4 4 4 4 4 4 4 4 4 4 4 4 4 4 4 4 4 4 4 4 9 9 9 9 9 9 4 4 0 0 2 2 2 2 4 4 9 9 9 9 9 9 4 4 4 4 4 4 4 4 4 4 4 4 4 4 4 4 4 4 4 4 4 4
4 4 4 4 4 4 4 4 4 4 4 4 4 4 4 4 4 4 4 4 9 9 9 9 9 9 4 4 0 0 2 2 2 2 4 4 9 9 9 9 9 9 4 4 4 4 4 4 4 4 4 4 4 4 4 4 4 4 4 4 4 4 4 4
4 4 4 4 4 4 4 4 4 4 4 4 4 4 4 4 4 4 4 4 9 9 9 9 9 9 4 4 2 2 12 12 2 2 4 4 9 9 9 9 9 9 4 4 4 4 4 4 4 4 4 4 4 4 4 4 4 4 4 4 4 4 4 4
4 4 4 4 4 4 4 4 4 4 4 4 4 4 4 4 4 4 4 4 9 9 9 9 9 9 4 4 2 2 12 12 2 2 4 4 9 9 9 9 9 9 4 4 4 4 4 4 4 4 4 4 4 4 4 4 4 4 4 4 4 4 4 4
4 4 4 4 4 4 4 4 4 4 4 4 4 4 4 4 4 4 4 4 9 9 9 9 9 9 4 4 0 0 0 0 0 0 4 4 9 9 9 9 9 9 4 4 4 4 4 4 4 4 4 4 4 4 4 4 4 4 4 4 4 4 4 4
4 4 4 4 4 4 4 4 4 4 4 4 4 4 4 4 4 4 4 4 9 9 9 9 9 9 4 4 0 0 0 0 0 0 4 4 9 9 9 9 9 9 4 4 4 4 4 4 4 4 4 4 4 4 4 4 4 4 4 4 4 4 4 4
4 4 4 4 4 4 4 4 4 4 4 4 4 4 4 4 4 4 4 4 4 4 4 4 4 4 4 4 4 4 4 4 4 4 4 4 4 4 4 4 4 4 4 4 4 4 4 4 4 4 4 4 4 4 4 4 4 4 4 4 4 4 4 4
4 4 4 4 4 4 4 4 4 4 4 4 4 4 4 4 4 4 4 4 4 4 4 4 4 4 4 4 4 4 4 4 4 4 4 4 4 4 4 4 4 4 4 4 4 4 4 4 4 4 4 4 4 4 4 4 4 4 4 4 4 4 4 4
4 4 4 4 4 4 4 4 4 4 4 4 4 4 4 4 4 4 4 4 12 12 12 12 12 12 4 4 12 12 12 12 12 12 4 4 9 9 9 9 9 9 4 4 4 4 4 4 4 4 4 4 4 4 4 4 4 4 4 4 4 4 4 4
4 4 4 4 4 4 4 4 4 4 4 4 4 4 4 4 4 4 4 4 12 12 12 12 12 12 4 4 12 12 12 12 12 12 4 4 9 9 9 9 9 9 4 4 4 4 4 4 4 4 4 4 4 4 4 4 4 4 4 4 4 4 4 4
4 4 4 4 4 4 4 4 4 4 4 4 4 4 4 4 4 4 4 4 12 12 12 12 12 12 4 4 12 12 12 12 12 12 4 4 9 9 9 9 9 9 4 4 4 4 4 4 4 4 4 4 4 4 4 4 4 4 4 4 4 4 4 4
4 4 4 4 4 4 4 4 4 4 4 4 4 4 4 4 4 4 4 4 12 12 12 12 12 12 4 4 12 12 12 12 12 12 4 4 9 9 9 9 9 9 4 4 4 4 4 4 4 4 4 4 4 4 4 4 4 4 4 4 4 4 4 4
4 4 4 4 4 4 4 4 4 4 4 4 4 4 4 4 4 4 4 4 12 12 12 12 12 12 4 4 12 12 12 12 12 12 4 4 9 9 9 9 9 9 4 4 4 4 4 4 4 4 4 4 4 4 4 4 4 4 4 4 4 4 4 4
4 4 4 4 4 4 4 4 4 4 4 4 4 4 4 4 4 4 4 4 12 12 12 12 12 12 4 4 12 12 12 12 12 12 4 4 9 9 9 9 9 9 4 4 4 4 4 4 4 4 4 4 4 4 4 4 4 4 4 4 4 4 4 4
4 4 4 4 4 4 4 4 4 4 4 4 4 4 4 4 4 4 4 4 4 4 4 4 4 4 4 4 4 4 4 4 4 4 4 4 4 4 4 4 4 4 4 4 4 4 4 4 4 4 4 4 4 4 4 4 4 4 4 4 4 4 4 4
4 4 4 4 4 4 4 4 4 4 4 4 4 4 4 4 4 4 4 4 4 4 4 4 4 4 4 4 4 4 4 4 4 4 4 4 4 4 4 4 4 4 4 4 4 4 4 4 4 4 4 4 4 4 4 4 4 4 4 4 4 4 4 4
4 4 4 4 4 4 4 4 4 4 4 4 4 4 4 4 4 4 4 4 4 4 4 4 4 4 4 4 4 4 4 4 4 4 4 4 4 4 4 4 4 4 4 4 4 4 4 4 4 4 4 4 4 4 4 4 4 4 4 4 4 4 4 4
4 4 4 4 4 4 4 4 4 4 4 4 4 4 4 4 4 4 4 4 4 4 4 4 4 4 4 4 4 4 4 4 4 4 4 4 4 4 4 4 4 4 4 4 4 4 4 4 4 4 4 4 4 4 4 4 4 4 4 4 4 4 4 4
4 4 4 4 4 4 4 4 4 4 4 4 4 4 4 4 4 4 4 4 4 4 4 4 4 4 4 4 4 4 4 4 4 4 4 4 4 4 4 4 4 4 4 4 4 4 4 4 4 4 4 4 4 4 4 4 4 4 4 4 4 4 4 4
4 4 4 4 4 4 4 4 4 4 4 4 4 4 4 4 4 4 4 4 4 4 4 4 4 4 4 4 4 4 4 4 4 4 4 4 4 4 4 4 4 4 4 4 4 4 4 4 4 4 4 4 4 4 4 4 4 4 4 4 4 4 4 4
4 4 4 4 4 4 4 4 4 4 4 4 4 4 4 4 4 4 4 4 4 4 4 4 4 4 4 4 4 4 4 4 4 4 4 4 4 4 4 4 4 4 4 4 4 4 4 4 4 4 4 4 4 4 4 4 4 4 4 4 4 4 4 4
4 4 4 4 4 4 4 4 4 4 4 4 4 4 4 4 4 4 4 4 4 4 4 4 4 4 4 4 4 4 4 4 4 4 4 4 4 4 4 4 4 4 4 4 4 4 4 4 4 4 4 4 4 4 4 4 4 4 4 4 4 4 4 4
4 4 4 4 4 4 4 4 4 4 4 4 4 4 4 4 4 4 4 4 4 4 4 4 4 4 4 4 4 4 4 4 4 4 4 4 4 4 4 4 4 4 4 4 4 4 4 4 4 4 4 4 4 4 4 4 4 4 4 4 4 4 4 4
4 4 4 4 4 4 4 4 4 4 4 4 4 4 4 4 4 4 4 4 4 4 4 4 4 4 4 4 4 4 4 4 4 4 4 4 4 4 4 4 4 4 4 4 4 4 4 4 4 4 4 4 4 4 4 4 4 4 4 4 4 4 4 4
4 4 4 4 4 4 4 4 4 4 4 4 4 4 4 4 4 4 4 4 4 4 4 4 4 4 4 4 4 4 4 4 4 4 4 4 4 4 4 4 4 4 4 4 4 4 4 4 4 4 4 4 4 4 4 4 4 4 4 4 4 4 4 4
12 12 12 12 12 12 12 12 12 12 12 12 12 12 12 12 12 12 12 12 12 12 12 12 12 12 12 12 12 12 12 12 12 12 12 12 12 12 12 12 12 12 12 12 12 12 12 12 12 12 12 12 12 12 12 11 11 11 11 11 11 11 11 11
[LEVELS] 3/6
[STATE] NOT_FINISHED
[AVAILABLE] ACTION6
[DIFF] 36 cells: (28,46) 8>12; (29,46) 8>12; (30,46) 8>12; (31,46) 8>12; (32,46) 8>12; (33,46) 8>12; (28,47) 8>12; (29,47) 8>12; (30,47) 8>12; (31,47) 8>12; (32,47) 8>12; (33,47) 8>12; (28,48) 8>12; (29,48) 8>12; (30,48) 8>12; (31,48) 8>12; (32,48) 8>12; (33,48) 8>12; (28,49) 8>12; (29,49) 8>12; (30,49) 8>12; (31,49) 8>12; (32,49) 8>12; (33,49) 8>12; (28,50) 8>12; (29,50) 8>12; (30,50) 8>12; (31,50) 8>12; (32,50) 8>12; (33,50) 8>12; (28,51) 8>12; (29,51) 8>12; (30,51) 8>12; (31,51) 8>12; (32,51) 8>12; (33,51) 8>12

[STEP 40]
[ACTION] ACTION6 x=38 y=48
[BOARD] 1/1 settled
4 4 4 4 4 4 4 4 4 4 4 4 4 4 4 4 4 4 4 4 4 4 4 4 4 4 4 4 4 4 4 4 4 4 4 4 4 4 4 4 4 4 4 4 4 4 4 4 4 4 4 4 4 4 4 4 4 4 4 4 9 9 9 9
4 4 4 4 4 4 4 4 4 4 4 4 4 4 4 4 4 4 4 4 4 4 4 4 4 4 4 4 4 4 4 4 4 4 4 4 4 4 4 4 4 4 4 4 4 4 4 4 4 4 4 4 4 4 4 4 4 4 4 4 9 9 9 9
4 4 4 4 4 4 4 4 4 4 4 4 4 4 4 4 4 4 4 4 4 4 4 4 4 4 4 4 4 4 4 4 4 4 4 4 4 4 4 4 4 4 4 4 4 4 4 4 4 4 4 4 4 4 4 4 4 4 4 4 9 9 9 9
4 4 4 4 4 4 4 4 4 4 4 4 4 4 4 4 4 4 4 4 4 4 4 4 4 4 4 4 4 4 4 4 4 4 4 4 4 4 4 4 4 4 4 4 4 4 4 4 4 4 4 4 4 4 4 4 4 4 4 4 9 9 9 9
4 4 4 4 4 4 4 4 4 4 4 4 4 4 4 4 4 4 4 4 4 4 4 4 4 4 4 4 4 4 4 4 4 4 4 4 4 4 4 4 4 4 4 4 4 4 4 4 4 4 4 4 4 4 4 4 4 4 4 4 8 8 8 8
4 4 4 4 4 4 4 4 4 4 4 4 4 4 4 4 4 4 4 4 4 4 4 4 4 4 4 4 4 4 4 4 4 4 4 4 4 4 4 4 4 4 4 4 4 4 4 4 4 4 4 4 4 4 4 4 4 4 4 4 8 8 8 8
4 4 4 4 4 4 4 4 4 4 4 4 4 4 4 4 4 4 4 4 4 4 4 4 4 4 4 4 4 4 4 4 4 4 4 4 4 4 4 4 4 4 4 4 4 4 4 4 4 4 4 4 4 4 4 4 4 4 4 4 8 8 8 8
4 4 4 4 4 4 4 4 4 4 4 4 4 4 4 4 4 4 4 4 4 4 4 4 4 4 4 4 4 4 4 4 4 4 4 4 4 4 4 4 4 4 4 4 4 4 4 4 4 4 4 4 4 4 4 4 4 4 4 4 8 8 8 8
4 4 4 4 4 4 4 4 4 4 4 4 4 4 4 4 4 4 4 4 4 4 4 4 4 4 4 4 4 4 4 4 4 4 4 4 4 4 4 4 4 4 4 4 4 4 4 4 4 4 4 4 4 4 4 4 4 4 4 4 12 12 12 12
4 4 4 4 4 4 4 4 4 4 4 4 4 4 4 4 4 4 4 4 4 4 4 4 4 4 4 4 4 4 4 4 4 4 4 4 4 4 4 4 4 4 4 4 4 4 4 4 4 4 4 4 4 4 4 4 4 4 4 4 12 12 12 12
4 4 4 4 4 4 4 4 4 4 4 4 4 4 4 4 4 4 4 4 4 4 4 4 4 4 4 4 4 4 4 4 4 4 4 4 4 4 4 4 4 4 4 4 4 4 4 4 4 4 4 4 4 4 4 4 4 4 4 4 12 12 12 12
4 4 4 4 4 4 4 4 4 4 4 4 4 4 4 4 4 4 4 4 4 4 4 4 4 4 4 4 4 4 4 4 4 4 4 4 4 4 4 4 4 4 4 4 4 4 4 4 4 4 4 4 4 4 4 4 4 4 4 4 12 12 12 12
4 4 4 4 4 4 4 4 4 4 4 4 4 4 4 4 4 4 4 4 4 4 4 4 4 4 4 4 4 4 4 4 4 4 4 4 4 4 4 4 4 4 4 4 4 4 4 4 4 4 4 4 4 4 4 4 4 4 4 4 4 4 4 4
4 4 4 4 4 4 4 4 4 4 4 4 4 4 4 4 4 4 4 4 4 4 4 4 4 4 4 4 4 4 4 4 4 4 4 4 4 4 4 4 4 4 4 4 4 4 4 4 4 4 4 4 4 4 4 4 4 4 4 4 4 4 4 4
4 4 4 4 4 4 4 4 4 4 4 4 9 9 9 9 9 9 4 4 12 12 12 12 12 12 4 4 8 8 8 8 8 8 4 4 9 9 9 9 9 9 4 4 8 8 8 8 8 8 4 4 4 4 4 4 4 4 4 4 4 4 4 4
4 4 4 4 4 4 4 4 4 4 4 4 9 9 9 9 9 9 4 4 12 12 12 12 12 12 4 4 8 8 8 8 8 8 4 4 9 9 9 9 9 9 4 4 8 8 8 8 8 8 4 4 4 4 4 4 4 4 4 4 4 4 4 4
4 4 4 4 4 4 4 4 4 4 4 4 9 9 9 9 9 9 4 4 12 12 12 12 12 12 4 4 8 8 8 8 8 8 4 4 9 9 9 9 9 9 4 4 8 8 8 8 8 8 4 4 4 4 4 4 4 4 4 4 4 4 4 4
4 4 4 4 4 4 4 4 4 4 4 4 9 9 9 9 9 9 4 4 12 12 12 12 12 12 4 4 8 8 8 8 8 8 4 4 9 9 9 9 9 9 4 4 8 8 8 8 8 8 4 4 4 4 4 4 4 4 4 4 4 4 4 4
4 4 4 4 4 4 4 4 4 4 4 4 9 9 9 9 9 9 4 4 12 12 12 12 12 12 4 4 8 8 8 8 8 8 4 4 9 9 9 9 9 9 4 4 8 8 8 8 8 8 4 4 4 4 4 4 4 4 4 4 4 4 4 4
4 4 4 4 4 4 4 4 4 4 4 4 9 9 9 9 9 9 4 4 12 12 12 12 12 12 4 4 8 8 8 8 8 8 4 4 9 9 9 9 9 9 4 4 8 8 8 8 8 8 4 4 4 4 4 4 4 4 4 4 4 4 4 4
4 4 4 4 4 4 4 4 4 4 4 4 4 4 4 4 4 4 4 4 4 4 4 4 4 4 4 4 4 4 4 4 4 4 4 4 4 4 4 4 4 4 4 4 4 4 4 4 4 4 4 4 4 4 4 4 4 4 4 4 4 4 4 4
4 4 4 4 4 4 4 4 4 4 4 4 4 4 4 4 4 4 4 4 4 4 4 4 4 4 4 4 4 4 4 4 4 4 4 4 4 4 4 4 4 4 4 4 4 4 4 4 4 4 4 4 4 4 4 4 4 4 4 4 4 4 4 4
4 4 4 4 4 4 4 4 4 4 4 4 9 9 9 9 9 9 4 4 2 2 0 0 2 2 4 4 8 8 8 8 8 8 4 4 2 2 0 0 2 2 4 4 8 8 8 8 8 8 4 4 4 4 4 4 4 4 4 4 4 4 4 4
4 4 4 4 4 4 4 4 4 4 4 4 9 9 9 9 9 9 4 4 2 2 0 0 2 2 4 4 8 8 8 8 8 8 4 4 2 2 0 0 2 2 4 4 8 8 8 8 8 8 4 4 4 4 4 4 4 4 4 4 4 4 4 4
4 4 4 4 4 4 4 4 4 4 4 4 9 9 9 9 9 9 4 4 2 2 12 12 2 2 4 4 8 8 8 8 8 8 4 4 2 2 9 9 2 2 4 4 8 8 8 8 8 8 4 4 4 4 4 4 4 4 4 4 4 4 4 4
4 4 4 4 4 4 4 4 4 4 4 4 9 9 9 9 9 9 4 4 2 2 12 12 2 2 4 4 8 8 8 8 8 8 4 4 2 2 9 9 2 2 4 4 8 8 8 8 8 8 4 4 4 4 4 4 4 4 4 4 4 4 4 4
4 4 4 4 4 4 4 4 4 4 4 4 9 9 9 9 9 9 4 4 2 2 0 0 2 2 4 4 8 8 8 8 8 8 4 4 2 2 2 2 0 0 4 4 8 8 8 8 8 8 4 4 4 4 4 4 4 4 4 4 4 4 4 4
4 4 4 4 4 4 4 4 4 4 4 4 9 9 9 9 9 9 4 4 2 2 0 0 2 2 4 4 8 8 8 8 8 8 4 4 2 2 2 2 0 0 4 4 8 8 8 8 8 8 4 4 4 4 4 4 4 4 4 4 4 4 4 4
4 4 4 4 4 4 4 4 4 4 4 4 4 4 4 4 4 4 4 4 4 4 4 4 4 4 4 4 4 4 4 4 4 4 4 4 4 4 4 4 4 4 4 4 4 4 4 4 4 4 4 4 4 4 4 4 4 4 4 4 4 4 4 4
4 4 4 4 4 4 4 4 4 4 4 4 4 4 4 4 4 4 4 4 4 4 4 4 4 4 4 4 4 4 4 4 4 4 4 4 4 4 4 4 4 4 4 4 4 4 4 4 4 4 4 4 4 4 4 4 4 4 4 4 4 4 4 4
4 4 4 4 4 4 4 4 4 4 4 4 9 9 9 9 9 9 4 4 12 12 12 12 12 12 4 4 8 8 8 8 8 8 4 4 8 8 8 8 8 8 4 4 9 9 9 9 9 9 4 4 4 4 4 4 4 4 4 4 4 4 4 4
4 4 4 4 4 4 4 4 4 4 4 4 9 9 9 9 9 9 4 4 12 12 12 12 12 12 4 4 8 8 8 8 8 8 4 4 8 8 8 8 8 8 4 4 9 9 9 9 9 9 4 4 4 4 4 4 4 4 4 4 4 4 4 4
4 4 4 4 4 4 4 4 4 4 4 4 9 9 9 9 9 9 4 4 12 12 12 12 12 12 4 4 8 8 8 8 8 8 4 4 8 8 8 8 8 8 4 4 9 9 9 9 9 9 4 4 4 4 4 4 4 4 4 4 4 4 4 4
4 4 4 4 4 4 4 4 4 4 4 4 9 9 9 9 9 9 4 4 12 12 12 12 12 12 4 4 8 8 8 8 8 8 4 4 8 8 8 8 8 8 4 4 9 9 9 9 9 9 4 4 4 4 4 4 4 4 4 4 4 4 4 4
4 4 4 4 4 4 4 4 4 4 4 4 9 9 9 9 9 9 4 4 12 12 12 12 12 12 4 4 8 8 8 8 8 8 4 4 8 8 8 8 8 8 4 4 9 9 9 9 9 9 4 4 4 4 4 4 4 4 4 4 4 4 4 4
4 4 4 4 4 4 4 4 4 4 4 4 9 9 9 9 9 9 4 4 12 12 12 12 12 12 4 4 8 8 8 8 8 8 4 4 8 8 8 8 8 8 4 4 9 9 9 9 9 9 4 4 4 4 4 4 4 4 4 4 4 4 4 4
4 4 4 4 4 4 4 4 4 4 4 4 4 4 4 4 4 4 4 4 4 4 4 4 4 4 4 4 4 4 4 4 4 4 4 4 4 4 4 4 4 4 4 4 4 4 4 4 4 4 4 4 4 4 4 4 4 4 4 4 4 4 4 4
4 4 4 4 4 4 4 4 4 4 4 4 4 4 4 4 4 4 4 4 4 4 4 4 4 4 4 4 4 4 4 4 4 4 4 4 4 4 4 4 4 4 4 4 4 4 4 4 4 4 4 4 4 4 4 4 4 4 4 4 4 4 4 4
4 4 4 4 4 4 4 4 4 4 4 4 4 4 4 4 4 4 4 4 9 9 9 9 9 9 4 4 0 0 2 2 2 2 4 4 9 9 9 9 9 9 4 4 4 4 4 4 4 4 4 4 4 4 4 4 4 4 4 4 4 4 4 4
4 4 4 4 4 4 4 4 4 4 4 4 4 4 4 4 4 4 4 4 9 9 9 9 9 9 4 4 0 0 2 2 2 2 4 4 9 9 9 9 9 9 4 4 4 4 4 4 4 4 4 4 4 4 4 4 4 4 4 4 4 4 4 4
4 4 4 4 4 4 4 4 4 4 4 4 4 4 4 4 4 4 4 4 9 9 9 9 9 9 4 4 2 2 12 12 2 2 4 4 9 9 9 9 9 9 4 4 4 4 4 4 4 4 4 4 4 4 4 4 4 4 4 4 4 4 4 4
4 4 4 4 4 4 4 4 4 4 4 4 4 4 4 4 4 4 4 4 9 9 9 9 9 9 4 4 2 2 12 12 2 2 4 4 9 9 9 9 9 9 4 4 4 4 4 4 4 4 4 4 4 4 4 4 4 4 4 4 4 4 4 4
4 4 4 4 4 4 4 4 4 4 4 4 4 4 4 4 4 4 4 4 9 9 9 9 9 9 4 4 0 0 0 0 0 0 4 4 9 9 9 9 9 9 4 4 4 4 4 4 4 4 4 4 4 4 4 4 4 4 4 4 4 4 4 4
4 4 4 4 4 4 4 4 4 4 4 4 4 4 4 4 4 4 4 4 9 9 9 9 9 9 4 4 0 0 0 0 0 0 4 4 9 9 9 9 9 9 4 4 4 4 4 4 4 4 4 4 4 4 4 4 4 4 4 4 4 4 4 4
4 4 4 4 4 4 4 4 4 4 4 4 4 4 4 4 4 4 4 4 4 4 4 4 4 4 4 4 4 4 4 4 4 4 4 4 4 4 4 4 4 4 4 4 4 4 4 4 4 4 4 4 4 4 4 4 4 4 4 4 4 4 4 4
4 4 4 4 4 4 4 4 4 4 4 4 4 4 4 4 4 4 4 4 4 4 4 4 4 4 4 4 4 4 4 4 4 4 4 4 4 4 4 4 4 4 4 4 4 4 4 4 4 4 4 4 4 4 4 4 4 4 4 4 4 4 4 4
4 4 4 4 4 4 4 4 4 4 4 4 4 4 4 4 4 4 4 4 12 12 12 12 12 12 4 4 12 12 12 12 12 12 4 4 8 8 8 8 8 8 4 4 4 4 4 4 4 4 4 4 4 4 4 4 4 4 4 4 4 4 4 4
4 4 4 4 4 4 4 4 4 4 4 4 4 4 4 4 4 4 4 4 12 12 12 12 12 12 4 4 12 12 12 12 12 12 4 4 8 8 8 8 8 8 4 4 4 4 4 4 4 4 4 4 4 4 4 4 4 4 4 4 4 4 4 4
4 4 4 4 4 4 4 4 4 4 4 4 4 4 4 4 4 4 4 4 12 12 12 12 12 12 4 4 12 12 12 12 12 12 4 4 8 8 8 8 8 8 4 4 4 4 4 4 4 4 4 4 4 4 4 4 4 4 4 4 4 4 4 4
4 4 4 4 4 4 4 4 4 4 4 4 4 4 4 4 4 4 4 4 12 12 12 12 12 12 4 4 12 12 12 12 12 12 4 4 8 8 8 8 8 8 4 4 4 4 4 4 4 4 4 4 4 4 4 4 4 4 4 4 4 4 4 4
4 4 4 4 4 4 4 4 4 4 4 4 4 4 4 4 4 4 4 4 12 12 12 12 12 12 4 4 12 12 12 12 12 12 4 4 8 8 8 8 8 8 4 4 4 4 4 4 4 4 4 4 4 4 4 4 4 4 4 4 4 4 4 4
4 4 4 4 4 4 4 4 4 4 4 4 4 4 4 4 4 4 4 4 12 12 12 12 12 12 4 4 12 12 12 12 12 12 4 4 8 8 8 8 8 8 4 4 4 4 4 4 4 4 4 4 4 4 4 4 4 4 4 4 4 4 4 4
4 4 4 4 4 4 4 4 4 4 4 4 4 4 4 4 4 4 4 4 4 4 4 4 4 4 4 4 4 4 4 4 4 4 4 4 4 4 4 4 4 4 4 4 4 4 4 4 4 4 4 4 4 4 4 4 4 4 4 4 4 4 4 4
4 4 4 4 4 4 4 4 4 4 4 4 4 4 4 4 4 4 4 4 4 4 4 4 4 4 4 4 4 4 4 4 4 4 4 4 4 4 4 4 4 4 4 4 4 4 4 4 4 4 4 4 4 4 4 4 4 4 4 4 4 4 4 4
4 4 4 4 4 4 4 4 4 4 4 4 4 4 4 4 4 4 4 4 4 4 4 4 4 4 4 4 4 4 4 4 4 4 4 4 4 4 4 4 4 4 4 4 4 4 4 4 4 4 4 4 4 4 4 4 4 4 4 4 4 4 4 4
4 4 4 4 4 4 4 4 4 4 4 4 4 4 4 4 4 4 4 4 4 4 4 4 4 4 4 4 4 4 4 4 4 4 4 4 4 4 4 4 4 4 4 4 4 4 4 4 4 4 4 4 4 4 4 4 4 4 4 4 4 4 4 4
4 4 4 4 4 4 4 4 4 4 4 4 4 4 4 4 4 4 4 4 4 4 4 4 4 4 4 4 4 4 4 4 4 4 4 4 4 4 4 4 4 4 4 4 4 4 4 4 4 4 4 4 4 4 4 4 4 4 4 4 4 4 4 4
4 4 4 4 4 4 4 4 4 4 4 4 4 4 4 4 4 4 4 4 4 4 4 4 4 4 4 4 4 4 4 4 4 4 4 4 4 4 4 4 4 4 4 4 4 4 4 4 4 4 4 4 4 4 4 4 4 4 4 4 4 4 4 4
4 4 4 4 4 4 4 4 4 4 4 4 4 4 4 4 4 4 4 4 4 4 4 4 4 4 4 4 4 4 4 4 4 4 4 4 4 4 4 4 4 4 4 4 4 4 4 4 4 4 4 4 4 4 4 4 4 4 4 4 4 4 4 4
4 4 4 4 4 4 4 4 4 4 4 4 4 4 4 4 4 4 4 4 4 4 4 4 4 4 4 4 4 4 4 4 4 4 4 4 4 4 4 4 4 4 4 4 4 4 4 4 4 4 4 4 4 4 4 4 4 4 4 4 4 4 4 4
4 4 4 4 4 4 4 4 4 4 4 4 4 4 4 4 4 4 4 4 4 4 4 4 4 4 4 4 4 4 4 4 4 4 4 4 4 4 4 4 4 4 4 4 4 4 4 4 4 4 4 4 4 4 4 4 4 4 4 4 4 4 4 4
4 4 4 4 4 4 4 4 4 4 4 4 4 4 4 4 4 4 4 4 4 4 4 4 4 4 4 4 4 4 4 4 4 4 4 4 4 4 4 4 4 4 4 4 4 4 4 4 4 4 4 4 4 4 4 4 4 4 4 4 4 4 4 4
4 4 4 4 4 4 4 4 4 4 4 4 4 4 4 4 4 4 4 4 4 4 4 4 4 4 4 4 4 4 4 4 4 4 4 4 4 4 4 4 4 4 4 4 4 4 4 4 4 4 4 4 4 4 4 4 4 4 4 4 4 4 4 4
12 12 12 12 12 12 12 12 12 12 12 12 12 12 12 12 12 12 12 12 12 12 12 12 12 12 12 12 12 12 12 12 12 12 12 12 12 12 12 12 12 12 12 12 12 12 12 12 12 12 12 12 12 12 11 11 11 11 11 11 11 11 11 11
[LEVELS] 3/6
[STATE] NOT_FINISHED
[AVAILABLE] ACTION6
[DIFF] 37 cells: (36,46) 9>8; (37,46) 9>8; (38,46) 9>8; (39,46) 9>8; (40,46) 9>8; (41,46) 9>8; (36,47) 9>8; (37,47) 9>8; (38,47) 9>8; (39,47) 9>8; (40,47) 9>8; (41,47) 9>8; (36,48) 9>8; (37,48) 9>8; (38,48) 9>8; (39,48) 9>8; (40,48) 9>8; (41,48) 9>8; (36,49) 9>8; (37,49) 9>8; (38,49) 9>8; (39,49) 9>8; (40,49) 9>8; (41,49) 9>8; (36,50) 9>8; (37,50) 9>8; (38,50) 9>8; (39,50) 9>8; (40,50) 9>8; (41,50) 9>8; (36,51) 9>8; (37,51) 9>8; (38,51) 9>8; (39,51) 9>8; (40,51) 9>8; (41,51) 9>8; (54,63) 12>11

[STEP 41]
[ACTION] ACTION6 x=38 y=48
[BOARD] 1/2 intermediate
4 4 4 4 4 4 4 4 4 4 4 4 4 4 4 4 4 4 4 4 4 4 4 4 4 4 4 4 4 4 4 4 4 4 4 4 4 4 4 4 4 4 4 4 4 4 4 4 4 4 4 4 4 4 4 4 4 4 4 4 9 9 9 9
4 4 4 4 4 4 4 4 4 4 4 4 4 4 4 4 4 4 4 4 4 4 4 4 4 4 4 4 4 4 4 4 4 4 4 4 4 4 4 4 4 4 4 4 4 4 4 4 4 4 4 4 4 4 4 4 4 4 4 4 9 9 9 9
4 4 4 4 4 4 4 4 4 4 4 4 4 4 4 4 4 4 4 4 4 4 4 4 4 4 4 4 4 4 4 4 4 4 4 4 4 4 4 4 4 4 4 4 4 4 4 4 4 4 4 4 4 4 4 4 4 4 4 4 9 9 9 9
4 4 4 4 4 4 4 4 4 4 4 4 4 4 4 4 4 4 4 4 4 4 4 4 4 4 4 4 4 4 4 4 4 4 4 4 4 4 4 4 4 4 4 4 4 4 4 4 4 4 4 4 4 4 4 4 4 4 4 4 9 9 9 9
4 4 4 4 4 4 4 4 4 4 4 4 4 4 4 4 4 4 4 4 4 4 4 4 4 4 4 4 4 4 4 4 4 4 4 4 4 4 4 4 4 4 4 4 4 4 4 4 4 4 4 4 4 4 4 4 4 4 4 4 8 8 8 8
4 4 4 4 4 4 4 4 4 4 4 4 4 4 4 4 4 4 4 4 4 4 4 4 4 4 4 4 4 4 4 4 4 4 4 4 4 4 4 4 4 4 4 4 4 4 4 4 4 4 4 4 4 4 4 4 4 4 4 4 8 8 8 8
4 4 4 4 4 4 4 4 4 4 4 4 4 4 4 4 4 4 4 4 4 4 4 4 4 4 4 4 4 4 4 4 4 4 4 4 4 4 4 4 4 4 4 4 4 4 4 4 4 4 4 4 4 4 4 4 4 4 4 4 8 8 8 8
4 4 4 4 4 4 4 4 4 4 4 4 4 4 4 4 4 4 4 4 4 4 4 4 4 4 4 4 4 4 4 4 4 4 4 4 4 4 4 4 4 4 4 4 4 4 4 4 4 4 4 4 4 4 4 4 4 4 4 4 8 8 8 8
4 4 4 4 4 4 4 4 4 4 4 4 4 4 4 4 4 4 4 4 4 4 4 4 4 4 4 4 4 4 4 4 4 4 4 4 4 4 4 4 4 4 4 4 4 4 4 4 4 4 4 4 4 4 4 4 4 4 4 4 12 12 12 12
4 4 4 4 4 4 4 4 4 4 4 4 4 4 4 4 4 4 4 4 4 4 4 4 4 4 4 4 4 4 4 4 4 4 4 4 4 4 4 4 4 4 4 4 4 4 4 4 4 4 4 4 4 4 4 4 4 4 4 4 12 12 12 12
4 4 4 4 4 4 4 4 4 4 4 4 4 4 4 4 4 4 4 4 4 4 4 4 4 4 4 4 4 4 4 4 4 4 4 4 4 4 4 4 4 4 4 4 4 4 4 4 4 4 4 4 4 4 4 4 4 4 4 4 12 12 12 12
4 4 4 4 4 4 4 4 4 4 4 4 4 4 4 4 4 4 4 4 4 4 4 4 4 4 4 4 4 4 4 4 4 4 4 4 4 4 4 4 4 4 4 4 4 4 4 4 4 4 4 4 4 4 4 4 4 4 4 4 12 12 12 12
4 4 4 4 4 4 4 4 4 4 4 4 4 4 4 4 4 4 4 4 4 4 4 4 4 4 4 4 4 4 4 4 4 4 4 4 4 4 4 4 4 4 4 4 4 4 4 4 4 4 4 4 4 4 4 4 4 4 4 4 4 4 4 4
4 4 4 4 4 4 4 4 4 4 4 4 4 4 4 4 4 4 4 4 4 4 4 4 4 4 4 4 4 4 4 4 4 4 4 4 4 4 4 4 4 4 4 4 4 4 4 4 4 4 4 4 4 4 4 4 4 4 4 4 4 4 4 4
4 4 4 4 4 4 4 4 4 4 4 4 9 9 9 9 9 9 4 4 12 12 12 12 12 12 4 4 8 8 8 8 8 8 4 4 9 9 9 9 9 9 4 4 8 8 8 8 8 8 4 4 4 4 4 4 4 4 4 4 4 4 4 4
4 4 4 4 4 4 4 4 4 4 4 4 9 9 9 9 9 9 4 4 12 12 12 12 12 12 4 4 8 8 8 8 8 8 4 4 9 9 9 9 9 9 4 4 8 8 8 8 8 8 4 4 4 4 4 4 4 4 4 4 4 4 4 4
4 4 4 4 4 4 4 4 4 4 4 4 9 9 9 9 9 9 4 4 12 12 12 12 12 12 4 4 8 8 8 8 8 8 4 4 9 9 9 9 9 9 4 4 8 8 8 8 8 8 4 4 4 4 4 4 4 4 4 4 4 4 4 4
4 4 4 4 4 4 4 4 4 4 4 4 9 9 9 9 9 9 4 4 12 12 12 12 12 12 4 4 8 8 8 8 8 8 4 4 9 9 9 9 9 9 4 4 8 8 8 8 8 8 4 4 4 4 4 4 4 4 4 4 4 4 4 4
4 4 4 4 4 4 4 4 4 4 4 4 9 9 9 9 9 9 4 4 12 12 12 12 12 12 4 4 8 8 8 8 8 8 4 4 9 9 9 9 9 9 4 4 8 8 8 8 8 8 4 4 4 4 4 4 4 4 4 4 4 4 4 4
4 4 4 4 4 4 4 4 4 4 4 4 9 9 9 9 9 9 4 4 12 12 12 12 12 12 4 4 8 8 8 8 8 8 4 4 9 9 9 9 9 9 4 4 8 8 8 8 8 8 4 4 4 4 4 4 4 4 4 4 4 4 4 4
4 4 4 4 4 4 4 4 4 4 4 4 4 4 4 4 4 4 4 4 4 4 4 4 4 4 4 4 4 4 4 4 4 4 4 4 4 4 4 4 4 4 4 4 4 4 4 4 4 4 4 4 4 4 4 4 4 4 4 4 4 4 4 4
4 4 4 4 4 4 4 4 4 4 4 4 4 4 4 4 4 4 4 4 4 4 4 4 4 4 4 4 4 4 4 4 4 4 4 4 4 4 4 4 4 4 4 4 4 4 4 4 4 4 4 4 4 4 4 4 4 4 4 4 4 4 4 4
4 4 4 4 4 4 4 4 4 4 4 4 9 9 9 9 9 9 4 4 2 2 0 0 2 2 4 4 8 8 8 8 8 8 4 4 2 2 0 0 2 2 4 4 8 8 8 8 8 8 4 4 4 4 4 4 4 4 4 4 4 4 4 4
4 4 4 4 4 4 4 4 4 4 4 4 9 9 9 9 9 9 4 4 2 2 0 0 2 2 4 4 8 8 8 8 8 8 4 4 2 2 0 0 2 2 4 4 8 8 8 8 8 8 4 4 4 4 4 4 4 4 4 4 4 4 4 4
4 4 4 4 4 4 4 4 4 4 4 4 9 9 9 9 9 9 4 4 2 2 12 12 2 2 4 4 8 8 8 8 8 8 4 4 2 2 9 9 2 2 4 4 8 8 8 8 8 8 4 4 4 4 4 4 4 4 4 4 4 4 4 4
4 4 4 4 4 4 4 4 4 4 4 4 9 9 9 9 9 9 4 4 2 2 12 12 2 2 4 4 8 8 8 8 8 8 4 4 2 2 9 9 2 2 4 4 8 8 8 8 8 8 4 4 4 4 4 4 4 4 4 4 4 4 4 4
4 4 4 4 4 4 4 4 4 4 4 4 9 9 9 9 9 9 4 4 2 2 0 0 2 2 4 4 8 8 8 8 8 8 4 4 2 2 2 2 0 0 4 4 8 8 8 8 8 8 4 4 4 4 4 4 4 4 4 4 4 4 4 4
4 4 4 4 4 4 4 4 4 4 4 4 9 9 9 9 9 9 4 4 2 2 0 0 2 2 4 4 8 8 8 8 8 8 4 4 2 2 2 2 0 0 4 4 8 8 8 8 8 8 4 4 4 4 4 4 4 4 4 4 4 4 4 4
4 4 4 4 4 4 4 4 4 4 4 4 4 4 4 4 4 4 4 4 4 4 4 4 4 4 4 4 4 4 4 4 4 4 4 4 4 4 4 4 4 4 4 4 4 4 4 4 4 4 4 4 4 4 4 4 4 4 4 4 4 4 4 4
4 4 4 4 4 4 4 4 4 4 4 4 4 4 4 4 4 4 4 4 4 4 4 4 4 4 4 4 4 4 4 4 4 4 4 4 4 4 4 4 4 4 4 4 4 4 4 4 4 4 4 4 4 4 4 4 4 4 4 4 4 4 4 4
4 4 4 4 4 4 4 4 4 4 4 4 9 9 9 9 9 9 4 4 12 12 12 12 12 12 4 4 8 8 8 8 8 8 4 4 8 8 8 8 8 8 4 4 9 9 9 9 9 9 4 4 4 4 4 4 4 4 4 4 4 4 4 4
4 4 4 4 4 4 4 4 4 4 4 4 9 9 9 9 9 9 4 4 12 12 12 12 12 12 4 4 8 8 8 8 8 8 4 4 8 8 8 8 8 8 4 4 9 9 9 9 9 9 4 4 4 4 4 4 4 4 4 4 4 4 4 4
4 4 4 4 4 4 4 4 4 4 4 4 9 9 9 9 9 9 4 4 12 12 12 12 12 12 4 4 8 8 8 8 8 8 4 4 8 8 8 8 8 8 4 4 9 9 9 9 9 9 4 4 4 4 4 4 4 4 4 4 4 4 4 4
4 4 4 4 4 4 4 4 4 4 4 4 9 9 9 9 9 9 4 4 12 12 12 12 12 12 4 4 8 8 8 8 8 8 4 4 8 8 8 8 8 8 4 4 9 9 9 9 9 9 4 4 4 4 4 4 4 4 4 4 4 4 4 4
4 4 4 4 4 4 4 4 4 4 4 4 9 9 9 9 9 9 4 4 12 12 12 12 12 12 4 4 8 8 8 8 8 8 4 4 8 8 8 8 8 8 4 4 9 9 9 9 9 9 4 4 4 4 4 4 4 4 4 4 4 4 4 4
4 4 4 4 4 4 4 4 4 4 4 4 9 9 9 9 9 9 4 4 12 12 12 12 12 12 4 4 8 8 8 8 8 8 4 4 8 8 8 8 8 8 4 4 9 9 9 9 9 9 4 4 4 4 4 4 4 4 4 4 4 4 4 4
4 4 4 4 4 4 4 4 4 4 4 4 4 4 4 4 4 4 4 4 4 4 4 4 4 4 4 4 4 4 4 4 4 4 4 4 4 4 4 4 4 4 4 4 4 4 4 4 4 4 4 4 4 4 4 4 4 4 4 4 4 4 4 4
4 4 4 4 4 4 4 4 4 4 4 4 4 4 4 4 4 4 4 4 4 4 4 4 4 4 4 4 4 4 4 4 4 4 4 4 4 4 4 4 4 4 4 4 4 4 4 4 4 4 4 4 4 4 4 4 4 4 4 4 4 4 4 4
4 4 4 4 4 4 4 4 4 4 4 4 4 4 4 4 4 4 4 4 9 9 9 9 9 9 4 4 0 0 2 2 2 2 4 4 9 9 9 9 9 9 4 4 4 4 4 4 4 4 4 4 4 4 4 4 4 4 4 4 4 4 4 4
4 4 4 4 4 4 4 4 4 4 4 4 4 4 4 4 4 4 4 4 9 9 9 9 9 9 4 4 0 0 2 2 2 2 4 4 9 9 9 9 9 9 4 4 4 4 4 4 4 4 4 4 4 4 4 4 4 4 4 4 4 4 4 4
4 4 4 4 4 4 4 4 4 4 4 4 4 4 4 4 4 4 4 4 9 9 9 9 9 9 4 4 2 2 12 12 2 2 4 4 9 9 9 9 9 9 4 4 4 4 4 4 4 4 4 4 4 4 4 4 4 4 4 4 4 4 4 4
4 4 4 4 4 4 4 4 4 4 4 4 4 4 4 4 4 4 4 4 9 9 9 9 9 9 4 4 2 2 12 12 2 2 4 4 9 9 9 9 9 9 4 4 4 4 4 4 4 4 4 4 4 4 4 4 4 4 4 4 4 4 4 4
4 4 4 4 4 4 4 4 4 4 4 4 4 4 4 4 4 4 4 4 9 9 9 9 9 9 4 4 0 0 0 0 0 0 4 4 9 9 9 9 9 9 4 4 4 4 4 4 4 4 4 4 4 4 4 4 4 4 4 4 4 4 4 4
4 4 4 4 4 4 4 4 4 4 4 4 4 4 4 4 4 4 4 4 9 9 9 9 9 9 4 4 0 0 0 0 0 0 4 4 9 9 9 9 9 9 4 4 4 4 4 4 4 4 4 4 4 4 4 4 4 4 4 4 4 4 4 4
4 4 4 4 4 4 4 4 4 4 4 4 4 4 4 4 4 4 4 4 4 4 4 4 4 4 4 4 4 4 4 4 4 4 4 4 4 4 4 4 4 4 4 4 4 4 4 4 4 4 4 4 4 4 4 4 4 4 4 4 4 4 4 4
4 4 4 4 4 4 4 4 4 4 4 4 4 4 4 4 4 4 4 4 4 4 4 4 4 4 4 4 4 4 4 4 4 4 4 4 4 4 4 4 4 4 4 4 4 4 4 4 4 4 4 4 4 4 4 4 4 4 4 4 4 4 4 4
4 4 4 4 4 4 4 4 4 4 4 4 4 4 4 4 4 4 4 4 12 12 12 12 12 12 4 4 12 12 12 12 12 12 4 4 12 12 12 12 12 12 4 4 4 4 4 4 4 4 4 4 4 4 4 4 4 4 4 4 4 4 4 4
4 4 4 4 4 4 4 4 4 4 4 4 4 4 4 4 4 4 4 4 12 12 12 12 12 12 4 4 12 12 12 12 12 12 4 4 12 12 12 12 12 12 4 4 4 4 4 4 4 4 4 4 4 4 4 4 4 4 4 4 4 4 4 4
4 4 4 4 4 4 4 4 4 4 4 4 4 4 4 4 4 4 4 4 12 12 12 12 12 12 4 4 12 12 12 12 12 12 4 4 12 12 12 12 12 12 4 4 4 4 4 4 4 4 4 4 4 4 4 4 4 4 4 4 4 4 4 4
4 4 4 4 4 4 4 4 4 4 4 4 4 4 4 4 4 4 4 4 12 12 12 12 12 12 4 4 12 12 12 12 12 12 4 4 12 12 12 12 12 12 4 4 4 4 4 4 4 4 4 4 4 4 4 4 4 4 4 4 4 4 4 4
4 4 4 4 4 4 4 4 4 4 4 4 4 4 4 4 4 4 4 4 12 12 12 12 12 12 4 4 12 12 12 12 12 12 4 4 12 12 12 12 12 12 4 4 4 4 4 4 4 4 4 4 4 4 4 4 4 4 4 4 4 4 4 4
4 4 4 4 4 4 4 4 4 4 4 4 4 4 4 4 4 4 4 4 12 12 12 12 12 12 4 4 12 12 12 12 12 12 4 4 12 12 12 12 12 12 4 4 4 4 4 4 4 4 4 4 4 4 4 4 4 4 4 4 4 4 4 4
4 4 4 4 4 4 4 4 4 4 4 4 4 4 4 4 4 4 4 4 4 4 4 4 4 4 4 4 4 4 4 4 4 4 4 4 4 4 4 4 4 4 4 4 4 4 4 4 4 4 4 4 4 4 4 4 4 4 4 4 4 4 4 4
4 4 4 4 4 4 4 4 4 4 4 4 4 4 4 4 4 4 4 4 4 4 4 4 4 4 4 4 4 4 4 4 4 4 4 4 4 4 4 4 4 4 4 4 4 4 4 4 4 4 4 4 4 4 4 4 4 4 4 4 4 4 4 4
4 4 4 4 4 4 4 4 4 4 4 4 4 4 4 4 4 4 4 4 4 4 4 4 4 4 4 4 4 4 4 4 4 4 4 4 4 4 4 4 4 4 4 4 4 4 4 4 4 4 4 4 4 4 4 4 4 4 4 4 4 4 4 4
4 4 4 4 4 4 4 4 4 4 4 4 4 4 4 4 4 4 4 4 4 4 4 4 4 4 4 4 4 4 4 4 4 4 4 4 4 4 4 4 4 4 4 4 4 4 4 4 4 4 4 4 4 4 4 4 4 4 4 4 4 4 4 4
4 4 4 4 4 4 4 4 4 4 4 4 4 4 4 4 4 4 4 4 4 4 4 4 4 4 4 4 4 4 4 4 4 4 4 4 4 4 4 4 4 4 4 4 4 4 4 4 4 4 4 4 4 4 4 4 4 4 4 4 4 4 4 4
4 4 4 4 4 4 4 4 4 4 4 4 4 4 4 4 4 4 4 4 4 4 4 4 4 4 4 4 4 4 4 4 4 4 4 4 4 4 4 4 4 4 4 4 4 4 4 4 4 4 4 4 4 4 4 4 4 4 4 4 4 4 4 4
4 4 4 4 4 4 4 4 4 4 4 4 4 4 4 4 4 4 4 4 4 4 4 4 4 4 4 4 4 4 4 4 4 4 4 4 4 4 4 4 4 4 4 4 4 4 4 4 4 4 4 4 4 4 4 4 4 4 4 4 4 4 4 4
4 4 4 4 4 4 4 4 4 4 4 4 4 4 4 4 4 4 4 4 4 4 4 4 4 4 4 4 4 4 4 4 4 4 4 4 4 4 4 4 4 4 4 4 4 4 4 4 4 4 4 4 4 4 4 4 4 4 4 4 4 4 4 4
4 4 4 4 4 4 4 4 4 4 4 4 4 4 4 4 4 4 4 4 4 4 4 4 4 4 4 4 4 4 4 4 4 4 4 4 4 4 4 4 4 4 4 4 4 4 4 4 4 4 4 4 4 4 4 4 4 4 4 4 4 4 4 4
4 4 4 4 4 4 4 4 4 4 4 4 4 4 4 4 4 4 4 4 4 4 4 4 4 4 4 4 4 4 4 4 4 4 4 4 4 4 4 4 4 4 4 4 4 4 4 4 4 4 4 4 4 4 4 4 4 4 4 4 4 4 4 4
4 4 4 4 4 4 4 4 4 4 4 4 4 4 4 4 4 4 4 4 4 4 4 4 4 4 4 4 4 4 4 4 4 4 4 4 4 4 4 4 4 4 4 4 4 4 4 4 4 4 4 4 4 4 4 4 4 4 4 4 4 4 4 4
12 12 12 12 12 12 12 12 12 12 12 12 12 12 12 12 12 12 12 12 12 12 12 12 12 12 12 12 12 12 12 12 12 12 12 12 12 12 12 12 12 12 12 12 12 12 12 12 12 12 12 12 12 12 11 11 11 11 11 11 11 11 11 11
[BOARD] 2/2 settled
4 4 4 4 4 4 4 4 4 4 4 4 4 4 4 4 4 4 4 4 4 4 4 4 4 4 4 4 4 4 4 4 4 4 4 4 4 4 4 4 4 4 4 4 4 4 4 4 4 4 4 4 4 4 14 14 14 14 4 4 4 4 4 4
4 4 4 4 4 4 4 4 4 4 4 4 4 4 4 4 4 4 4 4 4 4 4 4 4 4 4 4 4 4 4 4 4 4 4 4 4 4 4 4 4 4 4 4 4 4 4 4 4 4 4 4 4 4 14 14 14 14 4 4 4 4 4 4
4 4 4 4 4 4 4 4 4 4 4 4 4 4 4 4 4 4 4 4 4 4 4 4 4 4 4 4 4 4 4 4 4 4 4 4 4 4 4 4 4 4 4 4 4 4 4 4 4 4 4 4 4 4 14 14 14 14 4 4 4 4 4 4
4 4 4 4 4 4 4 4 4 4 4 4 4 4 4 4 4 4 4 4 4 4 4 4 4 4 4 4 4 4 4 4 4 4 4 4 4 4 4 4 4 4 4 4 4 4 4 4 4 4 4 4 4 4 14 14 14 14 4 4 4 4 4 4
4 4 4 4 4 4 4 4 4 4 4 4 4 4 3 3 3 3 3 3 4 4 14 14 14 14 14 14 4 4 14 14 14 14 14 14 4 4 4 4 4 4 4 4 4 4 4 4 4 4 4 4 4 4 15 15 15 15 4 4 4 4 4 4
4 4 4 4 4 4 4 4 4 4 4 4 4 4 3 3 3 3 3 3 4 4 14 14 14 14 14 14 4 4 14 14 14 14 14 14 4 4 4 4 4 4 4 4 4 4 4 4 4 4 4 4 4 4 15 15 15 15 4 4 4 4 4 4
4 4 4 4 4 4 4 4 4 4 4 4 4 4 3 3 14 14 0 0 4 4 14 14 14 14 14 14 4 4 14 14 14 14 14 14 4 4 4 4 4 4 4 4 4 4 4 4 4 4 4 4 4 4 15 15 15 15 4 4 4 4 4 4
4 4 4 4 4 4 4 4 4 4 4 4 4 4 3 3 14 14 0 0 4 4 14 14 14 14 14 14 4 4 14 14 14 14 14 14 4 4 4 4 4 4 4 4 4 4 4 4 4 4 4 4 4 4 15 15 15 15 4 4 4 4 4 4
4 4 4 4 4 4 4 4 4 4 4 4 4 4 3 3 0 0 2 2 4 4 14 14 14 14 14 14 4 4 14 14 14 14 14 14 4 4 4 4 4 4 4 4 4 4 4 4 4 4 4 4 4 4 4 4 4 4 4 4 4 4 4 4
4 4 4 4 4 4 4 4 4 4 4 4 4 4 3 3 0 0 2 2 4 4 14 14 14 14 14 14 4 4 14 14 14 14 14 14 4 4 4 4 4 4 4 4 4 4 4 4 4 4 4 4 4 4 4 4 4 4 4 4 4 4 4 4
4 4 4 4 4 4 4 4 4 4 4 4 4 4 4 4 4 4 4 4 4 4 4 4 4 4 4 4 4 4 4 4 4 4 4 4 4 4 4 4 4 4 4 4 4 4 4 4 4 4 4 4 4 4 4 4 4 4 4 4 4 4 4 4
4 4 4 4 4 4 4 4 4 4 4 4 4 4 4 4 4 4 4 4 4 4 4 4 4 4 4 4 4 4 4 4 4 4 4 4 4 4 4 4 4 4 4 4 4 4 4 4 4 4 4 4 4 4 4 4 4 4 4 4 4 4 4 4
4 4 4 4 4 4 4 4 4 4 4 4 4 4 14 14 14 14 14 14 4 4 14 14 6 6 14 14 4 4 14 14 14 14 14 14 4 4 0 0 3 3 3 3 4 4 4 4 4 4 4 4 4 4 4 4 4 4 4 4 4 4 4 4
4 4 4 4 4 4 4 4 4 4 4 4 4 4 14 14 14 14 14 14 4 4 14 14 6 6 14 14 4 4 14 14 14 14 14 14 4 4 0 0 3 3 3 3 4 4 4 4 4 4 4 4 4 4 4 4 4 4 4 4 4 4 4 4
4 4 4 4 4 4 4 4 4 4 4 4 4 4 14 14 14 14 14 14 4 4 6 6 14 14 6 6 4 4 14 14 14 14 14 14 4 4 2 2 15 15 3 3 4 4 4 4 4 4 4 4 4 4 4 4 4 4 4 4 4 4 4 4
4 4 4 4 4 4 4 4 4 4 4 4 4 4 14 14 14 14 14 14 4 4 6 6 14 14 6 6 4 4 14 14 14 14 14 14 4 4 2 2 15 15 3 3 4 4 4 4 4 4 4 4 4 4 4 4 4 4 4 4 4 4 4 4
4 4 4 4 4 4 4 4 4 4 4 4 4 4 14 14 14 14 14 14 4 4 14 14 6 6 14 14 4 4 14 14 14 14 14 14 4 4 0 0 2 2 0 0 4 4 4 4 4 4 4 4 4 4 4 4 4 4 4 4 4 4 4 4
4 4 4 4 4 4 4 4 4 4 4 4 4 4 14 14 14 14 14 14 4 4 14 14 6 6 14 14 4 4 14 14 14 14 14 14 4 4 0 0 2 2 0 0 4 4 4 4 4 4 4 4 4 4 4 4 4 4 4 4 4 4 4 4
4 4 4 4 4 4 4 4 4 4 4 4 4 4 4 4 4 4 4 4 4 4 4 4 4 4 4 4 4 4 4 4 4 4 4 4 4 4 4 4 4 4 4 4 4 4 4 4 4 4 4 4 4 4 4 4 4 4 4 4 4 4 4 4
4 4 4 4 4 4 4 4 4 4 4 4 4 4 4 4 4 4 4 4 4 4 4 4 4 4 4 4 4 4 4 4 4 4 4 4 4 4 4 4 4 4 4 4 4 4 4 4 4 4 4 4 4 4 4 4 4 4 4 4 4 4 4 4
4 4 4 4 4 4 14 14 14 14 14 14 4 4 14 14 14 14 14 14 4 4 14 14 14 14 14 14 4 4 14 14 14 14 14 14 4 4 14 14 14 14 14 14 4 4 14 14 14 14 14 14 4 4 14 14 14 14 14 14 4 4 4 4
4 4 4 4 4 4 14 14 14 14 14 14 4 4 14 14 14 14 14 14 4 4 14 14 14 14 14 14 4 4 14 14 14 14 14 14 4 4 14 14 14 14 14 14 4 4 14 14 14 14 14 14 4 4 14 14 14 14 14 14 4 4 4 4
4 4 4 4 4 4 14 14 14 14 14 14 4 4 14 14 14 14 14 14 4 4 14 14 14 14 14 14 4 4 14 14 14 14 14 14 4 4 14 14 14 14 14 14 4 4 14 14 14 14 14 14 4 4 14 14 14 14 14 14 4 4 4 4
4 4 4 4 4 4 14 14 14 14 14 14 4 4 14 14 14 14 14 14 4 4 14 14 14 14 14 14 4 4 14 14 14 14 14 14 4 4 14 14 14 14 14 14 4 4 14 14 14 14 14 14 4 4 14 14 14 14 14 14 4 4 4 4
4 4 4 4 4 4 14 14 14 14 14 14 4 4 14 14 14 14 14 14 4 4 14 14 14 14 14 14 4 4 14 14 14 14 14 14 4 4 14 14 14 14 14 14 4 4 14 14 14 14 14 14 4 4 14 14 14 14 14 14 4 4 4 4
4 4 4 4 4 4 14 14 14 14 14 14 4 4 14 14 14 14 14 14 4 4 14 14 14 14 14 14 4 4 14 14 14 14 14 14 4 4 14 14 14 14 14 14 4 4 14 14 14 14 14 14 4 4 14 14 14 14 14 14 4 4 4 4
4 4 4 4 4 4 4 4 4 4 4 4 4 4 4 4 4 4 4 4 4 4 4 4 4 4 4 4 4 4 4 4 4 4 4 4 4 4 4 4 4 4 4 4 4 4 4 4 4 4 4 4 4 4 4 4 4 4 4 4 4 4 4 4
4 4 4 4 4 4 4 4 4 4 4 4 4 4 4 4 4 4 4 4 4 4 4 4 4 4 4 4 4 4 4 4 4 4 4 4 4 4 4 4 4 4 4 4 4 4 4 4 4 4 4 4 4 4 4 4 4 4 4 4 4 4 4 4
4 4 4 4 4 4 3 3 2 2 0 0 4 4 14 14 14 14 14 14 4 4 14 14 6 6 14 14 4 4 14 14 14 14 14 14 4 4 2 2 0 0 2 2 4 4 14 14 14 14 14 14 4 4 2 2 0 0 3 3 4 4 4 4
4 4 4 4 4 4 3 3 2 2 0 0 4 4 14 14 14 14 14 14 4 4 14 14 6 6 14 14 4 4 14 14 14 14 14 14 4 4 2 2 0 0 2 2 4 4 14 14 14 14 14 14 4 4 2 2 0 0 3 3 4 4 4 4
4 4 4 4 4 4 3 3 15 15 2 2 4 4 14 14 14 14 14 14 4 4 6 6 14 14 6 6 4 4 14 14 14 14 14 14 4 4 0 0 14 14 0 0 4 4 14 14 14 14 14 14 4 4 0 0 14 14 3 3 4 4 4 4
4 4 4 4 4 4 3 3 15 15 2 2 4 4 14 14 14 14 14 14 4 4 6 6 14 14 6 6 4 4 14 14 14 14 14 14 4 4 0 0 14 14 0 0 4 4 14 14 14 14 14 14 4 4 0 0 14 14 3 3 4 4 4 4
4 4 4 4 4 4 3 3 2 2 0 0 4 4 14 14 14 14 14 14 4 4 14 14 6 6 14 14 4 4 14 14 14 14 14 14 4 4 2 2 0 0 2 2 4 4 14 14 14 14 14 14 4 4 2 2 0 0 3 3 4 4 4 4
4 4 4 4 4 4 3 3 2 2 0 0 4 4 14 14 14 14 14 14 4 4 14 14 6 6 14 14 4 4 14 14 14 14 14 14 4 4 2 2 0 0 2 2 4 4 14 14 14 14 14 14 4 4 2 2 0 0 3 3 4 4 4 4
4 4 4 4 4 4 4 4 4 4 4 4 4 4 4 4 4 4 4 4 4 4 4 4 4 4 4 4 4 4 4 4 4 4 4 4 4 4 4 4 4 4 4 4 4 4 4 4 4 4 4 4 4 4 4 4 4 4 4 4 4 4 4 4
4 4 4 4 4 4 4 4 4 4 4 4 4 4 4 4 4 4 4 4 4 4 4 4 4 4 4 4 4 4 4 4 4 4 4 4 4 4 4 4 4 4 4 4 4 4 4 4 4 4 4 4 4 4 4 4 4 4 4 4 4 4 4 4
4 4 4 4 4 4 14 14 14 14 14 14 4 4 14 14 14 14 14 14 4 4 0 0 2 2 0 0 4 4 14 14 14 14 14 14 4 4 14 14 14 14 14 14 4 4 14 14 14 14 14 14 4 4 14 14 14 14 14 14 4 4 4 4
4 4 4 4 4 4 14 14 14 14 14 14 4 4 14 14 14 14 14 14 4 4 0 0 2 2 0 0 4 4 14 14 14 14 14 14 4 4 14 14 14 14 14 14 4 4 14 14 14 14 14 14 4 4 14 14 14 14 14 14 4 4 4 4
4 4 4 4 4 4 14 14 14 14 14 14 4 4 14 14 14 14 14 14 4 4 2 2 14 14 2 2 4 4 14 14 14 14 14 14 4 4 14 14 14 14 14 14 4 4 14 14 14 14 14 14 4 4 14 14 14 14 14 14 4 4 4 4
4 4 4 4 4 4 14 14 14 14 14 14 4 4 14 14 14 14 14 14 4 4 2 2 14 14 2 2 4 4 14 14 14 14 14 14 4 4 14 14 14 14 14 14 4 4 14 14 14 14 14 14 4 4 14 14 14 14 14 14 4 4 4 4
4 4 4 4 4 4 14 14 14 14 14 14 4 4 14 14 14 14 14 14 4 4 0 0 3 3 0 0 4 4 14 14 14 14 14 14 4 4 14 14 14 14 14 14 4 4 14 14 14 14 14 14 4 4 14 14 14 14 14 14 4 4 4 4
4 4 4 4 4 4 14 14 14 14 14 14 4 4 14 14 14 14 14 14 4 4 0 0 3 3 0 0 4 4 14 14 14 14 14 14 4 4 14 14 14 14 14 14 4 4 14 14 14 14 14 14 4 4 14 14 14 14 14 14 4 4 4 4
4 4 4 4 4 4 4 4 4 4 4 4 4 4 4 4 4 4 4 4 4 4 4 4 4 4 4 4 4 4 4 4 4 4 4 4 4 4 4 4 4 4 4 4 4 4 4 4 4 4 4 4 4 4 4 4 4 4 4 4 4 4 4 4
4 4 4 4 4 4 4 4 4 4 4 4 4 4 4 4 4 4 4 4 4 4 4 4 4 4 4 4 4 4 4 4 4 4 4 4 4 4 4 4 4 4 4 4 4 4 4 4 4 4 4 4 4 4 4 4 4 4 4 4 4 4 4 4
4 4 4 4 4 4 4 4 4 4 4 4 4 4 14 14 14 14 14 14 4 4 2 2 3 3 2 2 4 4 14 14 14 14 14 14 4 4 14 14 6 6 14 14 4 4 14 14 14 14 14 14 4 4 4 4 4 4 4 4 4 4 4 4
4 4 4 4 4 4 4 4 4 4 4 4 4 4 14 14 14 14 14 14 4 4 2 2 3 3 2 2 4 4 14 14 14 14 14 14 4 4 14 14 6 6 14 14 4 4 14 14 14 14 14 14 4 4 4 4 4 4 4 4 4 4 4 4
4 4 4 4 4 4 4 4 4 4 4 4 4 4 14 14 14 14 14 14 4 4 0 0 14 14 0 0 4 4 14 14 14 14 14 14 4 4 6 6 14 14 6 6 4 4 14 14 14 14 14 14 4 4 4 4 4 4 4 4 4 4 4 4
4 4 4 4 4 4 4 4 4 4 4 4 4 4 14 14 14 14 14 14 4 4 0 0 14 14 0 0 4 4 14 14 14 14 14 14 4 4 6 6 14 14 6 6 4 4 14 14 14 14 14 14 4 4 4 4 4 4 4 4 4 4 4 4
4 4 4 4 4 4 4 4 4 4 4 4 4 4 14 14 14 14 14 14 4 4 2 2 0 0 2 2 4 4 14 14 14 14 14 14 4 4 14 14 6 6 14 14 4 4 14 14 14 14 14 14 4 4 4 4 4 4 4 4 4 4 4 4
4 4 4 4 4 4 4 4 4 4 4 4 4 4 14 14 14 14 14 14 4 4 2 2 0 0 2 2 4 4 14 14 14 14 14 14 4 4 14 14 6 6 14 14 4 4 14 14 14 14 14 14 4 4 4 4 4 4 4 4 4 4 4 4
4 4 4 4 4 4 4 4 4 4 4 4 4 4 4 4 4 4 4 4 4 4 4 4 4 4 4 4 4 4 4 4 4 4 4 4 4 4 4 4 4 4 4 4 4 4 4 4 4 4 4 4 4 4 4 4 4 4 4 4 4 4 4 4
4 4 4 4 4 4 4 4 4 4 4 4 4 4 4 4 4 4 4 4 4 4 4 4 4 4 4 4 4 4 4 4 4 4 4 4 4 4 4 4 4 4 4 4 4 4 4 4 4 4 4 4 4 4 4 4 4 4 4 4 4 4 4 4
4 4 4 4 4 4 4 4 4 4 4 4 4 4 14 14 14 14 14 14 4 4 14 14 14 14 14 14 4 4 14 14 14 14 14 14 4 4 14 14 14 14 14 14 4 4 2 2 0 0 3 3 4 4 4 4 4 4 4 4 4 4 4 4
4 4 4 4 4 4 4 4 4 4 4 4 4 4 14 14 14 14 14 14 4 4 14 14 14 14 14 14 4 4 14 14 14 14 14 14 4 4 14 14 14 14 14 14 4 4 2 2 0 0 3 3 4 4 4 4 4 4 4 4 4 4 4 4
4 4 4 4 4 4 4 4 4 4 4 4 4 4 14 14 14 14 14 14 4 4 14 14 14 14 14 14 4 4 14 14 14 14 14 14 4 4 14 14 14 14 14 14 4 4 0 0 14 14 3 3 4 4 4 4 4 4 4 4 4 4 4 4
4 4 4 4 4 4 4 4 4 4 4 4 4 4 14 14 14 14 14 14 4 4 14 14 14 14 14 14 4 4 14 14 14 14 14 14 4 4 14 14 14 14 14 14 4 4 0 0 14 14 3 3 4 4 4 4 4 4 4 4 4 4 4 4
4 4 4 4 4 4 4 4 4 4 4 4 4 4 14 14 14 14 14 14 4 4 14 14 14 14 14 14 4 4 14 14 14 14 14 14 4 4 14 14 14 14 14 14 4 4 3 3 3 3 3 3 4 4 4 4 4 4 4 4 4 4 4 4
4 4 4 4 4 4 4 4 4 4 4 4 4 4 14 14 14 14 14 14 4 4 14 14 14 14 14 14 4 4 14 14 14 14 14 14 4 4 14 14 14 14 14 14 4 4 3 3 3 3 3 3 4 4 4 4 4 4 4 4 4 4 4 4
4 4 4 4 4 4 4 4 4 4 4 4 4 4 4 4 4 4 4 4 4 4 4 4 4 4 4 4 4 4 4 4 4 4 4 4 4 4 4 4 4 4 4 4 4 4 4 4 4 4 4 4 4 4 4 4 4 4 4 4 4 4 4 4
4 4 4 4 4 4 4 4 4 4 4 4 4 4 4 4 4 4 4 4 4 4 4 4 4 4 4 4 4 4 4 4 4 4 4 4 4 4 4 4 4 4 4 4 4 4 4 4 4 4 4 4 4 4 4 4 4 4 4 4 4 4 4 4
4 4 4 4 4 4 4 4 4 4 4 4 4 4 4 4 4 4 4 4 4 4 4 4 4 4 4 4 4 4 4 4 4 4 4 4 4 4 4 4 4 4 4 4 4 4 4 4 4 4 4 4 4 4 4 4 4 4 4 4 4 4 4 4
4 4 4 4 4 4 4 4 4 4 4 4 4 4 4 4 4 4 4 4 4 4 4 4 4 4 4 4 4 4 4 4 4 4 4 4 4 4 4 4 4 4 4 4 4 4 4 4 4 4 4 4 4 4 4 4 4 4 4 4 4 4 4 4
4 4 4 4 4 4 4 4 4 4 4 4 4 4 4 4 4 4 4 4 4 4 4 4 4 4 4 4 4 4 4 4 4 4 4 4 4 4 4 4 4 4 4 4 4 4 4 4 4 4 4 4 4 4 4 4 4 4 4 4 4 4 4 4
12 12 12 12 12 12 12 12 12 12 12 12 12 12 12 12 12 12 12 12 12 12 12 12 12 12 12 12 12 12 12 12 12 12 12 12 12 12 12 12 12 12 12 12 12 12 12 12 12 12 12 12 12 12 12 12 12 12 12 12 12 12 12 12
[LEVELS] 4/6
[STATE] NOT_FINISHED
[AVAILABLE] ACTION6
[DIFF] 1894 cells changed in bbox (6,0)-(63,63)

[PLAN] invocation 8
These are all and only the solid ordinary tiles whose merged level-5 equality/inequality constraints require color15 instead of their current color14.
plan: ACTION6(x=32,y=6) ACTION6(x=16,y=22) ACTION6(x=32,y=22) ACTION6(x=48,y=22) ACTION6(x=16,y=38) ACTION6(x=32,y=38) ACTION6(x=48,y=38) ACTION6(x=16,y=54) ACTION6(x=32,y=54)
[END PLAN]

[STEP 42]
[ACTION] ACTION6 x=32 y=6
[BOARD] 1/1 settled
4 4 4 4 4 4 4 4 4 4 4 4 4 4 4 4 4 4 4 4 4 4 4 4 4 4 4 4 4 4 4 4 4 4 4 4 4 4 4 4 4 4 4 4 4 4 4 4 4 4 4 4 4 4 14 14 14 14 4 4 4 4 4 4
4 4 4 4 4 4 4 4 4 4 4 4 4 4 4 4 4 4 4 4 4 4 4 4 4 4 4 4 4 4 4 4 4 4 4 4 4 4 4 4 4 4 4 4 4 4 4 4 4 4 4 4 4 4 14 14 14 14 4 4 4 4 4 4
4 4 4 4 4 4 4 4 4 4 4 4 4 4 4 4 4 4 4 4 4 4 4 4 4 4 4 4 4 4 4 4 4 4 4 4 4 4 4 4 4 4 4 4 4 4 4 4 4 4 4 4 4 4 14 14 14 14 4 4 4 4 4 4
4 4 4 4 4 4 4 4 4 4 4 4 4 4 4 4 4 4 4 4 4 4 4 4 4 4 4 4 4 4 4 4 4 4 4 4 4 4 4 4 4 4 4 4 4 4 4 4 4 4 4 4 4 4 14 14 14 14 4 4 4 4 4 4
4 4 4 4 4 4 4 4 4 4 4 4 4 4 3 3 3 3 3 3 4 4 14 14 14 14 14 14 4 4 15 15 15 15 15 15 4 4 4 4 4 4 4 4 4 4 4 4 4 4 4 4 4 4 15 15 15 15 4 4 4 4 4 4
4 4 4 4 4 4 4 4 4 4 4 4 4 4 3 3 3 3 3 3 4 4 14 14 14 14 14 14 4 4 15 15 15 15 15 15 4 4 4 4 4 4 4 4 4 4 4 4 4 4 4 4 4 4 15 15 15 15 4 4 4 4 4 4
4 4 4 4 4 4 4 4 4 4 4 4 4 4 3 3 14 14 0 0 4 4 14 14 14 14 14 14 4 4 15 15 15 15 15 15 4 4 4 4 4 4 4 4 4 4 4 4 4 4 4 4 4 4 15 15 15 15 4 4 4 4 4 4
4 4 4 4 4 4 4 4 4 4 4 4 4 4 3 3 14 14 0 0 4 4 14 14 14 14 14 14 4 4 15 15 15 15 15 15 4 4 4 4 4 4 4 4 4 4 4 4 4 4 4 4 4 4 15 15 15 15 4 4 4 4 4 4
4 4 4 4 4 4 4 4 4 4 4 4 4 4 3 3 0 0 2 2 4 4 14 14 14 14 14 14 4 4 15 15 15 15 15 15 4 4 4 4 4 4 4 4 4 4 4 4 4 4 4 4 4 4 4 4 4 4 4 4 4 4 4 4
4 4 4 4 4 4 4 4 4 4 4 4 4 4 3 3 0 0 2 2 4 4 14 14 14 14 14 14 4 4 15 15 15 15 15 15 4 4 4 4 4 4 4 4 4 4 4 4 4 4 4 4 4 4 4 4 4 4 4 4 4 4 4 4
4 4 4 4 4 4 4 4 4 4 4 4 4 4 4 4 4 4 4 4 4 4 4 4 4 4 4 4 4 4 4 4 4 4 4 4 4 4 4 4 4 4 4 4 4 4 4 4 4 4 4 4 4 4 4 4 4 4 4 4 4 4 4 4
4 4 4 4 4 4 4 4 4 4 4 4 4 4 4 4 4 4 4 4 4 4 4 4 4 4 4 4 4 4 4 4 4 4 4 4 4 4 4 4 4 4 4 4 4 4 4 4 4 4 4 4 4 4 4 4 4 4 4 4 4 4 4 4
4 4 4 4 4 4 4 4 4 4 4 4 4 4 14 14 14 14 14 14 4 4 14 14 6 6 14 14 4 4 14 14 14 14 14 14 4 4 0 0 3 3 3 3 4 4 4 4 4 4 4 4 4 4 4 4 4 4 4 4 4 4 4 4
4 4 4 4 4 4 4 4 4 4 4 4 4 4 14 14 14 14 14 14 4 4 14 14 6 6 14 14 4 4 14 14 14 14 14 14 4 4 0 0 3 3 3 3 4 4 4 4 4 4 4 4 4 4 4 4 4 4 4 4 4 4 4 4
4 4 4 4 4 4 4 4 4 4 4 4 4 4 14 14 14 14 14 14 4 4 6 6 14 14 6 6 4 4 14 14 14 14 14 14 4 4 2 2 15 15 3 3 4 4 4 4 4 4 4 4 4 4 4 4 4 4 4 4 4 4 4 4
4 4 4 4 4 4 4 4 4 4 4 4 4 4 14 14 14 14 14 14 4 4 6 6 14 14 6 6 4 4 14 14 14 14 14 14 4 4 2 2 15 15 3 3 4 4 4 4 4 4 4 4 4 4 4 4 4 4 4 4 4 4 4 4
4 4 4 4 4 4 4 4 4 4 4 4 4 4 14 14 14 14 14 14 4 4 14 14 6 6 14 14 4 4 14 14 14 14 14 14 4 4 0 0 2 2 0 0 4 4 4 4 4 4 4 4 4 4 4 4 4 4 4 4 4 4 4 4
4 4 4 4 4 4 4 4 4 4 4 4 4 4 14 14 14 14 14 14 4 4 14 14 6 6 14 14 4 4 14 14 14 14 14 14 4 4 0 0 2 2 0 0 4 4 4 4 4 4 4 4 4 4 4 4 4 4 4 4 4 4 4 4
4 4 4 4 4 4 4 4 4 4 4 4 4 4 4 4 4 4 4 4 4 4 4 4 4 4 4 4 4 4 4 4 4 4 4 4 4 4 4 4 4 4 4 4 4 4 4 4 4 4 4 4 4 4 4 4 4 4 4 4 4 4 4 4
4 4 4 4 4 4 4 4 4 4 4 4 4 4 4 4 4 4 4 4 4 4 4 4 4 4 4 4 4 4 4 4 4 4 4 4 4 4 4 4 4 4 4 4 4 4 4 4 4 4 4 4 4 4 4 4 4 4 4 4 4 4 4 4
4 4 4 4 4 4 14 14 14 14 14 14 4 4 14 14 14 14 14 14 4 4 14 14 14 14 14 14 4 4 14 14 14 14 14 14 4 4 14 14 14 14 14 14 4 4 14 14 14 14 14 14 4 4 14 14 14 14 14 14 4 4 4 4
4 4 4 4 4 4 14 14 14 14 14 14 4 4 14 14 14 14 14 14 4 4 14 14 14 14 14 14 4 4 14 14 14 14 14 14 4 4 14 14 14 14 14 14 4 4 14 14 14 14 14 14 4 4 14 14 14 14 14 14 4 4 4 4
4 4 4 4 4 4 14 14 14 14 14 14 4 4 14 14 14 14 14 14 4 4 14 14 14 14 14 14 4 4 14 14 14 14 14 14 4 4 14 14 14 14 14 14 4 4 14 14 14 14 14 14 4 4 14 14 14 14 14 14 4 4 4 4
4 4 4 4 4 4 14 14 14 14 14 14 4 4 14 14 14 14 14 14 4 4 14 14 14 14 14 14 4 4 14 14 14 14 14 14 4 4 14 14 14 14 14 14 4 4 14 14 14 14 14 14 4 4 14 14 14 14 14 14 4 4 4 4
4 4 4 4 4 4 14 14 14 14 14 14 4 4 14 14 14 14 14 14 4 4 14 14 14 14 14 14 4 4 14 14 14 14 14 14 4 4 14 14 14 14 14 14 4 4 14 14 14 14 14 14 4 4 14 14 14 14 14 14 4 4 4 4
4 4 4 4 4 4 14 14 14 14 14 14 4 4 14 14 14 14 14 14 4 4 14 14 14 14 14 14 4 4 14 14 14 14 14 14 4 4 14 14 14 14 14 14 4 4 14 14 14 14 14 14 4 4 14 14 14 14 14 14 4 4 4 4
4 4 4 4 4 4 4 4 4 4 4 4 4 4 4 4 4 4 4 4 4 4 4 4 4 4 4 4 4 4 4 4 4 4 4 4 4 4 4 4 4 4 4 4 4 4 4 4 4 4 4 4 4 4 4 4 4 4 4 4 4 4 4 4
4 4 4 4 4 4 4 4 4 4 4 4 4 4 4 4 4 4 4 4 4 4 4 4 4 4 4 4 4 4 4 4 4 4 4 4 4 4 4 4 4 4 4 4 4 4 4 4 4 4 4 4 4 4 4 4 4 4 4 4 4 4 4 4
4 4 4 4 4 4 3 3 2 2 0 0 4 4 14 14 14 14 14 14 4 4 14 14 6 6 14 14 4 4 14 14 14 14 14 14 4 4 2 2 0 0 2 2 4 4 14 14 14 14 14 14 4 4 2 2 0 0 3 3 4 4 4 4
4 4 4 4 4 4 3 3 2 2 0 0 4 4 14 14 14 14 14 14 4 4 14 14 6 6 14 14 4 4 14 14 14 14 14 14 4 4 2 2 0 0 2 2 4 4 14 14 14 14 14 14 4 4 2 2 0 0 3 3 4 4 4 4
4 4 4 4 4 4 3 3 15 15 2 2 4 4 14 14 14 14 14 14 4 4 6 6 14 14 6 6 4 4 14 14 14 14 14 14 4 4 0 0 14 14 0 0 4 4 14 14 14 14 14 14 4 4 0 0 14 14 3 3 4 4 4 4
4 4 4 4 4 4 3 3 15 15 2 2 4 4 14 14 14 14 14 14 4 4 6 6 14 14 6 6 4 4 14 14 14 14 14 14 4 4 0 0 14 14 0 0 4 4 14 14 14 14 14 14 4 4 0 0 14 14 3 3 4 4 4 4
4 4 4 4 4 4 3 3 2 2 0 0 4 4 14 14 14 14 14 14 4 4 14 14 6 6 14 14 4 4 14 14 14 14 14 14 4 4 2 2 0 0 2 2 4 4 14 14 14 14 14 14 4 4 2 2 0 0 3 3 4 4 4 4
4 4 4 4 4 4 3 3 2 2 0 0 4 4 14 14 14 14 14 14 4 4 14 14 6 6 14 14 4 4 14 14 14 14 14 14 4 4 2 2 0 0 2 2 4 4 14 14 14 14 14 14 4 4 2 2 0 0 3 3 4 4 4 4
4 4 4 4 4 4 4 4 4 4 4 4 4 4 4 4 4 4 4 4 4 4 4 4 4 4 4 4 4 4 4 4 4 4 4 4 4 4 4 4 4 4 4 4 4 4 4 4 4 4 4 4 4 4 4 4 4 4 4 4 4 4 4 4
4 4 4 4 4 4 4 4 4 4 4 4 4 4 4 4 4 4 4 4 4 4 4 4 4 4 4 4 4 4 4 4 4 4 4 4 4 4 4 4 4 4 4 4 4 4 4 4 4 4 4 4 4 4 4 4 4 4 4 4 4 4 4 4
4 4 4 4 4 4 14 14 14 14 14 14 4 4 14 14 14 14 14 14 4 4 0 0 2 2 0 0 4 4 14 14 14 14 14 14 4 4 14 14 14 14 14 14 4 4 14 14 14 14 14 14 4 4 14 14 14 14 14 14 4 4 4 4
4 4 4 4 4 4 14 14 14 14 14 14 4 4 14 14 14 14 14 14 4 4 0 0 2 2 0 0 4 4 14 14 14 14 14 14 4 4 14 14 14 14 14 14 4 4 14 14 14 14 14 14 4 4 14 14 14 14 14 14 4 4 4 4
4 4 4 4 4 4 14 14 14 14 14 14 4 4 14 14 14 14 14 14 4 4 2 2 14 14 2 2 4 4 14 14 14 14 14 14 4 4 14 14 14 14 14 14 4 4 14 14 14 14 14 14 4 4 14 14 14 14 14 14 4 4 4 4
4 4 4 4 4 4 14 14 14 14 14 14 4 4 14 14 14 14 14 14 4 4 2 2 14 14 2 2 4 4 14 14 14 14 14 14 4 4 14 14 14 14 14 14 4 4 14 14 14 14 14 14 4 4 14 14 14 14 14 14 4 4 4 4
4 4 4 4 4 4 14 14 14 14 14 14 4 4 14 14 14 14 14 14 4 4 0 0 3 3 0 0 4 4 14 14 14 14 14 14 4 4 14 14 14 14 14 14 4 4 14 14 14 14 14 14 4 4 14 14 14 14 14 14 4 4 4 4
4 4 4 4 4 4 14 14 14 14 14 14 4 4 14 14 14 14 14 14 4 4 0 0 3 3 0 0 4 4 14 14 14 14 14 14 4 4 14 14 14 14 14 14 4 4 14 14 14 14 14 14 4 4 14 14 14 14 14 14 4 4 4 4
4 4 4 4 4 4 4 4 4 4 4 4 4 4 4 4 4 4 4 4 4 4 4 4 4 4 4 4 4 4 4 4 4 4 4 4 4 4 4 4 4 4 4 4 4 4 4 4 4 4 4 4 4 4 4 4 4 4 4 4 4 4 4 4
4 4 4 4 4 4 4 4 4 4 4 4 4 4 4 4 4 4 4 4 4 4 4 4 4 4 4 4 4 4 4 4 4 4 4 4 4 4 4 4 4 4 4 4 4 4 4 4 4 4 4 4 4 4 4 4 4 4 4 4 4 4 4 4
4 4 4 4 4 4 4 4 4 4 4 4 4 4 14 14 14 14 14 14 4 4 2 2 3 3 2 2 4 4 14 14 14 14 14 14 4 4 14 14 6 6 14 14 4 4 14 14 14 14 14 14 4 4 4 4 4 4 4 4 4 4 4 4
4 4 4 4 4 4 4 4 4 4 4 4 4 4 14 14 14 14 14 14 4 4 2 2 3 3 2 2 4 4 14 14 14 14 14 14 4 4 14 14 6 6 14 14 4 4 14 14 14 14 14 14 4 4 4 4 4 4 4 4 4 4 4 4
4 4 4 4 4 4 4 4 4 4 4 4 4 4 14 14 14 14 14 14 4 4 0 0 14 14 0 0 4 4 14 14 14 14 14 14 4 4 6 6 14 14 6 6 4 4 14 14 14 14 14 14 4 4 4 4 4 4 4 4 4 4 4 4
4 4 4 4 4 4 4 4 4 4 4 4 4 4 14 14 14 14 14 14 4 4 0 0 14 14 0 0 4 4 14 14 14 14 14 14 4 4 6 6 14 14 6 6 4 4 14 14 14 14 14 14 4 4 4 4 4 4 4 4 4 4 4 4
4 4 4 4 4 4 4 4 4 4 4 4 4 4 14 14 14 14 14 14 4 4 2 2 0 0 2 2 4 4 14 14 14 14 14 14 4 4 14 14 6 6 14 14 4 4 14 14 14 14 14 14 4 4 4 4 4 4 4 4 4 4 4 4
4 4 4 4 4 4 4 4 4 4 4 4 4 4 14 14 14 14 14 14 4 4 2 2 0 0 2 2 4 4 14 14 14 14 14 14 4 4 14 14 6 6 14 14 4 4 14 14 14 14 14 14 4 4 4 4 4 4 4 4 4 4 4 4
4 4 4 4 4 4 4 4 4 4 4 4 4 4 4 4 4 4 4 4 4 4 4 4 4 4 4 4 4 4 4 4 4 4 4 4 4 4 4 4 4 4 4 4 4 4 4 4 4 4 4 4 4 4 4 4 4 4 4 4 4 4 4 4
4 4 4 4 4 4 4 4 4 4 4 4 4 4 4 4 4 4 4 4 4 4 4 4 4 4 4 4 4 4 4 4 4 4 4 4 4 4 4 4 4 4 4 4 4 4 4 4 4 4 4 4 4 4 4 4 4 4 4 4 4 4 4 4
4 4 4 4 4 4 4 4 4 4 4 4 4 4 14 14 14 14 14 14 4 4 14 14 14 14 14 14 4 4 14 14 14 14 14 14 4 4 14 14 14 14 14 14 4 4 2 2 0 0 3 3 4 4 4 4 4 4 4 4 4 4 4 4
4 4 4 4 4 4 4 4 4 4 4 4 4 4 14 14 14 14 14 14 4 4 14 14 14 14 14 14 4 4 14 14 14 14 14 14 4 4 14 14 14 14 14 14 4 4 2 2 0 0 3 3 4 4 4 4 4 4 4 4 4 4 4 4
4 4 4 4 4 4 4 4 4 4 4 4 4 4 14 14 14 14 14 14 4 4 14 14 14 14 14 14 4 4 14 14 14 14 14 14 4 4 14 14 14 14 14 14 4 4 0 0 14 14 3 3 4 4 4 4 4 4 4 4 4 4 4 4
4 4 4 4 4 4 4 4 4 4 4 4 4 4 14 14 14 14 14 14 4 4 14 14 14 14 14 14 4 4 14 14 14 14 14 14 4 4 14 14 14 14 14 14 4 4 0 0 14 14 3 3 4 4 4 4 4 4 4 4 4 4 4 4
4 4 4 4 4 4 4 4 4 4 4 4 4 4 14 14 14 14 14 14 4 4 14 14 14 14 14 14 4 4 14 14 14 14 14 14 4 4 14 14 14 14 14 14 4 4 3 3 3 3 3 3 4 4 4 4 4 4 4 4 4 4 4 4
4 4 4 4 4 4 4 4 4 4 4 4 4 4 14 14 14 14 14 14 4 4 14 14 14 14 14 14 4 4 14 14 14 14 14 14 4 4 14 14 14 14 14 14 4 4 3 3 3 3 3 3 4 4 4 4 4 4 4 4 4 4 4 4
4 4 4 4 4 4 4 4 4 4 4 4 4 4 4 4 4 4 4 4 4 4 4 4 4 4 4 4 4 4 4 4 4 4 4 4 4 4 4 4 4 4 4 4 4 4 4 4 4 4 4 4 4 4 4 4 4 4 4 4 4 4 4 4
4 4 4 4 4 4 4 4 4 4 4 4 4 4 4 4 4 4 4 4 4 4 4 4 4 4 4 4 4 4 4 4 4 4 4 4 4 4 4 4 4 4 4 4 4 4 4 4 4 4 4 4 4 4 4 4 4 4 4 4 4 4 4 4
4 4 4 4 4 4 4 4 4 4 4 4 4 4 4 4 4 4 4 4 4 4 4 4 4 4 4 4 4 4 4 4 4 4 4 4 4 4 4 4 4 4 4 4 4 4 4 4 4 4 4 4 4 4 4 4 4 4 4 4 4 4 4 4
4 4 4 4 4 4 4 4 4 4 4 4 4 4 4 4 4 4 4 4 4 4 4 4 4 4 4 4 4 4 4 4 4 4 4 4 4 4 4 4 4 4 4 4 4 4 4 4 4 4 4 4 4 4 4 4 4 4 4 4 4 4 4 4
4 4 4 4 4 4 4 4 4 4 4 4 4 4 4 4 4 4 4 4 4 4 4 4 4 4 4 4 4 4 4 4 4 4 4 4 4 4 4 4 4 4 4 4 4 4 4 4 4 4 4 4 4 4 4 4 4 4 4 4 4 4 4 4
12 12 12 12 12 12 12 12 12 12 12 12 12 12 12 12 12 12 12 12 12 12 12 12 12 12 12 12 12 12 12 12 12 12 12 12 12 12 12 12 12 12 12 12 12 12 12 12 12 12 12 12 12 12 12 12 12 12 12 12 12 12 12 12
[LEVELS] 4/6
[STATE] NOT_FINISHED
[AVAILABLE] ACTION6
[DIFF] 36 cells: (30,4) 14>15; (31,4) 14>15; (32,4) 14>15; (33,4) 14>15; (34,4) 14>15; (35,4) 14>15; (30,5) 14>15; (31,5) 14>15; (32,5) 14>15; (33,5) 14>15; (34,5) 14>15; (35,5) 14>15; (30,6) 14>15; (31,6) 14>15; (32,6) 14>15; (33,6) 14>15; (34,6) 14>15; (35,6) 14>15; (30,7) 14>15; (31,7) 14>15; (32,7) 14>15; (33,7) 14>15; (34,7) 14>15; (35,7) 14>15; (30,8) 14>15; (31,8) 14>15; (32,8) 14>15; (33,8) 14>15; (34,8) 14>15; (35,8) 14>15; (30,9) 14>15; (31,9) 14>15; (32,9) 14>15; (33,9) 14>15; (34,9) 14>15; (35,9) 14>15

[STEP 43]
[ACTION] ACTION6 x=16 y=22
[BOARD] 1/1 settled
4 4 4 4 4 4 4 4 4 4 4 4 4 4 4 4 4 4 4 4 4 4 4 4 4 4 4 4 4 4 4 4 4 4 4 4 4 4 4 4 4 4 4 4 4 4 4 4 4 4 4 4 4 4 14 14 14 14 4 4 4 4 4 4
4 4 4 4 4 4 4 4 4 4 4 4 4 4 4 4 4 4 4 4 4 4 4 4 4 4 4 4 4 4 4 4 4 4 4 4 4 4 4 4 4 4 4 4 4 4 4 4 4 4 4 4 4 4 14 14 14 14 4 4 4 4 4 4
4 4 4 4 4 4 4 4 4 4 4 4 4 4 4 4 4 4 4 4 4 4 4 4 4 4 4 4 4 4 4 4 4 4 4 4 4 4 4 4 4 4 4 4 4 4 4 4 4 4 4 4 4 4 14 14 14 14 4 4 4 4 4 4
4 4 4 4 4 4 4 4 4 4 4 4 4 4 4 4 4 4 4 4 4 4 4 4 4 4 4 4 4 4 4 4 4 4 4 4 4 4 4 4 4 4 4 4 4 4 4 4 4 4 4 4 4 4 14 14 14 14 4 4 4 4 4 4
4 4 4 4 4 4 4 4 4 4 4 4 4 4 3 3 3 3 3 3 4 4 14 14 14 14 14 14 4 4 15 15 15 15 15 15 4 4 4 4 4 4 4 4 4 4 4 4 4 4 4 4 4 4 15 15 15 15 4 4 4 4 4 4
4 4 4 4 4 4 4 4 4 4 4 4 4 4 3 3 3 3 3 3 4 4 14 14 14 14 14 14 4 4 15 15 15 15 15 15 4 4 4 4 4 4 4 4 4 4 4 4 4 4 4 4 4 4 15 15 15 15 4 4 4 4 4 4
4 4 4 4 4 4 4 4 4 4 4 4 4 4 3 3 14 14 0 0 4 4 14 14 14 14 14 14 4 4 15 15 15 15 15 15 4 4 4 4 4 4 4 4 4 4 4 4 4 4 4 4 4 4 15 15 15 15 4 4 4 4 4 4
4 4 4 4 4 4 4 4 4 4 4 4 4 4 3 3 14 14 0 0 4 4 14 14 14 14 14 14 4 4 15 15 15 15 15 15 4 4 4 4 4 4 4 4 4 4 4 4 4 4 4 4 4 4 15 15 15 15 4 4 4 4 4 4
4 4 4 4 4 4 4 4 4 4 4 4 4 4 3 3 0 0 2 2 4 4 14 14 14 14 14 14 4 4 15 15 15 15 15 15 4 4 4 4 4 4 4 4 4 4 4 4 4 4 4 4 4 4 4 4 4 4 4 4 4 4 4 4
4 4 4 4 4 4 4 4 4 4 4 4 4 4 3 3 0 0 2 2 4 4 14 14 14 14 14 14 4 4 15 15 15 15 15 15 4 4 4 4 4 4 4 4 4 4 4 4 4 4 4 4 4 4 4 4 4 4 4 4 4 4 4 4
4 4 4 4 4 4 4 4 4 4 4 4 4 4 4 4 4 4 4 4 4 4 4 4 4 4 4 4 4 4 4 4 4 4 4 4 4 4 4 4 4 4 4 4 4 4 4 4 4 4 4 4 4 4 4 4 4 4 4 4 4 4 4 4
4 4 4 4 4 4 4 4 4 4 4 4 4 4 4 4 4 4 4 4 4 4 4 4 4 4 4 4 4 4 4 4 4 4 4 4 4 4 4 4 4 4 4 4 4 4 4 4 4 4 4 4 4 4 4 4 4 4 4 4 4 4 4 4
4 4 4 4 4 4 4 4 4 4 4 4 4 4 14 14 14 14 14 14 4 4 14 14 6 6 14 14 4 4 14 14 14 14 14 14 4 4 0 0 3 3 3 3 4 4 4 4 4 4 4 4 4 4 4 4 4 4 4 4 4 4 4 4
4 4 4 4 4 4 4 4 4 4 4 4 4 4 14 14 14 14 14 14 4 4 14 14 6 6 14 14 4 4 14 14 14 14 14 14 4 4 0 0 3 3 3 3 4 4 4 4 4 4 4 4 4 4 4 4 4 4 4 4 4 4 4 4
4 4 4 4 4 4 4 4 4 4 4 4 4 4 14 14 14 14 14 14 4 4 6 6 14 14 6 6 4 4 14 14 14 14 14 14 4 4 2 2 15 15 3 3 4 4 4 4 4 4 4 4 4 4 4 4 4 4 4 4 4 4 4 4
4 4 4 4 4 4 4 4 4 4 4 4 4 4 14 14 14 14 14 14 4 4 6 6 14 14 6 6 4 4 14 14 14 14 14 14 4 4 2 2 15 15 3 3 4 4 4 4 4 4 4 4 4 4 4 4 4 4 4 4 4 4 4 4
4 4 4 4 4 4 4 4 4 4 4 4 4 4 14 14 14 14 14 14 4 4 14 14 6 6 14 14 4 4 14 14 14 14 14 14 4 4 0 0 2 2 0 0 4 4 4 4 4 4 4 4 4 4 4 4 4 4 4 4 4 4 4 4
4 4 4 4 4 4 4 4 4 4 4 4 4 4 14 14 14 14 14 14 4 4 14 14 6 6 14 14 4 4 14 14 14 14 14 14 4 4 0 0 2 2 0 0 4 4 4 4 4 4 4 4 4 4 4 4 4 4 4 4 4 4 4 4
4 4 4 4 4 4 4 4 4 4 4 4 4 4 4 4 4 4 4 4 4 4 4 4 4 4 4 4 4 4 4 4 4 4 4 4 4 4 4 4 4 4 4 4 4 4 4 4 4 4 4 4 4 4 4 4 4 4 4 4 4 4 4 4
4 4 4 4 4 4 4 4 4 4 4 4 4 4 4 4 4 4 4 4 4 4 4 4 4 4 4 4 4 4 4 4 4 4 4 4 4 4 4 4 4 4 4 4 4 4 4 4 4 4 4 4 4 4 4 4 4 4 4 4 4 4 4 4
4 4 4 4 4 4 14 14 14 14 14 14 4 4 15 15 15 15 15 15 4 4 14 14 14 14 14 14 4 4 14 14 14 14 14 14 4 4 14 14 14 14 14 14 4 4 14 14 14 14 14 14 4 4 14 14 14 14 14 14 4 4 4 4
4 4 4 4 4 4 14 14 14 14 14 14 4 4 15 15 15 15 15 15 4 4 14 14 14 14 14 14 4 4 14 14 14 14 14 14 4 4 14 14 14 14 14 14 4 4 14 14 14 14 14 14 4 4 14 14 14 14 14 14 4 4 4 4
4 4 4 4 4 4 14 14 14 14 14 14 4 4 15 15 15 15 15 15 4 4 14 14 14 14 14 14 4 4 14 14 14 14 14 14 4 4 14 14 14 14 14 14 4 4 14 14 14 14 14 14 4 4 14 14 14 14 14 14 4 4 4 4
4 4 4 4 4 4 14 14 14 14 14 14 4 4 15 15 15 15 15 15 4 4 14 14 14 14 14 14 4 4 14 14 14 14 14 14 4 4 14 14 14 14 14 14 4 4 14 14 14 14 14 14 4 4 14 14 14 14 14 14 4 4 4 4
4 4 4 4 4 4 14 14 14 14 14 14 4 4 15 15 15 15 15 15 4 4 14 14 14 14 14 14 4 4 14 14 14 14 14 14 4 4 14 14 14 14 14 14 4 4 14 14 14 14 14 14 4 4 14 14 14 14 14 14 4 4 4 4
4 4 4 4 4 4 14 14 14 14 14 14 4 4 15 15 15 15 15 15 4 4 14 14 14 14 14 14 4 4 14 14 14 14 14 14 4 4 14 14 14 14 14 14 4 4 14 14 14 14 14 14 4 4 14 14 14 14 14 14 4 4 4 4
4 4 4 4 4 4 4 4 4 4 4 4 4 4 4 4 4 4 4 4 4 4 4 4 4 4 4 4 4 4 4 4 4 4 4 4 4 4 4 4 4 4 4 4 4 4 4 4 4 4 4 4 4 4 4 4 4 4 4 4 4 4 4 4
4 4 4 4 4 4 4 4 4 4 4 4 4 4 4 4 4 4 4 4 4 4 4 4 4 4 4 4 4 4 4 4 4 4 4 4 4 4 4 4 4 4 4 4 4 4 4 4 4 4 4 4 4 4 4 4 4 4 4 4 4 4 4 4
4 4 4 4 4 4 3 3 2 2 0 0 4 4 14 14 14 14 14 14 4 4 14 14 6 6 14 14 4 4 14 14 14 14 14 14 4 4 2 2 0 0 2 2 4 4 14 14 14 14 14 14 4 4 2 2 0 0 3 3 4 4 4 4
4 4 4 4 4 4 3 3 2 2 0 0 4 4 14 14 14 14 14 14 4 4 14 14 6 6 14 14 4 4 14 14 14 14 14 14 4 4 2 2 0 0 2 2 4 4 14 14 14 14 14 14 4 4 2 2 0 0 3 3 4 4 4 4
4 4 4 4 4 4 3 3 15 15 2 2 4 4 14 14 14 14 14 14 4 4 6 6 14 14 6 6 4 4 14 14 14 14 14 14 4 4 0 0 14 14 0 0 4 4 14 14 14 14 14 14 4 4 0 0 14 14 3 3 4 4 4 4
4 4 4 4 4 4 3 3 15 15 2 2 4 4 14 14 14 14 14 14 4 4 6 6 14 14 6 6 4 4 14 14 14 14 14 14 4 4 0 0 14 14 0 0 4 4 14 14 14 14 14 14 4 4 0 0 14 14 3 3 4 4 4 4
4 4 4 4 4 4 3 3 2 2 0 0 4 4 14 14 14 14 14 14 4 4 14 14 6 6 14 14 4 4 14 14 14 14 14 14 4 4 2 2 0 0 2 2 4 4 14 14 14 14 14 14 4 4 2 2 0 0 3 3 4 4 4 4
4 4 4 4 4 4 3 3 2 2 0 0 4 4 14 14 14 14 14 14 4 4 14 14 6 6 14 14 4 4 14 14 14 14 14 14 4 4 2 2 0 0 2 2 4 4 14 14 14 14 14 14 4 4 2 2 0 0 3 3 4 4 4 4
4 4 4 4 4 4 4 4 4 4 4 4 4 4 4 4 4 4 4 4 4 4 4 4 4 4 4 4 4 4 4 4 4 4 4 4 4 4 4 4 4 4 4 4 4 4 4 4 4 4 4 4 4 4 4 4 4 4 4 4 4 4 4 4
4 4 4 4 4 4 4 4 4 4 4 4 4 4 4 4 4 4 4 4 4 4 4 4 4 4 4 4 4 4 4 4 4 4 4 4 4 4 4 4 4 4 4 4 4 4 4 4 4 4 4 4 4 4 4 4 4 4 4 4 4 4 4 4
4 4 4 4 4 4 14 14 14 14 14 14 4 4 14 14 14 14 14 14 4 4 0 0 2 2 0 0 4 4 14 14 14 14 14 14 4 4 14 14 14 14 14 14 4 4 14 14 14 14 14 14 4 4 14 14 14 14 14 14 4 4 4 4
4 4 4 4 4 4 14 14 14 14 14 14 4 4 14 14 14 14 14 14 4 4 0 0 2 2 0 0 4 4 14 14 14 14 14 14 4 4 14 14 14 14 14 14 4 4 14 14 14 14 14 14 4 4 14 14 14 14 14 14 4 4 4 4
4 4 4 4 4 4 14 14 14 14 14 14 4 4 14 14 14 14 14 14 4 4 2 2 14 14 2 2 4 4 14 14 14 14 14 14 4 4 14 14 14 14 14 14 4 4 14 14 14 14 14 14 4 4 14 14 14 14 14 14 4 4 4 4
4 4 4 4 4 4 14 14 14 14 14 14 4 4 14 14 14 14 14 14 4 4 2 2 14 14 2 2 4 4 14 14 14 14 14 14 4 4 14 14 14 14 14 14 4 4 14 14 14 14 14 14 4 4 14 14 14 14 14 14 4 4 4 4
4 4 4 4 4 4 14 14 14 14 14 14 4 4 14 14 14 14 14 14 4 4 0 0 3 3 0 0 4 4 14 14 14 14 14 14 4 4 14 14 14 14 14 14 4 4 14 14 14 14 14 14 4 4 14 14 14 14 14 14 4 4 4 4
4 4 4 4 4 4 14 14 14 14 14 14 4 4 14 14 14 14 14 14 4 4 0 0 3 3 0 0 4 4 14 14 14 14 14 14 4 4 14 14 14 14 14 14 4 4 14 14 14 14 14 14 4 4 14 14 14 14 14 14 4 4 4 4
4 4 4 4 4 4 4 4 4 4 4 4 4 4 4 4 4 4 4 4 4 4 4 4 4 4 4 4 4 4 4 4 4 4 4 4 4 4 4 4 4 4 4 4 4 4 4 4 4 4 4 4 4 4 4 4 4 4 4 4 4 4 4 4
4 4 4 4 4 4 4 4 4 4 4 4 4 4 4 4 4 4 4 4 4 4 4 4 4 4 4 4 4 4 4 4 4 4 4 4 4 4 4 4 4 4 4 4 4 4 4 4 4 4 4 4 4 4 4 4 4 4 4 4 4 4 4 4
4 4 4 4 4 4 4 4 4 4 4 4 4 4 14 14 14 14 14 14 4 4 2 2 3 3 2 2 4 4 14 14 14 14 14 14 4 4 14 14 6 6 14 14 4 4 14 14 14 14 14 14 4 4 4 4 4 4 4 4 4 4 4 4
4 4 4 4 4 4 4 4 4 4 4 4 4 4 14 14 14 14 14 14 4 4 2 2 3 3 2 2 4 4 14 14 14 14 14 14 4 4 14 14 6 6 14 14 4 4 14 14 14 14 14 14 4 4 4 4 4 4 4 4 4 4 4 4
4 4 4 4 4 4 4 4 4 4 4 4 4 4 14 14 14 14 14 14 4 4 0 0 14 14 0 0 4 4 14 14 14 14 14 14 4 4 6 6 14 14 6 6 4 4 14 14 14 14 14 14 4 4 4 4 4 4 4 4 4 4 4 4
4 4 4 4 4 4 4 4 4 4 4 4 4 4 14 14 14 14 14 14 4 4 0 0 14 14 0 0 4 4 14 14 14 14 14 14 4 4 6 6 14 14 6 6 4 4 14 14 14 14 14 14 4 4 4 4 4 4 4 4 4 4 4 4
4 4 4 4 4 4 4 4 4 4 4 4 4 4 14 14 14 14 14 14 4 4 2 2 0 0 2 2 4 4 14 14 14 14 14 14 4 4 14 14 6 6 14 14 4 4 14 14 14 14 14 14 4 4 4 4 4 4 4 4 4 4 4 4
4 4 4 4 4 4 4 4 4 4 4 4 4 4 14 14 14 14 14 14 4 4 2 2 0 0 2 2 4 4 14 14 14 14 14 14 4 4 14 14 6 6 14 14 4 4 14 14 14 14 14 14 4 4 4 4 4 4 4 4 4 4 4 4
4 4 4 4 4 4 4 4 4 4 4 4 4 4 4 4 4 4 4 4 4 4 4 4 4 4 4 4 4 4 4 4 4 4 4 4 4 4 4 4 4 4 4 4 4 4 4 4 4 4 4 4 4 4 4 4 4 4 4 4 4 4 4 4
4 4 4 4 4 4 4 4 4 4 4 4 4 4 4 4 4 4 4 4 4 4 4 4 4 4 4 4 4 4 4 4 4 4 4 4 4 4 4 4 4 4 4 4 4 4 4 4 4 4 4 4 4 4 4 4 4 4 4 4 4 4 4 4
4 4 4 4 4 4 4 4 4 4 4 4 4 4 14 14 14 14 14 14 4 4 14 14 14 14 14 14 4 4 14 14 14 14 14 14 4 4 14 14 14 14 14 14 4 4 2 2 0 0 3 3 4 4 4 4 4 4 4 4 4 4 4 4
4 4 4 4 4 4 4 4 4 4 4 4 4 4 14 14 14 14 14 14 4 4 14 14 14 14 14 14 4 4 14 14 14 14 14 14 4 4 14 14 14 14 14 14 4 4 2 2 0 0 3 3 4 4 4 4 4 4 4 4 4 4 4 4
4 4 4 4 4 4 4 4 4 4 4 4 4 4 14 14 14 14 14 14 4 4 14 14 14 14 14 14 4 4 14 14 14 14 14 14 4 4 14 14 14 14 14 14 4 4 0 0 14 14 3 3 4 4 4 4 4 4 4 4 4 4 4 4
4 4 4 4 4 4 4 4 4 4 4 4 4 4 14 14 14 14 14 14 4 4 14 14 14 14 14 14 4 4 14 14 14 14 14 14 4 4 14 14 14 14 14 14 4 4 0 0 14 14 3 3 4 4 4 4 4 4 4 4 4 4 4 4
4 4 4 4 4 4 4 4 4 4 4 4 4 4 14 14 14 14 14 14 4 4 14 14 14 14 14 14 4 4 14 14 14 14 14 14 4 4 14 14 14 14 14 14 4 4 3 3 3 3 3 3 4 4 4 4 4 4 4 4 4 4 4 4
4 4 4 4 4 4 4 4 4 4 4 4 4 4 14 14 14 14 14 14 4 4 14 14 14 14 14 14 4 4 14 14 14 14 14 14 4 4 14 14 14 14 14 14 4 4 3 3 3 3 3 3 4 4 4 4 4 4 4 4 4 4 4 4
4 4 4 4 4 4 4 4 4 4 4 4 4 4 4 4 4 4 4 4 4 4 4 4 4 4 4 4 4 4 4 4 4 4 4 4 4 4 4 4 4 4 4 4 4 4 4 4 4 4 4 4 4 4 4 4 4 4 4 4 4 4 4 4
4 4 4 4 4 4 4 4 4 4 4 4 4 4 4 4 4 4 4 4 4 4 4 4 4 4 4 4 4 4 4 4 4 4 4 4 4 4 4 4 4 4 4 4 4 4 4 4 4 4 4 4 4 4 4 4 4 4 4 4 4 4 4 4
4 4 4 4 4 4 4 4 4 4 4 4 4 4 4 4 4 4 4 4 4 4 4 4 4 4 4 4 4 4 4 4 4 4 4 4 4 4 4 4 4 4 4 4 4 4 4 4 4 4 4 4 4 4 4 4 4 4 4 4 4 4 4 4
4 4 4 4 4 4 4 4 4 4 4 4 4 4 4 4 4 4 4 4 4 4 4 4 4 4 4 4 4 4 4 4 4 4 4 4 4 4 4 4 4 4 4 4 4 4 4 4 4 4 4 4 4 4 4 4 4 4 4 4 4 4 4 4
4 4 4 4 4 4 4 4 4 4 4 4 4 4 4 4 4 4 4 4 4 4 4 4 4 4 4 4 4 4 4 4 4 4 4 4 4 4 4 4 4 4 4 4 4 4 4 4 4 4 4 4 4 4 4 4 4 4 4 4 4 4 4 4
12 12 12 12 12 12 12 12 12 12 12 12 12 12 12 12 12 12 12 12 12 12 12 12 12 12 12 12 12 12 12 12 12 12 12 12 12 12 12 12 12 12 12 12 12 12 12 12 12 12 12 12 12 12 12 12 12 12 12 12 12 12 12 11
[LEVELS] 4/6
[STATE] NOT_FINISHED
[AVAILABLE] ACTION6
[DIFF] 37 cells: (14,20) 14>15; (15,20) 14>15; (16,20) 14>15; (17,20) 14>15; (18,20) 14>15; (19,20) 14>15; (14,21) 14>15; (15,21) 14>15; (16,21) 14>15; (17,21) 14>15; (18,21) 14>15; (19,21) 14>15; (14,22) 14>15; (15,22) 14>15; (16,22) 14>15; (17,22) 14>15; (18,22) 14>15; (19,22) 14>15; (14,23) 14>15; (15,23) 14>15; (16,23) 14>15; (17,23) 14>15; (18,23) 14>15; (19,23) 14>15; (14,24) 14>15; (15,24) 14>15; (16,24) 14>15; (17,24) 14>15; (18,24) 14>15; (19,24) 14>15; (14,25) 14>15; (15,25) 14>15; (16,25) 14>15; (17,25) 14>15; (18,25) 14>15; (19,25) 14>15; (63,63) 12>11

[STEP 44]
[ACTION] ACTION6 x=32 y=22
[BOARD] 1/1 settled
4 4 4 4 4 4 4 4 4 4 4 4 4 4 4 4 4 4 4 4 4 4 4 4 4 4 4 4 4 4 4 4 4 4 4 4 4 4 4 4 4 4 4 4 4 4 4 4 4 4 4 4 4 4 14 14 14 14 4 4 4 4 4 4
4 4 4 4 4 4 4 4 4 4 4 4 4 4 4 4 4 4 4 4 4 4 4 4 4 4 4 4 4 4 4 4 4 4 4 4 4 4 4 4 4 4 4 4 4 4 4 4 4 4 4 4 4 4 14 14 14 14 4 4 4 4 4 4
4 4 4 4 4 4 4 4 4 4 4 4 4 4 4 4 4 4 4 4 4 4 4 4 4 4 4 4 4 4 4 4 4 4 4 4 4 4 4 4 4 4 4 4 4 4 4 4 4 4 4 4 4 4 14 14 14 14 4 4 4 4 4 4
4 4 4 4 4 4 4 4 4 4 4 4 4 4 4 4 4 4 4 4 4 4 4 4 4 4 4 4 4 4 4 4 4 4 4 4 4 4 4 4 4 4 4 4 4 4 4 4 4 4 4 4 4 4 14 14 14 14 4 4 4 4 4 4
4 4 4 4 4 4 4 4 4 4 4 4 4 4 3 3 3 3 3 3 4 4 14 14 14 14 14 14 4 4 15 15 15 15 15 15 4 4 4 4 4 4 4 4 4 4 4 4 4 4 4 4 4 4 15 15 15 15 4 4 4 4 4 4
4 4 4 4 4 4 4 4 4 4 4 4 4 4 3 3 3 3 3 3 4 4 14 14 14 14 14 14 4 4 15 15 15 15 15 15 4 4 4 4 4 4 4 4 4 4 4 4 4 4 4 4 4 4 15 15 15 15 4 4 4 4 4 4
4 4 4 4 4 4 4 4 4 4 4 4 4 4 3 3 14 14 0 0 4 4 14 14 14 14 14 14 4 4 15 15 15 15 15 15 4 4 4 4 4 4 4 4 4 4 4 4 4 4 4 4 4 4 15 15 15 15 4 4 4 4 4 4
4 4 4 4 4 4 4 4 4 4 4 4 4 4 3 3 14 14 0 0 4 4 14 14 14 14 14 14 4 4 15 15 15 15 15 15 4 4 4 4 4 4 4 4 4 4 4 4 4 4 4 4 4 4 15 15 15 15 4 4 4 4 4 4
4 4 4 4 4 4 4 4 4 4 4 4 4 4 3 3 0 0 2 2 4 4 14 14 14 14 14 14 4 4 15 15 15 15 15 15 4 4 4 4 4 4 4 4 4 4 4 4 4 4 4 4 4 4 4 4 4 4 4 4 4 4 4 4
4 4 4 4 4 4 4 4 4 4 4 4 4 4 3 3 0 0 2 2 4 4 14 14 14 14 14 14 4 4 15 15 15 15 15 15 4 4 4 4 4 4 4 4 4 4 4 4 4 4 4 4 4 4 4 4 4 4 4 4 4 4 4 4
4 4 4 4 4 4 4 4 4 4 4 4 4 4 4 4 4 4 4 4 4 4 4 4 4 4 4 4 4 4 4 4 4 4 4 4 4 4 4 4 4 4 4 4 4 4 4 4 4 4 4 4 4 4 4 4 4 4 4 4 4 4 4 4
4 4 4 4 4 4 4 4 4 4 4 4 4 4 4 4 4 4 4 4 4 4 4 4 4 4 4 4 4 4 4 4 4 4 4 4 4 4 4 4 4 4 4 4 4 4 4 4 4 4 4 4 4 4 4 4 4 4 4 4 4 4 4 4
4 4 4 4 4 4 4 4 4 4 4 4 4 4 14 14 14 14 14 14 4 4 14 14 6 6 14 14 4 4 14 14 14 14 14 14 4 4 0 0 3 3 3 3 4 4 4 4 4 4 4 4 4 4 4 4 4 4 4 4 4 4 4 4
4 4 4 4 4 4 4 4 4 4 4 4 4 4 14 14 14 14 14 14 4 4 14 14 6 6 14 14 4 4 14 14 14 14 14 14 4 4 0 0 3 3 3 3 4 4 4 4 4 4 4 4 4 4 4 4 4 4 4 4 4 4 4 4
4 4 4 4 4 4 4 4 4 4 4 4 4 4 14 14 14 14 14 14 4 4 6 6 14 14 6 6 4 4 14 14 14 14 14 14 4 4 2 2 15 15 3 3 4 4 4 4 4 4 4 4 4 4 4 4 4 4 4 4 4 4 4 4
4 4 4 4 4 4 4 4 4 4 4 4 4 4 14 14 14 14 14 14 4 4 6 6 14 14 6 6 4 4 14 14 14 14 14 14 4 4 2 2 15 15 3 3 4 4 4 4 4 4 4 4 4 4 4 4 4 4 4 4 4 4 4 4
4 4 4 4 4 4 4 4 4 4 4 4 4 4 14 14 14 14 14 14 4 4 14 14 6 6 14 14 4 4 14 14 14 14 14 14 4 4 0 0 2 2 0 0 4 4 4 4 4 4 4 4 4 4 4 4 4 4 4 4 4 4 4 4
4 4 4 4 4 4 4 4 4 4 4 4 4 4 14 14 14 14 14 14 4 4 14 14 6 6 14 14 4 4 14 14 14 14 14 14 4 4 0 0 2 2 0 0 4 4 4 4 4 4 4 4 4 4 4 4 4 4 4 4 4 4 4 4
4 4 4 4 4 4 4 4 4 4 4 4 4 4 4 4 4 4 4 4 4 4 4 4 4 4 4 4 4 4 4 4 4 4 4 4 4 4 4 4 4 4 4 4 4 4 4 4 4 4 4 4 4 4 4 4 4 4 4 4 4 4 4 4
4 4 4 4 4 4 4 4 4 4 4 4 4 4 4 4 4 4 4 4 4 4 4 4 4 4 4 4 4 4 4 4 4 4 4 4 4 4 4 4 4 4 4 4 4 4 4 4 4 4 4 4 4 4 4 4 4 4 4 4 4 4 4 4
4 4 4 4 4 4 14 14 14 14 14 14 4 4 15 15 15 15 15 15 4 4 14 14 14 14 14 14 4 4 15 15 15 15 15 15 4 4 14 14 14 14 14 14 4 4 14 14 14 14 14 14 4 4 14 14 14 14 14 14 4 4 4 4
4 4 4 4 4 4 14 14 14 14 14 14 4 4 15 15 15 15 15 15 4 4 14 14 14 14 14 14 4 4 15 15 15 15 15 15 4 4 14 14 14 14 14 14 4 4 14 14 14 14 14 14 4 4 14 14 14 14 14 14 4 4 4 4
4 4 4 4 4 4 14 14 14 14 14 14 4 4 15 15 15 15 15 15 4 4 14 14 14 14 14 14 4 4 15 15 15 15 15 15 4 4 14 14 14 14 14 14 4 4 14 14 14 14 14 14 4 4 14 14 14 14 14 14 4 4 4 4
4 4 4 4 4 4 14 14 14 14 14 14 4 4 15 15 15 15 15 15 4 4 14 14 14 14 14 14 4 4 15 15 15 15 15 15 4 4 14 14 14 14 14 14 4 4 14 14 14 14 14 14 4 4 14 14 14 14 14 14 4 4 4 4
4 4 4 4 4 4 14 14 14 14 14 14 4 4 15 15 15 15 15 15 4 4 14 14 14 14 14 14 4 4 15 15 15 15 15 15 4 4 14 14 14 14 14 14 4 4 14 14 14 14 14 14 4 4 14 14 14 14 14 14 4 4 4 4
4 4 4 4 4 4 14 14 14 14 14 14 4 4 15 15 15 15 15 15 4 4 14 14 14 14 14 14 4 4 15 15 15 15 15 15 4 4 14 14 14 14 14 14 4 4 14 14 14 14 14 14 4 4 14 14 14 14 14 14 4 4 4 4
4 4 4 4 4 4 4 4 4 4 4 4 4 4 4 4 4 4 4 4 4 4 4 4 4 4 4 4 4 4 4 4 4 4 4 4 4 4 4 4 4 4 4 4 4 4 4 4 4 4 4 4 4 4 4 4 4 4 4 4 4 4 4 4
4 4 4 4 4 4 4 4 4 4 4 4 4 4 4 4 4 4 4 4 4 4 4 4 4 4 4 4 4 4 4 4 4 4 4 4 4 4 4 4 4 4 4 4 4 4 4 4 4 4 4 4 4 4 4 4 4 4 4 4 4 4 4 4
4 4 4 4 4 4 3 3 2 2 0 0 4 4 14 14 14 14 14 14 4 4 14 14 6 6 14 14 4 4 14 14 14 14 14 14 4 4 2 2 0 0 2 2 4 4 14 14 14 14 14 14 4 4 2 2 0 0 3 3 4 4 4 4
4 4 4 4 4 4 3 3 2 2 0 0 4 4 14 14 14 14 14 14 4 4 14 14 6 6 14 14 4 4 14 14 14 14 14 14 4 4 2 2 0 0 2 2 4 4 14 14 14 14 14 14 4 4 2 2 0 0 3 3 4 4 4 4
4 4 4 4 4 4 3 3 15 15 2 2 4 4 14 14 14 14 14 14 4 4 6 6 14 14 6 6 4 4 14 14 14 14 14 14 4 4 0 0 14 14 0 0 4 4 14 14 14 14 14 14 4 4 0 0 14 14 3 3 4 4 4 4
4 4 4 4 4 4 3 3 15 15 2 2 4 4 14 14 14 14 14 14 4 4 6 6 14 14 6 6 4 4 14 14 14 14 14 14 4 4 0 0 14 14 0 0 4 4 14 14 14 14 14 14 4 4 0 0 14 14 3 3 4 4 4 4
4 4 4 4 4 4 3 3 2 2 0 0 4 4 14 14 14 14 14 14 4 4 14 14 6 6 14 14 4 4 14 14 14 14 14 14 4 4 2 2 0 0 2 2 4 4 14 14 14 14 14 14 4 4 2 2 0 0 3 3 4 4 4 4
4 4 4 4 4 4 3 3 2 2 0 0 4 4 14 14 14 14 14 14 4 4 14 14 6 6 14 14 4 4 14 14 14 14 14 14 4 4 2 2 0 0 2 2 4 4 14 14 14 14 14 14 4 4 2 2 0 0 3 3 4 4 4 4
4 4 4 4 4 4 4 4 4 4 4 4 4 4 4 4 4 4 4 4 4 4 4 4 4 4 4 4 4 4 4 4 4 4 4 4 4 4 4 4 4 4 4 4 4 4 4 4 4 4 4 4 4 4 4 4 4 4 4 4 4 4 4 4
4 4 4 4 4 4 4 4 4 4 4 4 4 4 4 4 4 4 4 4 4 4 4 4 4 4 4 4 4 4 4 4 4 4 4 4 4 4 4 4 4 4 4 4 4 4 4 4 4 4 4 4 4 4 4 4 4 4 4 4 4 4 4 4
4 4 4 4 4 4 14 14 14 14 14 14 4 4 14 14 14 14 14 14 4 4 0 0 2 2 0 0 4 4 14 14 14 14 14 14 4 4 14 14 14 14 14 14 4 4 14 14 14 14 14 14 4 4 14 14 14 14 14 14 4 4 4 4
4 4 4 4 4 4 14 14 14 14 14 14 4 4 14 14 14 14 14 14 4 4 0 0 2 2 0 0 4 4 14 14 14 14 14 14 4 4 14 14 14 14 14 14 4 4 14 14 14 14 14 14 4 4 14 14 14 14 14 14 4 4 4 4
4 4 4 4 4 4 14 14 14 14 14 14 4 4 14 14 14 14 14 14 4 4 2 2 14 14 2 2 4 4 14 14 14 14 14 14 4 4 14 14 14 14 14 14 4 4 14 14 14 14 14 14 4 4 14 14 14 14 14 14 4 4 4 4
4 4 4 4 4 4 14 14 14 14 14 14 4 4 14 14 14 14 14 14 4 4 2 2 14 14 2 2 4 4 14 14 14 14 14 14 4 4 14 14 14 14 14 14 4 4 14 14 14 14 14 14 4 4 14 14 14 14 14 14 4 4 4 4
4 4 4 4 4 4 14 14 14 14 14 14 4 4 14 14 14 14 14 14 4 4 0 0 3 3 0 0 4 4 14 14 14 14 14 14 4 4 14 14 14 14 14 14 4 4 14 14 14 14 14 14 4 4 14 14 14 14 14 14 4 4 4 4
4 4 4 4 4 4 14 14 14 14 14 14 4 4 14 14 14 14 14 14 4 4 0 0 3 3 0 0 4 4 14 14 14 14 14 14 4 4 14 14 14 14 14 14 4 4 14 14 14 14 14 14 4 4 14 14 14 14 14 14 4 4 4 4
4 4 4 4 4 4 4 4 4 4 4 4 4 4 4 4 4 4 4 4 4 4 4 4 4 4 4 4 4 4 4 4 4 4 4 4 4 4 4 4 4 4 4 4 4 4 4 4 4 4 4 4 4 4 4 4 4 4 4 4 4 4 4 4
4 4 4 4 4 4 4 4 4 4 4 4 4 4 4 4 4 4 4 4 4 4 4 4 4 4 4 4 4 4 4 4 4 4 4 4 4 4 4 4 4 4 4 4 4 4 4 4 4 4 4 4 4 4 4 4 4 4 4 4 4 4 4 4
4 4 4 4 4 4 4 4 4 4 4 4 4 4 14 14 14 14 14 14 4 4 2 2 3 3 2 2 4 4 14 14 14 14 14 14 4 4 14 14 6 6 14 14 4 4 14 14 14 14 14 14 4 4 4 4 4 4 4 4 4 4 4 4
4 4 4 4 4 4 4 4 4 4 4 4 4 4 14 14 14 14 14 14 4 4 2 2 3 3 2 2 4 4 14 14 14 14 14 14 4 4 14 14 6 6 14 14 4 4 14 14 14 14 14 14 4 4 4 4 4 4 4 4 4 4 4 4
4 4 4 4 4 4 4 4 4 4 4 4 4 4 14 14 14 14 14 14 4 4 0 0 14 14 0 0 4 4 14 14 14 14 14 14 4 4 6 6 14 14 6 6 4 4 14 14 14 14 14 14 4 4 4 4 4 4 4 4 4 4 4 4
4 4 4 4 4 4 4 4 4 4 4 4 4 4 14 14 14 14 14 14 4 4 0 0 14 14 0 0 4 4 14 14 14 14 14 14 4 4 6 6 14 14 6 6 4 4 14 14 14 14 14 14 4 4 4 4 4 4 4 4 4 4 4 4
4 4 4 4 4 4 4 4 4 4 4 4 4 4 14 14 14 14 14 14 4 4 2 2 0 0 2 2 4 4 14 14 14 14 14 14 4 4 14 14 6 6 14 14 4 4 14 14 14 14 14 14 4 4 4 4 4 4 4 4 4 4 4 4
4 4 4 4 4 4 4 4 4 4 4 4 4 4 14 14 14 14 14 14 4 4 2 2 0 0 2 2 4 4 14 14 14 14 14 14 4 4 14 14 6 6 14 14 4 4 14 14 14 14 14 14 4 4 4 4 4 4 4 4 4 4 4 4
4 4 4 4 4 4 4 4 4 4 4 4 4 4 4 4 4 4 4 4 4 4 4 4 4 4 4 4 4 4 4 4 4 4 4 4 4 4 4 4 4 4 4 4 4 4 4 4 4 4 4 4 4 4 4 4 4 4 4 4 4 4 4 4
4 4 4 4 4 4 4 4 4 4 4 4 4 4 4 4 4 4 4 4 4 4 4 4 4 4 4 4 4 4 4 4 4 4 4 4 4 4 4 4 4 4 4 4 4 4 4 4 4 4 4 4 4 4 4 4 4 4 4 4 4 4 4 4
4 4 4 4 4 4 4 4 4 4 4 4 4 4 14 14 14 14 14 14 4 4 14 14 14 14 14 14 4 4 14 14 14 14 14 14 4 4 14 14 14 14 14 14 4 4 2 2 0 0 3 3 4 4 4 4 4 4 4 4 4 4 4 4
4 4 4 4 4 4 4 4 4 4 4 4 4 4 14 14 14 14 14 14 4 4 14 14 14 14 14 14 4 4 14 14 14 14 14 14 4 4 14 14 14 14 14 14 4 4 2 2 0 0 3 3 4 4 4 4 4 4 4 4 4 4 4 4
4 4 4 4 4 4 4 4 4 4 4 4 4 4 14 14 14 14 14 14 4 4 14 14 14 14 14 14 4 4 14 14 14 14 14 14 4 4 14 14 14 14 14 14 4 4 0 0 14 14 3 3 4 4 4 4 4 4 4 4 4 4 4 4
4 4 4 4 4 4 4 4 4 4 4 4 4 4 14 14 14 14 14 14 4 4 14 14 14 14 14 14 4 4 14 14 14 14 14 14 4 4 14 14 14 14 14 14 4 4 0 0 14 14 3 3 4 4 4 4 4 4 4 4 4 4 4 4
4 4 4 4 4 4 4 4 4 4 4 4 4 4 14 14 14 14 14 14 4 4 14 14 14 14 14 14 4 4 14 14 14 14 14 14 4 4 14 14 14 14 14 14 4 4 3 3 3 3 3 3 4 4 4 4 4 4 4 4 4 4 4 4
4 4 4 4 4 4 4 4 4 4 4 4 4 4 14 14 14 14 14 14 4 4 14 14 14 14 14 14 4 4 14 14 14 14 14 14 4 4 14 14 14 14 14 14 4 4 3 3 3 3 3 3 4 4 4 4 4 4 4 4 4 4 4 4
4 4 4 4 4 4 4 4 4 4 4 4 4 4 4 4 4 4 4 4 4 4 4 4 4 4 4 4 4 4 4 4 4 4 4 4 4 4 4 4 4 4 4 4 4 4 4 4 4 4 4 4 4 4 4 4 4 4 4 4 4 4 4 4
4 4 4 4 4 4 4 4 4 4 4 4 4 4 4 4 4 4 4 4 4 4 4 4 4 4 4 4 4 4 4 4 4 4 4 4 4 4 4 4 4 4 4 4 4 4 4 4 4 4 4 4 4 4 4 4 4 4 4 4 4 4 4 4
4 4 4 4 4 4 4 4 4 4 4 4 4 4 4 4 4 4 4 4 4 4 4 4 4 4 4 4 4 4 4 4 4 4 4 4 4 4 4 4 4 4 4 4 4 4 4 4 4 4 4 4 4 4 4 4 4 4 4 4 4 4 4 4
4 4 4 4 4 4 4 4 4 4 4 4 4 4 4 4 4 4 4 4 4 4 4 4 4 4 4 4 4 4 4 4 4 4 4 4 4 4 4 4 4 4 4 4 4 4 4 4 4 4 4 4 4 4 4 4 4 4 4 4 4 4 4 4
4 4 4 4 4 4 4 4 4 4 4 4 4 4 4 4 4 4 4 4 4 4 4 4 4 4 4 4 4 4 4 4 4 4 4 4 4 4 4 4 4 4 4 4 4 4 4 4 4 4 4 4 4 4 4 4 4 4 4 4 4 4 4 4
12 12 12 12 12 12 12 12 12 12 12 12 12 12 12 12 12 12 12 12 12 12 12 12 12 12 12 12 12 12 12 12 12 12 12 12 12 12 12 12 12 12 12 12 12 12 12 12 12 12 12 12 12 12 12 12 12 12 12 12 12 12 11 11
[LEVELS] 4/6
[STATE] NOT_FINISHED
[AVAILABLE] ACTION6
[DIFF] 37 cells: (30,20) 14>15; (31,20) 14>15; (32,20) 14>15; (33,20) 14>15; (34,20) 14>15; (35,20) 14>15; (30,21) 14>15; (31,21) 14>15; (32,21) 14>15; (33,21) 14>15; (34,21) 14>15; (35,21) 14>15; (30,22) 14>15; (31,22) 14>15; (32,22) 14>15; (33,22) 14>15; (34,22) 14>15; (35,22) 14>15; (30,23) 14>15; (31,23) 14>15; (32,23) 14>15; (33,23) 14>15; (34,23) 14>15; (35,23) 14>15; (30,24) 14>15; (31,24) 14>15; (32,24) 14>15; (33,24) 14>15; (34,24) 14>15; (35,24) 14>15; (30,25) 14>15; (31,25) 14>15; (32,25) 14>15; (33,25) 14>15; (34,25) 14>15; (35,25) 14>15; (62,63) 12>11

[STEP 45]
[ACTION] ACTION6 x=48 y=22
[BOARD] 1/1 settled
4 4 4 4 4 4 4 4 4 4 4 4 4 4 4 4 4 4 4 4 4 4 4 4 4 4 4 4 4 4 4 4 4 4 4 4 4 4 4 4 4 4 4 4 4 4 4 4 4 4 4 4 4 4 14 14 14 14 4 4 4 4 4 4
4 4 4 4 4 4 4 4 4 4 4 4 4 4 4 4 4 4 4 4 4 4 4 4 4 4 4 4 4 4 4 4 4 4 4 4 4 4 4 4 4 4 4 4 4 4 4 4 4 4 4 4 4 4 14 14 14 14 4 4 4 4 4 4
4 4 4 4 4 4 4 4 4 4 4 4 4 4 4 4 4 4 4 4 4 4 4 4 4 4 4 4 4 4 4 4 4 4 4 4 4 4 4 4 4 4 4 4 4 4 4 4 4 4 4 4 4 4 14 14 14 14 4 4 4 4 4 4
4 4 4 4 4 4 4 4 4 4 4 4 4 4 4 4 4 4 4 4 4 4 4 4 4 4 4 4 4 4 4 4 4 4 4 4 4 4 4 4 4 4 4 4 4 4 4 4 4 4 4 4 4 4 14 14 14 14 4 4 4 4 4 4
4 4 4 4 4 4 4 4 4 4 4 4 4 4 3 3 3 3 3 3 4 4 14 14 14 14 14 14 4 4 15 15 15 15 15 15 4 4 4 4 4 4 4 4 4 4 4 4 4 4 4 4 4 4 15 15 15 15 4 4 4 4 4 4
4 4 4 4 4 4 4 4 4 4 4 4 4 4 3 3 3 3 3 3 4 4 14 14 14 14 14 14 4 4 15 15 15 15 15 15 4 4 4 4 4 4 4 4 4 4 4 4 4 4 4 4 4 4 15 15 15 15 4 4 4 4 4 4
4 4 4 4 4 4 4 4 4 4 4 4 4 4 3 3 14 14 0 0 4 4 14 14 14 14 14 14 4 4 15 15 15 15 15 15 4 4 4 4 4 4 4 4 4 4 4 4 4 4 4 4 4 4 15 15 15 15 4 4 4 4 4 4
4 4 4 4 4 4 4 4 4 4 4 4 4 4 3 3 14 14 0 0 4 4 14 14 14 14 14 14 4 4 15 15 15 15 15 15 4 4 4 4 4 4 4 4 4 4 4 4 4 4 4 4 4 4 15 15 15 15 4 4 4 4 4 4
4 4 4 4 4 4 4 4 4 4 4 4 4 4 3 3 0 0 2 2 4 4 14 14 14 14 14 14 4 4 15 15 15 15 15 15 4 4 4 4 4 4 4 4 4 4 4 4 4 4 4 4 4 4 4 4 4 4 4 4 4 4 4 4
4 4 4 4 4 4 4 4 4 4 4 4 4 4 3 3 0 0 2 2 4 4 14 14 14 14 14 14 4 4 15 15 15 15 15 15 4 4 4 4 4 4 4 4 4 4 4 4 4 4 4 4 4 4 4 4 4 4 4 4 4 4 4 4
4 4 4 4 4 4 4 4 4 4 4 4 4 4 4 4 4 4 4 4 4 4 4 4 4 4 4 4 4 4 4 4 4 4 4 4 4 4 4 4 4 4 4 4 4 4 4 4 4 4 4 4 4 4 4 4 4 4 4 4 4 4 4 4
4 4 4 4 4 4 4 4 4 4 4 4 4 4 4 4 4 4 4 4 4 4 4 4 4 4 4 4 4 4 4 4 4 4 4 4 4 4 4 4 4 4 4 4 4 4 4 4 4 4 4 4 4 4 4 4 4 4 4 4 4 4 4 4
4 4 4 4 4 4 4 4 4 4 4 4 4 4 14 14 14 14 14 14 4 4 14 14 6 6 14 14 4 4 14 14 14 14 14 14 4 4 0 0 3 3 3 3 4 4 4 4 4 4 4 4 4 4 4 4 4 4 4 4 4 4 4 4
4 4 4 4 4 4 4 4 4 4 4 4 4 4 14 14 14 14 14 14 4 4 14 14 6 6 14 14 4 4 14 14 14 14 14 14 4 4 0 0 3 3 3 3 4 4 4 4 4 4 4 4 4 4 4 4 4 4 4 4 4 4 4 4
4 4 4 4 4 4 4 4 4 4 4 4 4 4 14 14 14 14 14 14 4 4 6 6 14 14 6 6 4 4 14 14 14 14 14 14 4 4 2 2 15 15 3 3 4 4 4 4 4 4 4 4 4 4 4 4 4 4 4 4 4 4 4 4
4 4 4 4 4 4 4 4 4 4 4 4 4 4 14 14 14 14 14 14 4 4 6 6 14 14 6 6 4 4 14 14 14 14 14 14 4 4 2 2 15 15 3 3 4 4 4 4 4 4 4 4 4 4 4 4 4 4 4 4 4 4 4 4
4 4 4 4 4 4 4 4 4 4 4 4 4 4 14 14 14 14 14 14 4 4 14 14 6 6 14 14 4 4 14 14 14 14 14 14 4 4 0 0 2 2 0 0 4 4 4 4 4 4 4 4 4 4 4 4 4 4 4 4 4 4 4 4
4 4 4 4 4 4 4 4 4 4 4 4 4 4 14 14 14 14 14 14 4 4 14 14 6 6 14 14 4 4 14 14 14 14 14 14 4 4 0 0 2 2 0 0 4 4 4 4 4 4 4 4 4 4 4 4 4 4 4 4 4 4 4 4
4 4 4 4 4 4 4 4 4 4 4 4 4 4 4 4 4 4 4 4 4 4 4 4 4 4 4 4 4 4 4 4 4 4 4 4 4 4 4 4 4 4 4 4 4 4 4 4 4 4 4 4 4 4 4 4 4 4 4 4 4 4 4 4
4 4 4 4 4 4 4 4 4 4 4 4 4 4 4 4 4 4 4 4 4 4 4 4 4 4 4 4 4 4 4 4 4 4 4 4 4 4 4 4 4 4 4 4 4 4 4 4 4 4 4 4 4 4 4 4 4 4 4 4 4 4 4 4
4 4 4 4 4 4 14 14 14 14 14 14 4 4 15 15 15 15 15 15 4 4 14 14 14 14 14 14 4 4 15 15 15 15 15 15 4 4 14 14 14 14 14 14 4 4 15 15 15 15 15 15 4 4 14 14 14 14 14 14 4 4 4 4
4 4 4 4 4 4 14 14 14 14 14 14 4 4 15 15 15 15 15 15 4 4 14 14 14 14 14 14 4 4 15 15 15 15 15 15 4 4 14 14 14 14 14 14 4 4 15 15 15 15 15 15 4 4 14 14 14 14 14 14 4 4 4 4
4 4 4 4 4 4 14 14 14 14 14 14 4 4 15 15 15 15 15 15 4 4 14 14 14 14 14 14 4 4 15 15 15 15 15 15 4 4 14 14 14 14 14 14 4 4 15 15 15 15 15 15 4 4 14 14 14 14 14 14 4 4 4 4
4 4 4 4 4 4 14 14 14 14 14 14 4 4 15 15 15 15 15 15 4 4 14 14 14 14 14 14 4 4 15 15 15 15 15 15 4 4 14 14 14 14 14 14 4 4 15 15 15 15 15 15 4 4 14 14 14 14 14 14 4 4 4 4
4 4 4 4 4 4 14 14 14 14 14 14 4 4 15 15 15 15 15 15 4 4 14 14 14 14 14 14 4 4 15 15 15 15 15 15 4 4 14 14 14 14 14 14 4 4 15 15 15 15 15 15 4 4 14 14 14 14 14 14 4 4 4 4
4 4 4 4 4 4 14 14 14 14 14 14 4 4 15 15 15 15 15 15 4 4 14 14 14 14 14 14 4 4 15 15 15 15 15 15 4 4 14 14 14 14 14 14 4 4 15 15 15 15 15 15 4 4 14 14 14 14 14 14 4 4 4 4
4 4 4 4 4 4 4 4 4 4 4 4 4 4 4 4 4 4 4 4 4 4 4 4 4 4 4 4 4 4 4 4 4 4 4 4 4 4 4 4 4 4 4 4 4 4 4 4 4 4 4 4 4 4 4 4 4 4 4 4 4 4 4 4
4 4 4 4 4 4 4 4 4 4 4 4 4 4 4 4 4 4 4 4 4 4 4 4 4 4 4 4 4 4 4 4 4 4 4 4 4 4 4 4 4 4 4 4 4 4 4 4 4 4 4 4 4 4 4 4 4 4 4 4 4 4 4 4
4 4 4 4 4 4 3 3 2 2 0 0 4 4 14 14 14 14 14 14 4 4 14 14 6 6 14 14 4 4 14 14 14 14 14 14 4 4 2 2 0 0 2 2 4 4 14 14 14 14 14 14 4 4 2 2 0 0 3 3 4 4 4 4
4 4 4 4 4 4 3 3 2 2 0 0 4 4 14 14 14 14 14 14 4 4 14 14 6 6 14 14 4 4 14 14 14 14 14 14 4 4 2 2 0 0 2 2 4 4 14 14 14 14 14 14 4 4 2 2 0 0 3 3 4 4 4 4
4 4 4 4 4 4 3 3 15 15 2 2 4 4 14 14 14 14 14 14 4 4 6 6 14 14 6 6 4 4 14 14 14 14 14 14 4 4 0 0 14 14 0 0 4 4 14 14 14 14 14 14 4 4 0 0 14 14 3 3 4 4 4 4
4 4 4 4 4 4 3 3 15 15 2 2 4 4 14 14 14 14 14 14 4 4 6 6 14 14 6 6 4 4 14 14 14 14 14 14 4 4 0 0 14 14 0 0 4 4 14 14 14 14 14 14 4 4 0 0 14 14 3 3 4 4 4 4
4 4 4 4 4 4 3 3 2 2 0 0 4 4 14 14 14 14 14 14 4 4 14 14 6 6 14 14 4 4 14 14 14 14 14 14 4 4 2 2 0 0 2 2 4 4 14 14 14 14 14 14 4 4 2 2 0 0 3 3 4 4 4 4
4 4 4 4 4 4 3 3 2 2 0 0 4 4 14 14 14 14 14 14 4 4 14 14 6 6 14 14 4 4 14 14 14 14 14 14 4 4 2 2 0 0 2 2 4 4 14 14 14 14 14 14 4 4 2 2 0 0 3 3 4 4 4 4
4 4 4 4 4 4 4 4 4 4 4 4 4 4 4 4 4 4 4 4 4 4 4 4 4 4 4 4 4 4 4 4 4 4 4 4 4 4 4 4 4 4 4 4 4 4 4 4 4 4 4 4 4 4 4 4 4 4 4 4 4 4 4 4
4 4 4 4 4 4 4 4 4 4 4 4 4 4 4 4 4 4 4 4 4 4 4 4 4 4 4 4 4 4 4 4 4 4 4 4 4 4 4 4 4 4 4 4 4 4 4 4 4 4 4 4 4 4 4 4 4 4 4 4 4 4 4 4
4 4 4 4 4 4 14 14 14 14 14 14 4 4 14 14 14 14 14 14 4 4 0 0 2 2 0 0 4 4 14 14 14 14 14 14 4 4 14 14 14 14 14 14 4 4 14 14 14 14 14 14 4 4 14 14 14 14 14 14 4 4 4 4
4 4 4 4 4 4 14 14 14 14 14 14 4 4 14 14 14 14 14 14 4 4 0 0 2 2 0 0 4 4 14 14 14 14 14 14 4 4 14 14 14 14 14 14 4 4 14 14 14 14 14 14 4 4 14 14 14 14 14 14 4 4 4 4
4 4 4 4 4 4 14 14 14 14 14 14 4 4 14 14 14 14 14 14 4 4 2 2 14 14 2 2 4 4 14 14 14 14 14 14 4 4 14 14 14 14 14 14 4 4 14 14 14 14 14 14 4 4 14 14 14 14 14 14 4 4 4 4
4 4 4 4 4 4 14 14 14 14 14 14 4 4 14 14 14 14 14 14 4 4 2 2 14 14 2 2 4 4 14 14 14 14 14 14 4 4 14 14 14 14 14 14 4 4 14 14 14 14 14 14 4 4 14 14 14 14 14 14 4 4 4 4
4 4 4 4 4 4 14 14 14 14 14 14 4 4 14 14 14 14 14 14 4 4 0 0 3 3 0 0 4 4 14 14 14 14 14 14 4 4 14 14 14 14 14 14 4 4 14 14 14 14 14 14 4 4 14 14 14 14 14 14 4 4 4 4
4 4 4 4 4 4 14 14 14 14 14 14 4 4 14 14 14 14 14 14 4 4 0 0 3 3 0 0 4 4 14 14 14 14 14 14 4 4 14 14 14 14 14 14 4 4 14 14 14 14 14 14 4 4 14 14 14 14 14 14 4 4 4 4
4 4 4 4 4 4 4 4 4 4 4 4 4 4 4 4 4 4 4 4 4 4 4 4 4 4 4 4 4 4 4 4 4 4 4 4 4 4 4 4 4 4 4 4 4 4 4 4 4 4 4 4 4 4 4 4 4 4 4 4 4 4 4 4
4 4 4 4 4 4 4 4 4 4 4 4 4 4 4 4 4 4 4 4 4 4 4 4 4 4 4 4 4 4 4 4 4 4 4 4 4 4 4 4 4 4 4 4 4 4 4 4 4 4 4 4 4 4 4 4 4 4 4 4 4 4 4 4
4 4 4 4 4 4 4 4 4 4 4 4 4 4 14 14 14 14 14 14 4 4 2 2 3 3 2 2 4 4 14 14 14 14 14 14 4 4 14 14 6 6 14 14 4 4 14 14 14 14 14 14 4 4 4 4 4 4 4 4 4 4 4 4
4 4 4 4 4 4 4 4 4 4 4 4 4 4 14 14 14 14 14 14 4 4 2 2 3 3 2 2 4 4 14 14 14 14 14 14 4 4 14 14 6 6 14 14 4 4 14 14 14 14 14 14 4 4 4 4 4 4 4 4 4 4 4 4
4 4 4 4 4 4 4 4 4 4 4 4 4 4 14 14 14 14 14 14 4 4 0 0 14 14 0 0 4 4 14 14 14 14 14 14 4 4 6 6 14 14 6 6 4 4 14 14 14 14 14 14 4 4 4 4 4 4 4 4 4 4 4 4
4 4 4 4 4 4 4 4 4 4 4 4 4 4 14 14 14 14 14 14 4 4 0 0 14 14 0 0 4 4 14 14 14 14 14 14 4 4 6 6 14 14 6 6 4 4 14 14 14 14 14 14 4 4 4 4 4 4 4 4 4 4 4 4
4 4 4 4 4 4 4 4 4 4 4 4 4 4 14 14 14 14 14 14 4 4 2 2 0 0 2 2 4 4 14 14 14 14 14 14 4 4 14 14 6 6 14 14 4 4 14 14 14 14 14 14 4 4 4 4 4 4 4 4 4 4 4 4
4 4 4 4 4 4 4 4 4 4 4 4 4 4 14 14 14 14 14 14 4 4 2 2 0 0 2 2 4 4 14 14 14 14 14 14 4 4 14 14 6 6 14 14 4 4 14 14 14 14 14 14 4 4 4 4 4 4 4 4 4 4 4 4
4 4 4 4 4 4 4 4 4 4 4 4 4 4 4 4 4 4 4 4 4 4 4 4 4 4 4 4 4 4 4 4 4 4 4 4 4 4 4 4 4 4 4 4 4 4 4 4 4 4 4 4 4 4 4 4 4 4 4 4 4 4 4 4
4 4 4 4 4 4 4 4 4 4 4 4 4 4 4 4 4 4 4 4 4 4 4 4 4 4 4 4 4 4 4 4 4 4 4 4 4 4 4 4 4 4 4 4 4 4 4 4 4 4 4 4 4 4 4 4 4 4 4 4 4 4 4 4
4 4 4 4 4 4 4 4 4 4 4 4 4 4 14 14 14 14 14 14 4 4 14 14 14 14 14 14 4 4 14 14 14 14 14 14 4 4 14 14 14 14 14 14 4 4 2 2 0 0 3 3 4 4 4 4 4 4 4 4 4 4 4 4
4 4 4 4 4 4 4 4 4 4 4 4 4 4 14 14 14 14 14 14 4 4 14 14 14 14 14 14 4 4 14 14 14 14 14 14 4 4 14 14 14 14 14 14 4 4 2 2 0 0 3 3 4 4 4 4 4 4 4 4 4 4 4 4
4 4 4 4 4 4 4 4 4 4 4 4 4 4 14 14 14 14 14 14 4 4 14 14 14 14 14 14 4 4 14 14 14 14 14 14 4 4 14 14 14 14 14 14 4 4 0 0 14 14 3 3 4 4 4 4 4 4 4 4 4 4 4 4
4 4 4 4 4 4 4 4 4 4 4 4 4 4 14 14 14 14 14 14 4 4 14 14 14 14 14 14 4 4 14 14 14 14 14 14 4 4 14 14 14 14 14 14 4 4 0 0 14 14 3 3 4 4 4 4 4 4 4 4 4 4 4 4
4 4 4 4 4 4 4 4 4 4 4 4 4 4 14 14 14 14 14 14 4 4 14 14 14 14 14 14 4 4 14 14 14 14 14 14 4 4 14 14 14 14 14 14 4 4 3 3 3 3 3 3 4 4 4 4 4 4 4 4 4 4 4 4
4 4 4 4 4 4 4 4 4 4 4 4 4 4 14 14 14 14 14 14 4 4 14 14 14 14 14 14 4 4 14 14 14 14 14 14 4 4 14 14 14 14 14 14 4 4 3 3 3 3 3 3 4 4 4 4 4 4 4 4 4 4 4 4
4 4 4 4 4 4 4 4 4 4 4 4 4 4 4 4 4 4 4 4 4 4 4 4 4 4 4 4 4 4 4 4 4 4 4 4 4 4 4 4 4 4 4 4 4 4 4 4 4 4 4 4 4 4 4 4 4 4 4 4 4 4 4 4
4 4 4 4 4 4 4 4 4 4 4 4 4 4 4 4 4 4 4 4 4 4 4 4 4 4 4 4 4 4 4 4 4 4 4 4 4 4 4 4 4 4 4 4 4 4 4 4 4 4 4 4 4 4 4 4 4 4 4 4 4 4 4 4
4 4 4 4 4 4 4 4 4 4 4 4 4 4 4 4 4 4 4 4 4 4 4 4 4 4 4 4 4 4 4 4 4 4 4 4 4 4 4 4 4 4 4 4 4 4 4 4 4 4 4 4 4 4 4 4 4 4 4 4 4 4 4 4
4 4 4 4 4 4 4 4 4 4 4 4 4 4 4 4 4 4 4 4 4 4 4 4 4 4 4 4 4 4 4 4 4 4 4 4 4 4 4 4 4 4 4 4 4 4 4 4 4 4 4 4 4 4 4 4 4 4 4 4 4 4 4 4
4 4 4 4 4 4 4 4 4 4 4 4 4 4 4 4 4 4 4 4 4 4 4 4 4 4 4 4 4 4 4 4 4 4 4 4 4 4 4 4 4 4 4 4 4 4 4 4 4 4 4 4 4 4 4 4 4 4 4 4 4 4 4 4
12 12 12 12 12 12 12 12 12 12 12 12 12 12 12 12 12 12 12 12 12 12 12 12 12 12 12 12 12 12 12 12 12 12 12 12 12 12 12 12 12 12 12 12 12 12 12 12 12 12 12 12 12 12 12 12 12 12 12 12 12 12 11 11
[LEVELS] 4/6
[STATE] NOT_FINISHED
[AVAILABLE] ACTION6
[DIFF] 36 cells: (46,20) 14>15; (47,20) 14>15; (48,20) 14>15; (49,20) 14>15; (50,20) 14>15; (51,20) 14>15; (46,21) 14>15; (47,21) 14>15; (48,21) 14>15; (49,21) 14>15; (50,21) 14>15; (51,21) 14>15; (46,22) 14>15; (47,22) 14>15; (48,22) 14>15; (49,22) 14>15; (50,22) 14>15; (51,22) 14>15; (46,23) 14>15; (47,23) 14>15; (48,23) 14>15; (49,23) 14>15; (50,23) 14>15; (51,23) 14>15; (46,24) 14>15; (47,24) 14>15; (48,24) 14>15; (49,24) 14>15; (50,24) 14>15; (51,24) 14>15; (46,25) 14>15; (47,25) 14>15; (48,25) 14>15; (49,25) 14>15; (50,25) 14>15; (51,25) 14>15

[STEP 46]
[ACTION] ACTION6 x=16 y=38
[BOARD] 1/1 settled
4 4 4 4 4 4 4 4 4 4 4 4 4 4 4 4 4 4 4 4 4 4 4 4 4 4 4 4 4 4 4 4 4 4 4 4 4 4 4 4 4 4 4 4 4 4 4 4 4 4 4 4 4 4 14 14 14 14 4 4 4 4 4 4
4 4 4 4 4 4 4 4 4 4 4 4 4 4 4 4 4 4 4 4 4 4 4 4 4 4 4 4 4 4 4 4 4 4 4 4 4 4 4 4 4 4 4 4 4 4 4 4 4 4 4 4 4 4 14 14 14 14 4 4 4 4 4 4
4 4 4 4 4 4 4 4 4 4 4 4 4 4 4 4 4 4 4 4 4 4 4 4 4 4 4 4 4 4 4 4 4 4 4 4 4 4 4 4 4 4 4 4 4 4 4 4 4 4 4 4 4 4 14 14 14 14 4 4 4 4 4 4
4 4 4 4 4 4 4 4 4 4 4 4 4 4 4 4 4 4 4 4 4 4 4 4 4 4 4 4 4 4 4 4 4 4 4 4 4 4 4 4 4 4 4 4 4 4 4 4 4 4 4 4 4 4 14 14 14 14 4 4 4 4 4 4
4 4 4 4 4 4 4 4 4 4 4 4 4 4 3 3 3 3 3 3 4 4 14 14 14 14 14 14 4 4 15 15 15 15 15 15 4 4 4 4 4 4 4 4 4 4 4 4 4 4 4 4 4 4 15 15 15 15 4 4 4 4 4 4
4 4 4 4 4 4 4 4 4 4 4 4 4 4 3 3 3 3 3 3 4 4 14 14 14 14 14 14 4 4 15 15 15 15 15 15 4 4 4 4 4 4 4 4 4 4 4 4 4 4 4 4 4 4 15 15 15 15 4 4 4 4 4 4
4 4 4 4 4 4 4 4 4 4 4 4 4 4 3 3 14 14 0 0 4 4 14 14 14 14 14 14 4 4 15 15 15 15 15 15 4 4 4 4 4 4 4 4 4 4 4 4 4 4 4 4 4 4 15 15 15 15 4 4 4 4 4 4
4 4 4 4 4 4 4 4 4 4 4 4 4 4 3 3 14 14 0 0 4 4 14 14 14 14 14 14 4 4 15 15 15 15 15 15 4 4 4 4 4 4 4 4 4 4 4 4 4 4 4 4 4 4 15 15 15 15 4 4 4 4 4 4
4 4 4 4 4 4 4 4 4 4 4 4 4 4 3 3 0 0 2 2 4 4 14 14 14 14 14 14 4 4 15 15 15 15 15 15 4 4 4 4 4 4 4 4 4 4 4 4 4 4 4 4 4 4 4 4 4 4 4 4 4 4 4 4
4 4 4 4 4 4 4 4 4 4 4 4 4 4 3 3 0 0 2 2 4 4 14 14 14 14 14 14 4 4 15 15 15 15 15 15 4 4 4 4 4 4 4 4 4 4 4 4 4 4 4 4 4 4 4 4 4 4 4 4 4 4 4 4
4 4 4 4 4 4 4 4 4 4 4 4 4 4 4 4 4 4 4 4 4 4 4 4 4 4 4 4 4 4 4 4 4 4 4 4 4 4 4 4 4 4 4 4 4 4 4 4 4 4 4 4 4 4 4 4 4 4 4 4 4 4 4 4
4 4 4 4 4 4 4 4 4 4 4 4 4 4 4 4 4 4 4 4 4 4 4 4 4 4 4 4 4 4 4 4 4 4 4 4 4 4 4 4 4 4 4 4 4 4 4 4 4 4 4 4 4 4 4 4 4 4 4 4 4 4 4 4
4 4 4 4 4 4 4 4 4 4 4 4 4 4 14 14 14 14 14 14 4 4 14 14 6 6 14 14 4 4 14 14 14 14 14 14 4 4 0 0 3 3 3 3 4 4 4 4 4 4 4 4 4 4 4 4 4 4 4 4 4 4 4 4
4 4 4 4 4 4 4 4 4 4 4 4 4 4 14 14 14 14 14 14 4 4 14 14 6 6 14 14 4 4 14 14 14 14 14 14 4 4 0 0 3 3 3 3 4 4 4 4 4 4 4 4 4 4 4 4 4 4 4 4 4 4 4 4
4 4 4 4 4 4 4 4 4 4 4 4 4 4 14 14 14 14 14 14 4 4 6 6 14 14 6 6 4 4 14 14 14 14 14 14 4 4 2 2 15 15 3 3 4 4 4 4 4 4 4 4 4 4 4 4 4 4 4 4 4 4 4 4
4 4 4 4 4 4 4 4 4 4 4 4 4 4 14 14 14 14 14 14 4 4 6 6 14 14 6 6 4 4 14 14 14 14 14 14 4 4 2 2 15 15 3 3 4 4 4 4 4 4 4 4 4 4 4 4 4 4 4 4 4 4 4 4
4 4 4 4 4 4 4 4 4 4 4 4 4 4 14 14 14 14 14 14 4 4 14 14 6 6 14 14 4 4 14 14 14 14 14 14 4 4 0 0 2 2 0 0 4 4 4 4 4 4 4 4 4 4 4 4 4 4 4 4 4 4 4 4
4 4 4 4 4 4 4 4 4 4 4 4 4 4 14 14 14 14 14 14 4 4 14 14 6 6 14 14 4 4 14 14 14 14 14 14 4 4 0 0 2 2 0 0 4 4 4 4 4 4 4 4 4 4 4 4 4 4 4 4 4 4 4 4
4 4 4 4 4 4 4 4 4 4 4 4 4 4 4 4 4 4 4 4 4 4 4 4 4 4 4 4 4 4 4 4 4 4 4 4 4 4 4 4 4 4 4 4 4 4 4 4 4 4 4 4 4 4 4 4 4 4 4 4 4 4 4 4
4 4 4 4 4 4 4 4 4 4 4 4 4 4 4 4 4 4 4 4 4 4 4 4 4 4 4 4 4 4 4 4 4 4 4 4 4 4 4 4 4 4 4 4 4 4 4 4 4 4 4 4 4 4 4 4 4 4 4 4 4 4 4 4
4 4 4 4 4 4 14 14 14 14 14 14 4 4 15 15 15 15 15 15 4 4 14 14 14 14 14 14 4 4 15 15 15 15 15 15 4 4 14 14 14 14 14 14 4 4 15 15 15 15 15 15 4 4 14 14 14 14 14 14 4 4 4 4
4 4 4 4 4 4 14 14 14 14 14 14 4 4 15 15 15 15 15 15 4 4 14 14 14 14 14 14 4 4 15 15 15 15 15 15 4 4 14 14 14 14 14 14 4 4 15 15 15 15 15 15 4 4 14 14 14 14 14 14 4 4 4 4
4 4 4 4 4 4 14 14 14 14 14 14 4 4 15 15 15 15 15 15 4 4 14 14 14 14 14 14 4 4 15 15 15 15 15 15 4 4 14 14 14 14 14 14 4 4 15 15 15 15 15 15 4 4 14 14 14 14 14 14 4 4 4 4
4 4 4 4 4 4 14 14 14 14 14 14 4 4 15 15 15 15 15 15 4 4 14 14 14 14 14 14 4 4 15 15 15 15 15 15 4 4 14 14 14 14 14 14 4 4 15 15 15 15 15 15 4 4 14 14 14 14 14 14 4 4 4 4
4 4 4 4 4 4 14 14 14 14 14 14 4 4 15 15 15 15 15 15 4 4 14 14 14 14 14 14 4 4 15 15 15 15 15 15 4 4 14 14 14 14 14 14 4 4 15 15 15 15 15 15 4 4 14 14 14 14 14 14 4 4 4 4
4 4 4 4 4 4 14 14 14 14 14 14 4 4 15 15 15 15 15 15 4 4 14 14 14 14 14 14 4 4 15 15 15 15 15 15 4 4 14 14 14 14 14 14 4 4 15 15 15 15 15 15 4 4 14 14 14 14 14 14 4 4 4 4
4 4 4 4 4 4 4 4 4 4 4 4 4 4 4 4 4 4 4 4 4 4 4 4 4 4 4 4 4 4 4 4 4 4 4 4 4 4 4 4 4 4 4 4 4 4 4 4 4 4 4 4 4 4 4 4 4 4 4 4 4 4 4 4
4 4 4 4 4 4 4 4 4 4 4 4 4 4 4 4 4 4 4 4 4 4 4 4 4 4 4 4 4 4 4 4 4 4 4 4 4 4 4 4 4 4 4 4 4 4 4 4 4 4 4 4 4 4 4 4 4 4 4 4 4 4 4 4
4 4 4 4 4 4 3 3 2 2 0 0 4 4 14 14 14 14 14 14 4 4 14 14 6 6 14 14 4 4 14 14 14 14 14 14 4 4 2 2 0 0 2 2 4 4 14 14 14 14 14 14 4 4 2 2 0 0 3 3 4 4 4 4
4 4 4 4 4 4 3 3 2 2 0 0 4 4 14 14 14 14 14 14 4 4 14 14 6 6 14 14 4 4 14 14 14 14 14 14 4 4 2 2 0 0 2 2 4 4 14 14 14 14 14 14 4 4 2 2 0 0 3 3 4 4 4 4
4 4 4 4 4 4 3 3 15 15 2 2 4 4 14 14 14 14 14 14 4 4 6 6 14 14 6 6 4 4 14 14 14 14 14 14 4 4 0 0 14 14 0 0 4 4 14 14 14 14 14 14 4 4 0 0 14 14 3 3 4 4 4 4
4 4 4 4 4 4 3 3 15 15 2 2 4 4 14 14 14 14 14 14 4 4 6 6 14 14 6 6 4 4 14 14 14 14 14 14 4 4 0 0 14 14 0 0 4 4 14 14 14 14 14 14 4 4 0 0 14 14 3 3 4 4 4 4
4 4 4 4 4 4 3 3 2 2 0 0 4 4 14 14 14 14 14 14 4 4 14 14 6 6 14 14 4 4 14 14 14 14 14 14 4 4 2 2 0 0 2 2 4 4 14 14 14 14 14 14 4 4 2 2 0 0 3 3 4 4 4 4
4 4 4 4 4 4 3 3 2 2 0 0 4 4 14 14 14 14 14 14 4 4 14 14 6 6 14 14 4 4 14 14 14 14 14 14 4 4 2 2 0 0 2 2 4 4 14 14 14 14 14 14 4 4 2 2 0 0 3 3 4 4 4 4
4 4 4 4 4 4 4 4 4 4 4 4 4 4 4 4 4 4 4 4 4 4 4 4 4 4 4 4 4 4 4 4 4 4 4 4 4 4 4 4 4 4 4 4 4 4 4 4 4 4 4 4 4 4 4 4 4 4 4 4 4 4 4 4
4 4 4 4 4 4 4 4 4 4 4 4 4 4 4 4 4 4 4 4 4 4 4 4 4 4 4 4 4 4 4 4 4 4 4 4 4 4 4 4 4 4 4 4 4 4 4 4 4 4 4 4 4 4 4 4 4 4 4 4 4 4 4 4
4 4 4 4 4 4 14 14 14 14 14 14 4 4 15 15 15 15 15 15 4 4 0 0 2 2 0 0 4 4 14 14 14 14 14 14 4 4 14 14 14 14 14 14 4 4 14 14 14 14 14 14 4 4 14 14 14 14 14 14 4 4 4 4
4 4 4 4 4 4 14 14 14 14 14 14 4 4 15 15 15 15 15 15 4 4 0 0 2 2 0 0 4 4 14 14 14 14 14 14 4 4 14 14 14 14 14 14 4 4 14 14 14 14 14 14 4 4 14 14 14 14 14 14 4 4 4 4
4 4 4 4 4 4 14 14 14 14 14 14 4 4 15 15 15 15 15 15 4 4 2 2 14 14 2 2 4 4 14 14 14 14 14 14 4 4 14 14 14 14 14 14 4 4 14 14 14 14 14 14 4 4 14 14 14 14 14 14 4 4 4 4
4 4 4 4 4 4 14 14 14 14 14 14 4 4 15 15 15 15 15 15 4 4 2 2 14 14 2 2 4 4 14 14 14 14 14 14 4 4 14 14 14 14 14 14 4 4 14 14 14 14 14 14 4 4 14 14 14 14 14 14 4 4 4 4
4 4 4 4 4 4 14 14 14 14 14 14 4 4 15 15 15 15 15 15 4 4 0 0 3 3 0 0 4 4 14 14 14 14 14 14 4 4 14 14 14 14 14 14 4 4 14 14 14 14 14 14 4 4 14 14 14 14 14 14 4 4 4 4
4 4 4 4 4 4 14 14 14 14 14 14 4 4 15 15 15 15 15 15 4 4 0 0 3 3 0 0 4 4 14 14 14 14 14 14 4 4 14 14 14 14 14 14 4 4 14 14 14 14 14 14 4 4 14 14 14 14 14 14 4 4 4 4
4 4 4 4 4 4 4 4 4 4 4 4 4 4 4 4 4 4 4 4 4 4 4 4 4 4 4 4 4 4 4 4 4 4 4 4 4 4 4 4 4 4 4 4 4 4 4 4 4 4 4 4 4 4 4 4 4 4 4 4 4 4 4 4
4 4 4 4 4 4 4 4 4 4 4 4 4 4 4 4 4 4 4 4 4 4 4 4 4 4 4 4 4 4 4 4 4 4 4 4 4 4 4 4 4 4 4 4 4 4 4 4 4 4 4 4 4 4 4 4 4 4 4 4 4 4 4 4
4 4 4 4 4 4 4 4 4 4 4 4 4 4 14 14 14 14 14 14 4 4 2 2 3 3 2 2 4 4 14 14 14 14 14 14 4 4 14 14 6 6 14 14 4 4 14 14 14 14 14 14 4 4 4 4 4 4 4 4 4 4 4 4
4 4 4 4 4 4 4 4 4 4 4 4 4 4 14 14 14 14 14 14 4 4 2 2 3 3 2 2 4 4 14 14 14 14 14 14 4 4 14 14 6 6 14 14 4 4 14 14 14 14 14 14 4 4 4 4 4 4 4 4 4 4 4 4
4 4 4 4 4 4 4 4 4 4 4 4 4 4 14 14 14 14 14 14 4 4 0 0 14 14 0 0 4 4 14 14 14 14 14 14 4 4 6 6 14 14 6 6 4 4 14 14 14 14 14 14 4 4 4 4 4 4 4 4 4 4 4 4
4 4 4 4 4 4 4 4 4 4 4 4 4 4 14 14 14 14 14 14 4 4 0 0 14 14 0 0 4 4 14 14 14 14 14 14 4 4 6 6 14 14 6 6 4 4 14 14 14 14 14 14 4 4 4 4 4 4 4 4 4 4 4 4
4 4 4 4 4 4 4 4 4 4 4 4 4 4 14 14 14 14 14 14 4 4 2 2 0 0 2 2 4 4 14 14 14 14 14 14 4 4 14 14 6 6 14 14 4 4 14 14 14 14 14 14 4 4 4 4 4 4 4 4 4 4 4 4
4 4 4 4 4 4 4 4 4 4 4 4 4 4 14 14 14 14 14 14 4 4 2 2 0 0 2 2 4 4 14 14 14 14 14 14 4 4 14 14 6 6 14 14 4 4 14 14 14 14 14 14 4 4 4 4 4 4 4 4 4 4 4 4
4 4 4 4 4 4 4 4 4 4 4 4 4 4 4 4 4 4 4 4 4 4 4 4 4 4 4 4 4 4 4 4 4 4 4 4 4 4 4 4 4 4 4 4 4 4 4 4 4 4 4 4 4 4 4 4 4 4 4 4 4 4 4 4
4 4 4 4 4 4 4 4 4 4 4 4 4 4 4 4 4 4 4 4 4 4 4 4 4 4 4 4 4 4 4 4 4 4 4 4 4 4 4 4 4 4 4 4 4 4 4 4 4 4 4 4 4 4 4 4 4 4 4 4 4 4 4 4
4 4 4 4 4 4 4 4 4 4 4 4 4 4 14 14 14 14 14 14 4 4 14 14 14 14 14 14 4 4 14 14 14 14 14 14 4 4 14 14 14 14 14 14 4 4 2 2 0 0 3 3 4 4 4 4 4 4 4 4 4 4 4 4
4 4 4 4 4 4 4 4 4 4 4 4 4 4 14 14 14 14 14 14 4 4 14 14 14 14 14 14 4 4 14 14 14 14 14 14 4 4 14 14 14 14 14 14 4 4 2 2 0 0 3 3 4 4 4 4 4 4 4 4 4 4 4 4
4 4 4 4 4 4 4 4 4 4 4 4 4 4 14 14 14 14 14 14 4 4 14 14 14 14 14 14 4 4 14 14 14 14 14 14 4 4 14 14 14 14 14 14 4 4 0 0 14 14 3 3 4 4 4 4 4 4 4 4 4 4 4 4
4 4 4 4 4 4 4 4 4 4 4 4 4 4 14 14 14 14 14 14 4 4 14 14 14 14 14 14 4 4 14 14 14 14 14 14 4 4 14 14 14 14 14 14 4 4 0 0 14 14 3 3 4 4 4 4 4 4 4 4 4 4 4 4
4 4 4 4 4 4 4 4 4 4 4 4 4 4 14 14 14 14 14 14 4 4 14 14 14 14 14 14 4 4 14 14 14 14 14 14 4 4 14 14 14 14 14 14 4 4 3 3 3 3 3 3 4 4 4 4 4 4 4 4 4 4 4 4
4 4 4 4 4 4 4 4 4 4 4 4 4 4 14 14 14 14 14 14 4 4 14 14 14 14 14 14 4 4 14 14 14 14 14 14 4 4 14 14 14 14 14 14 4 4 3 3 3 3 3 3 4 4 4 4 4 4 4 4 4 4 4 4
4 4 4 4 4 4 4 4 4 4 4 4 4 4 4 4 4 4 4 4 4 4 4 4 4 4 4 4 4 4 4 4 4 4 4 4 4 4 4 4 4 4 4 4 4 4 4 4 4 4 4 4 4 4 4 4 4 4 4 4 4 4 4 4
4 4 4 4 4 4 4 4 4 4 4 4 4 4 4 4 4 4 4 4 4 4 4 4 4 4 4 4 4 4 4 4 4 4 4 4 4 4 4 4 4 4 4 4 4 4 4 4 4 4 4 4 4 4 4 4 4 4 4 4 4 4 4 4
4 4 4 4 4 4 4 4 4 4 4 4 4 4 4 4 4 4 4 4 4 4 4 4 4 4 4 4 4 4 4 4 4 4 4 4 4 4 4 4 4 4 4 4 4 4 4 4 4 4 4 4 4 4 4 4 4 4 4 4 4 4 4 4
4 4 4 4 4 4 4 4 4 4 4 4 4 4 4 4 4 4 4 4 4 4 4 4 4 4 4 4 4 4 4 4 4 4 4 4 4 4 4 4 4 4 4 4 4 4 4 4 4 4 4 4 4 4 4 4 4 4 4 4 4 4 4 4
4 4 4 4 4 4 4 4 4 4 4 4 4 4 4 4 4 4 4 4 4 4 4 4 4 4 4 4 4 4 4 4 4 4 4 4 4 4 4 4 4 4 4 4 4 4 4 4 4 4 4 4 4 4 4 4 4 4 4 4 4 4 4 4
12 12 12 12 12 12 12 12 12 12 12 12 12 12 12 12 12 12 12 12 12 12 12 12 12 12 12 12 12 12 12 12 12 12 12 12 12 12 12 12 12 12 12 12 12 12 12 12 12 12 12 12 12 12 12 12 12 12 12 12 12 12 11 11
[LEVELS] 4/6
[STATE] NOT_FINISHED
[AVAILABLE] ACTION6
[DIFF] 36 cells: (14,36) 14>15; (15,36) 14>15; (16,36) 14>15; (17,36) 14>15; (18,36) 14>15; (19,36) 14>15; (14,37) 14>15; (15,37) 14>15; (16,37) 14>15; (17,37) 14>15; (18,37) 14>15; (19,37) 14>15; (14,38) 14>15; (15,38) 14>15; (16,38) 14>15; (17,38) 14>15; (18,38) 14>15; (19,38) 14>15; (14,39) 14>15; (15,39) 14>15; (16,39) 14>15; (17,39) 14>15; (18,39) 14>15; (19,39) 14>15; (14,40) 14>15; (15,40) 14>15; (16,40) 14>15; (17,40) 14>15; (18,40) 14>15; (19,40) 14>15; (14,41) 14>15; (15,41) 14>15; (16,41) 14>15; (17,41) 14>15; (18,41) 14>15; (19,41) 14>15

[STEP 47]
[ACTION] ACTION6 x=32 y=38
[BOARD] 1/1 settled
4 4 4 4 4 4 4 4 4 4 4 4 4 4 4 4 4 4 4 4 4 4 4 4 4 4 4 4 4 4 4 4 4 4 4 4 4 4 4 4 4 4 4 4 4 4 4 4 4 4 4 4 4 4 14 14 14 14 4 4 4 4 4 4
4 4 4 4 4 4 4 4 4 4 4 4 4 4 4 4 4 4 4 4 4 4 4 4 4 4 4 4 4 4 4 4 4 4 4 4 4 4 4 4 4 4 4 4 4 4 4 4 4 4 4 4 4 4 14 14 14 14 4 4 4 4 4 4
4 4 4 4 4 4 4 4 4 4 4 4 4 4 4 4 4 4 4 4 4 4 4 4 4 4 4 4 4 4 4 4 4 4 4 4 4 4 4 4 4 4 4 4 4 4 4 4 4 4 4 4 4 4 14 14 14 14 4 4 4 4 4 4
4 4 4 4 4 4 4 4 4 4 4 4 4 4 4 4 4 4 4 4 4 4 4 4 4 4 4 4 4 4 4 4 4 4 4 4 4 4 4 4 4 4 4 4 4 4 4 4 4 4 4 4 4 4 14 14 14 14 4 4 4 4 4 4
4 4 4 4 4 4 4 4 4 4 4 4 4 4 3 3 3 3 3 3 4 4 14 14 14 14 14 14 4 4 15 15 15 15 15 15 4 4 4 4 4 4 4 4 4 4 4 4 4 4 4 4 4 4 15 15 15 15 4 4 4 4 4 4
4 4 4 4 4 4 4 4 4 4 4 4 4 4 3 3 3 3 3 3 4 4 14 14 14 14 14 14 4 4 15 15 15 15 15 15 4 4 4 4 4 4 4 4 4 4 4 4 4 4 4 4 4 4 15 15 15 15 4 4 4 4 4 4
4 4 4 4 4 4 4 4 4 4 4 4 4 4 3 3 14 14 0 0 4 4 14 14 14 14 14 14 4 4 15 15 15 15 15 15 4 4 4 4 4 4 4 4 4 4 4 4 4 4 4 4 4 4 15 15 15 15 4 4 4 4 4 4
4 4 4 4 4 4 4 4 4 4 4 4 4 4 3 3 14 14 0 0 4 4 14 14 14 14 14 14 4 4 15 15 15 15 15 15 4 4 4 4 4 4 4 4 4 4 4 4 4 4 4 4 4 4 15 15 15 15 4 4 4 4 4 4
4 4 4 4 4 4 4 4 4 4 4 4 4 4 3 3 0 0 2 2 4 4 14 14 14 14 14 14 4 4 15 15 15 15 15 15 4 4 4 4 4 4 4 4 4 4 4 4 4 4 4 4 4 4 4 4 4 4 4 4 4 4 4 4
4 4 4 4 4 4 4 4 4 4 4 4 4 4 3 3 0 0 2 2 4 4 14 14 14 14 14 14 4 4 15 15 15 15 15 15 4 4 4 4 4 4 4 4 4 4 4 4 4 4 4 4 4 4 4 4 4 4 4 4 4 4 4 4
4 4 4 4 4 4 4 4 4 4 4 4 4 4 4 4 4 4 4 4 4 4 4 4 4 4 4 4 4 4 4 4 4 4 4 4 4 4 4 4 4 4 4 4 4 4 4 4 4 4 4 4 4 4 4 4 4 4 4 4 4 4 4 4
4 4 4 4 4 4 4 4 4 4 4 4 4 4 4 4 4 4 4 4 4 4 4 4 4 4 4 4 4 4 4 4 4 4 4 4 4 4 4 4 4 4 4 4 4 4 4 4 4 4 4 4 4 4 4 4 4 4 4 4 4 4 4 4
4 4 4 4 4 4 4 4 4 4 4 4 4 4 14 14 14 14 14 14 4 4 14 14 6 6 14 14 4 4 14 14 14 14 14 14 4 4 0 0 3 3 3 3 4 4 4 4 4 4 4 4 4 4 4 4 4 4 4 4 4 4 4 4
4 4 4 4 4 4 4 4 4 4 4 4 4 4 14 14 14 14 14 14 4 4 14 14 6 6 14 14 4 4 14 14 14 14 14 14 4 4 0 0 3 3 3 3 4 4 4 4 4 4 4 4 4 4 4 4 4 4 4 4 4 4 4 4
4 4 4 4 4 4 4 4 4 4 4 4 4 4 14 14 14 14 14 14 4 4 6 6 14 14 6 6 4 4 14 14 14 14 14 14 4 4 2 2 15 15 3 3 4 4 4 4 4 4 4 4 4 4 4 4 4 4 4 4 4 4 4 4
4 4 4 4 4 4 4 4 4 4 4 4 4 4 14 14 14 14 14 14 4 4 6 6 14 14 6 6 4 4 14 14 14 14 14 14 4 4 2 2 15 15 3 3 4 4 4 4 4 4 4 4 4 4 4 4 4 4 4 4 4 4 4 4
4 4 4 4 4 4 4 4 4 4 4 4 4 4 14 14 14 14 14 14 4 4 14 14 6 6 14 14 4 4 14 14 14 14 14 14 4 4 0 0 2 2 0 0 4 4 4 4 4 4 4 4 4 4 4 4 4 4 4 4 4 4 4 4
4 4 4 4 4 4 4 4 4 4 4 4 4 4 14 14 14 14 14 14 4 4 14 14 6 6 14 14 4 4 14 14 14 14 14 14 4 4 0 0 2 2 0 0 4 4 4 4 4 4 4 4 4 4 4 4 4 4 4 4 4 4 4 4
4 4 4 4 4 4 4 4 4 4 4 4 4 4 4 4 4 4 4 4 4 4 4 4 4 4 4 4 4 4 4 4 4 4 4 4 4 4 4 4 4 4 4 4 4 4 4 4 4 4 4 4 4 4 4 4 4 4 4 4 4 4 4 4
4 4 4 4 4 4 4 4 4 4 4 4 4 4 4 4 4 4 4 4 4 4 4 4 4 4 4 4 4 4 4 4 4 4 4 4 4 4 4 4 4 4 4 4 4 4 4 4 4 4 4 4 4 4 4 4 4 4 4 4 4 4 4 4
4 4 4 4 4 4 14 14 14 14 14 14 4 4 15 15 15 15 15 15 4 4 14 14 14 14 14 14 4 4 15 15 15 15 15 15 4 4 14 14 14 14 14 14 4 4 15 15 15 15 15 15 4 4 14 14 14 14 14 14 4 4 4 4
4 4 4 4 4 4 14 14 14 14 14 14 4 4 15 15 15 15 15 15 4 4 14 14 14 14 14 14 4 4 15 15 15 15 15 15 4 4 14 14 14 14 14 14 4 4 15 15 15 15 15 15 4 4 14 14 14 14 14 14 4 4 4 4
4 4 4 4 4 4 14 14 14 14 14 14 4 4 15 15 15 15 15 15 4 4 14 14 14 14 14 14 4 4 15 15 15 15 15 15 4 4 14 14 14 14 14 14 4 4 15 15 15 15 15 15 4 4 14 14 14 14 14 14 4 4 4 4
4 4 4 4 4 4 14 14 14 14 14 14 4 4 15 15 15 15 15 15 4 4 14 14 14 14 14 14 4 4 15 15 15 15 15 15 4 4 14 14 14 14 14 14 4 4 15 15 15 15 15 15 4 4 14 14 14 14 14 14 4 4 4 4
4 4 4 4 4 4 14 14 14 14 14 14 4 4 15 15 15 15 15 15 4 4 14 14 14 14 14 14 4 4 15 15 15 15 15 15 4 4 14 14 14 14 14 14 4 4 15 15 15 15 15 15 4 4 14 14 14 14 14 14 4 4 4 4
4 4 4 4 4 4 14 14 14 14 14 14 4 4 15 15 15 15 15 15 4 4 14 14 14 14 14 14 4 4 15 15 15 15 15 15 4 4 14 14 14 14 14 14 4 4 15 15 15 15 15 15 4 4 14 14 14 14 14 14 4 4 4 4
4 4 4 4 4 4 4 4 4 4 4 4 4 4 4 4 4 4 4 4 4 4 4 4 4 4 4 4 4 4 4 4 4 4 4 4 4 4 4 4 4 4 4 4 4 4 4 4 4 4 4 4 4 4 4 4 4 4 4 4 4 4 4 4
4 4 4 4 4 4 4 4 4 4 4 4 4 4 4 4 4 4 4 4 4 4 4 4 4 4 4 4 4 4 4 4 4 4 4 4 4 4 4 4 4 4 4 4 4 4 4 4 4 4 4 4 4 4 4 4 4 4 4 4 4 4 4 4
4 4 4 4 4 4 3 3 2 2 0 0 4 4 14 14 14 14 14 14 4 4 14 14 6 6 14 14 4 4 14 14 14 14 14 14 4 4 2 2 0 0 2 2 4 4 14 14 14 14 14 14 4 4 2 2 0 0 3 3 4 4 4 4
4 4 4 4 4 4 3 3 2 2 0 0 4 4 14 14 14 14 14 14 4 4 14 14 6 6 14 14 4 4 14 14 14 14 14 14 4 4 2 2 0 0 2 2 4 4 14 14 14 14 14 14 4 4 2 2 0 0 3 3 4 4 4 4
4 4 4 4 4 4 3 3 15 15 2 2 4 4 14 14 14 14 14 14 4 4 6 6 14 14 6 6 4 4 14 14 14 14 14 14 4 4 0 0 14 14 0 0 4 4 14 14 14 14 14 14 4 4 0 0 14 14 3 3 4 4 4 4
4 4 4 4 4 4 3 3 15 15 2 2 4 4 14 14 14 14 14 14 4 4 6 6 14 14 6 6 4 4 14 14 14 14 14 14 4 4 0 0 14 14 0 0 4 4 14 14 14 14 14 14 4 4 0 0 14 14 3 3 4 4 4 4
4 4 4 4 4 4 3 3 2 2 0 0 4 4 14 14 14 14 14 14 4 4 14 14 6 6 14 14 4 4 14 14 14 14 14 14 4 4 2 2 0 0 2 2 4 4 14 14 14 14 14 14 4 4 2 2 0 0 3 3 4 4 4 4
4 4 4 4 4 4 3 3 2 2 0 0 4 4 14 14 14 14 14 14 4 4 14 14 6 6 14 14 4 4 14 14 14 14 14 14 4 4 2 2 0 0 2 2 4 4 14 14 14 14 14 14 4 4 2 2 0 0 3 3 4 4 4 4
4 4 4 4 4 4 4 4 4 4 4 4 4 4 4 4 4 4 4 4 4 4 4 4 4 4 4 4 4 4 4 4 4 4 4 4 4 4 4 4 4 4 4 4 4 4 4 4 4 4 4 4 4 4 4 4 4 4 4 4 4 4 4 4
4 4 4 4 4 4 4 4 4 4 4 4 4 4 4 4 4 4 4 4 4 4 4 4 4 4 4 4 4 4 4 4 4 4 4 4 4 4 4 4 4 4 4 4 4 4 4 4 4 4 4 4 4 4 4 4 4 4 4 4 4 4 4 4
4 4 4 4 4 4 14 14 14 14 14 14 4 4 15 15 15 15 15 15 4 4 0 0 2 2 0 0 4 4 15 15 15 15 15 15 4 4 14 14 14 14 14 14 4 4 14 14 14 14 14 14 4 4 14 14 14 14 14 14 4 4 4 4
4 4 4 4 4 4 14 14 14 14 14 14 4 4 15 15 15 15 15 15 4 4 0 0 2 2 0 0 4 4 15 15 15 15 15 15 4 4 14 14 14 14 14 14 4 4 14 14 14 14 14 14 4 4 14 14 14 14 14 14 4 4 4 4
4 4 4 4 4 4 14 14 14 14 14 14 4 4 15 15 15 15 15 15 4 4 2 2 14 14 2 2 4 4 15 15 15 15 15 15 4 4 14 14 14 14 14 14 4 4 14 14 14 14 14 14 4 4 14 14 14 14 14 14 4 4 4 4
4 4 4 4 4 4 14 14 14 14 14 14 4 4 15 15 15 15 15 15 4 4 2 2 14 14 2 2 4 4 15 15 15 15 15 15 4 4 14 14 14 14 14 14 4 4 14 14 14 14 14 14 4 4 14 14 14 14 14 14 4 4 4 4
4 4 4 4 4 4 14 14 14 14 14 14 4 4 15 15 15 15 15 15 4 4 0 0 3 3 0 0 4 4 15 15 15 15 15 15 4 4 14 14 14 14 14 14 4 4 14 14 14 14 14 14 4 4 14 14 14 14 14 14 4 4 4 4
4 4 4 4 4 4 14 14 14 14 14 14 4 4 15 15 15 15 15 15 4 4 0 0 3 3 0 0 4 4 15 15 15 15 15 15 4 4 14 14 14 14 14 14 4 4 14 14 14 14 14 14 4 4 14 14 14 14 14 14 4 4 4 4
4 4 4 4 4 4 4 4 4 4 4 4 4 4 4 4 4 4 4 4 4 4 4 4 4 4 4 4 4 4 4 4 4 4 4 4 4 4 4 4 4 4 4 4 4 4 4 4 4 4 4 4 4 4 4 4 4 4 4 4 4 4 4 4
4 4 4 4 4 4 4 4 4 4 4 4 4 4 4 4 4 4 4 4 4 4 4 4 4 4 4 4 4 4 4 4 4 4 4 4 4 4 4 4 4 4 4 4 4 4 4 4 4 4 4 4 4 4 4 4 4 4 4 4 4 4 4 4
4 4 4 4 4 4 4 4 4 4 4 4 4 4 14 14 14 14 14 14 4 4 2 2 3 3 2 2 4 4 14 14 14 14 14 14 4 4 14 14 6 6 14 14 4 4 14 14 14 14 14 14 4 4 4 4 4 4 4 4 4 4 4 4
4 4 4 4 4 4 4 4 4 4 4 4 4 4 14 14 14 14 14 14 4 4 2 2 3 3 2 2 4 4 14 14 14 14 14 14 4 4 14 14 6 6 14 14 4 4 14 14 14 14 14 14 4 4 4 4 4 4 4 4 4 4 4 4
4 4 4 4 4 4 4 4 4 4 4 4 4 4 14 14 14 14 14 14 4 4 0 0 14 14 0 0 4 4 14 14 14 14 14 14 4 4 6 6 14 14 6 6 4 4 14 14 14 14 14 14 4 4 4 4 4 4 4 4 4 4 4 4
4 4 4 4 4 4 4 4 4 4 4 4 4 4 14 14 14 14 14 14 4 4 0 0 14 14 0 0 4 4 14 14 14 14 14 14 4 4 6 6 14 14 6 6 4 4 14 14 14 14 14 14 4 4 4 4 4 4 4 4 4 4 4 4
4 4 4 4 4 4 4 4 4 4 4 4 4 4 14 14 14 14 14 14 4 4 2 2 0 0 2 2 4 4 14 14 14 14 14 14 4 4 14 14 6 6 14 14 4 4 14 14 14 14 14 14 4 4 4 4 4 4 4 4 4 4 4 4
4 4 4 4 4 4 4 4 4 4 4 4 4 4 14 14 14 14 14 14 4 4 2 2 0 0 2 2 4 4 14 14 14 14 14 14 4 4 14 14 6 6 14 14 4 4 14 14 14 14 14 14 4 4 4 4 4 4 4 4 4 4 4 4
4 4 4 4 4 4 4 4 4 4 4 4 4 4 4 4 4 4 4 4 4 4 4 4 4 4 4 4 4 4 4 4 4 4 4 4 4 4 4 4 4 4 4 4 4 4 4 4 4 4 4 4 4 4 4 4 4 4 4 4 4 4 4 4
4 4 4 4 4 4 4 4 4 4 4 4 4 4 4 4 4 4 4 4 4 4 4 4 4 4 4 4 4 4 4 4 4 4 4 4 4 4 4 4 4 4 4 4 4 4 4 4 4 4 4 4 4 4 4 4 4 4 4 4 4 4 4 4
4 4 4 4 4 4 4 4 4 4 4 4 4 4 14 14 14 14 14 14 4 4 14 14 14 14 14 14 4 4 14 14 14 14 14 14 4 4 14 14 14 14 14 14 4 4 2 2 0 0 3 3 4 4 4 4 4 4 4 4 4 4 4 4
4 4 4 4 4 4 4 4 4 4 4 4 4 4 14 14 14 14 14 14 4 4 14 14 14 14 14 14 4 4 14 14 14 14 14 14 4 4 14 14 14 14 14 14 4 4 2 2 0 0 3 3 4 4 4 4 4 4 4 4 4 4 4 4
4 4 4 4 4 4 4 4 4 4 4 4 4 4 14 14 14 14 14 14 4 4 14 14 14 14 14 14 4 4 14 14 14 14 14 14 4 4 14 14 14 14 14 14 4 4 0 0 14 14 3 3 4 4 4 4 4 4 4 4 4 4 4 4
4 4 4 4 4 4 4 4 4 4 4 4 4 4 14 14 14 14 14 14 4 4 14 14 14 14 14 14 4 4 14 14 14 14 14 14 4 4 14 14 14 14 14 14 4 4 0 0 14 14 3 3 4 4 4 4 4 4 4 4 4 4 4 4
4 4 4 4 4 4 4 4 4 4 4 4 4 4 14 14 14 14 14 14 4 4 14 14 14 14 14 14 4 4 14 14 14 14 14 14 4 4 14 14 14 14 14 14 4 4 3 3 3 3 3 3 4 4 4 4 4 4 4 4 4 4 4 4
4 4 4 4 4 4 4 4 4 4 4 4 4 4 14 14 14 14 14 14 4 4 14 14 14 14 14 14 4 4 14 14 14 14 14 14 4 4 14 14 14 14 14 14 4 4 3 3 3 3 3 3 4 4 4 4 4 4 4 4 4 4 4 4
4 4 4 4 4 4 4 4 4 4 4 4 4 4 4 4 4 4 4 4 4 4 4 4 4 4 4 4 4 4 4 4 4 4 4 4 4 4 4 4 4 4 4 4 4 4 4 4 4 4 4 4 4 4 4 4 4 4 4 4 4 4 4 4
4 4 4 4 4 4 4 4 4 4 4 4 4 4 4 4 4 4 4 4 4 4 4 4 4 4 4 4 4 4 4 4 4 4 4 4 4 4 4 4 4 4 4 4 4 4 4 4 4 4 4 4 4 4 4 4 4 4 4 4 4 4 4 4
4 4 4 4 4 4 4 4 4 4 4 4 4 4 4 4 4 4 4 4 4 4 4 4 4 4 4 4 4 4 4 4 4 4 4 4 4 4 4 4 4 4 4 4 4 4 4 4 4 4 4 4 4 4 4 4 4 4 4 4 4 4 4 4
4 4 4 4 4 4 4 4 4 4 4 4 4 4 4 4 4 4 4 4 4 4 4 4 4 4 4 4 4 4 4 4 4 4 4 4 4 4 4 4 4 4 4 4 4 4 4 4 4 4 4 4 4 4 4 4 4 4 4 4 4 4 4 4
4 4 4 4 4 4 4 4 4 4 4 4 4 4 4 4 4 4 4 4 4 4 4 4 4 4 4 4 4 4 4 4 4 4 4 4 4 4 4 4 4 4 4 4 4 4 4 4 4 4 4 4 4 4 4 4 4 4 4 4 4 4 4 4
12 12 12 12 12 12 12 12 12 12 12 12 12 12 12 12 12 12 12 12 12 12 12 12 12 12 12 12 12 12 12 12 12 12 12 12 12 12 12 12 12 12 12 12 12 12 12 12 12 12 12 12 12 12 12 12 12 12 12 12 12 11 11 11
[LEVELS] 4/6
[STATE] NOT_FINISHED
[AVAILABLE] ACTION6
[DIFF] 37 cells: (30,36) 14>15; (31,36) 14>15; (32,36) 14>15; (33,36) 14>15; (34,36) 14>15; (35,36) 14>15; (30,37) 14>15; (31,37) 14>15; (32,37) 14>15; (33,37) 14>15; (34,37) 14>15; (35,37) 14>15; (30,38) 14>15; (31,38) 14>15; (32,38) 14>15; (33,38) 14>15; (34,38) 14>15; (35,38) 14>15; (30,39) 14>15; (31,39) 14>15; (32,39) 14>15; (33,39) 14>15; (34,39) 14>15; (35,39) 14>15; (30,40) 14>15; (31,40) 14>15; (32,40) 14>15; (33,40) 14>15; (34,40) 14>15; (35,40) 14>15; (30,41) 14>15; (31,41) 14>15; (32,41) 14>15; (33,41) 14>15; (34,41) 14>15; (35,41) 14>15; (61,63) 12>11

[STEP 48]
[ACTION] ACTION6 x=48 y=38
[BOARD] 1/1 settled
4 4 4 4 4 4 4 4 4 4 4 4 4 4 4 4 4 4 4 4 4 4 4 4 4 4 4 4 4 4 4 4 4 4 4 4 4 4 4 4 4 4 4 4 4 4 4 4 4 4 4 4 4 4 14 14 14 14 4 4 4 4 4 4
4 4 4 4 4 4 4 4 4 4 4 4 4 4 4 4 4 4 4 4 4 4 4 4 4 4 4 4 4 4 4 4 4 4 4 4 4 4 4 4 4 4 4 4 4 4 4 4 4 4 4 4 4 4 14 14 14 14 4 4 4 4 4 4
4 4 4 4 4 4 4 4 4 4 4 4 4 4 4 4 4 4 4 4 4 4 4 4 4 4 4 4 4 4 4 4 4 4 4 4 4 4 4 4 4 4 4 4 4 4 4 4 4 4 4 4 4 4 14 14 14 14 4 4 4 4 4 4
4 4 4 4 4 4 4 4 4 4 4 4 4 4 4 4 4 4 4 4 4 4 4 4 4 4 4 4 4 4 4 4 4 4 4 4 4 4 4 4 4 4 4 4 4 4 4 4 4 4 4 4 4 4 14 14 14 14 4 4 4 4 4 4
4 4 4 4 4 4 4 4 4 4 4 4 4 4 3 3 3 3 3 3 4 4 14 14 14 14 14 14 4 4 15 15 15 15 15 15 4 4 4 4 4 4 4 4 4 4 4 4 4 4 4 4 4 4 15 15 15 15 4 4 4 4 4 4
4 4 4 4 4 4 4 4 4 4 4 4 4 4 3 3 3 3 3 3 4 4 14 14 14 14 14 14 4 4 15 15 15 15 15 15 4 4 4 4 4 4 4 4 4 4 4 4 4 4 4 4 4 4 15 15 15 15 4 4 4 4 4 4
4 4 4 4 4 4 4 4 4 4 4 4 4 4 3 3 14 14 0 0 4 4 14 14 14 14 14 14 4 4 15 15 15 15 15 15 4 4 4 4 4 4 4 4 4 4 4 4 4 4 4 4 4 4 15 15 15 15 4 4 4 4 4 4
4 4 4 4 4 4 4 4 4 4 4 4 4 4 3 3 14 14 0 0 4 4 14 14 14 14 14 14 4 4 15 15 15 15 15 15 4 4 4 4 4 4 4 4 4 4 4 4 4 4 4 4 4 4 15 15 15 15 4 4 4 4 4 4
4 4 4 4 4 4 4 4 4 4 4 4 4 4 3 3 0 0 2 2 4 4 14 14 14 14 14 14 4 4 15 15 15 15 15 15 4 4 4 4 4 4 4 4 4 4 4 4 4 4 4 4 4 4 4 4 4 4 4 4 4 4 4 4
4 4 4 4 4 4 4 4 4 4 4 4 4 4 3 3 0 0 2 2 4 4 14 14 14 14 14 14 4 4 15 15 15 15 15 15 4 4 4 4 4 4 4 4 4 4 4 4 4 4 4 4 4 4 4 4 4 4 4 4 4 4 4 4
4 4 4 4 4 4 4 4 4 4 4 4 4 4 4 4 4 4 4 4 4 4 4 4 4 4 4 4 4 4 4 4 4 4 4 4 4 4 4 4 4 4 4 4 4 4 4 4 4 4 4 4 4 4 4 4 4 4 4 4 4 4 4 4
4 4 4 4 4 4 4 4 4 4 4 4 4 4 4 4 4 4 4 4 4 4 4 4 4 4 4 4 4 4 4 4 4 4 4 4 4 4 4 4 4 4 4 4 4 4 4 4 4 4 4 4 4 4 4 4 4 4 4 4 4 4 4 4
4 4 4 4 4 4 4 4 4 4 4 4 4 4 14 14 14 14 14 14 4 4 14 14 6 6 14 14 4 4 14 14 14 14 14 14 4 4 0 0 3 3 3 3 4 4 4 4 4 4 4 4 4 4 4 4 4 4 4 4 4 4 4 4
4 4 4 4 4 4 4 4 4 4 4 4 4 4 14 14 14 14 14 14 4 4 14 14 6 6 14 14 4 4 14 14 14 14 14 14 4 4 0 0 3 3 3 3 4 4 4 4 4 4 4 4 4 4 4 4 4 4 4 4 4 4 4 4
4 4 4 4 4 4 4 4 4 4 4 4 4 4 14 14 14 14 14 14 4 4 6 6 14 14 6 6 4 4 14 14 14 14 14 14 4 4 2 2 15 15 3 3 4 4 4 4 4 4 4 4 4 4 4 4 4 4 4 4 4 4 4 4
4 4 4 4 4 4 4 4 4 4 4 4 4 4 14 14 14 14 14 14 4 4 6 6 14 14 6 6 4 4 14 14 14 14 14 14 4 4 2 2 15 15 3 3 4 4 4 4 4 4 4 4 4 4 4 4 4 4 4 4 4 4 4 4
4 4 4 4 4 4 4 4 4 4 4 4 4 4 14 14 14 14 14 14 4 4 14 14 6 6 14 14 4 4 14 14 14 14 14 14 4 4 0 0 2 2 0 0 4 4 4 4 4 4 4 4 4 4 4 4 4 4 4 4 4 4 4 4
4 4 4 4 4 4 4 4 4 4 4 4 4 4 14 14 14 14 14 14 4 4 14 14 6 6 14 14 4 4 14 14 14 14 14 14 4 4 0 0 2 2 0 0 4 4 4 4 4 4 4 4 4 4 4 4 4 4 4 4 4 4 4 4
4 4 4 4 4 4 4 4 4 4 4 4 4 4 4 4 4 4 4 4 4 4 4 4 4 4 4 4 4 4 4 4 4 4 4 4 4 4 4 4 4 4 4 4 4 4 4 4 4 4 4 4 4 4 4 4 4 4 4 4 4 4 4 4
4 4 4 4 4 4 4 4 4 4 4 4 4 4 4 4 4 4 4 4 4 4 4 4 4 4 4 4 4 4 4 4 4 4 4 4 4 4 4 4 4 4 4 4 4 4 4 4 4 4 4 4 4 4 4 4 4 4 4 4 4 4 4 4
4 4 4 4 4 4 14 14 14 14 14 14 4 4 15 15 15 15 15 15 4 4 14 14 14 14 14 14 4 4 15 15 15 15 15 15 4 4 14 14 14 14 14 14 4 4 15 15 15 15 15 15 4 4 14 14 14 14 14 14 4 4 4 4
4 4 4 4 4 4 14 14 14 14 14 14 4 4 15 15 15 15 15 15 4 4 14 14 14 14 14 14 4 4 15 15 15 15 15 15 4 4 14 14 14 14 14 14 4 4 15 15 15 15 15 15 4 4 14 14 14 14 14 14 4 4 4 4
4 4 4 4 4 4 14 14 14 14 14 14 4 4 15 15 15 15 15 15 4 4 14 14 14 14 14 14 4 4 15 15 15 15 15 15 4 4 14 14 14 14 14 14 4 4 15 15 15 15 15 15 4 4 14 14 14 14 14 14 4 4 4 4
4 4 4 4 4 4 14 14 14 14 14 14 4 4 15 15 15 15 15 15 4 4 14 14 14 14 14 14 4 4 15 15 15 15 15 15 4 4 14 14 14 14 14 14 4 4 15 15 15 15 15 15 4 4 14 14 14 14 14 14 4 4 4 4
4 4 4 4 4 4 14 14 14 14 14 14 4 4 15 15 15 15 15 15 4 4 14 14 14 14 14 14 4 4 15 15 15 15 15 15 4 4 14 14 14 14 14 14 4 4 15 15 15 15 15 15 4 4 14 14 14 14 14 14 4 4 4 4
4 4 4 4 4 4 14 14 14 14 14 14 4 4 15 15 15 15 15 15 4 4 14 14 14 14 14 14 4 4 15 15 15 15 15 15 4 4 14 14 14 14 14 14 4 4 15 15 15 15 15 15 4 4 14 14 14 14 14 14 4 4 4 4
4 4 4 4 4 4 4 4 4 4 4 4 4 4 4 4 4 4 4 4 4 4 4 4 4 4 4 4 4 4 4 4 4 4 4 4 4 4 4 4 4 4 4 4 4 4 4 4 4 4 4 4 4 4 4 4 4 4 4 4 4 4 4 4
4 4 4 4 4 4 4 4 4 4 4 4 4 4 4 4 4 4 4 4 4 4 4 4 4 4 4 4 4 4 4 4 4 4 4 4 4 4 4 4 4 4 4 4 4 4 4 4 4 4 4 4 4 4 4 4 4 4 4 4 4 4 4 4
4 4 4 4 4 4 3 3 2 2 0 0 4 4 14 14 14 14 14 14 4 4 14 14 6 6 14 14 4 4 14 14 14 14 14 14 4 4 2 2 0 0 2 2 4 4 14 14 14 14 14 14 4 4 2 2 0 0 3 3 4 4 4 4
4 4 4 4 4 4 3 3 2 2 0 0 4 4 14 14 14 14 14 14 4 4 14 14 6 6 14 14 4 4 14 14 14 14 14 14 4 4 2 2 0 0 2 2 4 4 14 14 14 14 14 14 4 4 2 2 0 0 3 3 4 4 4 4
4 4 4 4 4 4 3 3 15 15 2 2 4 4 14 14 14 14 14 14 4 4 6 6 14 14 6 6 4 4 14 14 14 14 14 14 4 4 0 0 14 14 0 0 4 4 14 14 14 14 14 14 4 4 0 0 14 14 3 3 4 4 4 4
4 4 4 4 4 4 3 3 15 15 2 2 4 4 14 14 14 14 14 14 4 4 6 6 14 14 6 6 4 4 14 14 14 14 14 14 4 4 0 0 14 14 0 0 4 4 14 14 14 14 14 14 4 4 0 0 14 14 3 3 4 4 4 4
4 4 4 4 4 4 3 3 2 2 0 0 4 4 14 14 14 14 14 14 4 4 14 14 6 6 14 14 4 4 14 14 14 14 14 14 4 4 2 2 0 0 2 2 4 4 14 14 14 14 14 14 4 4 2 2 0 0 3 3 4 4 4 4
4 4 4 4 4 4 3 3 2 2 0 0 4 4 14 14 14 14 14 14 4 4 14 14 6 6 14 14 4 4 14 14 14 14 14 14 4 4 2 2 0 0 2 2 4 4 14 14 14 14 14 14 4 4 2 2 0 0 3 3 4 4 4 4
4 4 4 4 4 4 4 4 4 4 4 4 4 4 4 4 4 4 4 4 4 4 4 4 4 4 4 4 4 4 4 4 4 4 4 4 4 4 4 4 4 4 4 4 4 4 4 4 4 4 4 4 4 4 4 4 4 4 4 4 4 4 4 4
4 4 4 4 4 4 4 4 4 4 4 4 4 4 4 4 4 4 4 4 4 4 4 4 4 4 4 4 4 4 4 4 4 4 4 4 4 4 4 4 4 4 4 4 4 4 4 4 4 4 4 4 4 4 4 4 4 4 4 4 4 4 4 4
4 4 4 4 4 4 14 14 14 14 14 14 4 4 15 15 15 15 15 15 4 4 0 0 2 2 0 0 4 4 15 15 15 15 15 15 4 4 14 14 14 14 14 14 4 4 15 15 15 15 15 15 4 4 14 14 14 14 14 14 4 4 4 4
4 4 4 4 4 4 14 14 14 14 14 14 4 4 15 15 15 15 15 15 4 4 0 0 2 2 0 0 4 4 15 15 15 15 15 15 4 4 14 14 14 14 14 14 4 4 15 15 15 15 15 15 4 4 14 14 14 14 14 14 4 4 4 4
4 4 4 4 4 4 14 14 14 14 14 14 4 4 15 15 15 15 15 15 4 4 2 2 14 14 2 2 4 4 15 15 15 15 15 15 4 4 14 14 14 14 14 14 4 4 15 15 15 15 15 15 4 4 14 14 14 14 14 14 4 4 4 4
4 4 4 4 4 4 14 14 14 14 14 14 4 4 15 15 15 15 15 15 4 4 2 2 14 14 2 2 4 4 15 15 15 15 15 15 4 4 14 14 14 14 14 14 4 4 15 15 15 15 15 15 4 4 14 14 14 14 14 14 4 4 4 4
4 4 4 4 4 4 14 14 14 14 14 14 4 4 15 15 15 15 15 15 4 4 0 0 3 3 0 0 4 4 15 15 15 15 15 15 4 4 14 14 14 14 14 14 4 4 15 15 15 15 15 15 4 4 14 14 14 14 14 14 4 4 4 4
4 4 4 4 4 4 14 14 14 14 14 14 4 4 15 15 15 15 15 15 4 4 0 0 3 3 0 0 4 4 15 15 15 15 15 15 4 4 14 14 14 14 14 14 4 4 15 15 15 15 15 15 4 4 14 14 14 14 14 14 4 4 4 4
4 4 4 4 4 4 4 4 4 4 4 4 4 4 4 4 4 4 4 4 4 4 4 4 4 4 4 4 4 4 4 4 4 4 4 4 4 4 4 4 4 4 4 4 4 4 4 4 4 4 4 4 4 4 4 4 4 4 4 4 4 4 4 4
4 4 4 4 4 4 4 4 4 4 4 4 4 4 4 4 4 4 4 4 4 4 4 4 4 4 4 4 4 4 4 4 4 4 4 4 4 4 4 4 4 4 4 4 4 4 4 4 4 4 4 4 4 4 4 4 4 4 4 4 4 4 4 4
4 4 4 4 4 4 4 4 4 4 4 4 4 4 14 14 14 14 14 14 4 4 2 2 3 3 2 2 4 4 14 14 14 14 14 14 4 4 14 14 6 6 14 14 4 4 14 14 14 14 14 14 4 4 4 4 4 4 4 4 4 4 4 4
4 4 4 4 4 4 4 4 4 4 4 4 4 4 14 14 14 14 14 14 4 4 2 2 3 3 2 2 4 4 14 14 14 14 14 14 4 4 14 14 6 6 14 14 4 4 14 14 14 14 14 14 4 4 4 4 4 4 4 4 4 4 4 4
4 4 4 4 4 4 4 4 4 4 4 4 4 4 14 14 14 14 14 14 4 4 0 0 14 14 0 0 4 4 14 14 14 14 14 14 4 4 6 6 14 14 6 6 4 4 14 14 14 14 14 14 4 4 4 4 4 4 4 4 4 4 4 4
4 4 4 4 4 4 4 4 4 4 4 4 4 4 14 14 14 14 14 14 4 4 0 0 14 14 0 0 4 4 14 14 14 14 14 14 4 4 6 6 14 14 6 6 4 4 14 14 14 14 14 14 4 4 4 4 4 4 4 4 4 4 4 4
4 4 4 4 4 4 4 4 4 4 4 4 4 4 14 14 14 14 14 14 4 4 2 2 0 0 2 2 4 4 14 14 14 14 14 14 4 4 14 14 6 6 14 14 4 4 14 14 14 14 14 14 4 4 4 4 4 4 4 4 4 4 4 4
4 4 4 4 4 4 4 4 4 4 4 4 4 4 14 14 14 14 14 14 4 4 2 2 0 0 2 2 4 4 14 14 14 14 14 14 4 4 14 14 6 6 14 14 4 4 14 14 14 14 14 14 4 4 4 4 4 4 4 4 4 4 4 4
4 4 4 4 4 4 4 4 4 4 4 4 4 4 4 4 4 4 4 4 4 4 4 4 4 4 4 4 4 4 4 4 4 4 4 4 4 4 4 4 4 4 4 4 4 4 4 4 4 4 4 4 4 4 4 4 4 4 4 4 4 4 4 4
4 4 4 4 4 4 4 4 4 4 4 4 4 4 4 4 4 4 4 4 4 4 4 4 4 4 4 4 4 4 4 4 4 4 4 4 4 4 4 4 4 4 4 4 4 4 4 4 4 4 4 4 4 4 4 4 4 4 4 4 4 4 4 4
4 4 4 4 4 4 4 4 4 4 4 4 4 4 14 14 14 14 14 14 4 4 14 14 14 14 14 14 4 4 14 14 14 14 14 14 4 4 14 14 14 14 14 14 4 4 2 2 0 0 3 3 4 4 4 4 4 4 4 4 4 4 4 4
4 4 4 4 4 4 4 4 4 4 4 4 4 4 14 14 14 14 14 14 4 4 14 14 14 14 14 14 4 4 14 14 14 14 14 14 4 4 14 14 14 14 14 14 4 4 2 2 0 0 3 3 4 4 4 4 4 4 4 4 4 4 4 4
4 4 4 4 4 4 4 4 4 4 4 4 4 4 14 14 14 14 14 14 4 4 14 14 14 14 14 14 4 4 14 14 14 14 14 14 4 4 14 14 14 14 14 14 4 4 0 0 14 14 3 3 4 4 4 4 4 4 4 4 4 4 4 4
4 4 4 4 4 4 4 4 4 4 4 4 4 4 14 14 14 14 14 14 4 4 14 14 14 14 14 14 4 4 14 14 14 14 14 14 4 4 14 14 14 14 14 14 4 4 0 0 14 14 3 3 4 4 4 4 4 4 4 4 4 4 4 4
4 4 4 4 4 4 4 4 4 4 4 4 4 4 14 14 14 14 14 14 4 4 14 14 14 14 14 14 4 4 14 14 14 14 14 14 4 4 14 14 14 14 14 14 4 4 3 3 3 3 3 3 4 4 4 4 4 4 4 4 4 4 4 4
4 4 4 4 4 4 4 4 4 4 4 4 4 4 14 14 14 14 14 14 4 4 14 14 14 14 14 14 4 4 14 14 14 14 14 14 4 4 14 14 14 14 14 14 4 4 3 3 3 3 3 3 4 4 4 4 4 4 4 4 4 4 4 4
4 4 4 4 4 4 4 4 4 4 4 4 4 4 4 4 4 4 4 4 4 4 4 4 4 4 4 4 4 4 4 4 4 4 4 4 4 4 4 4 4 4 4 4 4 4 4 4 4 4 4 4 4 4 4 4 4 4 4 4 4 4 4 4
4 4 4 4 4 4 4 4 4 4 4 4 4 4 4 4 4 4 4 4 4 4 4 4 4 4 4 4 4 4 4 4 4 4 4 4 4 4 4 4 4 4 4 4 4 4 4 4 4 4 4 4 4 4 4 4 4 4 4 4 4 4 4 4
4 4 4 4 4 4 4 4 4 4 4 4 4 4 4 4 4 4 4 4 4 4 4 4 4 4 4 4 4 4 4 4 4 4 4 4 4 4 4 4 4 4 4 4 4 4 4 4 4 4 4 4 4 4 4 4 4 4 4 4 4 4 4 4
4 4 4 4 4 4 4 4 4 4 4 4 4 4 4 4 4 4 4 4 4 4 4 4 4 4 4 4 4 4 4 4 4 4 4 4 4 4 4 4 4 4 4 4 4 4 4 4 4 4 4 4 4 4 4 4 4 4 4 4 4 4 4 4
4 4 4 4 4 4 4 4 4 4 4 4 4 4 4 4 4 4 4 4 4 4 4 4 4 4 4 4 4 4 4 4 4 4 4 4 4 4 4 4 4 4 4 4 4 4 4 4 4 4 4 4 4 4 4 4 4 4 4 4 4 4 4 4
12 12 12 12 12 12 12 12 12 12 12 12 12 12 12 12 12 12 12 12 12 12 12 12 12 12 12 12 12 12 12 12 12 12 12 12 12 12 12 12 12 12 12 12 12 12 12 12 12 12 12 12 12 12 12 12 12 12 12 12 11 11 11 11
[LEVELS] 4/6
[STATE] NOT_FINISHED
[AVAILABLE] ACTION6
[DIFF] 37 cells: (46,36) 14>15; (47,36) 14>15; (48,36) 14>15; (49,36) 14>15; (50,36) 14>15; (51,36) 14>15; (46,37) 14>15; (47,37) 14>15; (48,37) 14>15; (49,37) 14>15; (50,37) 14>15; (51,37) 14>15; (46,38) 14>15; (47,38) 14>15; (48,38) 14>15; (49,38) 14>15; (50,38) 14>15; (51,38) 14>15; (46,39) 14>15; (47,39) 14>15; (48,39) 14>15; (49,39) 14>15; (50,39) 14>15; (51,39) 14>15; (46,40) 14>15; (47,40) 14>15; (48,40) 14>15; (49,40) 14>15; (50,40) 14>15; (51,40) 14>15; (46,41) 14>15; (47,41) 14>15; (48,41) 14>15; (49,41) 14>15; (50,41) 14>15; (51,41) 14>15; (60,63) 12>11

[STEP 49]
[ACTION] ACTION6 x=16 y=54
[BOARD] 1/1 settled
4 4 4 4 4 4 4 4 4 4 4 4 4 4 4 4 4 4 4 4 4 4 4 4 4 4 4 4 4 4 4 4 4 4 4 4 4 4 4 4 4 4 4 4 4 4 4 4 4 4 4 4 4 4 14 14 14 14 4 4 4 4 4 4
4 4 4 4 4 4 4 4 4 4 4 4 4 4 4 4 4 4 4 4 4 4 4 4 4 4 4 4 4 4 4 4 4 4 4 4 4 4 4 4 4 4 4 4 4 4 4 4 4 4 4 4 4 4 14 14 14 14 4 4 4 4 4 4
4 4 4 4 4 4 4 4 4 4 4 4 4 4 4 4 4 4 4 4 4 4 4 4 4 4 4 4 4 4 4 4 4 4 4 4 4 4 4 4 4 4 4 4 4 4 4 4 4 4 4 4 4 4 14 14 14 14 4 4 4 4 4 4
4 4 4 4 4 4 4 4 4 4 4 4 4 4 4 4 4 4 4 4 4 4 4 4 4 4 4 4 4 4 4 4 4 4 4 4 4 4 4 4 4 4 4 4 4 4 4 4 4 4 4 4 4 4 14 14 14 14 4 4 4 4 4 4
4 4 4 4 4 4 4 4 4 4 4 4 4 4 3 3 3 3 3 3 4 4 14 14 14 14 14 14 4 4 15 15 15 15 15 15 4 4 4 4 4 4 4 4 4 4 4 4 4 4 4 4 4 4 15 15 15 15 4 4 4 4 4 4
4 4 4 4 4 4 4 4 4 4 4 4 4 4 3 3 3 3 3 3 4 4 14 14 14 14 14 14 4 4 15 15 15 15 15 15 4 4 4 4 4 4 4 4 4 4 4 4 4 4 4 4 4 4 15 15 15 15 4 4 4 4 4 4
4 4 4 4 4 4 4 4 4 4 4 4 4 4 3 3 14 14 0 0 4 4 14 14 14 14 14 14 4 4 15 15 15 15 15 15 4 4 4 4 4 4 4 4 4 4 4 4 4 4 4 4 4 4 15 15 15 15 4 4 4 4 4 4
4 4 4 4 4 4 4 4 4 4 4 4 4 4 3 3 14 14 0 0 4 4 14 14 14 14 14 14 4 4 15 15 15 15 15 15 4 4 4 4 4 4 4 4 4 4 4 4 4 4 4 4 4 4 15 15 15 15 4 4 4 4 4 4
4 4 4 4 4 4 4 4 4 4 4 4 4 4 3 3 0 0 2 2 4 4 14 14 14 14 14 14 4 4 15 15 15 15 15 15 4 4 4 4 4 4 4 4 4 4 4 4 4 4 4 4 4 4 4 4 4 4 4 4 4 4 4 4
4 4 4 4 4 4 4 4 4 4 4 4 4 4 3 3 0 0 2 2 4 4 14 14 14 14 14 14 4 4 15 15 15 15 15 15 4 4 4 4 4 4 4 4 4 4 4 4 4 4 4 4 4 4 4 4 4 4 4 4 4 4 4 4
4 4 4 4 4 4 4 4 4 4 4 4 4 4 4 4 4 4 4 4 4 4 4 4 4 4 4 4 4 4 4 4 4 4 4 4 4 4 4 4 4 4 4 4 4 4 4 4 4 4 4 4 4 4 4 4 4 4 4 4 4 4 4 4
4 4 4 4 4 4 4 4 4 4 4 4 4 4 4 4 4 4 4 4 4 4 4 4 4 4 4 4 4 4 4 4 4 4 4 4 4 4 4 4 4 4 4 4 4 4 4 4 4 4 4 4 4 4 4 4 4 4 4 4 4 4 4 4
4 4 4 4 4 4 4 4 4 4 4 4 4 4 14 14 14 14 14 14 4 4 14 14 6 6 14 14 4 4 14 14 14 14 14 14 4 4 0 0 3 3 3 3 4 4 4 4 4 4 4 4 4 4 4 4 4 4 4 4 4 4 4 4
4 4 4 4 4 4 4 4 4 4 4 4 4 4 14 14 14 14 14 14 4 4 14 14 6 6 14 14 4 4 14 14 14 14 14 14 4 4 0 0 3 3 3 3 4 4 4 4 4 4 4 4 4 4 4 4 4 4 4 4 4 4 4 4
4 4 4 4 4 4 4 4 4 4 4 4 4 4 14 14 14 14 14 14 4 4 6 6 14 14 6 6 4 4 14 14 14 14 14 14 4 4 2 2 15 15 3 3 4 4 4 4 4 4 4 4 4 4 4 4 4 4 4 4 4 4 4 4
4 4 4 4 4 4 4 4 4 4 4 4 4 4 14 14 14 14 14 14 4 4 6 6 14 14 6 6 4 4 14 14 14 14 14 14 4 4 2 2 15 15 3 3 4 4 4 4 4 4 4 4 4 4 4 4 4 4 4 4 4 4 4 4
4 4 4 4 4 4 4 4 4 4 4 4 4 4 14 14 14 14 14 14 4 4 14 14 6 6 14 14 4 4 14 14 14 14 14 14 4 4 0 0 2 2 0 0 4 4 4 4 4 4 4 4 4 4 4 4 4 4 4 4 4 4 4 4
4 4 4 4 4 4 4 4 4 4 4 4 4 4 14 14 14 14 14 14 4 4 14 14 6 6 14 14 4 4 14 14 14 14 14 14 4 4 0 0 2 2 0 0 4 4 4 4 4 4 4 4 4 4 4 4 4 4 4 4 4 4 4 4
4 4 4 4 4 4 4 4 4 4 4 4 4 4 4 4 4 4 4 4 4 4 4 4 4 4 4 4 4 4 4 4 4 4 4 4 4 4 4 4 4 4 4 4 4 4 4 4 4 4 4 4 4 4 4 4 4 4 4 4 4 4 4 4
4 4 4 4 4 4 4 4 4 4 4 4 4 4 4 4 4 4 4 4 4 4 4 4 4 4 4 4 4 4 4 4 4 4 4 4 4 4 4 4 4 4 4 4 4 4 4 4 4 4 4 4 4 4 4 4 4 4 4 4 4 4 4 4
4 4 4 4 4 4 14 14 14 14 14 14 4 4 15 15 15 15 15 15 4 4 14 14 14 14 14 14 4 4 15 15 15 15 15 15 4 4 14 14 14 14 14 14 4 4 15 15 15 15 15 15 4 4 14 14 14 14 14 14 4 4 4 4
4 4 4 4 4 4 14 14 14 14 14 14 4 4 15 15 15 15 15 15 4 4 14 14 14 14 14 14 4 4 15 15 15 15 15 15 4 4 14 14 14 14 14 14 4 4 15 15 15 15 15 15 4 4 14 14 14 14 14 14 4 4 4 4
4 4 4 4 4 4 14 14 14 14 14 14 4 4 15 15 15 15 15 15 4 4 14 14 14 14 14 14 4 4 15 15 15 15 15 15 4 4 14 14 14 14 14 14 4 4 15 15 15 15 15 15 4 4 14 14 14 14 14 14 4 4 4 4
4 4 4 4 4 4 14 14 14 14 14 14 4 4 15 15 15 15 15 15 4 4 14 14 14 14 14 14 4 4 15 15 15 15 15 15 4 4 14 14 14 14 14 14 4 4 15 15 15 15 15 15 4 4 14 14 14 14 14 14 4 4 4 4
4 4 4 4 4 4 14 14 14 14 14 14 4 4 15 15 15 15 15 15 4 4 14 14 14 14 14 14 4 4 15 15 15 15 15 15 4 4 14 14 14 14 14 14 4 4 15 15 15 15 15 15 4 4 14 14 14 14 14 14 4 4 4 4
4 4 4 4 4 4 14 14 14 14 14 14 4 4 15 15 15 15 15 15 4 4 14 14 14 14 14 14 4 4 15 15 15 15 15 15 4 4 14 14 14 14 14 14 4 4 15 15 15 15 15 15 4 4 14 14 14 14 14 14 4 4 4 4
4 4 4 4 4 4 4 4 4 4 4 4 4 4 4 4 4 4 4 4 4 4 4 4 4 4 4 4 4 4 4 4 4 4 4 4 4 4 4 4 4 4 4 4 4 4 4 4 4 4 4 4 4 4 4 4 4 4 4 4 4 4 4 4
4 4 4 4 4 4 4 4 4 4 4 4 4 4 4 4 4 4 4 4 4 4 4 4 4 4 4 4 4 4 4 4 4 4 4 4 4 4 4 4 4 4 4 4 4 4 4 4 4 4 4 4 4 4 4 4 4 4 4 4 4 4 4 4
4 4 4 4 4 4 3 3 2 2 0 0 4 4 14 14 14 14 14 14 4 4 14 14 6 6 14 14 4 4 14 14 14 14 14 14 4 4 2 2 0 0 2 2 4 4 14 14 14 14 14 14 4 4 2 2 0 0 3 3 4 4 4 4
4 4 4 4 4 4 3 3 2 2 0 0 4 4 14 14 14 14 14 14 4 4 14 14 6 6 14 14 4 4 14 14 14 14 14 14 4 4 2 2 0 0 2 2 4 4 14 14 14 14 14 14 4 4 2 2 0 0 3 3 4 4 4 4
4 4 4 4 4 4 3 3 15 15 2 2 4 4 14 14 14 14 14 14 4 4 6 6 14 14 6 6 4 4 14 14 14 14 14 14 4 4 0 0 14 14 0 0 4 4 14 14 14 14 14 14 4 4 0 0 14 14 3 3 4 4 4 4
4 4 4 4 4 4 3 3 15 15 2 2 4 4 14 14 14 14 14 14 4 4 6 6 14 14 6 6 4 4 14 14 14 14 14 14 4 4 0 0 14 14 0 0 4 4 14 14 14 14 14 14 4 4 0 0 14 14 3 3 4 4 4 4
4 4 4 4 4 4 3 3 2 2 0 0 4 4 14 14 14 14 14 14 4 4 14 14 6 6 14 14 4 4 14 14 14 14 14 14 4 4 2 2 0 0 2 2 4 4 14 14 14 14 14 14 4 4 2 2 0 0 3 3 4 4 4 4
4 4 4 4 4 4 3 3 2 2 0 0 4 4 14 14 14 14 14 14 4 4 14 14 6 6 14 14 4 4 14 14 14 14 14 14 4 4 2 2 0 0 2 2 4 4 14 14 14 14 14 14 4 4 2 2 0 0 3 3 4 4 4 4
4 4 4 4 4 4 4 4 4 4 4 4 4 4 4 4 4 4 4 4 4 4 4 4 4 4 4 4 4 4 4 4 4 4 4 4 4 4 4 4 4 4 4 4 4 4 4 4 4 4 4 4 4 4 4 4 4 4 4 4 4 4 4 4
4 4 4 4 4 4 4 4 4 4 4 4 4 4 4 4 4 4 4 4 4 4 4 4 4 4 4 4 4 4 4 4 4 4 4 4 4 4 4 4 4 4 4 4 4 4 4 4 4 4 4 4 4 4 4 4 4 4 4 4 4 4 4 4
4 4 4 4 4 4 14 14 14 14 14 14 4 4 15 15 15 15 15 15 4 4 0 0 2 2 0 0 4 4 15 15 15 15 15 15 4 4 14 14 14 14 14 14 4 4 15 15 15 15 15 15 4 4 14 14 14 14 14 14 4 4 4 4
4 4 4 4 4 4 14 14 14 14 14 14 4 4 15 15 15 15 15 15 4 4 0 0 2 2 0 0 4 4 15 15 15 15 15 15 4 4 14 14 14 14 14 14 4 4 15 15 15 15 15 15 4 4 14 14 14 14 14 14 4 4 4 4
4 4 4 4 4 4 14 14 14 14 14 14 4 4 15 15 15 15 15 15 4 4 2 2 14 14 2 2 4 4 15 15 15 15 15 15 4 4 14 14 14 14 14 14 4 4 15 15 15 15 15 15 4 4 14 14 14 14 14 14 4 4 4 4
4 4 4 4 4 4 14 14 14 14 14 14 4 4 15 15 15 15 15 15 4 4 2 2 14 14 2 2 4 4 15 15 15 15 15 15 4 4 14 14 14 14 14 14 4 4 15 15 15 15 15 15 4 4 14 14 14 14 14 14 4 4 4 4
4 4 4 4 4 4 14 14 14 14 14 14 4 4 15 15 15 15 15 15 4 4 0 0 3 3 0 0 4 4 15 15 15 15 15 15 4 4 14 14 14 14 14 14 4 4 15 15 15 15 15 15 4 4 14 14 14 14 14 14 4 4 4 4
4 4 4 4 4 4 14 14 14 14 14 14 4 4 15 15 15 15 15 15 4 4 0 0 3 3 0 0 4 4 15 15 15 15 15 15 4 4 14 14 14 14 14 14 4 4 15 15 15 15 15 15 4 4 14 14 14 14 14 14 4 4 4 4
4 4 4 4 4 4 4 4 4 4 4 4 4 4 4 4 4 4 4 4 4 4 4 4 4 4 4 4 4 4 4 4 4 4 4 4 4 4 4 4 4 4 4 4 4 4 4 4 4 4 4 4 4 4 4 4 4 4 4 4 4 4 4 4
4 4 4 4 4 4 4 4 4 4 4 4 4 4 4 4 4 4 4 4 4 4 4 4 4 4 4 4 4 4 4 4 4 4 4 4 4 4 4 4 4 4 4 4 4 4 4 4 4 4 4 4 4 4 4 4 4 4 4 4 4 4 4 4
4 4 4 4 4 4 4 4 4 4 4 4 4 4 14 14 14 14 14 14 4 4 2 2 3 3 2 2 4 4 14 14 14 14 14 14 4 4 14 14 6 6 14 14 4 4 14 14 14 14 14 14 4 4 4 4 4 4 4 4 4 4 4 4
4 4 4 4 4 4 4 4 4 4 4 4 4 4 14 14 14 14 14 14 4 4 2 2 3 3 2 2 4 4 14 14 14 14 14 14 4 4 14 14 6 6 14 14 4 4 14 14 14 14 14 14 4 4 4 4 4 4 4 4 4 4 4 4
4 4 4 4 4 4 4 4 4 4 4 4 4 4 14 14 14 14 14 14 4 4 0 0 14 14 0 0 4 4 14 14 14 14 14 14 4 4 6 6 14 14 6 6 4 4 14 14 14 14 14 14 4 4 4 4 4 4 4 4 4 4 4 4
4 4 4 4 4 4 4 4 4 4 4 4 4 4 14 14 14 14 14 14 4 4 0 0 14 14 0 0 4 4 14 14 14 14 14 14 4 4 6 6 14 14 6 6 4 4 14 14 14 14 14 14 4 4 4 4 4 4 4 4 4 4 4 4
4 4 4 4 4 4 4 4 4 4 4 4 4 4 14 14 14 14 14 14 4 4 2 2 0 0 2 2 4 4 14 14 14 14 14 14 4 4 14 14 6 6 14 14 4 4 14 14 14 14 14 14 4 4 4 4 4 4 4 4 4 4 4 4
4 4 4 4 4 4 4 4 4 4 4 4 4 4 14 14 14 14 14 14 4 4 2 2 0 0 2 2 4 4 14 14 14 14 14 14 4 4 14 14 6 6 14 14 4 4 14 14 14 14 14 14 4 4 4 4 4 4 4 4 4 4 4 4
4 4 4 4 4 4 4 4 4 4 4 4 4 4 4 4 4 4 4 4 4 4 4 4 4 4 4 4 4 4 4 4 4 4 4 4 4 4 4 4 4 4 4 4 4 4 4 4 4 4 4 4 4 4 4 4 4 4 4 4 4 4 4 4
4 4 4 4 4 4 4 4 4 4 4 4 4 4 4 4 4 4 4 4 4 4 4 4 4 4 4 4 4 4 4 4 4 4 4 4 4 4 4 4 4 4 4 4 4 4 4 4 4 4 4 4 4 4 4 4 4 4 4 4 4 4 4 4
4 4 4 4 4 4 4 4 4 4 4 4 4 4 15 15 15 15 15 15 4 4 14 14 14 14 14 14 4 4 14 14 14 14 14 14 4 4 14 14 14 14 14 14 4 4 2 2 0 0 3 3 4 4 4 4 4 4 4 4 4 4 4 4
4 4 4 4 4 4 4 4 4 4 4 4 4 4 15 15 15 15 15 15 4 4 14 14 14 14 14 14 4 4 14 14 14 14 14 14 4 4 14 14 14 14 14 14 4 4 2 2 0 0 3 3 4 4 4 4 4 4 4 4 4 4 4 4
4 4 4 4 4 4 4 4 4 4 4 4 4 4 15 15 15 15 15 15 4 4 14 14 14 14 14 14 4 4 14 14 14 14 14 14 4 4 14 14 14 14 14 14 4 4 0 0 14 14 3 3 4 4 4 4 4 4 4 4 4 4 4 4
4 4 4 4 4 4 4 4 4 4 4 4 4 4 15 15 15 15 15 15 4 4 14 14 14 14 14 14 4 4 14 14 14 14 14 14 4 4 14 14 14 14 14 14 4 4 0 0 14 14 3 3 4 4 4 4 4 4 4 4 4 4 4 4
4 4 4 4 4 4 4 4 4 4 4 4 4 4 15 15 15 15 15 15 4 4 14 14 14 14 14 14 4 4 14 14 14 14 14 14 4 4 14 14 14 14 14 14 4 4 3 3 3 3 3 3 4 4 4 4 4 4 4 4 4 4 4 4
4 4 4 4 4 4 4 4 4 4 4 4 4 4 15 15 15 15 15 15 4 4 14 14 14 14 14 14 4 4 14 14 14 14 14 14 4 4 14 14 14 14 14 14 4 4 3 3 3 3 3 3 4 4 4 4 4 4 4 4 4 4 4 4
4 4 4 4 4 4 4 4 4 4 4 4 4 4 4 4 4 4 4 4 4 4 4 4 4 4 4 4 4 4 4 4 4 4 4 4 4 4 4 4 4 4 4 4 4 4 4 4 4 4 4 4 4 4 4 4 4 4 4 4 4 4 4 4
4 4 4 4 4 4 4 4 4 4 4 4 4 4 4 4 4 4 4 4 4 4 4 4 4 4 4 4 4 4 4 4 4 4 4 4 4 4 4 4 4 4 4 4 4 4 4 4 4 4 4 4 4 4 4 4 4 4 4 4 4 4 4 4
4 4 4 4 4 4 4 4 4 4 4 4 4 4 4 4 4 4 4 4 4 4 4 4 4 4 4 4 4 4 4 4 4 4 4 4 4 4 4 4 4 4 4 4 4 4 4 4 4 4 4 4 4 4 4 4 4 4 4 4 4 4 4 4
4 4 4 4 4 4 4 4 4 4 4 4 4 4 4 4 4 4 4 4 4 4 4 4 4 4 4 4 4 4 4 4 4 4 4 4 4 4 4 4 4 4 4 4 4 4 4 4 4 4 4 4 4 4 4 4 4 4 4 4 4 4 4 4
4 4 4 4 4 4 4 4 4 4 4 4 4 4 4 4 4 4 4 4 4 4 4 4 4 4 4 4 4 4 4 4 4 4 4 4 4 4 4 4 4 4 4 4 4 4 4 4 4 4 4 4 4 4 4 4 4 4 4 4 4 4 4 4
12 12 12 12 12 12 12 12 12 12 12 12 12 12 12 12 12 12 12 12 12 12 12 12 12 12 12 12 12 12 12 12 12 12 12 12 12 12 12 12 12 12 12 12 12 12 12 12 12 12 12 12 12 12 12 12 12 12 12 12 11 11 11 11
[LEVELS] 4/6
[STATE] NOT_FINISHED
[AVAILABLE] ACTION6
[DIFF] 36 cells: (14,52) 14>15; (15,52) 14>15; (16,52) 14>15; (17,52) 14>15; (18,52) 14>15; (19,52) 14>15; (14,53) 14>15; (15,53) 14>15; (16,53) 14>15; (17,53) 14>15; (18,53) 14>15; (19,53) 14>15; (14,54) 14>15; (15,54) 14>15; (16,54) 14>15; (17,54) 14>15; (18,54) 14>15; (19,54) 14>15; (14,55) 14>15; (15,55) 14>15; (16,55) 14>15; (17,55) 14>15; (18,55) 14>15; (19,55) 14>15; (14,56) 14>15; (15,56) 14>15; (16,56) 14>15; (17,56) 14>15; (18,56) 14>15; (19,56) 14>15; (14,57) 14>15; (15,57) 14>15; (16,57) 14>15; (17,57) 14>15; (18,57) 14>15; (19,57) 14>15

[STEP 50]
[ACTION] ACTION6 x=32 y=54
[BOARD] 1/1 settled
4 4 4 4 4 4 4 4 4 4 4 4 4 4 4 4 4 4 4 4 4 4 4 4 4 4 4 4 4 4 4 4 4 4 4 4 4 4 4 4 4 4 4 4 4 4 4 4 4 4 4 4 4 4 14 14 14 14 4 4 4 4 4 4
4 4 4 4 4 4 4 4 4 4 4 4 4 4 4 4 4 4 4 4 4 4 4 4 4 4 4 4 4 4 4 4 4 4 4 4 4 4 4 4 4 4 4 4 4 4 4 4 4 4 4 4 4 4 14 14 14 14 4 4 4 4 4 4
4 4 4 4 4 4 4 4 4 4 4 4 4 4 4 4 4 4 4 4 4 4 4 4 4 4 4 4 4 4 4 4 4 4 4 4 4 4 4 4 4 4 4 4 4 4 4 4 4 4 4 4 4 4 14 14 14 14 4 4 4 4 4 4
4 4 4 4 4 4 4 4 4 4 4 4 4 4 4 4 4 4 4 4 4 4 4 4 4 4 4 4 4 4 4 4 4 4 4 4 4 4 4 4 4 4 4 4 4 4 4 4 4 4 4 4 4 4 14 14 14 14 4 4 4 4 4 4
4 4 4 4 4 4 4 4 4 4 4 4 4 4 3 3 3 3 3 3 4 4 14 14 14 14 14 14 4 4 15 15 15 15 15 15 4 4 4 4 4 4 4 4 4 4 4 4 4 4 4 4 4 4 15 15 15 15 4 4 4 4 4 4
4 4 4 4 4 4 4 4 4 4 4 4 4 4 3 3 3 3 3 3 4 4 14 14 14 14 14 14 4 4 15 15 15 15 15 15 4 4 4 4 4 4 4 4 4 4 4 4 4 4 4 4 4 4 15 15 15 15 4 4 4 4 4 4
4 4 4 4 4 4 4 4 4 4 4 4 4 4 3 3 14 14 0 0 4 4 14 14 14 14 14 14 4 4 15 15 15 15 15 15 4 4 4 4 4 4 4 4 4 4 4 4 4 4 4 4 4 4 15 15 15 15 4 4 4 4 4 4
4 4 4 4 4 4 4 4 4 4 4 4 4 4 3 3 14 14 0 0 4 4 14 14 14 14 14 14 4 4 15 15 15 15 15 15 4 4 4 4 4 4 4 4 4 4 4 4 4 4 4 4 4 4 15 15 15 15 4 4 4 4 4 4
4 4 4 4 4 4 4 4 4 4 4 4 4 4 3 3 0 0 2 2 4 4 14 14 14 14 14 14 4 4 15 15 15 15 15 15 4 4 4 4 4 4 4 4 4 4 4 4 4 4 4 4 4 4 4 4 4 4 4 4 4 4 4 4
4 4 4 4 4 4 4 4 4 4 4 4 4 4 3 3 0 0 2 2 4 4 14 14 14 14 14 14 4 4 15 15 15 15 15 15 4 4 4 4 4 4 4 4 4 4 4 4 4 4 4 4 4 4 4 4 4 4 4 4 4 4 4 4
4 4 4 4 4 4 4 4 4 4 4 4 4 4 4 4 4 4 4 4 4 4 4 4 4 4 4 4 4 4 4 4 4 4 4 4 4 4 4 4 4 4 4 4 4 4 4 4 4 4 4 4 4 4 4 4 4 4 4 4 4 4 4 4
4 4 4 4 4 4 4 4 4 4 4 4 4 4 4 4 4 4 4 4 4 4 4 4 4 4 4 4 4 4 4 4 4 4 4 4 4 4 4 4 4 4 4 4 4 4 4 4 4 4 4 4 4 4 4 4 4 4 4 4 4 4 4 4
4 4 4 4 4 4 4 4 4 4 4 4 4 4 14 14 14 14 14 14 4 4 14 14 6 6 14 14 4 4 14 14 14 14 14 14 4 4 0 0 3 3 3 3 4 4 4 4 4 4 4 4 4 4 4 4 4 4 4 4 4 4 4 4
4 4 4 4 4 4 4 4 4 4 4 4 4 4 14 14 14 14 14 14 4 4 14 14 6 6 14 14 4 4 14 14 14 14 14 14 4 4 0 0 3 3 3 3 4 4 4 4 4 4 4 4 4 4 4 4 4 4 4 4 4 4 4 4
4 4 4 4 4 4 4 4 4 4 4 4 4 4 14 14 14 14 14 14 4 4 6 6 14 14 6 6 4 4 14 14 14 14 14 14 4 4 2 2 15 15 3 3 4 4 4 4 4 4 4 4 4 4 4 4 4 4 4 4 4 4 4 4
4 4 4 4 4 4 4 4 4 4 4 4 4 4 14 14 14 14 14 14 4 4 6 6 14 14 6 6 4 4 14 14 14 14 14 14 4 4 2 2 15 15 3 3 4 4 4 4 4 4 4 4 4 4 4 4 4 4 4 4 4 4 4 4
4 4 4 4 4 4 4 4 4 4 4 4 4 4 14 14 14 14 14 14 4 4 14 14 6 6 14 14 4 4 14 14 14 14 14 14 4 4 0 0 2 2 0 0 4 4 4 4 4 4 4 4 4 4 4 4 4 4 4 4 4 4 4 4
4 4 4 4 4 4 4 4 4 4 4 4 4 4 14 14 14 14 14 14 4 4 14 14 6 6 14 14 4 4 14 14 14 14 14 14 4 4 0 0 2 2 0 0 4 4 4 4 4 4 4 4 4 4 4 4 4 4 4 4 4 4 4 4
4 4 4 4 4 4 4 4 4 4 4 4 4 4 4 4 4 4 4 4 4 4 4 4 4 4 4 4 4 4 4 4 4 4 4 4 4 4 4 4 4 4 4 4 4 4 4 4 4 4 4 4 4 4 4 4 4 4 4 4 4 4 4 4
4 4 4 4 4 4 4 4 4 4 4 4 4 4 4 4 4 4 4 4 4 4 4 4 4 4 4 4 4 4 4 4 4 4 4 4 4 4 4 4 4 4 4 4 4 4 4 4 4 4 4 4 4 4 4 4 4 4 4 4 4 4 4 4
4 4 4 4 4 4 14 14 14 14 14 14 4 4 15 15 15 15 15 15 4 4 14 14 14 14 14 14 4 4 15 15 15 15 15 15 4 4 14 14 14 14 14 14 4 4 15 15 15 15 15 15 4 4 14 14 14 14 14 14 4 4 4 4
4 4 4 4 4 4 14 14 14 14 14 14 4 4 15 15 15 15 15 15 4 4 14 14 14 14 14 14 4 4 15 15 15 15 15 15 4 4 14 14 14 14 14 14 4 4 15 15 15 15 15 15 4 4 14 14 14 14 14 14 4 4 4 4
4 4 4 4 4 4 14 14 14 14 14 14 4 4 15 15 15 15 15 15 4 4 14 14 14 14 14 14 4 4 15 15 15 15 15 15 4 4 14 14 14 14 14 14 4 4 15 15 15 15 15 15 4 4 14 14 14 14 14 14 4 4 4 4
4 4 4 4 4 4 14 14 14 14 14 14 4 4 15 15 15 15 15 15 4 4 14 14 14 14 14 14 4 4 15 15 15 15 15 15 4 4 14 14 14 14 14 14 4 4 15 15 15 15 15 15 4 4 14 14 14 14 14 14 4 4 4 4
4 4 4 4 4 4 14 14 14 14 14 14 4 4 15 15 15 15 15 15 4 4 14 14 14 14 14 14 4 4 15 15 15 15 15 15 4 4 14 14 14 14 14 14 4 4 15 15 15 15 15 15 4 4 14 14 14 14 14 14 4 4 4 4
4 4 4 4 4 4 14 14 14 14 14 14 4 4 15 15 15 15 15 15 4 4 14 14 14 14 14 14 4 4 15 15 15 15 15 15 4 4 14 14 14 14 14 14 4 4 15 15 15 15 15 15 4 4 14 14 14 14 14 14 4 4 4 4
4 4 4 4 4 4 4 4 4 4 4 4 4 4 4 4 4 4 4 4 4 4 4 4 4 4 4 4 4 4 4 4 4 4 4 4 4 4 4 4 4 4 4 4 4 4 4 4 4 4 4 4 4 4 4 4 4 4 4 4 4 4 4 4
4 4 4 4 4 4 4 4 4 4 4 4 4 4 4 4 4 4 4 4 4 4 4 4 4 4 4 4 4 4 4 4 4 4 4 4 4 4 4 4 4 4 4 4 4 4 4 4 4 4 4 4 4 4 4 4 4 4 4 4 4 4 4 4
4 4 4 4 4 4 3 3 2 2 0 0 4 4 14 14 14 14 14 14 4 4 14 14 6 6 14 14 4 4 14 14 14 14 14 14 4 4 2 2 0 0 2 2 4 4 14 14 14 14 14 14 4 4 2 2 0 0 3 3 4 4 4 4
4 4 4 4 4 4 3 3 2 2 0 0 4 4 14 14 14 14 14 14 4 4 14 14 6 6 14 14 4 4 14 14 14 14 14 14 4 4 2 2 0 0 2 2 4 4 14 14 14 14 14 14 4 4 2 2 0 0 3 3 4 4 4 4
4 4 4 4 4 4 3 3 15 15 2 2 4 4 14 14 14 14 14 14 4 4 6 6 14 14 6 6 4 4 14 14 14 14 14 14 4 4 0 0 14 14 0 0 4 4 14 14 14 14 14 14 4 4 0 0 14 14 3 3 4 4 4 4
4 4 4 4 4 4 3 3 15 15 2 2 4 4 14 14 14 14 14 14 4 4 6 6 14 14 6 6 4 4 14 14 14 14 14 14 4 4 0 0 14 14 0 0 4 4 14 14 14 14 14 14 4 4 0 0 14 14 3 3 4 4 4 4
4 4 4 4 4 4 3 3 2 2 0 0 4 4 14 14 14 14 14 14 4 4 14 14 6 6 14 14 4 4 14 14 14 14 14 14 4 4 2 2 0 0 2 2 4 4 14 14 14 14 14 14 4 4 2 2 0 0 3 3 4 4 4 4
4 4 4 4 4 4 3 3 2 2 0 0 4 4 14 14 14 14 14 14 4 4 14 14 6 6 14 14 4 4 14 14 14 14 14 14 4 4 2 2 0 0 2 2 4 4 14 14 14 14 14 14 4 4 2 2 0 0 3 3 4 4 4 4
4 4 4 4 4 4 4 4 4 4 4 4 4 4 4 4 4 4 4 4 4 4 4 4 4 4 4 4 4 4 4 4 4 4 4 4 4 4 4 4 4 4 4 4 4 4 4 4 4 4 4 4 4 4 4 4 4 4 4 4 4 4 4 4
4 4 4 4 4 4 4 4 4 4 4 4 4 4 4 4 4 4 4 4 4 4 4 4 4 4 4 4 4 4 4 4 4 4 4 4 4 4 4 4 4 4 4 4 4 4 4 4 4 4 4 4 4 4 4 4 4 4 4 4 4 4 4 4
4 4 4 4 4 4 14 14 14 14 14 14 4 4 15 15 15 15 15 15 4 4 0 0 2 2 0 0 4 4 15 15 15 15 15 15 4 4 14 14 14 14 14 14 4 4 15 15 15 15 15 15 4 4 14 14 14 14 14 14 4 4 4 4
4 4 4 4 4 4 14 14 14 14 14 14 4 4 15 15 15 15 15 15 4 4 0 0 2 2 0 0 4 4 15 15 15 15 15 15 4 4 14 14 14 14 14 14 4 4 15 15 15 15 15 15 4 4 14 14 14 14 14 14 4 4 4 4
4 4 4 4 4 4 14 14 14 14 14 14 4 4 15 15 15 15 15 15 4 4 2 2 14 14 2 2 4 4 15 15 15 15 15 15 4 4 14 14 14 14 14 14 4 4 15 15 15 15 15 15 4 4 14 14 14 14 14 14 4 4 4 4
4 4 4 4 4 4 14 14 14 14 14 14 4 4 15 15 15 15 15 15 4 4 2 2 14 14 2 2 4 4 15 15 15 15 15 15 4 4 14 14 14 14 14 14 4 4 15 15 15 15 15 15 4 4 14 14 14 14 14 14 4 4 4 4
4 4 4 4 4 4 14 14 14 14 14 14 4 4 15 15 15 15 15 15 4 4 0 0 3 3 0 0 4 4 15 15 15 15 15 15 4 4 14 14 14 14 14 14 4 4 15 15 15 15 15 15 4 4 14 14 14 14 14 14 4 4 4 4
4 4 4 4 4 4 14 14 14 14 14 14 4 4 15 15 15 15 15 15 4 4 0 0 3 3 0 0 4 4 15 15 15 15 15 15 4 4 14 14 14 14 14 14 4 4 15 15 15 15 15 15 4 4 14 14 14 14 14 14 4 4 4 4
4 4 4 4 4 4 4 4 4 4 4 4 4 4 4 4 4 4 4 4 4 4 4 4 4 4 4 4 4 4 4 4 4 4 4 4 4 4 4 4 4 4 4 4 4 4 4 4 4 4 4 4 4 4 4 4 4 4 4 4 4 4 4 4
4 4 4 4 4 4 4 4 4 4 4 4 4 4 4 4 4 4 4 4 4 4 4 4 4 4 4 4 4 4 4 4 4 4 4 4 4 4 4 4 4 4 4 4 4 4 4 4 4 4 4 4 4 4 4 4 4 4 4 4 4 4 4 4
4 4 4 4 4 4 4 4 4 4 4 4 4 4 14 14 14 14 14 14 4 4 2 2 3 3 2 2 4 4 14 14 14 14 14 14 4 4 14 14 6 6 14 14 4 4 14 14 14 14 14 14 4 4 4 4 4 4 4 4 4 4 4 4
4 4 4 4 4 4 4 4 4 4 4 4 4 4 14 14 14 14 14 14 4 4 2 2 3 3 2 2 4 4 14 14 14 14 14 14 4 4 14 14 6 6 14 14 4 4 14 14 14 14 14 14 4 4 4 4 4 4 4 4 4 4 4 4
4 4 4 4 4 4 4 4 4 4 4 4 4 4 14 14 14 14 14 14 4 4 0 0 14 14 0 0 4 4 14 14 14 14 14 14 4 4 6 6 14 14 6 6 4 4 14 14 14 14 14 14 4 4 4 4 4 4 4 4 4 4 4 4
4 4 4 4 4 4 4 4 4 4 4 4 4 4 14 14 14 14 14 14 4 4 0 0 14 14 0 0 4 4 14 14 14 14 14 14 4 4 6 6 14 14 6 6 4 4 14 14 14 14 14 14 4 4 4 4 4 4 4 4 4 4 4 4
4 4 4 4 4 4 4 4 4 4 4 4 4 4 14 14 14 14 14 14 4 4 2 2 0 0 2 2 4 4 14 14 14 14 14 14 4 4 14 14 6 6 14 14 4 4 14 14 14 14 14 14 4 4 4 4 4 4 4 4 4 4 4 4
4 4 4 4 4 4 4 4 4 4 4 4 4 4 14 14 14 14 14 14 4 4 2 2 0 0 2 2 4 4 14 14 14 14 14 14 4 4 14 14 6 6 14 14 4 4 14 14 14 14 14 14 4 4 4 4 4 4 4 4 4 4 4 4
4 4 4 4 4 4 4 4 4 4 4 4 4 4 4 4 4 4 4 4 4 4 4 4 4 4 4 4 4 4 4 4 4 4 4 4 4 4 4 4 4 4 4 4 4 4 4 4 4 4 4 4 4 4 4 4 4 4 4 4 4 4 4 4
4 4 4 4 4 4 4 4 4 4 4 4 4 4 4 4 4 4 4 4 4 4 4 4 4 4 4 4 4 4 4 4 4 4 4 4 4 4 4 4 4 4 4 4 4 4 4 4 4 4 4 4 4 4 4 4 4 4 4 4 4 4 4 4
4 4 4 4 4 4 4 4 4 4 4 4 4 4 15 15 15 15 15 15 4 4 14 14 14 14 14 14 4 4 15 15 15 15 15 15 4 4 14 14 14 14 14 14 4 4 2 2 0 0 3 3 4 4 4 4 4 4 4 4 4 4 4 4
4 4 4 4 4 4 4 4 4 4 4 4 4 4 15 15 15 15 15 15 4 4 14 14 14 14 14 14 4 4 15 15 15 15 15 15 4 4 14 14 14 14 14 14 4 4 2 2 0 0 3 3 4 4 4 4 4 4 4 4 4 4 4 4
4 4 4 4 4 4 4 4 4 4 4 4 4 4 15 15 15 15 15 15 4 4 14 14 14 14 14 14 4 4 15 15 15 15 15 15 4 4 14 14 14 14 14 14 4 4 0 0 14 14 3 3 4 4 4 4 4 4 4 4 4 4 4 4
4 4 4 4 4 4 4 4 4 4 4 4 4 4 15 15 15 15 15 15 4 4 14 14 14 14 14 14 4 4 15 15 15 15 15 15 4 4 14 14 14 14 14 14 4 4 0 0 14 14 3 3 4 4 4 4 4 4 4 4 4 4 4 4
4 4 4 4 4 4 4 4 4 4 4 4 4 4 15 15 15 15 15 15 4 4 14 14 14 14 14 14 4 4 15 15 15 15 15 15 4 4 14 14 14 14 14 14 4 4 3 3 3 3 3 3 4 4 4 4 4 4 4 4 4 4 4 4
4 4 4 4 4 4 4 4 4 4 4 4 4 4 15 15 15 15 15 15 4 4 14 14 14 14 14 14 4 4 15 15 15 15 15 15 4 4 14 14 14 14 14 14 4 4 3 3 3 3 3 3 4 4 4 4 4 4 4 4 4 4 4 4
4 4 4 4 4 4 4 4 4 4 4 4 4 4 4 4 4 4 4 4 4 4 4 4 4 4 4 4 4 4 4 4 4 4 4 4 4 4 4 4 4 4 4 4 4 4 4 4 4 4 4 4 4 4 4 4 4 4 4 4 4 4 4 4
4 4 4 4 4 4 4 4 4 4 4 4 4 4 4 4 4 4 4 4 4 4 4 4 4 4 4 4 4 4 4 4 4 4 4 4 4 4 4 4 4 4 4 4 4 4 4 4 4 4 4 4 4 4 4 4 4 4 4 4 4 4 4 4
4 4 4 4 4 4 4 4 4 4 4 4 4 4 4 4 4 4 4 4 4 4 4 4 4 4 4 4 4 4 4 4 4 4 4 4 4 4 4 4 4 4 4 4 4 4 4 4 4 4 4 4 4 4 4 4 4 4 4 4 4 4 4 4
4 4 4 4 4 4 4 4 4 4 4 4 4 4 4 4 4 4 4 4 4 4 4 4 4 4 4 4 4 4 4 4 4 4 4 4 4 4 4 4 4 4 4 4 4 4 4 4 4 4 4 4 4 4 4 4 4 4 4 4 4 4 4 4
4 4 4 4 4 4 4 4 4 4 4 4 4 4 4 4 4 4 4 4 4 4 4 4 4 4 4 4 4 4 4 4 4 4 4 4 4 4 4 4 4 4 4 4 4 4 4 4 4 4 4 4 4 4 4 4 4 4 4 4 4 4 4 4
12 12 12 12 12 12 12 12 12 12 12 12 12 12 12 12 12 12 12 12 12 12 12 12 12 12 12 12 12 12 12 12 12 12 12 12 12 12 12 12 12 12 12 12 12 12 12 12 12 12 12 12 12 12 12 12 12 12 12 12 11 11 11 11
[LEVELS] 4/6
[STATE] NOT_FINISHED
[AVAILABLE] ACTION6
[DIFF] 36 cells: (30,52) 14>15; (31,52) 14>15; (32,52) 14>15; (33,52) 14>15; (34,52) 14>15; (35,52) 14>15; (30,53) 14>15; (31,53) 14>15; (32,53) 14>15; (33,53) 14>15; (34,53) 14>15; (35,53) 14>15; (30,54) 14>15; (31,54) 14>15; (32,54) 14>15; (33,54) 14>15; (34,54) 14>15; (35,54) 14>15; (30,55) 14>15; (31,55) 14>15; (32,55) 14>15; (33,55) 14>15; (34,55) 14>15; (35,55) 14>15; (30,56) 14>15; (31,56) 14>15; (32,56) 14>15; (33,56) 14>15; (34,56) 14>15; (35,56) 14>15; (30,57) 14>15; (31,57) 14>15; (32,57) 14>15; (33,57) 14>15; (34,57) 14>15; (35,57) 14>15

[PLAN] invocation 9
The first checker-hatched tile is the only unsatisfied neighbor of its core14 clue, so its base color should cycle 14→15 when clicked.
plan: ACTION6(x=24,y=14)
[END PLAN]

[STEP 51]
[ACTION] ACTION6 x=24 y=14
[BOARD] 1/1 settled
4 4 4 4 4 4 4 4 4 4 4 4 4 4 4 4 4 4 4 4 4 4 4 4 4 4 4 4 4 4 4 4 4 4 4 4 4 4 4 4 4 4 4 4 4 4 4 4 4 4 4 4 4 4 14 14 14 14 4 4 4 4 4 4
4 4 4 4 4 4 4 4 4 4 4 4 4 4 4 4 4 4 4 4 4 4 4 4 4 4 4 4 4 4 4 4 4 4 4 4 4 4 4 4 4 4 4 4 4 4 4 4 4 4 4 4 4 4 14 14 14 14 4 4 4 4 4 4
4 4 4 4 4 4 4 4 4 4 4 4 4 4 4 4 4 4 4 4 4 4 4 4 4 4 4 4 4 4 4 4 4 4 4 4 4 4 4 4 4 4 4 4 4 4 4 4 4 4 4 4 4 4 14 14 14 14 4 4 4 4 4 4
4 4 4 4 4 4 4 4 4 4 4 4 4 4 4 4 4 4 4 4 4 4 4 4 4 4 4 4 4 4 4 4 4 4 4 4 4 4 4 4 4 4 4 4 4 4 4 4 4 4 4 4 4 4 14 14 14 14 4 4 4 4 4 4
4 4 4 4 4 4 4 4 4 4 4 4 4 4 3 3 3 3 3 3 4 4 15 15 15 15 15 15 4 4 15 15 15 15 15 15 4 4 4 4 4 4 4 4 4 4 4 4 4 4 4 4 4 4 15 15 15 15 4 4 4 4 4 4
4 4 4 4 4 4 4 4 4 4 4 4 4 4 3 3 3 3 3 3 4 4 15 15 15 15 15 15 4 4 15 15 15 15 15 15 4 4 4 4 4 4 4 4 4 4 4 4 4 4 4 4 4 4 15 15 15 15 4 4 4 4 4 4
4 4 4 4 4 4 4 4 4 4 4 4 4 4 3 3 14 14 0 0 4 4 15 15 15 15 15 15 4 4 15 15 15 15 15 15 4 4 4 4 4 4 4 4 4 4 4 4 4 4 4 4 4 4 15 15 15 15 4 4 4 4 4 4
4 4 4 4 4 4 4 4 4 4 4 4 4 4 3 3 14 14 0 0 4 4 15 15 15 15 15 15 4 4 15 15 15 15 15 15 4 4 4 4 4 4 4 4 4 4 4 4 4 4 4 4 4 4 15 15 15 15 4 4 4 4 4 4
4 4 4 4 4 4 4 4 4 4 4 4 4 4 3 3 0 0 2 2 4 4 15 15 15 15 15 15 4 4 15 15 15 15 15 15 4 4 4 4 4 4 4 4 4 4 4 4 4 4 4 4 4 4 4 4 4 4 4 4 4 4 4 4
4 4 4 4 4 4 4 4 4 4 4 4 4 4 3 3 0 0 2 2 4 4 15 15 15 15 15 15 4 4 15 15 15 15 15 15 4 4 4 4 4 4 4 4 4 4 4 4 4 4 4 4 4 4 4 4 4 4 4 4 4 4 4 4
4 4 4 4 4 4 4 4 4 4 4 4 4 4 4 4 4 4 4 4 4 4 4 4 4 4 4 4 4 4 4 4 4 4 4 4 4 4 4 4 4 4 4 4 4 4 4 4 4 4 4 4 4 4 4 4 4 4 4 4 4 4 4 4
4 4 4 4 4 4 4 4 4 4 4 4 4 4 4 4 4 4 4 4 4 4 4 4 4 4 4 4 4 4 4 4 4 4 4 4 4 4 4 4 4 4 4 4 4 4 4 4 4 4 4 4 4 4 4 4 4 4 4 4 4 4 4 4
4 4 4 4 4 4 4 4 4 4 4 4 4 4 15 15 15 15 15 15 4 4 15 15 6 6 15 15 4 4 15 15 15 15 15 15 4 4 0 0 3 3 3 3 4 4 4 4 4 4 4 4 4 4 4 4 4 4 4 4 4 4 4 4
4 4 4 4 4 4 4 4 4 4 4 4 4 4 15 15 15 15 15 15 4 4 15 15 6 6 15 15 4 4 15 15 15 15 15 15 4 4 0 0 3 3 3 3 4 4 4 4 4 4 4 4 4 4 4 4 4 4 4 4 4 4 4 4
4 4 4 4 4 4 4 4 4 4 4 4 4 4 15 15 15 15 15 15 4 4 6 6 15 15 6 6 4 4 15 15 15 15 15 15 4 4 2 2 15 15 3 3 4 4 4 4 4 4 4 4 4 4 4 4 4 4 4 4 4 4 4 4
4 4 4 4 4 4 4 4 4 4 4 4 4 4 15 15 15 15 15 15 4 4 6 6 15 15 6 6 4 4 15 15 15 15 15 15 4 4 2 2 15 15 3 3 4 4 4 4 4 4 4 4 4 4 4 4 4 4 4 4 4 4 4 4
4 4 4 4 4 4 4 4 4 4 4 4 4 4 15 15 15 15 15 15 4 4 15 15 6 6 15 15 4 4 15 15 15 15 15 15 4 4 0 0 2 2 0 0 4 4 4 4 4 4 4 4 4 4 4 4 4 4 4 4 4 4 4 4
4 4 4 4 4 4 4 4 4 4 4 4 4 4 15 15 15 15 15 15 4 4 15 15 6 6 15 15 4 4 15 15 15 15 15 15 4 4 0 0 2 2 0 0 4 4 4 4 4 4 4 4 4 4 4 4 4 4 4 4 4 4 4 4
4 4 4 4 4 4 4 4 4 4 4 4 4 4 4 4 4 4 4 4 4 4 4 4 4 4 4 4 4 4 4 4 4 4 4 4 4 4 4 4 4 4 4 4 4 4 4 4 4 4 4 4 4 4 4 4 4 4 4 4 4 4 4 4
4 4 4 4 4 4 4 4 4 4 4 4 4 4 4 4 4 4 4 4 4 4 4 4 4 4 4 4 4 4 4 4 4 4 4 4 4 4 4 4 4 4 4 4 4 4 4 4 4 4 4 4 4 4 4 4 4 4 4 4 4 4 4 4
4 4 4 4 4 4 14 14 14 14 14 14 4 4 15 15 15 15 15 15 4 4 15 15 15 15 15 15 4 4 15 15 15 15 15 15 4 4 14 14 14 14 14 14 4 4 15 15 15 15 15 15 4 4 14 14 14 14 14 14 4 4 4 4
4 4 4 4 4 4 14 14 14 14 14 14 4 4 15 15 15 15 15 15 4 4 15 15 15 15 15 15 4 4 15 15 15 15 15 15 4 4 14 14 14 14 14 14 4 4 15 15 15 15 15 15 4 4 14 14 14 14 14 14 4 4 4 4
4 4 4 4 4 4 14 14 14 14 14 14 4 4 15 15 15 15 15 15 4 4 15 15 15 15 15 15 4 4 15 15 15 15 15 15 4 4 14 14 14 14 14 14 4 4 15 15 15 15 15 15 4 4 14 14 14 14 14 14 4 4 4 4
4 4 4 4 4 4 14 14 14 14 14 14 4 4 15 15 15 15 15 15 4 4 15 15 15 15 15 15 4 4 15 15 15 15 15 15 4 4 14 14 14 14 14 14 4 4 15 15 15 15 15 15 4 4 14 14 14 14 14 14 4 4 4 4
4 4 4 4 4 4 14 14 14 14 14 14 4 4 15 15 15 15 15 15 4 4 15 15 15 15 15 15 4 4 15 15 15 15 15 15 4 4 14 14 14 14 14 14 4 4 15 15 15 15 15 15 4 4 14 14 14 14 14 14 4 4 4 4
4 4 4 4 4 4 14 14 14 14 14 14 4 4 15 15 15 15 15 15 4 4 15 15 15 15 15 15 4 4 15 15 15 15 15 15 4 4 14 14 14 14 14 14 4 4 15 15 15 15 15 15 4 4 14 14 14 14 14 14 4 4 4 4
4 4 4 4 4 4 4 4 4 4 4 4 4 4 4 4 4 4 4 4 4 4 4 4 4 4 4 4 4 4 4 4 4 4 4 4 4 4 4 4 4 4 4 4 4 4 4 4 4 4 4 4 4 4 4 4 4 4 4 4 4 4 4 4
4 4 4 4 4 4 4 4 4 4 4 4 4 4 4 4 4 4 4 4 4 4 4 4 4 4 4 4 4 4 4 4 4 4 4 4 4 4 4 4 4 4 4 4 4 4 4 4 4 4 4 4 4 4 4 4 4 4 4 4 4 4 4 4
4 4 4 4 4 4 3 3 2 2 0 0 4 4 14 14 14 14 14 14 4 4 14 14 6 6 14 14 4 4 14 14 14 14 14 14 4 4 2 2 0 0 2 2 4 4 14 14 14 14 14 14 4 4 2 2 0 0 3 3 4 4 4 4
4 4 4 4 4 4 3 3 2 2 0 0 4 4 14 14 14 14 14 14 4 4 14 14 6 6 14 14 4 4 14 14 14 14 14 14 4 4 2 2 0 0 2 2 4 4 14 14 14 14 14 14 4 4 2 2 0 0 3 3 4 4 4 4
4 4 4 4 4 4 3 3 15 15 2 2 4 4 14 14 14 14 14 14 4 4 6 6 14 14 6 6 4 4 14 14 14 14 14 14 4 4 0 0 14 14 0 0 4 4 14 14 14 14 14 14 4 4 0 0 14 14 3 3 4 4 4 4
4 4 4 4 4 4 3 3 15 15 2 2 4 4 14 14 14 14 14 14 4 4 6 6 14 14 6 6 4 4 14 14 14 14 14 14 4 4 0 0 14 14 0 0 4 4 14 14 14 14 14 14 4 4 0 0 14 14 3 3 4 4 4 4
4 4 4 4 4 4 3 3 2 2 0 0 4 4 14 14 14 14 14 14 4 4 14 14 6 6 14 14 4 4 14 14 14 14 14 14 4 4 2 2 0 0 2 2 4 4 14 14 14 14 14 14 4 4 2 2 0 0 3 3 4 4 4 4
4 4 4 4 4 4 3 3 2 2 0 0 4 4 14 14 14 14 14 14 4 4 14 14 6 6 14 14 4 4 14 14 14 14 14 14 4 4 2 2 0 0 2 2 4 4 14 14 14 14 14 14 4 4 2 2 0 0 3 3 4 4 4 4
4 4 4 4 4 4 4 4 4 4 4 4 4 4 4 4 4 4 4 4 4 4 4 4 4 4 4 4 4 4 4 4 4 4 4 4 4 4 4 4 4 4 4 4 4 4 4 4 4 4 4 4 4 4 4 4 4 4 4 4 4 4 4 4
4 4 4 4 4 4 4 4 4 4 4 4 4 4 4 4 4 4 4 4 4 4 4 4 4 4 4 4 4 4 4 4 4 4 4 4 4 4 4 4 4 4 4 4 4 4 4 4 4 4 4 4 4 4 4 4 4 4 4 4 4 4 4 4
4 4 4 4 4 4 14 14 14 14 14 14 4 4 15 15 15 15 15 15 4 4 0 0 2 2 0 0 4 4 15 15 15 15 15 15 4 4 14 14 14 14 14 14 4 4 15 15 15 15 15 15 4 4 14 14 14 14 14 14 4 4 4 4
4 4 4 4 4 4 14 14 14 14 14 14 4 4 15 15 15 15 15 15 4 4 0 0 2 2 0 0 4 4 15 15 15 15 15 15 4 4 14 14 14 14 14 14 4 4 15 15 15 15 15 15 4 4 14 14 14 14 14 14 4 4 4 4
4 4 4 4 4 4 14 14 14 14 14 14 4 4 15 15 15 15 15 15 4 4 2 2 14 14 2 2 4 4 15 15 15 15 15 15 4 4 14 14 14 14 14 14 4 4 15 15 15 15 15 15 4 4 14 14 14 14 14 14 4 4 4 4
4 4 4 4 4 4 14 14 14 14 14 14 4 4 15 15 15 15 15 15 4 4 2 2 14 14 2 2 4 4 15 15 15 15 15 15 4 4 14 14 14 14 14 14 4 4 15 15 15 15 15 15 4 4 14 14 14 14 14 14 4 4 4 4
4 4 4 4 4 4 14 14 14 14 14 14 4 4 15 15 15 15 15 15 4 4 0 0 3 3 0 0 4 4 15 15 15 15 15 15 4 4 14 14 14 14 14 14 4 4 15 15 15 15 15 15 4 4 14 14 14 14 14 14 4 4 4 4
4 4 4 4 4 4 14 14 14 14 14 14 4 4 15 15 15 15 15 15 4 4 0 0 3 3 0 0 4 4 15 15 15 15 15 15 4 4 14 14 14 14 14 14 4 4 15 15 15 15 15 15 4 4 14 14 14 14 14 14 4 4 4 4
4 4 4 4 4 4 4 4 4 4 4 4 4 4 4 4 4 4 4 4 4 4 4 4 4 4 4 4 4 4 4 4 4 4 4 4 4 4 4 4 4 4 4 4 4 4 4 4 4 4 4 4 4 4 4 4 4 4 4 4 4 4 4 4
4 4 4 4 4 4 4 4 4 4 4 4 4 4 4 4 4 4 4 4 4 4 4 4 4 4 4 4 4 4 4 4 4 4 4 4 4 4 4 4 4 4 4 4 4 4 4 4 4 4 4 4 4 4 4 4 4 4 4 4 4 4 4 4
4 4 4 4 4 4 4 4 4 4 4 4 4 4 14 14 14 14 14 14 4 4 2 2 3 3 2 2 4 4 14 14 14 14 14 14 4 4 14 14 6 6 14 14 4 4 14 14 14 14 14 14 4 4 4 4 4 4 4 4 4 4 4 4
4 4 4 4 4 4 4 4 4 4 4 4 4 4 14 14 14 14 14 14 4 4 2 2 3 3 2 2 4 4 14 14 14 14 14 14 4 4 14 14 6 6 14 14 4 4 14 14 14 14 14 14 4 4 4 4 4 4 4 4 4 4 4 4
4 4 4 4 4 4 4 4 4 4 4 4 4 4 14 14 14 14 14 14 4 4 0 0 14 14 0 0 4 4 14 14 14 14 14 14 4 4 6 6 14 14 6 6 4 4 14 14 14 14 14 14 4 4 4 4 4 4 4 4 4 4 4 4
4 4 4 4 4 4 4 4 4 4 4 4 4 4 14 14 14 14 14 14 4 4 0 0 14 14 0 0 4 4 14 14 14 14 14 14 4 4 6 6 14 14 6 6 4 4 14 14 14 14 14 14 4 4 4 4 4 4 4 4 4 4 4 4
4 4 4 4 4 4 4 4 4 4 4 4 4 4 14 14 14 14 14 14 4 4 2 2 0 0 2 2 4 4 14 14 14 14 14 14 4 4 14 14 6 6 14 14 4 4 14 14 14 14 14 14 4 4 4 4 4 4 4 4 4 4 4 4
4 4 4 4 4 4 4 4 4 4 4 4 4 4 14 14 14 14 14 14 4 4 2 2 0 0 2 2 4 4 14 14 14 14 14 14 4 4 14 14 6 6 14 14 4 4 14 14 14 14 14 14 4 4 4 4 4 4 4 4 4 4 4 4
4 4 4 4 4 4 4 4 4 4 4 4 4 4 4 4 4 4 4 4 4 4 4 4 4 4 4 4 4 4 4 4 4 4 4 4 4 4 4 4 4 4 4 4 4 4 4 4 4 4 4 4 4 4 4 4 4 4 4 4 4 4 4 4
4 4 4 4 4 4 4 4 4 4 4 4 4 4 4 4 4 4 4 4 4 4 4 4 4 4 4 4 4 4 4 4 4 4 4 4 4 4 4 4 4 4 4 4 4 4 4 4 4 4 4 4 4 4 4 4 4 4 4 4 4 4 4 4
4 4 4 4 4 4 4 4 4 4 4 4 4 4 15 15 15 15 15 15 4 4 14 14 14 14 14 14 4 4 15 15 15 15 15 15 4 4 14 14 14 14 14 14 4 4 2 2 0 0 3 3 4 4 4 4 4 4 4 4 4 4 4 4
4 4 4 4 4 4 4 4 4 4 4 4 4 4 15 15 15 15 15 15 4 4 14 14 14 14 14 14 4 4 15 15 15 15 15 15 4 4 14 14 14 14 14 14 4 4 2 2 0 0 3 3 4 4 4 4 4 4 4 4 4 4 4 4
4 4 4 4 4 4 4 4 4 4 4 4 4 4 15 15 15 15 15 15 4 4 14 14 14 14 14 14 4 4 15 15 15 15 15 15 4 4 14 14 14 14 14 14 4 4 0 0 14 14 3 3 4 4 4 4 4 4 4 4 4 4 4 4
4 4 4 4 4 4 4 4 4 4 4 4 4 4 15 15 15 15 15 15 4 4 14 14 14 14 14 14 4 4 15 15 15 15 15 15 4 4 14 14 14 14 14 14 4 4 0 0 14 14 3 3 4 4 4 4 4 4 4 4 4 4 4 4
4 4 4 4 4 4 4 4 4 4 4 4 4 4 15 15 15 15 15 15 4 4 14 14 14 14 14 14 4 4 15 15 15 15 15 15 4 4 14 14 14 14 14 14 4 4 3 3 3 3 3 3 4 4 4 4 4 4 4 4 4 4 4 4
4 4 4 4 4 4 4 4 4 4 4 4 4 4 15 15 15 15 15 15 4 4 14 14 14 14 14 14 4 4 15 15 15 15 15 15 4 4 14 14 14 14 14 14 4 4 3 3 3 3 3 3 4 4 4 4 4 4 4 4 4 4 4 4
4 4 4 4 4 4 4 4 4 4 4 4 4 4 4 4 4 4 4 4 4 4 4 4 4 4 4 4 4 4 4 4 4 4 4 4 4 4 4 4 4 4 4 4 4 4 4 4 4 4 4 4 4 4 4 4 4 4 4 4 4 4 4 4
4 4 4 4 4 4 4 4 4 4 4 4 4 4 4 4 4 4 4 4 4 4 4 4 4 4 4 4 4 4 4 4 4 4 4 4 4 4 4 4 4 4 4 4 4 4 4 4 4 4 4 4 4 4 4 4 4 4 4 4 4 4 4 4
4 4 4 4 4 4 4 4 4 4 4 4 4 4 4 4 4 4 4 4 4 4 4 4 4 4 4 4 4 4 4 4 4 4 4 4 4 4 4 4 4 4 4 4 4 4 4 4 4 4 4 4 4 4 4 4 4 4 4 4 4 4 4 4
4 4 4 4 4 4 4 4 4 4 4 4 4 4 4 4 4 4 4 4 4 4 4 4 4 4 4 4 4 4 4 4 4 4 4 4 4 4 4 4 4 4 4 4 4 4 4 4 4 4 4 4 4 4 4 4 4 4 4 4 4 4 4 4
4 4 4 4 4 4 4 4 4 4 4 4 4 4 4 4 4 4 4 4 4 4 4 4 4 4 4 4 4 4 4 4 4 4 4 4 4 4 4 4 4 4 4 4 4 4 4 4 4 4 4 4 4 4 4 4 4 4 4 4 4 4 4 4
12 12 12 12 12 12 12 12 12 12 12 12 12 12 12 12 12 12 12 12 12 12 12 12 12 12 12 12 12 12 12 12 12 12 12 12 12 12 12 12 12 12 12 12 12 12 12 12 12 12 12 12 12 12 12 12 12 12 12 11 11 11 11 11
[LEVELS] 4/6
[STATE] NOT_FINISHED
[AVAILABLE] ACTION6
[DIFF] 165 cells changed in bbox (14,4)-(59,63)

[PLAN] invocation 10
The two remaining hatches must become15, after which these nine ordinary cross-effect neighbors are exactly the cells that must be restored from15 to their required color14.
plan: ACTION6(x=24,y=30) ACTION6(x=40,y=46) ACTION6(x=24,y=6) ACTION6(x=16,y=14) ACTION6(x=32,y=14) ACTION6(x=16,y=30) ACTION6(x=32,y=30) ACTION6(x=40,y=38) ACTION6(x=32,y=46) ACTION6(x=48,y=46) ACTION6(x=40,y=54)
[END PLAN]

[STEP 52]
[ACTION] ACTION6 x=24 y=30
[BOARD] 1/1 settled
4 4 4 4 4 4 4 4 4 4 4 4 4 4 4 4 4 4 4 4 4 4 4 4 4 4 4 4 4 4 4 4 4 4 4 4 4 4 4 4 4 4 4 4 4 4 4 4 4 4 4 4 4 4 14 14 14 14 4 4 4 4 4 4
4 4 4 4 4 4 4 4 4 4 4 4 4 4 4 4 4 4 4 4 4 4 4 4 4 4 4 4 4 4 4 4 4 4 4 4 4 4 4 4 4 4 4 4 4 4 4 4 4 4 4 4 4 4 14 14 14 14 4 4 4 4 4 4
4 4 4 4 4 4 4 4 4 4 4 4 4 4 4 4 4 4 4 4 4 4 4 4 4 4 4 4 4 4 4 4 4 4 4 4 4 4 4 4 4 4 4 4 4 4 4 4 4 4 4 4 4 4 14 14 14 14 4 4 4 4 4 4
4 4 4 4 4 4 4 4 4 4 4 4 4 4 4 4 4 4 4 4 4 4 4 4 4 4 4 4 4 4 4 4 4 4 4 4 4 4 4 4 4 4 4 4 4 4 4 4 4 4 4 4 4 4 14 14 14 14 4 4 4 4 4 4
4 4 4 4 4 4 4 4 4 4 4 4 4 4 3 3 3 3 3 3 4 4 15 15 15 15 15 15 4 4 15 15 15 15 15 15 4 4 4 4 4 4 4 4 4 4 4 4 4 4 4 4 4 4 15 15 15 15 4 4 4 4 4 4
4 4 4 4 4 4 4 4 4 4 4 4 4 4 3 3 3 3 3 3 4 4 15 15 15 15 15 15 4 4 15 15 15 15 15 15 4 4 4 4 4 4 4 4 4 4 4 4 4 4 4 4 4 4 15 15 15 15 4 4 4 4 4 4
4 4 4 4 4 4 4 4 4 4 4 4 4 4 3 3 14 14 0 0 4 4 15 15 15 15 15 15 4 4 15 15 15 15 15 15 4 4 4 4 4 4 4 4 4 4 4 4 4 4 4 4 4 4 15 15 15 15 4 4 4 4 4 4
4 4 4 4 4 4 4 4 4 4 4 4 4 4 3 3 14 14 0 0 4 4 15 15 15 15 15 15 4 4 15 15 15 15 15 15 4 4 4 4 4 4 4 4 4 4 4 4 4 4 4 4 4 4 15 15 15 15 4 4 4 4 4 4
4 4 4 4 4 4 4 4 4 4 4 4 4 4 3 3 0 0 2 2 4 4 15 15 15 15 15 15 4 4 15 15 15 15 15 15 4 4 4 4 4 4 4 4 4 4 4 4 4 4 4 4 4 4 4 4 4 4 4 4 4 4 4 4
4 4 4 4 4 4 4 4 4 4 4 4 4 4 3 3 0 0 2 2 4 4 15 15 15 15 15 15 4 4 15 15 15 15 15 15 4 4 4 4 4 4 4 4 4 4 4 4 4 4 4 4 4 4 4 4 4 4 4 4 4 4 4 4
4 4 4 4 4 4 4 4 4 4 4 4 4 4 4 4 4 4 4 4 4 4 4 4 4 4 4 4 4 4 4 4 4 4 4 4 4 4 4 4 4 4 4 4 4 4 4 4 4 4 4 4 4 4 4 4 4 4 4 4 4 4 4 4
4 4 4 4 4 4 4 4 4 4 4 4 4 4 4 4 4 4 4 4 4 4 4 4 4 4 4 4 4 4 4 4 4 4 4 4 4 4 4 4 4 4 4 4 4 4 4 4 4 4 4 4 4 4 4 4 4 4 4 4 4 4 4 4
4 4 4 4 4 4 4 4 4 4 4 4 4 4 15 15 15 15 15 15 4 4 15 15 6 6 15 15 4 4 15 15 15 15 15 15 4 4 0 0 3 3 3 3 4 4 4 4 4 4 4 4 4 4 4 4 4 4 4 4 4 4 4 4
4 4 4 4 4 4 4 4 4 4 4 4 4 4 15 15 15 15 15 15 4 4 15 15 6 6 15 15 4 4 15 15 15 15 15 15 4 4 0 0 3 3 3 3 4 4 4 4 4 4 4 4 4 4 4 4 4 4 4 4 4 4 4 4
4 4 4 4 4 4 4 4 4 4 4 4 4 4 15 15 15 15 15 15 4 4 6 6 15 15 6 6 4 4 15 15 15 15 15 15 4 4 2 2 15 15 3 3 4 4 4 4 4 4 4 4 4 4 4 4 4 4 4 4 4 4 4 4
4 4 4 4 4 4 4 4 4 4 4 4 4 4 15 15 15 15 15 15 4 4 6 6 15 15 6 6 4 4 15 15 15 15 15 15 4 4 2 2 15 15 3 3 4 4 4 4 4 4 4 4 4 4 4 4 4 4 4 4 4 4 4 4
4 4 4 4 4 4 4 4 4 4 4 4 4 4 15 15 15 15 15 15 4 4 15 15 6 6 15 15 4 4 15 15 15 15 15 15 4 4 0 0 2 2 0 0 4 4 4 4 4 4 4 4 4 4 4 4 4 4 4 4 4 4 4 4
4 4 4 4 4 4 4 4 4 4 4 4 4 4 15 15 15 15 15 15 4 4 15 15 6 6 15 15 4 4 15 15 15 15 15 15 4 4 0 0 2 2 0 0 4 4 4 4 4 4 4 4 4 4 4 4 4 4 4 4 4 4 4 4
4 4 4 4 4 4 4 4 4 4 4 4 4 4 4 4 4 4 4 4 4 4 4 4 4 4 4 4 4 4 4 4 4 4 4 4 4 4 4 4 4 4 4 4 4 4 4 4 4 4 4 4 4 4 4 4 4 4 4 4 4 4 4 4
4 4 4 4 4 4 4 4 4 4 4 4 4 4 4 4 4 4 4 4 4 4 4 4 4 4 4 4 4 4 4 4 4 4 4 4 4 4 4 4 4 4 4 4 4 4 4 4 4 4 4 4 4 4 4 4 4 4 4 4 4 4 4 4
4 4 4 4 4 4 14 14 14 14 14 14 4 4 15 15 15 15 15 15 4 4 14 14 14 14 14 14 4 4 15 15 15 15 15 15 4 4 14 14 14 14 14 14 4 4 15 15 15 15 15 15 4 4 14 14 14 14 14 14 4 4 4 4
4 4 4 4 4 4 14 14 14 14 14 14 4 4 15 15 15 15 15 15 4 4 14 14 14 14 14 14 4 4 15 15 15 15 15 15 4 4 14 14 14 14 14 14 4 4 15 15 15 15 15 15 4 4 14 14 14 14 14 14 4 4 4 4
4 4 4 4 4 4 14 14 14 14 14 14 4 4 15 15 15 15 15 15 4 4 14 14 14 14 14 14 4 4 15 15 15 15 15 15 4 4 14 14 14 14 14 14 4 4 15 15 15 15 15 15 4 4 14 14 14 14 14 14 4 4 4 4
4 4 4 4 4 4 14 14 14 14 14 14 4 4 15 15 15 15 15 15 4 4 14 14 14 14 14 14 4 4 15 15 15 15 15 15 4 4 14 14 14 14 14 14 4 4 15 15 15 15 15 15 4 4 14 14 14 14 14 14 4 4 4 4
4 4 4 4 4 4 14 14 14 14 14 14 4 4 15 15 15 15 15 15 4 4 14 14 14 14 14 14 4 4 15 15 15 15 15 15 4 4 14 14 14 14 14 14 4 4 15 15 15 15 15 15 4 4 14 14 14 14 14 14 4 4 4 4
4 4 4 4 4 4 14 14 14 14 14 14 4 4 15 15 15 15 15 15 4 4 14 14 14 14 14 14 4 4 15 15 15 15 15 15 4 4 14 14 14 14 14 14 4 4 15 15 15 15 15 15 4 4 14 14 14 14 14 14 4 4 4 4
4 4 4 4 4 4 4 4 4 4 4 4 4 4 4 4 4 4 4 4 4 4 4 4 4 4 4 4 4 4 4 4 4 4 4 4 4 4 4 4 4 4 4 4 4 4 4 4 4 4 4 4 4 4 4 4 4 4 4 4 4 4 4 4
4 4 4 4 4 4 4 4 4 4 4 4 4 4 4 4 4 4 4 4 4 4 4 4 4 4 4 4 4 4 4 4 4 4 4 4 4 4 4 4 4 4 4 4 4 4 4 4 4 4 4 4 4 4 4 4 4 4 4 4 4 4 4 4
4 4 4 4 4 4 3 3 2 2 0 0 4 4 15 15 15 15 15 15 4 4 15 15 6 6 15 15 4 4 15 15 15 15 15 15 4 4 2 2 0 0 2 2 4 4 14 14 14 14 14 14 4 4 2 2 0 0 3 3 4 4 4 4
4 4 4 4 4 4 3 3 2 2 0 0 4 4 15 15 15 15 15 15 4 4 15 15 6 6 15 15 4 4 15 15 15 15 15 15 4 4 2 2 0 0 2 2 4 4 14 14 14 14 14 14 4 4 2 2 0 0 3 3 4 4 4 4
4 4 4 4 4 4 3 3 15 15 2 2 4 4 15 15 15 15 15 15 4 4 6 6 15 15 6 6 4 4 15 15 15 15 15 15 4 4 0 0 14 14 0 0 4 4 14 14 14 14 14 14 4 4 0 0 14 14 3 3 4 4 4 4
4 4 4 4 4 4 3 3 15 15 2 2 4 4 15 15 15 15 15 15 4 4 6 6 15 15 6 6 4 4 15 15 15 15 15 15 4 4 0 0 14 14 0 0 4 4 14 14 14 14 14 14 4 4 0 0 14 14 3 3 4 4 4 4
4 4 4 4 4 4 3 3 2 2 0 0 4 4 15 15 15 15 15 15 4 4 15 15 6 6 15 15 4 4 15 15 15 15 15 15 4 4 2 2 0 0 2 2 4 4 14 14 14 14 14 14 4 4 2 2 0 0 3 3 4 4 4 4
4 4 4 4 4 4 3 3 2 2 0 0 4 4 15 15 15 15 15 15 4 4 15 15 6 6 15 15 4 4 15 15 15 15 15 15 4 4 2 2 0 0 2 2 4 4 14 14 14 14 14 14 4 4 2 2 0 0 3 3 4 4 4 4
4 4 4 4 4 4 4 4 4 4 4 4 4 4 4 4 4 4 4 4 4 4 4 4 4 4 4 4 4 4 4 4 4 4 4 4 4 4 4 4 4 4 4 4 4 4 4 4 4 4 4 4 4 4 4 4 4 4 4 4 4 4 4 4
4 4 4 4 4 4 4 4 4 4 4 4 4 4 4 4 4 4 4 4 4 4 4 4 4 4 4 4 4 4 4 4 4 4 4 4 4 4 4 4 4 4 4 4 4 4 4 4 4 4 4 4 4 4 4 4 4 4 4 4 4 4 4 4
4 4 4 4 4 4 14 14 14 14 14 14 4 4 15 15 15 15 15 15 4 4 0 0 2 2 0 0 4 4 15 15 15 15 15 15 4 4 14 14 14 14 14 14 4 4 15 15 15 15 15 15 4 4 14 14 14 14 14 14 4 4 4 4
4 4 4 4 4 4 14 14 14 14 14 14 4 4 15 15 15 15 15 15 4 4 0 0 2 2 0 0 4 4 15 15 15 15 15 15 4 4 14 14 14 14 14 14 4 4 15 15 15 15 15 15 4 4 14 14 14 14 14 14 4 4 4 4
4 4 4 4 4 4 14 14 14 14 14 14 4 4 15 15 15 15 15 15 4 4 2 2 14 14 2 2 4 4 15 15 15 15 15 15 4 4 14 14 14 14 14 14 4 4 15 15 15 15 15 15 4 4 14 14 14 14 14 14 4 4 4 4
4 4 4 4 4 4 14 14 14 14 14 14 4 4 15 15 15 15 15 15 4 4 2 2 14 14 2 2 4 4 15 15 15 15 15 15 4 4 14 14 14 14 14 14 4 4 15 15 15 15 15 15 4 4 14 14 14 14 14 14 4 4 4 4
4 4 4 4 4 4 14 14 14 14 14 14 4 4 15 15 15 15 15 15 4 4 0 0 3 3 0 0 4 4 15 15 15 15 15 15 4 4 14 14 14 14 14 14 4 4 15 15 15 15 15 15 4 4 14 14 14 14 14 14 4 4 4 4
4 4 4 4 4 4 14 14 14 14 14 14 4 4 15 15 15 15 15 15 4 4 0 0 3 3 0 0 4 4 15 15 15 15 15 15 4 4 14 14 14 14 14 14 4 4 15 15 15 15 15 15 4 4 14 14 14 14 14 14 4 4 4 4
4 4 4 4 4 4 4 4 4 4 4 4 4 4 4 4 4 4 4 4 4 4 4 4 4 4 4 4 4 4 4 4 4 4 4 4 4 4 4 4 4 4 4 4 4 4 4 4 4 4 4 4 4 4 4 4 4 4 4 4 4 4 4 4
4 4 4 4 4 4 4 4 4 4 4 4 4 4 4 4 4 4 4 4 4 4 4 4 4 4 4 4 4 4 4 4 4 4 4 4 4 4 4 4 4 4 4 4 4 4 4 4 4 4 4 4 4 4 4 4 4 4 4 4 4 4 4 4
4 4 4 4 4 4 4 4 4 4 4 4 4 4 14 14 14 14 14 14 4 4 2 2 3 3 2 2 4 4 14 14 14 14 14 14 4 4 14 14 6 6 14 14 4 4 14 14 14 14 14 14 4 4 4 4 4 4 4 4 4 4 4 4
4 4 4 4 4 4 4 4 4 4 4 4 4 4 14 14 14 14 14 14 4 4 2 2 3 3 2 2 4 4 14 14 14 14 14 14 4 4 14 14 6 6 14 14 4 4 14 14 14 14 14 14 4 4 4 4 4 4 4 4 4 4 4 4
4 4 4 4 4 4 4 4 4 4 4 4 4 4 14 14 14 14 14 14 4 4 0 0 14 14 0 0 4 4 14 14 14 14 14 14 4 4 6 6 14 14 6 6 4 4 14 14 14 14 14 14 4 4 4 4 4 4 4 4 4 4 4 4
4 4 4 4 4 4 4 4 4 4 4 4 4 4 14 14 14 14 14 14 4 4 0 0 14 14 0 0 4 4 14 14 14 14 14 14 4 4 6 6 14 14 6 6 4 4 14 14 14 14 14 14 4 4 4 4 4 4 4 4 4 4 4 4
4 4 4 4 4 4 4 4 4 4 4 4 4 4 14 14 14 14 14 14 4 4 2 2 0 0 2 2 4 4 14 14 14 14 14 14 4 4 14 14 6 6 14 14 4 4 14 14 14 14 14 14 4 4 4 4 4 4 4 4 4 4 4 4
4 4 4 4 4 4 4 4 4 4 4 4 4 4 14 14 14 14 14 14 4 4 2 2 0 0 2 2 4 4 14 14 14 14 14 14 4 4 14 14 6 6 14 14 4 4 14 14 14 14 14 14 4 4 4 4 4 4 4 4 4 4 4 4
4 4 4 4 4 4 4 4 4 4 4 4 4 4 4 4 4 4 4 4 4 4 4 4 4 4 4 4 4 4 4 4 4 4 4 4 4 4 4 4 4 4 4 4 4 4 4 4 4 4 4 4 4 4 4 4 4 4 4 4 4 4 4 4
4 4 4 4 4 4 4 4 4 4 4 4 4 4 4 4 4 4 4 4 4 4 4 4 4 4 4 4 4 4 4 4 4 4 4 4 4 4 4 4 4 4 4 4 4 4 4 4 4 4 4 4 4 4 4 4 4 4 4 4 4 4 4 4
4 4 4 4 4 4 4 4 4 4 4 4 4 4 15 15 15 15 15 15 4 4 14 14 14 14 14 14 4 4 15 15 15 15 15 15 4 4 14 14 14 14 14 14 4 4 2 2 0 0 3 3 4 4 4 4 4 4 4 4 4 4 4 4
4 4 4 4 4 4 4 4 4 4 4 4 4 4 15 15 15 15 15 15 4 4 14 14 14 14 14 14 4 4 15 15 15 15 15 15 4 4 14 14 14 14 14 14 4 4 2 2 0 0 3 3 4 4 4 4 4 4 4 4 4 4 4 4
4 4 4 4 4 4 4 4 4 4 4 4 4 4 15 15 15 15 15 15 4 4 14 14 14 14 14 14 4 4 15 15 15 15 15 15 4 4 14 14 14 14 14 14 4 4 0 0 14 14 3 3 4 4 4 4 4 4 4 4 4 4 4 4
4 4 4 4 4 4 4 4 4 4 4 4 4 4 15 15 15 15 15 15 4 4 14 14 14 14 14 14 4 4 15 15 15 15 15 15 4 4 14 14 14 14 14 14 4 4 0 0 14 14 3 3 4 4 4 4 4 4 4 4 4 4 4 4
4 4 4 4 4 4 4 4 4 4 4 4 4 4 15 15 15 15 15 15 4 4 14 14 14 14 14 14 4 4 15 15 15 15 15 15 4 4 14 14 14 14 14 14 4 4 3 3 3 3 3 3 4 4 4 4 4 4 4 4 4 4 4 4
4 4 4 4 4 4 4 4 4 4 4 4 4 4 15 15 15 15 15 15 4 4 14 14 14 14 14 14 4 4 15 15 15 15 15 15 4 4 14 14 14 14 14 14 4 4 3 3 3 3 3 3 4 4 4 4 4 4 4 4 4 4 4 4
4 4 4 4 4 4 4 4 4 4 4 4 4 4 4 4 4 4 4 4 4 4 4 4 4 4 4 4 4 4 4 4 4 4 4 4 4 4 4 4 4 4 4 4 4 4 4 4 4 4 4 4 4 4 4 4 4 4 4 4 4 4 4 4
4 4 4 4 4 4 4 4 4 4 4 4 4 4 4 4 4 4 4 4 4 4 4 4 4 4 4 4 4 4 4 4 4 4 4 4 4 4 4 4 4 4 4 4 4 4 4 4 4 4 4 4 4 4 4 4 4 4 4 4 4 4 4 4
4 4 4 4 4 4 4 4 4 4 4 4 4 4 4 4 4 4 4 4 4 4 4 4 4 4 4 4 4 4 4 4 4 4 4 4 4 4 4 4 4 4 4 4 4 4 4 4 4 4 4 4 4 4 4 4 4 4 4 4 4 4 4 4
4 4 4 4 4 4 4 4 4 4 4 4 4 4 4 4 4 4 4 4 4 4 4 4 4 4 4 4 4 4 4 4 4 4 4 4 4 4 4 4 4 4 4 4 4 4 4 4 4 4 4 4 4 4 4 4 4 4 4 4 4 4 4 4
4 4 4 4 4 4 4 4 4 4 4 4 4 4 4 4 4 4 4 4 4 4 4 4 4 4 4 4 4 4 4 4 4 4 4 4 4 4 4 4 4 4 4 4 4 4 4 4 4 4 4 4 4 4 4 4 4 4 4 4 4 4 4 4
12 12 12 12 12 12 12 12 12 12 12 12 12 12 12 12 12 12 12 12 12 12 12 12 12 12 12 12 12 12 12 12 12 12 12 12 12 12 12 12 12 12 12 12 12 12 12 12 12 12 12 12 12 12 12 12 12 12 11 11 11 11 11 11
[LEVELS] 4/6
[STATE] NOT_FINISHED
[AVAILABLE] ACTION6
[DIFF] 129 cells changed in bbox (14,20)-(58,63)

[STEP 53]
[ACTION] ACTION6 x=40 y=46
[BOARD] 1/1 settled
4 4 4 4 4 4 4 4 4 4 4 4 4 4 4 4 4 4 4 4 4 4 4 4 4 4 4 4 4 4 4 4 4 4 4 4 4 4 4 4 4 4 4 4 4 4 4 4 4 4 4 4 4 4 14 14 14 14 4 4 4 4 4 4
4 4 4 4 4 4 4 4 4 4 4 4 4 4 4 4 4 4 4 4 4 4 4 4 4 4 4 4 4 4 4 4 4 4 4 4 4 4 4 4 4 4 4 4 4 4 4 4 4 4 4 4 4 4 14 14 14 14 4 4 4 4 4 4
4 4 4 4 4 4 4 4 4 4 4 4 4 4 4 4 4 4 4 4 4 4 4 4 4 4 4 4 4 4 4 4 4 4 4 4 4 4 4 4 4 4 4 4 4 4 4 4 4 4 4 4 4 4 14 14 14 14 4 4 4 4 4 4
4 4 4 4 4 4 4 4 4 4 4 4 4 4 4 4 4 4 4 4 4 4 4 4 4 4 4 4 4 4 4 4 4 4 4 4 4 4 4 4 4 4 4 4 4 4 4 4 4 4 4 4 4 4 14 14 14 14 4 4 4 4 4 4
4 4 4 4 4 4 4 4 4 4 4 4 4 4 3 3 3 3 3 3 4 4 15 15 15 15 15 15 4 4 15 15 15 15 15 15 4 4 4 4 4 4 4 4 4 4 4 4 4 4 4 4 4 4 15 15 15 15 4 4 4 4 4 4
4 4 4 4 4 4 4 4 4 4 4 4 4 4 3 3 3 3 3 3 4 4 15 15 15 15 15 15 4 4 15 15 15 15 15 15 4 4 4 4 4 4 4 4 4 4 4 4 4 4 4 4 4 4 15 15 15 15 4 4 4 4 4 4
4 4 4 4 4 4 4 4 4 4 4 4 4 4 3 3 14 14 0 0 4 4 15 15 15 15 15 15 4 4 15 15 15 15 15 15 4 4 4 4 4 4 4 4 4 4 4 4 4 4 4 4 4 4 15 15 15 15 4 4 4 4 4 4
4 4 4 4 4 4 4 4 4 4 4 4 4 4 3 3 14 14 0 0 4 4 15 15 15 15 15 15 4 4 15 15 15 15 15 15 4 4 4 4 4 4 4 4 4 4 4 4 4 4 4 4 4 4 15 15 15 15 4 4 4 4 4 4
4 4 4 4 4 4 4 4 4 4 4 4 4 4 3 3 0 0 2 2 4 4 15 15 15 15 15 15 4 4 15 15 15 15 15 15 4 4 4 4 4 4 4 4 4 4 4 4 4 4 4 4 4 4 4 4 4 4 4 4 4 4 4 4
4 4 4 4 4 4 4 4 4 4 4 4 4 4 3 3 0 0 2 2 4 4 15 15 15 15 15 15 4 4 15 15 15 15 15 15 4 4 4 4 4 4 4 4 4 4 4 4 4 4 4 4 4 4 4 4 4 4 4 4 4 4 4 4
4 4 4 4 4 4 4 4 4 4 4 4 4 4 4 4 4 4 4 4 4 4 4 4 4 4 4 4 4 4 4 4 4 4 4 4 4 4 4 4 4 4 4 4 4 4 4 4 4 4 4 4 4 4 4 4 4 4 4 4 4 4 4 4
4 4 4 4 4 4 4 4 4 4 4 4 4 4 4 4 4 4 4 4 4 4 4 4 4 4 4 4 4 4 4 4 4 4 4 4 4 4 4 4 4 4 4 4 4 4 4 4 4 4 4 4 4 4 4 4 4 4 4 4 4 4 4 4
4 4 4 4 4 4 4 4 4 4 4 4 4 4 15 15 15 15 15 15 4 4 15 15 6 6 15 15 4 4 15 15 15 15 15 15 4 4 0 0 3 3 3 3 4 4 4 4 4 4 4 4 4 4 4 4 4 4 4 4 4 4 4 4
4 4 4 4 4 4 4 4 4 4 4 4 4 4 15 15 15 15 15 15 4 4 15 15 6 6 15 15 4 4 15 15 15 15 15 15 4 4 0 0 3 3 3 3 4 4 4 4 4 4 4 4 4 4 4 4 4 4 4 4 4 4 4 4
4 4 4 4 4 4 4 4 4 4 4 4 4 4 15 15 15 15 15 15 4 4 6 6 15 15 6 6 4 4 15 15 15 15 15 15 4 4 2 2 15 15 3 3 4 4 4 4 4 4 4 4 4 4 4 4 4 4 4 4 4 4 4 4
4 4 4 4 4 4 4 4 4 4 4 4 4 4 15 15 15 15 15 15 4 4 6 6 15 15 6 6 4 4 15 15 15 15 15 15 4 4 2 2 15 15 3 3 4 4 4 4 4 4 4 4 4 4 4 4 4 4 4 4 4 4 4 4
4 4 4 4 4 4 4 4 4 4 4 4 4 4 15 15 15 15 15 15 4 4 15 15 6 6 15 15 4 4 15 15 15 15 15 15 4 4 0 0 2 2 0 0 4 4 4 4 4 4 4 4 4 4 4 4 4 4 4 4 4 4 4 4
4 4 4 4 4 4 4 4 4 4 4 4 4 4 15 15 15 15 15 15 4 4 15 15 6 6 15 15 4 4 15 15 15 15 15 15 4 4 0 0 2 2 0 0 4 4 4 4 4 4 4 4 4 4 4 4 4 4 4 4 4 4 4 4
4 4 4 4 4 4 4 4 4 4 4 4 4 4 4 4 4 4 4 4 4 4 4 4 4 4 4 4 4 4 4 4 4 4 4 4 4 4 4 4 4 4 4 4 4 4 4 4 4 4 4 4 4 4 4 4 4 4 4 4 4 4 4 4
4 4 4 4 4 4 4 4 4 4 4 4 4 4 4 4 4 4 4 4 4 4 4 4 4 4 4 4 4 4 4 4 4 4 4 4 4 4 4 4 4 4 4 4 4 4 4 4 4 4 4 4 4 4 4 4 4 4 4 4 4 4 4 4
4 4 4 4 4 4 14 14 14 14 14 14 4 4 15 15 15 15 15 15 4 4 14 14 14 14 14 14 4 4 15 15 15 15 15 15 4 4 14 14 14 14 14 14 4 4 15 15 15 15 15 15 4 4 14 14 14 14 14 14 4 4 4 4
4 4 4 4 4 4 14 14 14 14 14 14 4 4 15 15 15 15 15 15 4 4 14 14 14 14 14 14 4 4 15 15 15 15 15 15 4 4 14 14 14 14 14 14 4 4 15 15 15 15 15 15 4 4 14 14 14 14 14 14 4 4 4 4
4 4 4 4 4 4 14 14 14 14 14 14 4 4 15 15 15 15 15 15 4 4 14 14 14 14 14 14 4 4 15 15 15 15 15 15 4 4 14 14 14 14 14 14 4 4 15 15 15 15 15 15 4 4 14 14 14 14 14 14 4 4 4 4
4 4 4 4 4 4 14 14 14 14 14 14 4 4 15 15 15 15 15 15 4 4 14 14 14 14 14 14 4 4 15 15 15 15 15 15 4 4 14 14 14 14 14 14 4 4 15 15 15 15 15 15 4 4 14 14 14 14 14 14 4 4 4 4
4 4 4 4 4 4 14 14 14 14 14 14 4 4 15 15 15 15 15 15 4 4 14 14 14 14 14 14 4 4 15 15 15 15 15 15 4 4 14 14 14 14 14 14 4 4 15 15 15 15 15 15 4 4 14 14 14 14 14 14 4 4 4 4
4 4 4 4 4 4 14 14 14 14 14 14 4 4 15 15 15 15 15 15 4 4 14 14 14 14 14 14 4 4 15 15 15 15 15 15 4 4 14 14 14 14 14 14 4 4 15 15 15 15 15 15 4 4 14 14 14 14 14 14 4 4 4 4
4 4 4 4 4 4 4 4 4 4 4 4 4 4 4 4 4 4 4 4 4 4 4 4 4 4 4 4 4 4 4 4 4 4 4 4 4 4 4 4 4 4 4 4 4 4 4 4 4 4 4 4 4 4 4 4 4 4 4 4 4 4 4 4
4 4 4 4 4 4 4 4 4 4 4 4 4 4 4 4 4 4 4 4 4 4 4 4 4 4 4 4 4 4 4 4 4 4 4 4 4 4 4 4 4 4 4 4 4 4 4 4 4 4 4 4 4 4 4 4 4 4 4 4 4 4 4 4
4 4 4 4 4 4 3 3 2 2 0 0 4 4 15 15 15 15 15 15 4 4 15 15 6 6 15 15 4 4 15 15 15 15 15 15 4 4 2 2 0 0 2 2 4 4 14 14 14 14 14 14 4 4 2 2 0 0 3 3 4 4 4 4
4 4 4 4 4 4 3 3 2 2 0 0 4 4 15 15 15 15 15 15 4 4 15 15 6 6 15 15 4 4 15 15 15 15 15 15 4 4 2 2 0 0 2 2 4 4 14 14 14 14 14 14 4 4 2 2 0 0 3 3 4 4 4 4
4 4 4 4 4 4 3 3 15 15 2 2 4 4 15 15 15 15 15 15 4 4 6 6 15 15 6 6 4 4 15 15 15 15 15 15 4 4 0 0 14 14 0 0 4 4 14 14 14 14 14 14 4 4 0 0 14 14 3 3 4 4 4 4
4 4 4 4 4 4 3 3 15 15 2 2 4 4 15 15 15 15 15 15 4 4 6 6 15 15 6 6 4 4 15 15 15 15 15 15 4 4 0 0 14 14 0 0 4 4 14 14 14 14 14 14 4 4 0 0 14 14 3 3 4 4 4 4
4 4 4 4 4 4 3 3 2 2 0 0 4 4 15 15 15 15 15 15 4 4 15 15 6 6 15 15 4 4 15 15 15 15 15 15 4 4 2 2 0 0 2 2 4 4 14 14 14 14 14 14 4 4 2 2 0 0 3 3 4 4 4 4
4 4 4 4 4 4 3 3 2 2 0 0 4 4 15 15 15 15 15 15 4 4 15 15 6 6 15 15 4 4 15 15 15 15 15 15 4 4 2 2 0 0 2 2 4 4 14 14 14 14 14 14 4 4 2 2 0 0 3 3 4 4 4 4
4 4 4 4 4 4 4 4 4 4 4 4 4 4 4 4 4 4 4 4 4 4 4 4 4 4 4 4 4 4 4 4 4 4 4 4 4 4 4 4 4 4 4 4 4 4 4 4 4 4 4 4 4 4 4 4 4 4 4 4 4 4 4 4
4 4 4 4 4 4 4 4 4 4 4 4 4 4 4 4 4 4 4 4 4 4 4 4 4 4 4 4 4 4 4 4 4 4 4 4 4 4 4 4 4 4 4 4 4 4 4 4 4 4 4 4 4 4 4 4 4 4 4 4 4 4 4 4
4 4 4 4 4 4 14 14 14 14 14 14 4 4 15 15 15 15 15 15 4 4 0 0 2 2 0 0 4 4 15 15 15 15 15 15 4 4 15 15 15 15 15 15 4 4 15 15 15 15 15 15 4 4 14 14 14 14 14 14 4 4 4 4
4 4 4 4 4 4 14 14 14 14 14 14 4 4 15 15 15 15 15 15 4 4 0 0 2 2 0 0 4 4 15 15 15 15 15 15 4 4 15 15 15 15 15 15 4 4 15 15 15 15 15 15 4 4 14 14 14 14 14 14 4 4 4 4
4 4 4 4 4 4 14 14 14 14 14 14 4 4 15 15 15 15 15 15 4 4 2 2 14 14 2 2 4 4 15 15 15 15 15 15 4 4 15 15 15 15 15 15 4 4 15 15 15 15 15 15 4 4 14 14 14 14 14 14 4 4 4 4
4 4 4 4 4 4 14 14 14 14 14 14 4 4 15 15 15 15 15 15 4 4 2 2 14 14 2 2 4 4 15 15 15 15 15 15 4 4 15 15 15 15 15 15 4 4 15 15 15 15 15 15 4 4 14 14 14 14 14 14 4 4 4 4
4 4 4 4 4 4 14 14 14 14 14 14 4 4 15 15 15 15 15 15 4 4 0 0 3 3 0 0 4 4 15 15 15 15 15 15 4 4 15 15 15 15 15 15 4 4 15 15 15 15 15 15 4 4 14 14 14 14 14 14 4 4 4 4
4 4 4 4 4 4 14 14 14 14 14 14 4 4 15 15 15 15 15 15 4 4 0 0 3 3 0 0 4 4 15 15 15 15 15 15 4 4 15 15 15 15 15 15 4 4 15 15 15 15 15 15 4 4 14 14 14 14 14 14 4 4 4 4
4 4 4 4 4 4 4 4 4 4 4 4 4 4 4 4 4 4 4 4 4 4 4 4 4 4 4 4 4 4 4 4 4 4 4 4 4 4 4 4 4 4 4 4 4 4 4 4 4 4 4 4 4 4 4 4 4 4 4 4 4 4 4 4
4 4 4 4 4 4 4 4 4 4 4 4 4 4 4 4 4 4 4 4 4 4 4 4 4 4 4 4 4 4 4 4 4 4 4 4 4 4 4 4 4 4 4 4 4 4 4 4 4 4 4 4 4 4 4 4 4 4 4 4 4 4 4 4
4 4 4 4 4 4 4 4 4 4 4 4 4 4 14 14 14 14 14 14 4 4 2 2 3 3 2 2 4 4 15 15 15 15 15 15 4 4 15 15 6 6 15 15 4 4 15 15 15 15 15 15 4 4 4 4 4 4 4 4 4 4 4 4
4 4 4 4 4 4 4 4 4 4 4 4 4 4 14 14 14 14 14 14 4 4 2 2 3 3 2 2 4 4 15 15 15 15 15 15 4 4 15 15 6 6 15 15 4 4 15 15 15 15 15 15 4 4 4 4 4 4 4 4 4 4 4 4
4 4 4 4 4 4 4 4 4 4 4 4 4 4 14 14 14 14 14 14 4 4 0 0 14 14 0 0 4 4 15 15 15 15 15 15 4 4 6 6 15 15 6 6 4 4 15 15 15 15 15 15 4 4 4 4 4 4 4 4 4 4 4 4
4 4 4 4 4 4 4 4 4 4 4 4 4 4 14 14 14 14 14 14 4 4 0 0 14 14 0 0 4 4 15 15 15 15 15 15 4 4 6 6 15 15 6 6 4 4 15 15 15 15 15 15 4 4 4 4 4 4 4 4 4 4 4 4
4 4 4 4 4 4 4 4 4 4 4 4 4 4 14 14 14 14 14 14 4 4 2 2 0 0 2 2 4 4 15 15 15 15 15 15 4 4 15 15 6 6 15 15 4 4 15 15 15 15 15 15 4 4 4 4 4 4 4 4 4 4 4 4
4 4 4 4 4 4 4 4 4 4 4 4 4 4 14 14 14 14 14 14 4 4 2 2 0 0 2 2 4 4 15 15 15 15 15 15 4 4 15 15 6 6 15 15 4 4 15 15 15 15 15 15 4 4 4 4 4 4 4 4 4 4 4 4
4 4 4 4 4 4 4 4 4 4 4 4 4 4 4 4 4 4 4 4 4 4 4 4 4 4 4 4 4 4 4 4 4 4 4 4 4 4 4 4 4 4 4 4 4 4 4 4 4 4 4 4 4 4 4 4 4 4 4 4 4 4 4 4
4 4 4 4 4 4 4 4 4 4 4 4 4 4 4 4 4 4 4 4 4 4 4 4 4 4 4 4 4 4 4 4 4 4 4 4 4 4 4 4 4 4 4 4 4 4 4 4 4 4 4 4 4 4 4 4 4 4 4 4 4 4 4 4
4 4 4 4 4 4 4 4 4 4 4 4 4 4 15 15 15 15 15 15 4 4 14 14 14 14 14 14 4 4 15 15 15 15 15 15 4 4 15 15 15 15 15 15 4 4 2 2 0 0 3 3 4 4 4 4 4 4 4 4 4 4 4 4
4 4 4 4 4 4 4 4 4 4 4 4 4 4 15 15 15 15 15 15 4 4 14 14 14 14 14 14 4 4 15 15 15 15 15 15 4 4 15 15 15 15 15 15 4 4 2 2 0 0 3 3 4 4 4 4 4 4 4 4 4 4 4 4
4 4 4 4 4 4 4 4 4 4 4 4 4 4 15 15 15 15 15 15 4 4 14 14 14 14 14 14 4 4 15 15 15 15 15 15 4 4 15 15 15 15 15 15 4 4 0 0 14 14 3 3 4 4 4 4 4 4 4 4 4 4 4 4
4 4 4 4 4 4 4 4 4 4 4 4 4 4 15 15 15 15 15 15 4 4 14 14 14 14 14 14 4 4 15 15 15 15 15 15 4 4 15 15 15 15 15 15 4 4 0 0 14 14 3 3 4 4 4 4 4 4 4 4 4 4 4 4
4 4 4 4 4 4 4 4 4 4 4 4 4 4 15 15 15 15 15 15 4 4 14 14 14 14 14 14 4 4 15 15 15 15 15 15 4 4 15 15 15 15 15 15 4 4 3 3 3 3 3 3 4 4 4 4 4 4 4 4 4 4 4 4
4 4 4 4 4 4 4 4 4 4 4 4 4 4 15 15 15 15 15 15 4 4 14 14 14 14 14 14 4 4 15 15 15 15 15 15 4 4 15 15 15 15 15 15 4 4 3 3 3 3 3 3 4 4 4 4 4 4 4 4 4 4 4 4
4 4 4 4 4 4 4 4 4 4 4 4 4 4 4 4 4 4 4 4 4 4 4 4 4 4 4 4 4 4 4 4 4 4 4 4 4 4 4 4 4 4 4 4 4 4 4 4 4 4 4 4 4 4 4 4 4 4 4 4 4 4 4 4
4 4 4 4 4 4 4 4 4 4 4 4 4 4 4 4 4 4 4 4 4 4 4 4 4 4 4 4 4 4 4 4 4 4 4 4 4 4 4 4 4 4 4 4 4 4 4 4 4 4 4 4 4 4 4 4 4 4 4 4 4 4 4 4
4 4 4 4 4 4 4 4 4 4 4 4 4 4 4 4 4 4 4 4 4 4 4 4 4 4 4 4 4 4 4 4 4 4 4 4 4 4 4 4 4 4 4 4 4 4 4 4 4 4 4 4 4 4 4 4 4 4 4 4 4 4 4 4
4 4 4 4 4 4 4 4 4 4 4 4 4 4 4 4 4 4 4 4 4 4 4 4 4 4 4 4 4 4 4 4 4 4 4 4 4 4 4 4 4 4 4 4 4 4 4 4 4 4 4 4 4 4 4 4 4 4 4 4 4 4 4 4
4 4 4 4 4 4 4 4 4 4 4 4 4 4 4 4 4 4 4 4 4 4 4 4 4 4 4 4 4 4 4 4 4 4 4 4 4 4 4 4 4 4 4 4 4 4 4 4 4 4 4 4 4 4 4 4 4 4 4 4 4 4 4 4
12 12 12 12 12 12 12 12 12 12 12 12 12 12 12 12 12 12 12 12 12 12 12 12 12 12 12 12 12 12 12 12 12 12 12 12 12 12 12 12 12 12 12 12 12 12 12 12 12 12 12 12 12 12 12 12 12 12 11 11 11 11 11 11
[LEVELS] 4/6
[STATE] NOT_FINISHED
[AVAILABLE] ACTION6
[DIFF] 164 cells changed in bbox (30,36)-(51,57)

[STEP 54]
[ACTION] ACTION6 x=24 y=6
[BOARD] 1/1 settled
4 4 4 4 4 4 4 4 4 4 4 4 4 4 4 4 4 4 4 4 4 4 4 4 4 4 4 4 4 4 4 4 4 4 4 4 4 4 4 4 4 4 4 4 4 4 4 4 4 4 4 4 4 4 14 14 14 14 4 4 4 4 4 4
4 4 4 4 4 4 4 4 4 4 4 4 4 4 4 4 4 4 4 4 4 4 4 4 4 4 4 4 4 4 4 4 4 4 4 4 4 4 4 4 4 4 4 4 4 4 4 4 4 4 4 4 4 4 14 14 14 14 4 4 4 4 4 4
4 4 4 4 4 4 4 4 4 4 4 4 4 4 4 4 4 4 4 4 4 4 4 4 4 4 4 4 4 4 4 4 4 4 4 4 4 4 4 4 4 4 4 4 4 4 4 4 4 4 4 4 4 4 14 14 14 14 4 4 4 4 4 4
4 4 4 4 4 4 4 4 4 4 4 4 4 4 4 4 4 4 4 4 4 4 4 4 4 4 4 4 4 4 4 4 4 4 4 4 4 4 4 4 4 4 4 4 4 4 4 4 4 4 4 4 4 4 14 14 14 14 4 4 4 4 4 4
4 4 4 4 4 4 4 4 4 4 4 4 4 4 3 3 3 3 3 3 4 4 14 14 14 14 14 14 4 4 15 15 15 15 15 15 4 4 4 4 4 4 4 4 4 4 4 4 4 4 4 4 4 4 15 15 15 15 4 4 4 4 4 4
4 4 4 4 4 4 4 4 4 4 4 4 4 4 3 3 3 3 3 3 4 4 14 14 14 14 14 14 4 4 15 15 15 15 15 15 4 4 4 4 4 4 4 4 4 4 4 4 4 4 4 4 4 4 15 15 15 15 4 4 4 4 4 4
4 4 4 4 4 4 4 4 4 4 4 4 4 4 3 3 14 14 0 0 4 4 14 14 14 14 14 14 4 4 15 15 15 15 15 15 4 4 4 4 4 4 4 4 4 4 4 4 4 4 4 4 4 4 15 15 15 15 4 4 4 4 4 4
4 4 4 4 4 4 4 4 4 4 4 4 4 4 3 3 14 14 0 0 4 4 14 14 14 14 14 14 4 4 15 15 15 15 15 15 4 4 4 4 4 4 4 4 4 4 4 4 4 4 4 4 4 4 15 15 15 15 4 4 4 4 4 4
4 4 4 4 4 4 4 4 4 4 4 4 4 4 3 3 0 0 2 2 4 4 14 14 14 14 14 14 4 4 15 15 15 15 15 15 4 4 4 4 4 4 4 4 4 4 4 4 4 4 4 4 4 4 4 4 4 4 4 4 4 4 4 4
4 4 4 4 4 4 4 4 4 4 4 4 4 4 3 3 0 0 2 2 4 4 14 14 14 14 14 14 4 4 15 15 15 15 15 15 4 4 4 4 4 4 4 4 4 4 4 4 4 4 4 4 4 4 4 4 4 4 4 4 4 4 4 4
4 4 4 4 4 4 4 4 4 4 4 4 4 4 4 4 4 4 4 4 4 4 4 4 4 4 4 4 4 4 4 4 4 4 4 4 4 4 4 4 4 4 4 4 4 4 4 4 4 4 4 4 4 4 4 4 4 4 4 4 4 4 4 4
4 4 4 4 4 4 4 4 4 4 4 4 4 4 4 4 4 4 4 4 4 4 4 4 4 4 4 4 4 4 4 4 4 4 4 4 4 4 4 4 4 4 4 4 4 4 4 4 4 4 4 4 4 4 4 4 4 4 4 4 4 4 4 4
4 4 4 4 4 4 4 4 4 4 4 4 4 4 15 15 15 15 15 15 4 4 15 15 6 6 15 15 4 4 15 15 15 15 15 15 4 4 0 0 3 3 3 3 4 4 4 4 4 4 4 4 4 4 4 4 4 4 4 4 4 4 4 4
4 4 4 4 4 4 4 4 4 4 4 4 4 4 15 15 15 15 15 15 4 4 15 15 6 6 15 15 4 4 15 15 15 15 15 15 4 4 0 0 3 3 3 3 4 4 4 4 4 4 4 4 4 4 4 4 4 4 4 4 4 4 4 4
4 4 4 4 4 4 4 4 4 4 4 4 4 4 15 15 15 15 15 15 4 4 6 6 15 15 6 6 4 4 15 15 15 15 15 15 4 4 2 2 15 15 3 3 4 4 4 4 4 4 4 4 4 4 4 4 4 4 4 4 4 4 4 4
4 4 4 4 4 4 4 4 4 4 4 4 4 4 15 15 15 15 15 15 4 4 6 6 15 15 6 6 4 4 15 15 15 15 15 15 4 4 2 2 15 15 3 3 4 4 4 4 4 4 4 4 4 4 4 4 4 4 4 4 4 4 4 4
4 4 4 4 4 4 4 4 4 4 4 4 4 4 15 15 15 15 15 15 4 4 15 15 6 6 15 15 4 4 15 15 15 15 15 15 4 4 0 0 2 2 0 0 4 4 4 4 4 4 4 4 4 4 4 4 4 4 4 4 4 4 4 4
4 4 4 4 4 4 4 4 4 4 4 4 4 4 15 15 15 15 15 15 4 4 15 15 6 6 15 15 4 4 15 15 15 15 15 15 4 4 0 0 2 2 0 0 4 4 4 4 4 4 4 4 4 4 4 4 4 4 4 4 4 4 4 4
4 4 4 4 4 4 4 4 4 4 4 4 4 4 4 4 4 4 4 4 4 4 4 4 4 4 4 4 4 4 4 4 4 4 4 4 4 4 4 4 4 4 4 4 4 4 4 4 4 4 4 4 4 4 4 4 4 4 4 4 4 4 4 4
4 4 4 4 4 4 4 4 4 4 4 4 4 4 4 4 4 4 4 4 4 4 4 4 4 4 4 4 4 4 4 4 4 4 4 4 4 4 4 4 4 4 4 4 4 4 4 4 4 4 4 4 4 4 4 4 4 4 4 4 4 4 4 4
4 4 4 4 4 4 14 14 14 14 14 14 4 4 15 15 15 15 15 15 4 4 14 14 14 14 14 14 4 4 15 15 15 15 15 15 4 4 14 14 14 14 14 14 4 4 15 15 15 15 15 15 4 4 14 14 14 14 14 14 4 4 4 4
4 4 4 4 4 4 14 14 14 14 14 14 4 4 15 15 15 15 15 15 4 4 14 14 14 14 14 14 4 4 15 15 15 15 15 15 4 4 14 14 14 14 14 14 4 4 15 15 15 15 15 15 4 4 14 14 14 14 14 14 4 4 4 4
4 4 4 4 4 4 14 14 14 14 14 14 4 4 15 15 15 15 15 15 4 4 14 14 14 14 14 14 4 4 15 15 15 15 15 15 4 4 14 14 14 14 14 14 4 4 15 15 15 15 15 15 4 4 14 14 14 14 14 14 4 4 4 4
4 4 4 4 4 4 14 14 14 14 14 14 4 4 15 15 15 15 15 15 4 4 14 14 14 14 14 14 4 4 15 15 15 15 15 15 4 4 14 14 14 14 14 14 4 4 15 15 15 15 15 15 4 4 14 14 14 14 14 14 4 4 4 4
4 4 4 4 4 4 14 14 14 14 14 14 4 4 15 15 15 15 15 15 4 4 14 14 14 14 14 14 4 4 15 15 15 15 15 15 4 4 14 14 14 14 14 14 4 4 15 15 15 15 15 15 4 4 14 14 14 14 14 14 4 4 4 4
4 4 4 4 4 4 14 14 14 14 14 14 4 4 15 15 15 15 15 15 4 4 14 14 14 14 14 14 4 4 15 15 15 15 15 15 4 4 14 14 14 14 14 14 4 4 15 15 15 15 15 15 4 4 14 14 14 14 14 14 4 4 4 4
4 4 4 4 4 4 4 4 4 4 4 4 4 4 4 4 4 4 4 4 4 4 4 4 4 4 4 4 4 4 4 4 4 4 4 4 4 4 4 4 4 4 4 4 4 4 4 4 4 4 4 4 4 4 4 4 4 4 4 4 4 4 4 4
4 4 4 4 4 4 4 4 4 4 4 4 4 4 4 4 4 4 4 4 4 4 4 4 4 4 4 4 4 4 4 4 4 4 4 4 4 4 4 4 4 4 4 4 4 4 4 4 4 4 4 4 4 4 4 4 4 4 4 4 4 4 4 4
4 4 4 4 4 4 3 3 2 2 0 0 4 4 15 15 15 15 15 15 4 4 15 15 6 6 15 15 4 4 15 15 15 15 15 15 4 4 2 2 0 0 2 2 4 4 14 14 14 14 14 14 4 4 2 2 0 0 3 3 4 4 4 4
4 4 4 4 4 4 3 3 2 2 0 0 4 4 15 15 15 15 15 15 4 4 15 15 6 6 15 15 4 4 15 15 15 15 15 15 4 4 2 2 0 0 2 2 4 4 14 14 14 14 14 14 4 4 2 2 0 0 3 3 4 4 4 4
4 4 4 4 4 4 3 3 15 15 2 2 4 4 15 15 15 15 15 15 4 4 6 6 15 15 6 6 4 4 15 15 15 15 15 15 4 4 0 0 14 14 0 0 4 4 14 14 14 14 14 14 4 4 0 0 14 14 3 3 4 4 4 4
4 4 4 4 4 4 3 3 15 15 2 2 4 4 15 15 15 15 15 15 4 4 6 6 15 15 6 6 4 4 15 15 15 15 15 15 4 4 0 0 14 14 0 0 4 4 14 14 14 14 14 14 4 4 0 0 14 14 3 3 4 4 4 4
4 4 4 4 4 4 3 3 2 2 0 0 4 4 15 15 15 15 15 15 4 4 15 15 6 6 15 15 4 4 15 15 15 15 15 15 4 4 2 2 0 0 2 2 4 4 14 14 14 14 14 14 4 4 2 2 0 0 3 3 4 4 4 4
4 4 4 4 4 4 3 3 2 2 0 0 4 4 15 15 15 15 15 15 4 4 15 15 6 6 15 15 4 4 15 15 15 15 15 15 4 4 2 2 0 0 2 2 4 4 14 14 14 14 14 14 4 4 2 2 0 0 3 3 4 4 4 4
4 4 4 4 4 4 4 4 4 4 4 4 4 4 4 4 4 4 4 4 4 4 4 4 4 4 4 4 4 4 4 4 4 4 4 4 4 4 4 4 4 4 4 4 4 4 4 4 4 4 4 4 4 4 4 4 4 4 4 4 4 4 4 4
4 4 4 4 4 4 4 4 4 4 4 4 4 4 4 4 4 4 4 4 4 4 4 4 4 4 4 4 4 4 4 4 4 4 4 4 4 4 4 4 4 4 4 4 4 4 4 4 4 4 4 4 4 4 4 4 4 4 4 4 4 4 4 4
4 4 4 4 4 4 14 14 14 14 14 14 4 4 15 15 15 15 15 15 4 4 0 0 2 2 0 0 4 4 15 15 15 15 15 15 4 4 15 15 15 15 15 15 4 4 15 15 15 15 15 15 4 4 14 14 14 14 14 14 4 4 4 4
4 4 4 4 4 4 14 14 14 14 14 14 4 4 15 15 15 15 15 15 4 4 0 0 2 2 0 0 4 4 15 15 15 15 15 15 4 4 15 15 15 15 15 15 4 4 15 15 15 15 15 15 4 4 14 14 14 14 14 14 4 4 4 4
4 4 4 4 4 4 14 14 14 14 14 14 4 4 15 15 15 15 15 15 4 4 2 2 14 14 2 2 4 4 15 15 15 15 15 15 4 4 15 15 15 15 15 15 4 4 15 15 15 15 15 15 4 4 14 14 14 14 14 14 4 4 4 4
4 4 4 4 4 4 14 14 14 14 14 14 4 4 15 15 15 15 15 15 4 4 2 2 14 14 2 2 4 4 15 15 15 15 15 15 4 4 15 15 15 15 15 15 4 4 15 15 15 15 15 15 4 4 14 14 14 14 14 14 4 4 4 4
4 4 4 4 4 4 14 14 14 14 14 14 4 4 15 15 15 15 15 15 4 4 0 0 3 3 0 0 4 4 15 15 15 15 15 15 4 4 15 15 15 15 15 15 4 4 15 15 15 15 15 15 4 4 14 14 14 14 14 14 4 4 4 4
4 4 4 4 4 4 14 14 14 14 14 14 4 4 15 15 15 15 15 15 4 4 0 0 3 3 0 0 4 4 15 15 15 15 15 15 4 4 15 15 15 15 15 15 4 4 15 15 15 15 15 15 4 4 14 14 14 14 14 14 4 4 4 4
4 4 4 4 4 4 4 4 4 4 4 4 4 4 4 4 4 4 4 4 4 4 4 4 4 4 4 4 4 4 4 4 4 4 4 4 4 4 4 4 4 4 4 4 4 4 4 4 4 4 4 4 4 4 4 4 4 4 4 4 4 4 4 4
4 4 4 4 4 4 4 4 4 4 4 4 4 4 4 4 4 4 4 4 4 4 4 4 4 4 4 4 4 4 4 4 4 4 4 4 4 4 4 4 4 4 4 4 4 4 4 4 4 4 4 4 4 4 4 4 4 4 4 4 4 4 4 4
4 4 4 4 4 4 4 4 4 4 4 4 4 4 14 14 14 14 14 14 4 4 2 2 3 3 2 2 4 4 15 15 15 15 15 15 4 4 15 15 6 6 15 15 4 4 15 15 15 15 15 15 4 4 4 4 4 4 4 4 4 4 4 4
4 4 4 4 4 4 4 4 4 4 4 4 4 4 14 14 14 14 14 14 4 4 2 2 3 3 2 2 4 4 15 15 15 15 15 15 4 4 15 15 6 6 15 15 4 4 15 15 15 15 15 15 4 4 4 4 4 4 4 4 4 4 4 4
4 4 4 4 4 4 4 4 4 4 4 4 4 4 14 14 14 14 14 14 4 4 0 0 14 14 0 0 4 4 15 15 15 15 15 15 4 4 6 6 15 15 6 6 4 4 15 15 15 15 15 15 4 4 4 4 4 4 4 4 4 4 4 4
4 4 4 4 4 4 4 4 4 4 4 4 4 4 14 14 14 14 14 14 4 4 0 0 14 14 0 0 4 4 15 15 15 15 15 15 4 4 6 6 15 15 6 6 4 4 15 15 15 15 15 15 4 4 4 4 4 4 4 4 4 4 4 4
4 4 4 4 4 4 4 4 4 4 4 4 4 4 14 14 14 14 14 14 4 4 2 2 0 0 2 2 4 4 15 15 15 15 15 15 4 4 15 15 6 6 15 15 4 4 15 15 15 15 15 15 4 4 4 4 4 4 4 4 4 4 4 4
4 4 4 4 4 4 4 4 4 4 4 4 4 4 14 14 14 14 14 14 4 4 2 2 0 0 2 2 4 4 15 15 15 15 15 15 4 4 15 15 6 6 15 15 4 4 15 15 15 15 15 15 4 4 4 4 4 4 4 4 4 4 4 4
4 4 4 4 4 4 4 4 4 4 4 4 4 4 4 4 4 4 4 4 4 4 4 4 4 4 4 4 4 4 4 4 4 4 4 4 4 4 4 4 4 4 4 4 4 4 4 4 4 4 4 4 4 4 4 4 4 4 4 4 4 4 4 4
4 4 4 4 4 4 4 4 4 4 4 4 4 4 4 4 4 4 4 4 4 4 4 4 4 4 4 4 4 4 4 4 4 4 4 4 4 4 4 4 4 4 4 4 4 4 4 4 4 4 4 4 4 4 4 4 4 4 4 4 4 4 4 4
4 4 4 4 4 4 4 4 4 4 4 4 4 4 15 15 15 15 15 15 4 4 14 14 14 14 14 14 4 4 15 15 15 15 15 15 4 4 15 15 15 15 15 15 4 4 2 2 0 0 3 3 4 4 4 4 4 4 4 4 4 4 4 4
4 4 4 4 4 4 4 4 4 4 4 4 4 4 15 15 15 15 15 15 4 4 14 14 14 14 14 14 4 4 15 15 15 15 15 15 4 4 15 15 15 15 15 15 4 4 2 2 0 0 3 3 4 4 4 4 4 4 4 4 4 4 4 4
4 4 4 4 4 4 4 4 4 4 4 4 4 4 15 15 15 15 15 15 4 4 14 14 14 14 14 14 4 4 15 15 15 15 15 15 4 4 15 15 15 15 15 15 4 4 0 0 14 14 3 3 4 4 4 4 4 4 4 4 4 4 4 4
4 4 4 4 4 4 4 4 4 4 4 4 4 4 15 15 15 15 15 15 4 4 14 14 14 14 14 14 4 4 15 15 15 15 15 15 4 4 15 15 15 15 15 15 4 4 0 0 14 14 3 3 4 4 4 4 4 4 4 4 4 4 4 4
4 4 4 4 4 4 4 4 4 4 4 4 4 4 15 15 15 15 15 15 4 4 14 14 14 14 14 14 4 4 15 15 15 15 15 15 4 4 15 15 15 15 15 15 4 4 3 3 3 3 3 3 4 4 4 4 4 4 4 4 4 4 4 4
4 4 4 4 4 4 4 4 4 4 4 4 4 4 15 15 15 15 15 15 4 4 14 14 14 14 14 14 4 4 15 15 15 15 15 15 4 4 15 15 15 15 15 15 4 4 3 3 3 3 3 3 4 4 4 4 4 4 4 4 4 4 4 4
4 4 4 4 4 4 4 4 4 4 4 4 4 4 4 4 4 4 4 4 4 4 4 4 4 4 4 4 4 4 4 4 4 4 4 4 4 4 4 4 4 4 4 4 4 4 4 4 4 4 4 4 4 4 4 4 4 4 4 4 4 4 4 4
4 4 4 4 4 4 4 4 4 4 4 4 4 4 4 4 4 4 4 4 4 4 4 4 4 4 4 4 4 4 4 4 4 4 4 4 4 4 4 4 4 4 4 4 4 4 4 4 4 4 4 4 4 4 4 4 4 4 4 4 4 4 4 4
4 4 4 4 4 4 4 4 4 4 4 4 4 4 4 4 4 4 4 4 4 4 4 4 4 4 4 4 4 4 4 4 4 4 4 4 4 4 4 4 4 4 4 4 4 4 4 4 4 4 4 4 4 4 4 4 4 4 4 4 4 4 4 4
4 4 4 4 4 4 4 4 4 4 4 4 4 4 4 4 4 4 4 4 4 4 4 4 4 4 4 4 4 4 4 4 4 4 4 4 4 4 4 4 4 4 4 4 4 4 4 4 4 4 4 4 4 4 4 4 4 4 4 4 4 4 4 4
4 4 4 4 4 4 4 4 4 4 4 4 4 4 4 4 4 4 4 4 4 4 4 4 4 4 4 4 4 4 4 4 4 4 4 4 4 4 4 4 4 4 4 4 4 4 4 4 4 4 4 4 4 4 4 4 4 4 4 4 4 4 4 4
12 12 12 12 12 12 12 12 12 12 12 12 12 12 12 12 12 12 12 12 12 12 12 12 12 12 12 12 12 12 12 12 12 12 12 12 12 12 12 12 12 12 12 12 12 12 12 12 12 12 12 12 12 12 12 12 12 12 11 11 11 11 11 11
[LEVELS] 4/6
[STATE] NOT_FINISHED
[AVAILABLE] ACTION6
[DIFF] 36 cells: (22,4) 15>14; (23,4) 15>14; (24,4) 15>14; (25,4) 15>14; (26,4) 15>14; (27,4) 15>14; (22,5) 15>14; (23,5) 15>14; (24,5) 15>14; (25,5) 15>14; (26,5) 15>14; (27,5) 15>14; (22,6) 15>14; (23,6) 15>14; (24,6) 15>14; (25,6) 15>14; (26,6) 15>14; (27,6) 15>14; (22,7) 15>14; (23,7) 15>14; (24,7) 15>14; (25,7) 15>14; (26,7) 15>14; (27,7) 15>14; (22,8) 15>14; (23,8) 15>14; (24,8) 15>14; (25,8) 15>14; (26,8) 15>14; (27,8) 15>14; (22,9) 15>14; (23,9) 15>14; (24,9) 15>14; (25,9) 15>14; (26,9) 15>14; (27,9) 15>14

[STEP 55]
[ACTION] ACTION6 x=16 y=14
[BOARD] 1/1 settled
4 4 4 4 4 4 4 4 4 4 4 4 4 4 4 4 4 4 4 4 4 4 4 4 4 4 4 4 4 4 4 4 4 4 4 4 4 4 4 4 4 4 4 4 4 4 4 4 4 4 4 4 4 4 14 14 14 14 4 4 4 4 4 4
4 4 4 4 4 4 4 4 4 4 4 4 4 4 4 4 4 4 4 4 4 4 4 4 4 4 4 4 4 4 4 4 4 4 4 4 4 4 4 4 4 4 4 4 4 4 4 4 4 4 4 4 4 4 14 14 14 14 4 4 4 4 4 4
4 4 4 4 4 4 4 4 4 4 4 4 4 4 4 4 4 4 4 4 4 4 4 4 4 4 4 4 4 4 4 4 4 4 4 4 4 4 4 4 4 4 4 4 4 4 4 4 4 4 4 4 4 4 14 14 14 14 4 4 4 4 4 4
4 4 4 4 4 4 4 4 4 4 4 4 4 4 4 4 4 4 4 4 4 4 4 4 4 4 4 4 4 4 4 4 4 4 4 4 4 4 4 4 4 4 4 4 4 4 4 4 4 4 4 4 4 4 14 14 14 14 4 4 4 4 4 4
4 4 4 4 4 4 4 4 4 4 4 4 4 4 3 3 3 3 3 3 4 4 14 14 14 14 14 14 4 4 15 15 15 15 15 15 4 4 4 4 4 4 4 4 4 4 4 4 4 4 4 4 4 4 15 15 15 15 4 4 4 4 4 4
4 4 4 4 4 4 4 4 4 4 4 4 4 4 3 3 3 3 3 3 4 4 14 14 14 14 14 14 4 4 15 15 15 15 15 15 4 4 4 4 4 4 4 4 4 4 4 4 4 4 4 4 4 4 15 15 15 15 4 4 4 4 4 4
4 4 4 4 4 4 4 4 4 4 4 4 4 4 3 3 14 14 0 0 4 4 14 14 14 14 14 14 4 4 15 15 15 15 15 15 4 4 4 4 4 4 4 4 4 4 4 4 4 4 4 4 4 4 15 15 15 15 4 4 4 4 4 4
4 4 4 4 4 4 4 4 4 4 4 4 4 4 3 3 14 14 0 0 4 4 14 14 14 14 14 14 4 4 15 15 15 15 15 15 4 4 4 4 4 4 4 4 4 4 4 4 4 4 4 4 4 4 15 15 15 15 4 4 4 4 4 4
4 4 4 4 4 4 4 4 4 4 4 4 4 4 3 3 0 0 2 2 4 4 14 14 14 14 14 14 4 4 15 15 15 15 15 15 4 4 4 4 4 4 4 4 4 4 4 4 4 4 4 4 4 4 4 4 4 4 4 4 4 4 4 4
4 4 4 4 4 4 4 4 4 4 4 4 4 4 3 3 0 0 2 2 4 4 14 14 14 14 14 14 4 4 15 15 15 15 15 15 4 4 4 4 4 4 4 4 4 4 4 4 4 4 4 4 4 4 4 4 4 4 4 4 4 4 4 4
4 4 4 4 4 4 4 4 4 4 4 4 4 4 4 4 4 4 4 4 4 4 4 4 4 4 4 4 4 4 4 4 4 4 4 4 4 4 4 4 4 4 4 4 4 4 4 4 4 4 4 4 4 4 4 4 4 4 4 4 4 4 4 4
4 4 4 4 4 4 4 4 4 4 4 4 4 4 4 4 4 4 4 4 4 4 4 4 4 4 4 4 4 4 4 4 4 4 4 4 4 4 4 4 4 4 4 4 4 4 4 4 4 4 4 4 4 4 4 4 4 4 4 4 4 4 4 4
4 4 4 4 4 4 4 4 4 4 4 4 4 4 14 14 14 14 14 14 4 4 15 15 6 6 15 15 4 4 15 15 15 15 15 15 4 4 0 0 3 3 3 3 4 4 4 4 4 4 4 4 4 4 4 4 4 4 4 4 4 4 4 4
4 4 4 4 4 4 4 4 4 4 4 4 4 4 14 14 14 14 14 14 4 4 15 15 6 6 15 15 4 4 15 15 15 15 15 15 4 4 0 0 3 3 3 3 4 4 4 4 4 4 4 4 4 4 4 4 4 4 4 4 4 4 4 4
4 4 4 4 4 4 4 4 4 4 4 4 4 4 14 14 14 14 14 14 4 4 6 6 15 15 6 6 4 4 15 15 15 15 15 15 4 4 2 2 15 15 3 3 4 4 4 4 4 4 4 4 4 4 4 4 4 4 4 4 4 4 4 4
4 4 4 4 4 4 4 4 4 4 4 4 4 4 14 14 14 14 14 14 4 4 6 6 15 15 6 6 4 4 15 15 15 15 15 15 4 4 2 2 15 15 3 3 4 4 4 4 4 4 4 4 4 4 4 4 4 4 4 4 4 4 4 4
4 4 4 4 4 4 4 4 4 4 4 4 4 4 14 14 14 14 14 14 4 4 15 15 6 6 15 15 4 4 15 15 15 15 15 15 4 4 0 0 2 2 0 0 4 4 4 4 4 4 4 4 4 4 4 4 4 4 4 4 4 4 4 4
4 4 4 4 4 4 4 4 4 4 4 4 4 4 14 14 14 14 14 14 4 4 15 15 6 6 15 15 4 4 15 15 15 15 15 15 4 4 0 0 2 2 0 0 4 4 4 4 4 4 4 4 4 4 4 4 4 4 4 4 4 4 4 4
4 4 4 4 4 4 4 4 4 4 4 4 4 4 4 4 4 4 4 4 4 4 4 4 4 4 4 4 4 4 4 4 4 4 4 4 4 4 4 4 4 4 4 4 4 4 4 4 4 4 4 4 4 4 4 4 4 4 4 4 4 4 4 4
4 4 4 4 4 4 4 4 4 4 4 4 4 4 4 4 4 4 4 4 4 4 4 4 4 4 4 4 4 4 4 4 4 4 4 4 4 4 4 4 4 4 4 4 4 4 4 4 4 4 4 4 4 4 4 4 4 4 4 4 4 4 4 4
4 4 4 4 4 4 14 14 14 14 14 14 4 4 15 15 15 15 15 15 4 4 14 14 14 14 14 14 4 4 15 15 15 15 15 15 4 4 14 14 14 14 14 14 4 4 15 15 15 15 15 15 4 4 14 14 14 14 14 14 4 4 4 4
4 4 4 4 4 4 14 14 14 14 14 14 4 4 15 15 15 15 15 15 4 4 14 14 14 14 14 14 4 4 15 15 15 15 15 15 4 4 14 14 14 14 14 14 4 4 15 15 15 15 15 15 4 4 14 14 14 14 14 14 4 4 4 4
4 4 4 4 4 4 14 14 14 14 14 14 4 4 15 15 15 15 15 15 4 4 14 14 14 14 14 14 4 4 15 15 15 15 15 15 4 4 14 14 14 14 14 14 4 4 15 15 15 15 15 15 4 4 14 14 14 14 14 14 4 4 4 4
4 4 4 4 4 4 14 14 14 14 14 14 4 4 15 15 15 15 15 15 4 4 14 14 14 14 14 14 4 4 15 15 15 15 15 15 4 4 14 14 14 14 14 14 4 4 15 15 15 15 15 15 4 4 14 14 14 14 14 14 4 4 4 4
4 4 4 4 4 4 14 14 14 14 14 14 4 4 15 15 15 15 15 15 4 4 14 14 14 14 14 14 4 4 15 15 15 15 15 15 4 4 14 14 14 14 14 14 4 4 15 15 15 15 15 15 4 4 14 14 14 14 14 14 4 4 4 4
4 4 4 4 4 4 14 14 14 14 14 14 4 4 15 15 15 15 15 15 4 4 14 14 14 14 14 14 4 4 15 15 15 15 15 15 4 4 14 14 14 14 14 14 4 4 15 15 15 15 15 15 4 4 14 14 14 14 14 14 4 4 4 4
4 4 4 4 4 4 4 4 4 4 4 4 4 4 4 4 4 4 4 4 4 4 4 4 4 4 4 4 4 4 4 4 4 4 4 4 4 4 4 4 4 4 4 4 4 4 4 4 4 4 4 4 4 4 4 4 4 4 4 4 4 4 4 4
4 4 4 4 4 4 4 4 4 4 4 4 4 4 4 4 4 4 4 4 4 4 4 4 4 4 4 4 4 4 4 4 4 4 4 4 4 4 4 4 4 4 4 4 4 4 4 4 4 4 4 4 4 4 4 4 4 4 4 4 4 4 4 4
4 4 4 4 4 4 3 3 2 2 0 0 4 4 15 15 15 15 15 15 4 4 15 15 6 6 15 15 4 4 15 15 15 15 15 15 4 4 2 2 0 0 2 2 4 4 14 14 14 14 14 14 4 4 2 2 0 0 3 3 4 4 4 4
4 4 4 4 4 4 3 3 2 2 0 0 4 4 15 15 15 15 15 15 4 4 15 15 6 6 15 15 4 4 15 15 15 15 15 15 4 4 2 2 0 0 2 2 4 4 14 14 14 14 14 14 4 4 2 2 0 0 3 3 4 4 4 4
4 4 4 4 4 4 3 3 15 15 2 2 4 4 15 15 15 15 15 15 4 4 6 6 15 15 6 6 4 4 15 15 15 15 15 15 4 4 0 0 14 14 0 0 4 4 14 14 14 14 14 14 4 4 0 0 14 14 3 3 4 4 4 4
4 4 4 4 4 4 3 3 15 15 2 2 4 4 15 15 15 15 15 15 4 4 6 6 15 15 6 6 4 4 15 15 15 15 15 15 4 4 0 0 14 14 0 0 4 4 14 14 14 14 14 14 4 4 0 0 14 14 3 3 4 4 4 4
4 4 4 4 4 4 3 3 2 2 0 0 4 4 15 15 15 15 15 15 4 4 15 15 6 6 15 15 4 4 15 15 15 15 15 15 4 4 2 2 0 0 2 2 4 4 14 14 14 14 14 14 4 4 2 2 0 0 3 3 4 4 4 4
4 4 4 4 4 4 3 3 2 2 0 0 4 4 15 15 15 15 15 15 4 4 15 15 6 6 15 15 4 4 15 15 15 15 15 15 4 4 2 2 0 0 2 2 4 4 14 14 14 14 14 14 4 4 2 2 0 0 3 3 4 4 4 4
4 4 4 4 4 4 4 4 4 4 4 4 4 4 4 4 4 4 4 4 4 4 4 4 4 4 4 4 4 4 4 4 4 4 4 4 4 4 4 4 4 4 4 4 4 4 4 4 4 4 4 4 4 4 4 4 4 4 4 4 4 4 4 4
4 4 4 4 4 4 4 4 4 4 4 4 4 4 4 4 4 4 4 4 4 4 4 4 4 4 4 4 4 4 4 4 4 4 4 4 4 4 4 4 4 4 4 4 4 4 4 4 4 4 4 4 4 4 4 4 4 4 4 4 4 4 4 4
4 4 4 4 4 4 14 14 14 14 14 14 4 4 15 15 15 15 15 15 4 4 0 0 2 2 0 0 4 4 15 15 15 15 15 15 4 4 15 15 15 15 15 15 4 4 15 15 15 15 15 15 4 4 14 14 14 14 14 14 4 4 4 4
4 4 4 4 4 4 14 14 14 14 14 14 4 4 15 15 15 15 15 15 4 4 0 0 2 2 0 0 4 4 15 15 15 15 15 15 4 4 15 15 15 15 15 15 4 4 15 15 15 15 15 15 4 4 14 14 14 14 14 14 4 4 4 4
4 4 4 4 4 4 14 14 14 14 14 14 4 4 15 15 15 15 15 15 4 4 2 2 14 14 2 2 4 4 15 15 15 15 15 15 4 4 15 15 15 15 15 15 4 4 15 15 15 15 15 15 4 4 14 14 14 14 14 14 4 4 4 4
4 4 4 4 4 4 14 14 14 14 14 14 4 4 15 15 15 15 15 15 4 4 2 2 14 14 2 2 4 4 15 15 15 15 15 15 4 4 15 15 15 15 15 15 4 4 15 15 15 15 15 15 4 4 14 14 14 14 14 14 4 4 4 4
4 4 4 4 4 4 14 14 14 14 14 14 4 4 15 15 15 15 15 15 4 4 0 0 3 3 0 0 4 4 15 15 15 15 15 15 4 4 15 15 15 15 15 15 4 4 15 15 15 15 15 15 4 4 14 14 14 14 14 14 4 4 4 4
4 4 4 4 4 4 14 14 14 14 14 14 4 4 15 15 15 15 15 15 4 4 0 0 3 3 0 0 4 4 15 15 15 15 15 15 4 4 15 15 15 15 15 15 4 4 15 15 15 15 15 15 4 4 14 14 14 14 14 14 4 4 4 4
4 4 4 4 4 4 4 4 4 4 4 4 4 4 4 4 4 4 4 4 4 4 4 4 4 4 4 4 4 4 4 4 4 4 4 4 4 4 4 4 4 4 4 4 4 4 4 4 4 4 4 4 4 4 4 4 4 4 4 4 4 4 4 4
4 4 4 4 4 4 4 4 4 4 4 4 4 4 4 4 4 4 4 4 4 4 4 4 4 4 4 4 4 4 4 4 4 4 4 4 4 4 4 4 4 4 4 4 4 4 4 4 4 4 4 4 4 4 4 4 4 4 4 4 4 4 4 4
4 4 4 4 4 4 4 4 4 4 4 4 4 4 14 14 14 14 14 14 4 4 2 2 3 3 2 2 4 4 15 15 15 15 15 15 4 4 15 15 6 6 15 15 4 4 15 15 15 15 15 15 4 4 4 4 4 4 4 4 4 4 4 4
4 4 4 4 4 4 4 4 4 4 4 4 4 4 14 14 14 14 14 14 4 4 2 2 3 3 2 2 4 4 15 15 15 15 15 15 4 4 15 15 6 6 15 15 4 4 15 15 15 15 15 15 4 4 4 4 4 4 4 4 4 4 4 4
4 4 4 4 4 4 4 4 4 4 4 4 4 4 14 14 14 14 14 14 4 4 0 0 14 14 0 0 4 4 15 15 15 15 15 15 4 4 6 6 15 15 6 6 4 4 15 15 15 15 15 15 4 4 4 4 4 4 4 4 4 4 4 4
4 4 4 4 4 4 4 4 4 4 4 4 4 4 14 14 14 14 14 14 4 4 0 0 14 14 0 0 4 4 15 15 15 15 15 15 4 4 6 6 15 15 6 6 4 4 15 15 15 15 15 15 4 4 4 4 4 4 4 4 4 4 4 4
4 4 4 4 4 4 4 4 4 4 4 4 4 4 14 14 14 14 14 14 4 4 2 2 0 0 2 2 4 4 15 15 15 15 15 15 4 4 15 15 6 6 15 15 4 4 15 15 15 15 15 15 4 4 4 4 4 4 4 4 4 4 4 4
4 4 4 4 4 4 4 4 4 4 4 4 4 4 14 14 14 14 14 14 4 4 2 2 0 0 2 2 4 4 15 15 15 15 15 15 4 4 15 15 6 6 15 15 4 4 15 15 15 15 15 15 4 4 4 4 4 4 4 4 4 4 4 4
4 4 4 4 4 4 4 4 4 4 4 4 4 4 4 4 4 4 4 4 4 4 4 4 4 4 4 4 4 4 4 4 4 4 4 4 4 4 4 4 4 4 4 4 4 4 4 4 4 4 4 4 4 4 4 4 4 4 4 4 4 4 4 4
4 4 4 4 4 4 4 4 4 4 4 4 4 4 4 4 4 4 4 4 4 4 4 4 4 4 4 4 4 4 4 4 4 4 4 4 4 4 4 4 4 4 4 4 4 4 4 4 4 4 4 4 4 4 4 4 4 4 4 4 4 4 4 4
4 4 4 4 4 4 4 4 4 4 4 4 4 4 15 15 15 15 15 15 4 4 14 14 14 14 14 14 4 4 15 15 15 15 15 15 4 4 15 15 15 15 15 15 4 4 2 2 0 0 3 3 4 4 4 4 4 4 4 4 4 4 4 4
4 4 4 4 4 4 4 4 4 4 4 4 4 4 15 15 15 15 15 15 4 4 14 14 14 14 14 14 4 4 15 15 15 15 15 15 4 4 15 15 15 15 15 15 4 4 2 2 0 0 3 3 4 4 4 4 4 4 4 4 4 4 4 4
4 4 4 4 4 4 4 4 4 4 4 4 4 4 15 15 15 15 15 15 4 4 14 14 14 14 14 14 4 4 15 15 15 15 15 15 4 4 15 15 15 15 15 15 4 4 0 0 14 14 3 3 4 4 4 4 4 4 4 4 4 4 4 4
4 4 4 4 4 4 4 4 4 4 4 4 4 4 15 15 15 15 15 15 4 4 14 14 14 14 14 14 4 4 15 15 15 15 15 15 4 4 15 15 15 15 15 15 4 4 0 0 14 14 3 3 4 4 4 4 4 4 4 4 4 4 4 4
4 4 4 4 4 4 4 4 4 4 4 4 4 4 15 15 15 15 15 15 4 4 14 14 14 14 14 14 4 4 15 15 15 15 15 15 4 4 15 15 15 15 15 15 4 4 3 3 3 3 3 3 4 4 4 4 4 4 4 4 4 4 4 4
4 4 4 4 4 4 4 4 4 4 4 4 4 4 15 15 15 15 15 15 4 4 14 14 14 14 14 14 4 4 15 15 15 15 15 15 4 4 15 15 15 15 15 15 4 4 3 3 3 3 3 3 4 4 4 4 4 4 4 4 4 4 4 4
4 4 4 4 4 4 4 4 4 4 4 4 4 4 4 4 4 4 4 4 4 4 4 4 4 4 4 4 4 4 4 4 4 4 4 4 4 4 4 4 4 4 4 4 4 4 4 4 4 4 4 4 4 4 4 4 4 4 4 4 4 4 4 4
4 4 4 4 4 4 4 4 4 4 4 4 4 4 4 4 4 4 4 4 4 4 4 4 4 4 4 4 4 4 4 4 4 4 4 4 4 4 4 4 4 4 4 4 4 4 4 4 4 4 4 4 4 4 4 4 4 4 4 4 4 4 4 4
4 4 4 4 4 4 4 4 4 4 4 4 4 4 4 4 4 4 4 4 4 4 4 4 4 4 4 4 4 4 4 4 4 4 4 4 4 4 4 4 4 4 4 4 4 4 4 4 4 4 4 4 4 4 4 4 4 4 4 4 4 4 4 4
4 4 4 4 4 4 4 4 4 4 4 4 4 4 4 4 4 4 4 4 4 4 4 4 4 4 4 4 4 4 4 4 4 4 4 4 4 4 4 4 4 4 4 4 4 4 4 4 4 4 4 4 4 4 4 4 4 4 4 4 4 4 4 4
4 4 4 4 4 4 4 4 4 4 4 4 4 4 4 4 4 4 4 4 4 4 4 4 4 4 4 4 4 4 4 4 4 4 4 4 4 4 4 4 4 4 4 4 4 4 4 4 4 4 4 4 4 4 4 4 4 4 4 4 4 4 4 4
12 12 12 12 12 12 12 12 12 12 12 12 12 12 12 12 12 12 12 12 12 12 12 12 12 12 12 12 12 12 12 12 12 12 12 12 12 12 12 12 12 12 12 12 12 12 12 12 12 12 12 12 12 12 12 12 12 11 11 11 11 11 11 11
[LEVELS] 4/6
[STATE] NOT_FINISHED
[AVAILABLE] ACTION6
[DIFF] 37 cells: (14,12) 15>14; (15,12) 15>14; (16,12) 15>14; (17,12) 15>14; (18,12) 15>14; (19,12) 15>14; (14,13) 15>14; (15,13) 15>14; (16,13) 15>14; (17,13) 15>14; (18,13) 15>14; (19,13) 15>14; (14,14) 15>14; (15,14) 15>14; (16,14) 15>14; (17,14) 15>14; (18,14) 15>14; (19,14) 15>14; (14,15) 15>14; (15,15) 15>14; (16,15) 15>14; (17,15) 15>14; (18,15) 15>14; (19,15) 15>14; (14,16) 15>14; (15,16) 15>14; (16,16) 15>14; (17,16) 15>14; (18,16) 15>14; (19,16) 15>14; (14,17) 15>14; (15,17) 15>14; (16,17) 15>14; (17,17) 15>14; (18,17) 15>14; (19,17) 15>14; (57,63) 12>11

[STEP 56]
[ACTION] ACTION6 x=32 y=14
[BOARD] 1/1 settled
4 4 4 4 4 4 4 4 4 4 4 4 4 4 4 4 4 4 4 4 4 4 4 4 4 4 4 4 4 4 4 4 4 4 4 4 4 4 4 4 4 4 4 4 4 4 4 4 4 4 4 4 4 4 14 14 14 14 4 4 4 4 4 4
4 4 4 4 4 4 4 4 4 4 4 4 4 4 4 4 4 4 4 4 4 4 4 4 4 4 4 4 4 4 4 4 4 4 4 4 4 4 4 4 4 4 4 4 4 4 4 4 4 4 4 4 4 4 14 14 14 14 4 4 4 4 4 4
4 4 4 4 4 4 4 4 4 4 4 4 4 4 4 4 4 4 4 4 4 4 4 4 4 4 4 4 4 4 4 4 4 4 4 4 4 4 4 4 4 4 4 4 4 4 4 4 4 4 4 4 4 4 14 14 14 14 4 4 4 4 4 4
4 4 4 4 4 4 4 4 4 4 4 4 4 4 4 4 4 4 4 4 4 4 4 4 4 4 4 4 4 4 4 4 4 4 4 4 4 4 4 4 4 4 4 4 4 4 4 4 4 4 4 4 4 4 14 14 14 14 4 4 4 4 4 4
4 4 4 4 4 4 4 4 4 4 4 4 4 4 3 3 3 3 3 3 4 4 14 14 14 14 14 14 4 4 15 15 15 15 15 15 4 4 4 4 4 4 4 4 4 4 4 4 4 4 4 4 4 4 15 15 15 15 4 4 4 4 4 4
4 4 4 4 4 4 4 4 4 4 4 4 4 4 3 3 3 3 3 3 4 4 14 14 14 14 14 14 4 4 15 15 15 15 15 15 4 4 4 4 4 4 4 4 4 4 4 4 4 4 4 4 4 4 15 15 15 15 4 4 4 4 4 4
4 4 4 4 4 4 4 4 4 4 4 4 4 4 3 3 14 14 0 0 4 4 14 14 14 14 14 14 4 4 15 15 15 15 15 15 4 4 4 4 4 4 4 4 4 4 4 4 4 4 4 4 4 4 15 15 15 15 4 4 4 4 4 4
4 4 4 4 4 4 4 4 4 4 4 4 4 4 3 3 14 14 0 0 4 4 14 14 14 14 14 14 4 4 15 15 15 15 15 15 4 4 4 4 4 4 4 4 4 4 4 4 4 4 4 4 4 4 15 15 15 15 4 4 4 4 4 4
4 4 4 4 4 4 4 4 4 4 4 4 4 4 3 3 0 0 2 2 4 4 14 14 14 14 14 14 4 4 15 15 15 15 15 15 4 4 4 4 4 4 4 4 4 4 4 4 4 4 4 4 4 4 4 4 4 4 4 4 4 4 4 4
4 4 4 4 4 4 4 4 4 4 4 4 4 4 3 3 0 0 2 2 4 4 14 14 14 14 14 14 4 4 15 15 15 15 15 15 4 4 4 4 4 4 4 4 4 4 4 4 4 4 4 4 4 4 4 4 4 4 4 4 4 4 4 4
4 4 4 4 4 4 4 4 4 4 4 4 4 4 4 4 4 4 4 4 4 4 4 4 4 4 4 4 4 4 4 4 4 4 4 4 4 4 4 4 4 4 4 4 4 4 4 4 4 4 4 4 4 4 4 4 4 4 4 4 4 4 4 4
4 4 4 4 4 4 4 4 4 4 4 4 4 4 4 4 4 4 4 4 4 4 4 4 4 4 4 4 4 4 4 4 4 4 4 4 4 4 4 4 4 4 4 4 4 4 4 4 4 4 4 4 4 4 4 4 4 4 4 4 4 4 4 4
4 4 4 4 4 4 4 4 4 4 4 4 4 4 14 14 14 14 14 14 4 4 15 15 6 6 15 15 4 4 14 14 14 14 14 14 4 4 0 0 3 3 3 3 4 4 4 4 4 4 4 4 4 4 4 4 4 4 4 4 4 4 4 4
4 4 4 4 4 4 4 4 4 4 4 4 4 4 14 14 14 14 14 14 4 4 15 15 6 6 15 15 4 4 14 14 14 14 14 14 4 4 0 0 3 3 3 3 4 4 4 4 4 4 4 4 4 4 4 4 4 4 4 4 4 4 4 4
4 4 4 4 4 4 4 4 4 4 4 4 4 4 14 14 14 14 14 14 4 4 6 6 15 15 6 6 4 4 14 14 14 14 14 14 4 4 2 2 15 15 3 3 4 4 4 4 4 4 4 4 4 4 4 4 4 4 4 4 4 4 4 4
4 4 4 4 4 4 4 4 4 4 4 4 4 4 14 14 14 14 14 14 4 4 6 6 15 15 6 6 4 4 14 14 14 14 14 14 4 4 2 2 15 15 3 3 4 4 4 4 4 4 4 4 4 4 4 4 4 4 4 4 4 4 4 4
4 4 4 4 4 4 4 4 4 4 4 4 4 4 14 14 14 14 14 14 4 4 15 15 6 6 15 15 4 4 14 14 14 14 14 14 4 4 0 0 2 2 0 0 4 4 4 4 4 4 4 4 4 4 4 4 4 4 4 4 4 4 4 4
4 4 4 4 4 4 4 4 4 4 4 4 4 4 14 14 14 14 14 14 4 4 15 15 6 6 15 15 4 4 14 14 14 14 14 14 4 4 0 0 2 2 0 0 4 4 4 4 4 4 4 4 4 4 4 4 4 4 4 4 4 4 4 4
4 4 4 4 4 4 4 4 4 4 4 4 4 4 4 4 4 4 4 4 4 4 4 4 4 4 4 4 4 4 4 4 4 4 4 4 4 4 4 4 4 4 4 4 4 4 4 4 4 4 4 4 4 4 4 4 4 4 4 4 4 4 4 4
4 4 4 4 4 4 4 4 4 4 4 4 4 4 4 4 4 4 4 4 4 4 4 4 4 4 4 4 4 4 4 4 4 4 4 4 4 4 4 4 4 4 4 4 4 4 4 4 4 4 4 4 4 4 4 4 4 4 4 4 4 4 4 4
4 4 4 4 4 4 14 14 14 14 14 14 4 4 15 15 15 15 15 15 4 4 14 14 14 14 14 14 4 4 15 15 15 15 15 15 4 4 14 14 14 14 14 14 4 4 15 15 15 15 15 15 4 4 14 14 14 14 14 14 4 4 4 4
4 4 4 4 4 4 14 14 14 14 14 14 4 4 15 15 15 15 15 15 4 4 14 14 14 14 14 14 4 4 15 15 15 15 15 15 4 4 14 14 14 14 14 14 4 4 15 15 15 15 15 15 4 4 14 14 14 14 14 14 4 4 4 4
4 4 4 4 4 4 14 14 14 14 14 14 4 4 15 15 15 15 15 15 4 4 14 14 14 14 14 14 4 4 15 15 15 15 15 15 4 4 14 14 14 14 14 14 4 4 15 15 15 15 15 15 4 4 14 14 14 14 14 14 4 4 4 4
4 4 4 4 4 4 14 14 14 14 14 14 4 4 15 15 15 15 15 15 4 4 14 14 14 14 14 14 4 4 15 15 15 15 15 15 4 4 14 14 14 14 14 14 4 4 15 15 15 15 15 15 4 4 14 14 14 14 14 14 4 4 4 4
4 4 4 4 4 4 14 14 14 14 14 14 4 4 15 15 15 15 15 15 4 4 14 14 14 14 14 14 4 4 15 15 15 15 15 15 4 4 14 14 14 14 14 14 4 4 15 15 15 15 15 15 4 4 14 14 14 14 14 14 4 4 4 4
4 4 4 4 4 4 14 14 14 14 14 14 4 4 15 15 15 15 15 15 4 4 14 14 14 14 14 14 4 4 15 15 15 15 15 15 4 4 14 14 14 14 14 14 4 4 15 15 15 15 15 15 4 4 14 14 14 14 14 14 4 4 4 4
4 4 4 4 4 4 4 4 4 4 4 4 4 4 4 4 4 4 4 4 4 4 4 4 4 4 4 4 4 4 4 4 4 4 4 4 4 4 4 4 4 4 4 4 4 4 4 4 4 4 4 4 4 4 4 4 4 4 4 4 4 4 4 4
4 4 4 4 4 4 4 4 4 4 4 4 4 4 4 4 4 4 4 4 4 4 4 4 4 4 4 4 4 4 4 4 4 4 4 4 4 4 4 4 4 4 4 4 4 4 4 4 4 4 4 4 4 4 4 4 4 4 4 4 4 4 4 4
4 4 4 4 4 4 3 3 2 2 0 0 4 4 15 15 15 15 15 15 4 4 15 15 6 6 15 15 4 4 15 15 15 15 15 15 4 4 2 2 0 0 2 2 4 4 14 14 14 14 14 14 4 4 2 2 0 0 3 3 4 4 4 4
4 4 4 4 4 4 3 3 2 2 0 0 4 4 15 15 15 15 15 15 4 4 15 15 6 6 15 15 4 4 15 15 15 15 15 15 4 4 2 2 0 0 2 2 4 4 14 14 14 14 14 14 4 4 2 2 0 0 3 3 4 4 4 4
4 4 4 4 4 4 3 3 15 15 2 2 4 4 15 15 15 15 15 15 4 4 6 6 15 15 6 6 4 4 15 15 15 15 15 15 4 4 0 0 14 14 0 0 4 4 14 14 14 14 14 14 4 4 0 0 14 14 3 3 4 4 4 4
4 4 4 4 4 4 3 3 15 15 2 2 4 4 15 15 15 15 15 15 4 4 6 6 15 15 6 6 4 4 15 15 15 15 15 15 4 4 0 0 14 14 0 0 4 4 14 14 14 14 14 14 4 4 0 0 14 14 3 3 4 4 4 4
4 4 4 4 4 4 3 3 2 2 0 0 4 4 15 15 15 15 15 15 4 4 15 15 6 6 15 15 4 4 15 15 15 15 15 15 4 4 2 2 0 0 2 2 4 4 14 14 14 14 14 14 4 4 2 2 0 0 3 3 4 4 4 4
4 4 4 4 4 4 3 3 2 2 0 0 4 4 15 15 15 15 15 15 4 4 15 15 6 6 15 15 4 4 15 15 15 15 15 15 4 4 2 2 0 0 2 2 4 4 14 14 14 14 14 14 4 4 2 2 0 0 3 3 4 4 4 4
4 4 4 4 4 4 4 4 4 4 4 4 4 4 4 4 4 4 4 4 4 4 4 4 4 4 4 4 4 4 4 4 4 4 4 4 4 4 4 4 4 4 4 4 4 4 4 4 4 4 4 4 4 4 4 4 4 4 4 4 4 4 4 4
4 4 4 4 4 4 4 4 4 4 4 4 4 4 4 4 4 4 4 4 4 4 4 4 4 4 4 4 4 4 4 4 4 4 4 4 4 4 4 4 4 4 4 4 4 4 4 4 4 4 4 4 4 4 4 4 4 4 4 4 4 4 4 4
4 4 4 4 4 4 14 14 14 14 14 14 4 4 15 15 15 15 15 15 4 4 0 0 2 2 0 0 4 4 15 15 15 15 15 15 4 4 15 15 15 15 15 15 4 4 15 15 15 15 15 15 4 4 14 14 14 14 14 14 4 4 4 4
4 4 4 4 4 4 14 14 14 14 14 14 4 4 15 15 15 15 15 15 4 4 0 0 2 2 0 0 4 4 15 15 15 15 15 15 4 4 15 15 15 15 15 15 4 4 15 15 15 15 15 15 4 4 14 14 14 14 14 14 4 4 4 4
4 4 4 4 4 4 14 14 14 14 14 14 4 4 15 15 15 15 15 15 4 4 2 2 14 14 2 2 4 4 15 15 15 15 15 15 4 4 15 15 15 15 15 15 4 4 15 15 15 15 15 15 4 4 14 14 14 14 14 14 4 4 4 4
4 4 4 4 4 4 14 14 14 14 14 14 4 4 15 15 15 15 15 15 4 4 2 2 14 14 2 2 4 4 15 15 15 15 15 15 4 4 15 15 15 15 15 15 4 4 15 15 15 15 15 15 4 4 14 14 14 14 14 14 4 4 4 4
4 4 4 4 4 4 14 14 14 14 14 14 4 4 15 15 15 15 15 15 4 4 0 0 3 3 0 0 4 4 15 15 15 15 15 15 4 4 15 15 15 15 15 15 4 4 15 15 15 15 15 15 4 4 14 14 14 14 14 14 4 4 4 4
4 4 4 4 4 4 14 14 14 14 14 14 4 4 15 15 15 15 15 15 4 4 0 0 3 3 0 0 4 4 15 15 15 15 15 15 4 4 15 15 15 15 15 15 4 4 15 15 15 15 15 15 4 4 14 14 14 14 14 14 4 4 4 4
4 4 4 4 4 4 4 4 4 4 4 4 4 4 4 4 4 4 4 4 4 4 4 4 4 4 4 4 4 4 4 4 4 4 4 4 4 4 4 4 4 4 4 4 4 4 4 4 4 4 4 4 4 4 4 4 4 4 4 4 4 4 4 4
4 4 4 4 4 4 4 4 4 4 4 4 4 4 4 4 4 4 4 4 4 4 4 4 4 4 4 4 4 4 4 4 4 4 4 4 4 4 4 4 4 4 4 4 4 4 4 4 4 4 4 4 4 4 4 4 4 4 4 4 4 4 4 4
4 4 4 4 4 4 4 4 4 4 4 4 4 4 14 14 14 14 14 14 4 4 2 2 3 3 2 2 4 4 15 15 15 15 15 15 4 4 15 15 6 6 15 15 4 4 15 15 15 15 15 15 4 4 4 4 4 4 4 4 4 4 4 4
4 4 4 4 4 4 4 4 4 4 4 4 4 4 14 14 14 14 14 14 4 4 2 2 3 3 2 2 4 4 15 15 15 15 15 15 4 4 15 15 6 6 15 15 4 4 15 15 15 15 15 15 4 4 4 4 4 4 4 4 4 4 4 4
4 4 4 4 4 4 4 4 4 4 4 4 4 4 14 14 14 14 14 14 4 4 0 0 14 14 0 0 4 4 15 15 15 15 15 15 4 4 6 6 15 15 6 6 4 4 15 15 15 15 15 15 4 4 4 4 4 4 4 4 4 4 4 4
4 4 4 4 4 4 4 4 4 4 4 4 4 4 14 14 14 14 14 14 4 4 0 0 14 14 0 0 4 4 15 15 15 15 15 15 4 4 6 6 15 15 6 6 4 4 15 15 15 15 15 15 4 4 4 4 4 4 4 4 4 4 4 4
4 4 4 4 4 4 4 4 4 4 4 4 4 4 14 14 14 14 14 14 4 4 2 2 0 0 2 2 4 4 15 15 15 15 15 15 4 4 15 15 6 6 15 15 4 4 15 15 15 15 15 15 4 4 4 4 4 4 4 4 4 4 4 4
4 4 4 4 4 4 4 4 4 4 4 4 4 4 14 14 14 14 14 14 4 4 2 2 0 0 2 2 4 4 15 15 15 15 15 15 4 4 15 15 6 6 15 15 4 4 15 15 15 15 15 15 4 4 4 4 4 4 4 4 4 4 4 4
4 4 4 4 4 4 4 4 4 4 4 4 4 4 4 4 4 4 4 4 4 4 4 4 4 4 4 4 4 4 4 4 4 4 4 4 4 4 4 4 4 4 4 4 4 4 4 4 4 4 4 4 4 4 4 4 4 4 4 4 4 4 4 4
4 4 4 4 4 4 4 4 4 4 4 4 4 4 4 4 4 4 4 4 4 4 4 4 4 4 4 4 4 4 4 4 4 4 4 4 4 4 4 4 4 4 4 4 4 4 4 4 4 4 4 4 4 4 4 4 4 4 4 4 4 4 4 4
4 4 4 4 4 4 4 4 4 4 4 4 4 4 15 15 15 15 15 15 4 4 14 14 14 14 14 14 4 4 15 15 15 15 15 15 4 4 15 15 15 15 15 15 4 4 2 2 0 0 3 3 4 4 4 4 4 4 4 4 4 4 4 4
4 4 4 4 4 4 4 4 4 4 4 4 4 4 15 15 15 15 15 15 4 4 14 14 14 14 14 14 4 4 15 15 15 15 15 15 4 4 15 15 15 15 15 15 4 4 2 2 0 0 3 3 4 4 4 4 4 4 4 4 4 4 4 4
4 4 4 4 4 4 4 4 4 4 4 4 4 4 15 15 15 15 15 15 4 4 14 14 14 14 14 14 4 4 15 15 15 15 15 15 4 4 15 15 15 15 15 15 4 4 0 0 14 14 3 3 4 4 4 4 4 4 4 4 4 4 4 4
4 4 4 4 4 4 4 4 4 4 4 4 4 4 15 15 15 15 15 15 4 4 14 14 14 14 14 14 4 4 15 15 15 15 15 15 4 4 15 15 15 15 15 15 4 4 0 0 14 14 3 3 4 4 4 4 4 4 4 4 4 4 4 4
4 4 4 4 4 4 4 4 4 4 4 4 4 4 15 15 15 15 15 15 4 4 14 14 14 14 14 14 4 4 15 15 15 15 15 15 4 4 15 15 15 15 15 15 4 4 3 3 3 3 3 3 4 4 4 4 4 4 4 4 4 4 4 4
4 4 4 4 4 4 4 4 4 4 4 4 4 4 15 15 15 15 15 15 4 4 14 14 14 14 14 14 4 4 15 15 15 15 15 15 4 4 15 15 15 15 15 15 4 4 3 3 3 3 3 3 4 4 4 4 4 4 4 4 4 4 4 4
4 4 4 4 4 4 4 4 4 4 4 4 4 4 4 4 4 4 4 4 4 4 4 4 4 4 4 4 4 4 4 4 4 4 4 4 4 4 4 4 4 4 4 4 4 4 4 4 4 4 4 4 4 4 4 4 4 4 4 4 4 4 4 4
4 4 4 4 4 4 4 4 4 4 4 4 4 4 4 4 4 4 4 4 4 4 4 4 4 4 4 4 4 4 4 4 4 4 4 4 4 4 4 4 4 4 4 4 4 4 4 4 4 4 4 4 4 4 4 4 4 4 4 4 4 4 4 4
4 4 4 4 4 4 4 4 4 4 4 4 4 4 4 4 4 4 4 4 4 4 4 4 4 4 4 4 4 4 4 4 4 4 4 4 4 4 4 4 4 4 4 4 4 4 4 4 4 4 4 4 4 4 4 4 4 4 4 4 4 4 4 4
4 4 4 4 4 4 4 4 4 4 4 4 4 4 4 4 4 4 4 4 4 4 4 4 4 4 4 4 4 4 4 4 4 4 4 4 4 4 4 4 4 4 4 4 4 4 4 4 4 4 4 4 4 4 4 4 4 4 4 4 4 4 4 4
4 4 4 4 4 4 4 4 4 4 4 4 4 4 4 4 4 4 4 4 4 4 4 4 4 4 4 4 4 4 4 4 4 4 4 4 4 4 4 4 4 4 4 4 4 4 4 4 4 4 4 4 4 4 4 4 4 4 4 4 4 4 4 4
12 12 12 12 12 12 12 12 12 12 12 12 12 12 12 12 12 12 12 12 12 12 12 12 12 12 12 12 12 12 12 12 12 12 12 12 12 12 12 12 12 12 12 12 12 12 12 12 12 12 12 12 12 12 12 12 11 11 11 11 11 11 11 11
[LEVELS] 4/6
[STATE] NOT_FINISHED
[AVAILABLE] ACTION6
[DIFF] 37 cells: (30,12) 15>14; (31,12) 15>14; (32,12) 15>14; (33,12) 15>14; (34,12) 15>14; (35,12) 15>14; (30,13) 15>14; (31,13) 15>14; (32,13) 15>14; (33,13) 15>14; (34,13) 15>14; (35,13) 15>14; (30,14) 15>14; (31,14) 15>14; (32,14) 15>14; (33,14) 15>14; (34,14) 15>14; (35,14) 15>14; (30,15) 15>14; (31,15) 15>14; (32,15) 15>14; (33,15) 15>14; (34,15) 15>14; (35,15) 15>14; (30,16) 15>14; (31,16) 15>14; (32,16) 15>14; (33,16) 15>14; (34,16) 15>14; (35,16) 15>14; (30,17) 15>14; (31,17) 15>14; (32,17) 15>14; (33,17) 15>14; (34,17) 15>14; (35,17) 15>14; (56,63) 12>11

[STEP 57]
[ACTION] ACTION6 x=16 y=30
[BOARD] 1/1 settled
4 4 4 4 4 4 4 4 4 4 4 4 4 4 4 4 4 4 4 4 4 4 4 4 4 4 4 4 4 4 4 4 4 4 4 4 4 4 4 4 4 4 4 4 4 4 4 4 4 4 4 4 4 4 14 14 14 14 4 4 4 4 4 4
4 4 4 4 4 4 4 4 4 4 4 4 4 4 4 4 4 4 4 4 4 4 4 4 4 4 4 4 4 4 4 4 4 4 4 4 4 4 4 4 4 4 4 4 4 4 4 4 4 4 4 4 4 4 14 14 14 14 4 4 4 4 4 4
4 4 4 4 4 4 4 4 4 4 4 4 4 4 4 4 4 4 4 4 4 4 4 4 4 4 4 4 4 4 4 4 4 4 4 4 4 4 4 4 4 4 4 4 4 4 4 4 4 4 4 4 4 4 14 14 14 14 4 4 4 4 4 4
4 4 4 4 4 4 4 4 4 4 4 4 4 4 4 4 4 4 4 4 4 4 4 4 4 4 4 4 4 4 4 4 4 4 4 4 4 4 4 4 4 4 4 4 4 4 4 4 4 4 4 4 4 4 14 14 14 14 4 4 4 4 4 4
4 4 4 4 4 4 4 4 4 4 4 4 4 4 3 3 3 3 3 3 4 4 14 14 14 14 14 14 4 4 15 15 15 15 15 15 4 4 4 4 4 4 4 4 4 4 4 4 4 4 4 4 4 4 15 15 15 15 4 4 4 4 4 4
4 4 4 4 4 4 4 4 4 4 4 4 4 4 3 3 3 3 3 3 4 4 14 14 14 14 14 14 4 4 15 15 15 15 15 15 4 4 4 4 4 4 4 4 4 4 4 4 4 4 4 4 4 4 15 15 15 15 4 4 4 4 4 4
4 4 4 4 4 4 4 4 4 4 4 4 4 4 3 3 14 14 0 0 4 4 14 14 14 14 14 14 4 4 15 15 15 15 15 15 4 4 4 4 4 4 4 4 4 4 4 4 4 4 4 4 4 4 15 15 15 15 4 4 4 4 4 4
4 4 4 4 4 4 4 4 4 4 4 4 4 4 3 3 14 14 0 0 4 4 14 14 14 14 14 14 4 4 15 15 15 15 15 15 4 4 4 4 4 4 4 4 4 4 4 4 4 4 4 4 4 4 15 15 15 15 4 4 4 4 4 4
4 4 4 4 4 4 4 4 4 4 4 4 4 4 3 3 0 0 2 2 4 4 14 14 14 14 14 14 4 4 15 15 15 15 15 15 4 4 4 4 4 4 4 4 4 4 4 4 4 4 4 4 4 4 4 4 4 4 4 4 4 4 4 4
4 4 4 4 4 4 4 4 4 4 4 4 4 4 3 3 0 0 2 2 4 4 14 14 14 14 14 14 4 4 15 15 15 15 15 15 4 4 4 4 4 4 4 4 4 4 4 4 4 4 4 4 4 4 4 4 4 4 4 4 4 4 4 4
4 4 4 4 4 4 4 4 4 4 4 4 4 4 4 4 4 4 4 4 4 4 4 4 4 4 4 4 4 4 4 4 4 4 4 4 4 4 4 4 4 4 4 4 4 4 4 4 4 4 4 4 4 4 4 4 4 4 4 4 4 4 4 4
4 4 4 4 4 4 4 4 4 4 4 4 4 4 4 4 4 4 4 4 4 4 4 4 4 4 4 4 4 4 4 4 4 4 4 4 4 4 4 4 4 4 4 4 4 4 4 4 4 4 4 4 4 4 4 4 4 4 4 4 4 4 4 4
4 4 4 4 4 4 4 4 4 4 4 4 4 4 14 14 14 14 14 14 4 4 15 15 6 6 15 15 4 4 14 14 14 14 14 14 4 4 0 0 3 3 3 3 4 4 4 4 4 4 4 4 4 4 4 4 4 4 4 4 4 4 4 4
4 4 4 4 4 4 4 4 4 4 4 4 4 4 14 14 14 14 14 14 4 4 15 15 6 6 15 15 4 4 14 14 14 14 14 14 4 4 0 0 3 3 3 3 4 4 4 4 4 4 4 4 4 4 4 4 4 4 4 4 4 4 4 4
4 4 4 4 4 4 4 4 4 4 4 4 4 4 14 14 14 14 14 14 4 4 6 6 15 15 6 6 4 4 14 14 14 14 14 14 4 4 2 2 15 15 3 3 4 4 4 4 4 4 4 4 4 4 4 4 4 4 4 4 4 4 4 4
4 4 4 4 4 4 4 4 4 4 4 4 4 4 14 14 14 14 14 14 4 4 6 6 15 15 6 6 4 4 14 14 14 14 14 14 4 4 2 2 15 15 3 3 4 4 4 4 4 4 4 4 4 4 4 4 4 4 4 4 4 4 4 4
4 4 4 4 4 4 4 4 4 4 4 4 4 4 14 14 14 14 14 14 4 4 15 15 6 6 15 15 4 4 14 14 14 14 14 14 4 4 0 0 2 2 0 0 4 4 4 4 4 4 4 4 4 4 4 4 4 4 4 4 4 4 4 4
4 4 4 4 4 4 4 4 4 4 4 4 4 4 14 14 14 14 14 14 4 4 15 15 6 6 15 15 4 4 14 14 14 14 14 14 4 4 0 0 2 2 0 0 4 4 4 4 4 4 4 4 4 4 4 4 4 4 4 4 4 4 4 4
4 4 4 4 4 4 4 4 4 4 4 4 4 4 4 4 4 4 4 4 4 4 4 4 4 4 4 4 4 4 4 4 4 4 4 4 4 4 4 4 4 4 4 4 4 4 4 4 4 4 4 4 4 4 4 4 4 4 4 4 4 4 4 4
4 4 4 4 4 4 4 4 4 4 4 4 4 4 4 4 4 4 4 4 4 4 4 4 4 4 4 4 4 4 4 4 4 4 4 4 4 4 4 4 4 4 4 4 4 4 4 4 4 4 4 4 4 4 4 4 4 4 4 4 4 4 4 4
4 4 4 4 4 4 14 14 14 14 14 14 4 4 15 15 15 15 15 15 4 4 14 14 14 14 14 14 4 4 15 15 15 15 15 15 4 4 14 14 14 14 14 14 4 4 15 15 15 15 15 15 4 4 14 14 14 14 14 14 4 4 4 4
4 4 4 4 4 4 14 14 14 14 14 14 4 4 15 15 15 15 15 15 4 4 14 14 14 14 14 14 4 4 15 15 15 15 15 15 4 4 14 14 14 14 14 14 4 4 15 15 15 15 15 15 4 4 14 14 14 14 14 14 4 4 4 4
4 4 4 4 4 4 14 14 14 14 14 14 4 4 15 15 15 15 15 15 4 4 14 14 14 14 14 14 4 4 15 15 15 15 15 15 4 4 14 14 14 14 14 14 4 4 15 15 15 15 15 15 4 4 14 14 14 14 14 14 4 4 4 4
4 4 4 4 4 4 14 14 14 14 14 14 4 4 15 15 15 15 15 15 4 4 14 14 14 14 14 14 4 4 15 15 15 15 15 15 4 4 14 14 14 14 14 14 4 4 15 15 15 15 15 15 4 4 14 14 14 14 14 14 4 4 4 4
4 4 4 4 4 4 14 14 14 14 14 14 4 4 15 15 15 15 15 15 4 4 14 14 14 14 14 14 4 4 15 15 15 15 15 15 4 4 14 14 14 14 14 14 4 4 15 15 15 15 15 15 4 4 14 14 14 14 14 14 4 4 4 4
4 4 4 4 4 4 14 14 14 14 14 14 4 4 15 15 15 15 15 15 4 4 14 14 14 14 14 14 4 4 15 15 15 15 15 15 4 4 14 14 14 14 14 14 4 4 15 15 15 15 15 15 4 4 14 14 14 14 14 14 4 4 4 4
4 4 4 4 4 4 4 4 4 4 4 4 4 4 4 4 4 4 4 4 4 4 4 4 4 4 4 4 4 4 4 4 4 4 4 4 4 4 4 4 4 4 4 4 4 4 4 4 4 4 4 4 4 4 4 4 4 4 4 4 4 4 4 4
4 4 4 4 4 4 4 4 4 4 4 4 4 4 4 4 4 4 4 4 4 4 4 4 4 4 4 4 4 4 4 4 4 4 4 4 4 4 4 4 4 4 4 4 4 4 4 4 4 4 4 4 4 4 4 4 4 4 4 4 4 4 4 4
4 4 4 4 4 4 3 3 2 2 0 0 4 4 14 14 14 14 14 14 4 4 15 15 6 6 15 15 4 4 15 15 15 15 15 15 4 4 2 2 0 0 2 2 4 4 14 14 14 14 14 14 4 4 2 2 0 0 3 3 4 4 4 4
4 4 4 4 4 4 3 3 2 2 0 0 4 4 14 14 14 14 14 14 4 4 15 15 6 6 15 15 4 4 15 15 15 15 15 15 4 4 2 2 0 0 2 2 4 4 14 14 14 14 14 14 4 4 2 2 0 0 3 3 4 4 4 4
4 4 4 4 4 4 3 3 15 15 2 2 4 4 14 14 14 14 14 14 4 4 6 6 15 15 6 6 4 4 15 15 15 15 15 15 4 4 0 0 14 14 0 0 4 4 14 14 14 14 14 14 4 4 0 0 14 14 3 3 4 4 4 4
4 4 4 4 4 4 3 3 15 15 2 2 4 4 14 14 14 14 14 14 4 4 6 6 15 15 6 6 4 4 15 15 15 15 15 15 4 4 0 0 14 14 0 0 4 4 14 14 14 14 14 14 4 4 0 0 14 14 3 3 4 4 4 4
4 4 4 4 4 4 3 3 2 2 0 0 4 4 14 14 14 14 14 14 4 4 15 15 6 6 15 15 4 4 15 15 15 15 15 15 4 4 2 2 0 0 2 2 4 4 14 14 14 14 14 14 4 4 2 2 0 0 3 3 4 4 4 4
4 4 4 4 4 4 3 3 2 2 0 0 4 4 14 14 14 14 14 14 4 4 15 15 6 6 15 15 4 4 15 15 15 15 15 15 4 4 2 2 0 0 2 2 4 4 14 14 14 14 14 14 4 4 2 2 0 0 3 3 4 4 4 4
4 4 4 4 4 4 4 4 4 4 4 4 4 4 4 4 4 4 4 4 4 4 4 4 4 4 4 4 4 4 4 4 4 4 4 4 4 4 4 4 4 4 4 4 4 4 4 4 4 4 4 4 4 4 4 4 4 4 4 4 4 4 4 4
4 4 4 4 4 4 4 4 4 4 4 4 4 4 4 4 4 4 4 4 4 4 4 4 4 4 4 4 4 4 4 4 4 4 4 4 4 4 4 4 4 4 4 4 4 4 4 4 4 4 4 4 4 4 4 4 4 4 4 4 4 4 4 4
4 4 4 4 4 4 14 14 14 14 14 14 4 4 15 15 15 15 15 15 4 4 0 0 2 2 0 0 4 4 15 15 15 15 15 15 4 4 15 15 15 15 15 15 4 4 15 15 15 15 15 15 4 4 14 14 14 14 14 14 4 4 4 4
4 4 4 4 4 4 14 14 14 14 14 14 4 4 15 15 15 15 15 15 4 4 0 0 2 2 0 0 4 4 15 15 15 15 15 15 4 4 15 15 15 15 15 15 4 4 15 15 15 15 15 15 4 4 14 14 14 14 14 14 4 4 4 4
4 4 4 4 4 4 14 14 14 14 14 14 4 4 15 15 15 15 15 15 4 4 2 2 14 14 2 2 4 4 15 15 15 15 15 15 4 4 15 15 15 15 15 15 4 4 15 15 15 15 15 15 4 4 14 14 14 14 14 14 4 4 4 4
4 4 4 4 4 4 14 14 14 14 14 14 4 4 15 15 15 15 15 15 4 4 2 2 14 14 2 2 4 4 15 15 15 15 15 15 4 4 15 15 15 15 15 15 4 4 15 15 15 15 15 15 4 4 14 14 14 14 14 14 4 4 4 4
4 4 4 4 4 4 14 14 14 14 14 14 4 4 15 15 15 15 15 15 4 4 0 0 3 3 0 0 4 4 15 15 15 15 15 15 4 4 15 15 15 15 15 15 4 4 15 15 15 15 15 15 4 4 14 14 14 14 14 14 4 4 4 4
4 4 4 4 4 4 14 14 14 14 14 14 4 4 15 15 15 15 15 15 4 4 0 0 3 3 0 0 4 4 15 15 15 15 15 15 4 4 15 15 15 15 15 15 4 4 15 15 15 15 15 15 4 4 14 14 14 14 14 14 4 4 4 4
4 4 4 4 4 4 4 4 4 4 4 4 4 4 4 4 4 4 4 4 4 4 4 4 4 4 4 4 4 4 4 4 4 4 4 4 4 4 4 4 4 4 4 4 4 4 4 4 4 4 4 4 4 4 4 4 4 4 4 4 4 4 4 4
4 4 4 4 4 4 4 4 4 4 4 4 4 4 4 4 4 4 4 4 4 4 4 4 4 4 4 4 4 4 4 4 4 4 4 4 4 4 4 4 4 4 4 4 4 4 4 4 4 4 4 4 4 4 4 4 4 4 4 4 4 4 4 4
4 4 4 4 4 4 4 4 4 4 4 4 4 4 14 14 14 14 14 14 4 4 2 2 3 3 2 2 4 4 15 15 15 15 15 15 4 4 15 15 6 6 15 15 4 4 15 15 15 15 15 15 4 4 4 4 4 4 4 4 4 4 4 4
4 4 4 4 4 4 4 4 4 4 4 4 4 4 14 14 14 14 14 14 4 4 2 2 3 3 2 2 4 4 15 15 15 15 15 15 4 4 15 15 6 6 15 15 4 4 15 15 15 15 15 15 4 4 4 4 4 4 4 4 4 4 4 4
4 4 4 4 4 4 4 4 4 4 4 4 4 4 14 14 14 14 14 14 4 4 0 0 14 14 0 0 4 4 15 15 15 15 15 15 4 4 6 6 15 15 6 6 4 4 15 15 15 15 15 15 4 4 4 4 4 4 4 4 4 4 4 4
4 4 4 4 4 4 4 4 4 4 4 4 4 4 14 14 14 14 14 14 4 4 0 0 14 14 0 0 4 4 15 15 15 15 15 15 4 4 6 6 15 15 6 6 4 4 15 15 15 15 15 15 4 4 4 4 4 4 4 4 4 4 4 4
4 4 4 4 4 4 4 4 4 4 4 4 4 4 14 14 14 14 14 14 4 4 2 2 0 0 2 2 4 4 15 15 15 15 15 15 4 4 15 15 6 6 15 15 4 4 15 15 15 15 15 15 4 4 4 4 4 4 4 4 4 4 4 4
4 4 4 4 4 4 4 4 4 4 4 4 4 4 14 14 14 14 14 14 4 4 2 2 0 0 2 2 4 4 15 15 15 15 15 15 4 4 15 15 6 6 15 15 4 4 15 15 15 15 15 15 4 4 4 4 4 4 4 4 4 4 4 4
4 4 4 4 4 4 4 4 4 4 4 4 4 4 4 4 4 4 4 4 4 4 4 4 4 4 4 4 4 4 4 4 4 4 4 4 4 4 4 4 4 4 4 4 4 4 4 4 4 4 4 4 4 4 4 4 4 4 4 4 4 4 4 4
4 4 4 4 4 4 4 4 4 4 4 4 4 4 4 4 4 4 4 4 4 4 4 4 4 4 4 4 4 4 4 4 4 4 4 4 4 4 4 4 4 4 4 4 4 4 4 4 4 4 4 4 4 4 4 4 4 4 4 4 4 4 4 4
4 4 4 4 4 4 4 4 4 4 4 4 4 4 15 15 15 15 15 15 4 4 14 14 14 14 14 14 4 4 15 15 15 15 15 15 4 4 15 15 15 15 15 15 4 4 2 2 0 0 3 3 4 4 4 4 4 4 4 4 4 4 4 4
4 4 4 4 4 4 4 4 4 4 4 4 4 4 15 15 15 15 15 15 4 4 14 14 14 14 14 14 4 4 15 15 15 15 15 15 4 4 15 15 15 15 15 15 4 4 2 2 0 0 3 3 4 4 4 4 4 4 4 4 4 4 4 4
4 4 4 4 4 4 4 4 4 4 4 4 4 4 15 15 15 15 15 15 4 4 14 14 14 14 14 14 4 4 15 15 15 15 15 15 4 4 15 15 15 15 15 15 4 4 0 0 14 14 3 3 4 4 4 4 4 4 4 4 4 4 4 4
4 4 4 4 4 4 4 4 4 4 4 4 4 4 15 15 15 15 15 15 4 4 14 14 14 14 14 14 4 4 15 15 15 15 15 15 4 4 15 15 15 15 15 15 4 4 0 0 14 14 3 3 4 4 4 4 4 4 4 4 4 4 4 4
4 4 4 4 4 4 4 4 4 4 4 4 4 4 15 15 15 15 15 15 4 4 14 14 14 14 14 14 4 4 15 15 15 15 15 15 4 4 15 15 15 15 15 15 4 4 3 3 3 3 3 3 4 4 4 4 4 4 4 4 4 4 4 4
4 4 4 4 4 4 4 4 4 4 4 4 4 4 15 15 15 15 15 15 4 4 14 14 14 14 14 14 4 4 15 15 15 15 15 15 4 4 15 15 15 15 15 15 4 4 3 3 3 3 3 3 4 4 4 4 4 4 4 4 4 4 4 4
4 4 4 4 4 4 4 4 4 4 4 4 4 4 4 4 4 4 4 4 4 4 4 4 4 4 4 4 4 4 4 4 4 4 4 4 4 4 4 4 4 4 4 4 4 4 4 4 4 4 4 4 4 4 4 4 4 4 4 4 4 4 4 4
4 4 4 4 4 4 4 4 4 4 4 4 4 4 4 4 4 4 4 4 4 4 4 4 4 4 4 4 4 4 4 4 4 4 4 4 4 4 4 4 4 4 4 4 4 4 4 4 4 4 4 4 4 4 4 4 4 4 4 4 4 4 4 4
4 4 4 4 4 4 4 4 4 4 4 4 4 4 4 4 4 4 4 4 4 4 4 4 4 4 4 4 4 4 4 4 4 4 4 4 4 4 4 4 4 4 4 4 4 4 4 4 4 4 4 4 4 4 4 4 4 4 4 4 4 4 4 4
4 4 4 4 4 4 4 4 4 4 4 4 4 4 4 4 4 4 4 4 4 4 4 4 4 4 4 4 4 4 4 4 4 4 4 4 4 4 4 4 4 4 4 4 4 4 4 4 4 4 4 4 4 4 4 4 4 4 4 4 4 4 4 4
4 4 4 4 4 4 4 4 4 4 4 4 4 4 4 4 4 4 4 4 4 4 4 4 4 4 4 4 4 4 4 4 4 4 4 4 4 4 4 4 4 4 4 4 4 4 4 4 4 4 4 4 4 4 4 4 4 4 4 4 4 4 4 4
12 12 12 12 12 12 12 12 12 12 12 12 12 12 12 12 12 12 12 12 12 12 12 12 12 12 12 12 12 12 12 12 12 12 12 12 12 12 12 12 12 12 12 12 12 12 12 12 12 12 12 12 12 12 12 12 11 11 11 11 11 11 11 11
[LEVELS] 4/6
[STATE] NOT_FINISHED
[AVAILABLE] ACTION6
[DIFF] 36 cells: (14,28) 15>14; (15,28) 15>14; (16,28) 15>14; (17,28) 15>14; (18,28) 15>14; (19,28) 15>14; (14,29) 15>14; (15,29) 15>14; (16,29) 15>14; (17,29) 15>14; (18,29) 15>14; (19,29) 15>14; (14,30) 15>14; (15,30) 15>14; (16,30) 15>14; (17,30) 15>14; (18,30) 15>14; (19,30) 15>14; (14,31) 15>14; (15,31) 15>14; (16,31) 15>14; (17,31) 15>14; (18,31) 15>14; (19,31) 15>14; (14,32) 15>14; (15,32) 15>14; (16,32) 15>14; (17,32) 15>14; (18,32) 15>14; (19,32) 15>14; (14,33) 15>14; (15,33) 15>14; (16,33) 15>14; (17,33) 15>14; (18,33) 15>14; (19,33) 15>14

[STEP 58]
[ACTION] ACTION6 x=32 y=30
[BOARD] 1/1 settled
4 4 4 4 4 4 4 4 4 4 4 4 4 4 4 4 4 4 4 4 4 4 4 4 4 4 4 4 4 4 4 4 4 4 4 4 4 4 4 4 4 4 4 4 4 4 4 4 4 4 4 4 4 4 14 14 14 14 4 4 4 4 4 4
4 4 4 4 4 4 4 4 4 4 4 4 4 4 4 4 4 4 4 4 4 4 4 4 4 4 4 4 4 4 4 4 4 4 4 4 4 4 4 4 4 4 4 4 4 4 4 4 4 4 4 4 4 4 14 14 14 14 4 4 4 4 4 4
4 4 4 4 4 4 4 4 4 4 4 4 4 4 4 4 4 4 4 4 4 4 4 4 4 4 4 4 4 4 4 4 4 4 4 4 4 4 4 4 4 4 4 4 4 4 4 4 4 4 4 4 4 4 14 14 14 14 4 4 4 4 4 4
4 4 4 4 4 4 4 4 4 4 4 4 4 4 4 4 4 4 4 4 4 4 4 4 4 4 4 4 4 4 4 4 4 4 4 4 4 4 4 4 4 4 4 4 4 4 4 4 4 4 4 4 4 4 14 14 14 14 4 4 4 4 4 4
4 4 4 4 4 4 4 4 4 4 4 4 4 4 3 3 3 3 3 3 4 4 14 14 14 14 14 14 4 4 15 15 15 15 15 15 4 4 4 4 4 4 4 4 4 4 4 4 4 4 4 4 4 4 15 15 15 15 4 4 4 4 4 4
4 4 4 4 4 4 4 4 4 4 4 4 4 4 3 3 3 3 3 3 4 4 14 14 14 14 14 14 4 4 15 15 15 15 15 15 4 4 4 4 4 4 4 4 4 4 4 4 4 4 4 4 4 4 15 15 15 15 4 4 4 4 4 4
4 4 4 4 4 4 4 4 4 4 4 4 4 4 3 3 14 14 0 0 4 4 14 14 14 14 14 14 4 4 15 15 15 15 15 15 4 4 4 4 4 4 4 4 4 4 4 4 4 4 4 4 4 4 15 15 15 15 4 4 4 4 4 4
4 4 4 4 4 4 4 4 4 4 4 4 4 4 3 3 14 14 0 0 4 4 14 14 14 14 14 14 4 4 15 15 15 15 15 15 4 4 4 4 4 4 4 4 4 4 4 4 4 4 4 4 4 4 15 15 15 15 4 4 4 4 4 4
4 4 4 4 4 4 4 4 4 4 4 4 4 4 3 3 0 0 2 2 4 4 14 14 14 14 14 14 4 4 15 15 15 15 15 15 4 4 4 4 4 4 4 4 4 4 4 4 4 4 4 4 4 4 4 4 4 4 4 4 4 4 4 4
4 4 4 4 4 4 4 4 4 4 4 4 4 4 3 3 0 0 2 2 4 4 14 14 14 14 14 14 4 4 15 15 15 15 15 15 4 4 4 4 4 4 4 4 4 4 4 4 4 4 4 4 4 4 4 4 4 4 4 4 4 4 4 4
4 4 4 4 4 4 4 4 4 4 4 4 4 4 4 4 4 4 4 4 4 4 4 4 4 4 4 4 4 4 4 4 4 4 4 4 4 4 4 4 4 4 4 4 4 4 4 4 4 4 4 4 4 4 4 4 4 4 4 4 4 4 4 4
4 4 4 4 4 4 4 4 4 4 4 4 4 4 4 4 4 4 4 4 4 4 4 4 4 4 4 4 4 4 4 4 4 4 4 4 4 4 4 4 4 4 4 4 4 4 4 4 4 4 4 4 4 4 4 4 4 4 4 4 4 4 4 4
4 4 4 4 4 4 4 4 4 4 4 4 4 4 14 14 14 14 14 14 4 4 15 15 6 6 15 15 4 4 14 14 14 14 14 14 4 4 0 0 3 3 3 3 4 4 4 4 4 4 4 4 4 4 4 4 4 4 4 4 4 4 4 4
4 4 4 4 4 4 4 4 4 4 4 4 4 4 14 14 14 14 14 14 4 4 15 15 6 6 15 15 4 4 14 14 14 14 14 14 4 4 0 0 3 3 3 3 4 4 4 4 4 4 4 4 4 4 4 4 4 4 4 4 4 4 4 4
4 4 4 4 4 4 4 4 4 4 4 4 4 4 14 14 14 14 14 14 4 4 6 6 15 15 6 6 4 4 14 14 14 14 14 14 4 4 2 2 15 15 3 3 4 4 4 4 4 4 4 4 4 4 4 4 4 4 4 4 4 4 4 4
4 4 4 4 4 4 4 4 4 4 4 4 4 4 14 14 14 14 14 14 4 4 6 6 15 15 6 6 4 4 14 14 14 14 14 14 4 4 2 2 15 15 3 3 4 4 4 4 4 4 4 4 4 4 4 4 4 4 4 4 4 4 4 4
4 4 4 4 4 4 4 4 4 4 4 4 4 4 14 14 14 14 14 14 4 4 15 15 6 6 15 15 4 4 14 14 14 14 14 14 4 4 0 0 2 2 0 0 4 4 4 4 4 4 4 4 4 4 4 4 4 4 4 4 4 4 4 4
4 4 4 4 4 4 4 4 4 4 4 4 4 4 14 14 14 14 14 14 4 4 15 15 6 6 15 15 4 4 14 14 14 14 14 14 4 4 0 0 2 2 0 0 4 4 4 4 4 4 4 4 4 4 4 4 4 4 4 4 4 4 4 4
4 4 4 4 4 4 4 4 4 4 4 4 4 4 4 4 4 4 4 4 4 4 4 4 4 4 4 4 4 4 4 4 4 4 4 4 4 4 4 4 4 4 4 4 4 4 4 4 4 4 4 4 4 4 4 4 4 4 4 4 4 4 4 4
4 4 4 4 4 4 4 4 4 4 4 4 4 4 4 4 4 4 4 4 4 4 4 4 4 4 4 4 4 4 4 4 4 4 4 4 4 4 4 4 4 4 4 4 4 4 4 4 4 4 4 4 4 4 4 4 4 4 4 4 4 4 4 4
4 4 4 4 4 4 14 14 14 14 14 14 4 4 15 15 15 15 15 15 4 4 14 14 14 14 14 14 4 4 15 15 15 15 15 15 4 4 14 14 14 14 14 14 4 4 15 15 15 15 15 15 4 4 14 14 14 14 14 14 4 4 4 4
4 4 4 4 4 4 14 14 14 14 14 14 4 4 15 15 15 15 15 15 4 4 14 14 14 14 14 14 4 4 15 15 15 15 15 15 4 4 14 14 14 14 14 14 4 4 15 15 15 15 15 15 4 4 14 14 14 14 14 14 4 4 4 4
4 4 4 4 4 4 14 14 14 14 14 14 4 4 15 15 15 15 15 15 4 4 14 14 14 14 14 14 4 4 15 15 15 15 15 15 4 4 14 14 14 14 14 14 4 4 15 15 15 15 15 15 4 4 14 14 14 14 14 14 4 4 4 4
4 4 4 4 4 4 14 14 14 14 14 14 4 4 15 15 15 15 15 15 4 4 14 14 14 14 14 14 4 4 15 15 15 15 15 15 4 4 14 14 14 14 14 14 4 4 15 15 15 15 15 15 4 4 14 14 14 14 14 14 4 4 4 4
4 4 4 4 4 4 14 14 14 14 14 14 4 4 15 15 15 15 15 15 4 4 14 14 14 14 14 14 4 4 15 15 15 15 15 15 4 4 14 14 14 14 14 14 4 4 15 15 15 15 15 15 4 4 14 14 14 14 14 14 4 4 4 4
4 4 4 4 4 4 14 14 14 14 14 14 4 4 15 15 15 15 15 15 4 4 14 14 14 14 14 14 4 4 15 15 15 15 15 15 4 4 14 14 14 14 14 14 4 4 15 15 15 15 15 15 4 4 14 14 14 14 14 14 4 4 4 4
4 4 4 4 4 4 4 4 4 4 4 4 4 4 4 4 4 4 4 4 4 4 4 4 4 4 4 4 4 4 4 4 4 4 4 4 4 4 4 4 4 4 4 4 4 4 4 4 4 4 4 4 4 4 4 4 4 4 4 4 4 4 4 4
4 4 4 4 4 4 4 4 4 4 4 4 4 4 4 4 4 4 4 4 4 4 4 4 4 4 4 4 4 4 4 4 4 4 4 4 4 4 4 4 4 4 4 4 4 4 4 4 4 4 4 4 4 4 4 4 4 4 4 4 4 4 4 4
4 4 4 4 4 4 3 3 2 2 0 0 4 4 14 14 14 14 14 14 4 4 15 15 6 6 15 15 4 4 14 14 14 14 14 14 4 4 2 2 0 0 2 2 4 4 14 14 14 14 14 14 4 4 2 2 0 0 3 3 4 4 4 4
4 4 4 4 4 4 3 3 2 2 0 0 4 4 14 14 14 14 14 14 4 4 15 15 6 6 15 15 4 4 14 14 14 14 14 14 4 4 2 2 0 0 2 2 4 4 14 14 14 14 14 14 4 4 2 2 0 0 3 3 4 4 4 4
4 4 4 4 4 4 3 3 15 15 2 2 4 4 14 14 14 14 14 14 4 4 6 6 15 15 6 6 4 4 14 14 14 14 14 14 4 4 0 0 14 14 0 0 4 4 14 14 14 14 14 14 4 4 0 0 14 14 3 3 4 4 4 4
4 4 4 4 4 4 3 3 15 15 2 2 4 4 14 14 14 14 14 14 4 4 6 6 15 15 6 6 4 4 14 14 14 14 14 14 4 4 0 0 14 14 0 0 4 4 14 14 14 14 14 14 4 4 0 0 14 14 3 3 4 4 4 4
4 4 4 4 4 4 3 3 2 2 0 0 4 4 14 14 14 14 14 14 4 4 15 15 6 6 15 15 4 4 14 14 14 14 14 14 4 4 2 2 0 0 2 2 4 4 14 14 14 14 14 14 4 4 2 2 0 0 3 3 4 4 4 4
4 4 4 4 4 4 3 3 2 2 0 0 4 4 14 14 14 14 14 14 4 4 15 15 6 6 15 15 4 4 14 14 14 14 14 14 4 4 2 2 0 0 2 2 4 4 14 14 14 14 14 14 4 4 2 2 0 0 3 3 4 4 4 4
4 4 4 4 4 4 4 4 4 4 4 4 4 4 4 4 4 4 4 4 4 4 4 4 4 4 4 4 4 4 4 4 4 4 4 4 4 4 4 4 4 4 4 4 4 4 4 4 4 4 4 4 4 4 4 4 4 4 4 4 4 4 4 4
4 4 4 4 4 4 4 4 4 4 4 4 4 4 4 4 4 4 4 4 4 4 4 4 4 4 4 4 4 4 4 4 4 4 4 4 4 4 4 4 4 4 4 4 4 4 4 4 4 4 4 4 4 4 4 4 4 4 4 4 4 4 4 4
4 4 4 4 4 4 14 14 14 14 14 14 4 4 15 15 15 15 15 15 4 4 0 0 2 2 0 0 4 4 15 15 15 15 15 15 4 4 15 15 15 15 15 15 4 4 15 15 15 15 15 15 4 4 14 14 14 14 14 14 4 4 4 4
4 4 4 4 4 4 14 14 14 14 14 14 4 4 15 15 15 15 15 15 4 4 0 0 2 2 0 0 4 4 15 15 15 15 15 15 4 4 15 15 15 15 15 15 4 4 15 15 15 15 15 15 4 4 14 14 14 14 14 14 4 4 4 4
4 4 4 4 4 4 14 14 14 14 14 14 4 4 15 15 15 15 15 15 4 4 2 2 14 14 2 2 4 4 15 15 15 15 15 15 4 4 15 15 15 15 15 15 4 4 15 15 15 15 15 15 4 4 14 14 14 14 14 14 4 4 4 4
4 4 4 4 4 4 14 14 14 14 14 14 4 4 15 15 15 15 15 15 4 4 2 2 14 14 2 2 4 4 15 15 15 15 15 15 4 4 15 15 15 15 15 15 4 4 15 15 15 15 15 15 4 4 14 14 14 14 14 14 4 4 4 4
4 4 4 4 4 4 14 14 14 14 14 14 4 4 15 15 15 15 15 15 4 4 0 0 3 3 0 0 4 4 15 15 15 15 15 15 4 4 15 15 15 15 15 15 4 4 15 15 15 15 15 15 4 4 14 14 14 14 14 14 4 4 4 4
4 4 4 4 4 4 14 14 14 14 14 14 4 4 15 15 15 15 15 15 4 4 0 0 3 3 0 0 4 4 15 15 15 15 15 15 4 4 15 15 15 15 15 15 4 4 15 15 15 15 15 15 4 4 14 14 14 14 14 14 4 4 4 4
4 4 4 4 4 4 4 4 4 4 4 4 4 4 4 4 4 4 4 4 4 4 4 4 4 4 4 4 4 4 4 4 4 4 4 4 4 4 4 4 4 4 4 4 4 4 4 4 4 4 4 4 4 4 4 4 4 4 4 4 4 4 4 4
4 4 4 4 4 4 4 4 4 4 4 4 4 4 4 4 4 4 4 4 4 4 4 4 4 4 4 4 4 4 4 4 4 4 4 4 4 4 4 4 4 4 4 4 4 4 4 4 4 4 4 4 4 4 4 4 4 4 4 4 4 4 4 4
4 4 4 4 4 4 4 4 4 4 4 4 4 4 14 14 14 14 14 14 4 4 2 2 3 3 2 2 4 4 15 15 15 15 15 15 4 4 15 15 6 6 15 15 4 4 15 15 15 15 15 15 4 4 4 4 4 4 4 4 4 4 4 4
4 4 4 4 4 4 4 4 4 4 4 4 4 4 14 14 14 14 14 14 4 4 2 2 3 3 2 2 4 4 15 15 15 15 15 15 4 4 15 15 6 6 15 15 4 4 15 15 15 15 15 15 4 4 4 4 4 4 4 4 4 4 4 4
4 4 4 4 4 4 4 4 4 4 4 4 4 4 14 14 14 14 14 14 4 4 0 0 14 14 0 0 4 4 15 15 15 15 15 15 4 4 6 6 15 15 6 6 4 4 15 15 15 15 15 15 4 4 4 4 4 4 4 4 4 4 4 4
4 4 4 4 4 4 4 4 4 4 4 4 4 4 14 14 14 14 14 14 4 4 0 0 14 14 0 0 4 4 15 15 15 15 15 15 4 4 6 6 15 15 6 6 4 4 15 15 15 15 15 15 4 4 4 4 4 4 4 4 4 4 4 4
4 4 4 4 4 4 4 4 4 4 4 4 4 4 14 14 14 14 14 14 4 4 2 2 0 0 2 2 4 4 15 15 15 15 15 15 4 4 15 15 6 6 15 15 4 4 15 15 15 15 15 15 4 4 4 4 4 4 4 4 4 4 4 4
4 4 4 4 4 4 4 4 4 4 4 4 4 4 14 14 14 14 14 14 4 4 2 2 0 0 2 2 4 4 15 15 15 15 15 15 4 4 15 15 6 6 15 15 4 4 15 15 15 15 15 15 4 4 4 4 4 4 4 4 4 4 4 4
4 4 4 4 4 4 4 4 4 4 4 4 4 4 4 4 4 4 4 4 4 4 4 4 4 4 4 4 4 4 4 4 4 4 4 4 4 4 4 4 4 4 4 4 4 4 4 4 4 4 4 4 4 4 4 4 4 4 4 4 4 4 4 4
4 4 4 4 4 4 4 4 4 4 4 4 4 4 4 4 4 4 4 4 4 4 4 4 4 4 4 4 4 4 4 4 4 4 4 4 4 4 4 4 4 4 4 4 4 4 4 4 4 4 4 4 4 4 4 4 4 4 4 4 4 4 4 4
4 4 4 4 4 4 4 4 4 4 4 4 4 4 15 15 15 15 15 15 4 4 14 14 14 14 14 14 4 4 15 15 15 15 15 15 4 4 15 15 15 15 15 15 4 4 2 2 0 0 3 3 4 4 4 4 4 4 4 4 4 4 4 4
4 4 4 4 4 4 4 4 4 4 4 4 4 4 15 15 15 15 15 15 4 4 14 14 14 14 14 14 4 4 15 15 15 15 15 15 4 4 15 15 15 15 15 15 4 4 2 2 0 0 3 3 4 4 4 4 4 4 4 4 4 4 4 4
4 4 4 4 4 4 4 4 4 4 4 4 4 4 15 15 15 15 15 15 4 4 14 14 14 14 14 14 4 4 15 15 15 15 15 15 4 4 15 15 15 15 15 15 4 4 0 0 14 14 3 3 4 4 4 4 4 4 4 4 4 4 4 4
4 4 4 4 4 4 4 4 4 4 4 4 4 4 15 15 15 15 15 15 4 4 14 14 14 14 14 14 4 4 15 15 15 15 15 15 4 4 15 15 15 15 15 15 4 4 0 0 14 14 3 3 4 4 4 4 4 4 4 4 4 4 4 4
4 4 4 4 4 4 4 4 4 4 4 4 4 4 15 15 15 15 15 15 4 4 14 14 14 14 14 14 4 4 15 15 15 15 15 15 4 4 15 15 15 15 15 15 4 4 3 3 3 3 3 3 4 4 4 4 4 4 4 4 4 4 4 4
4 4 4 4 4 4 4 4 4 4 4 4 4 4 15 15 15 15 15 15 4 4 14 14 14 14 14 14 4 4 15 15 15 15 15 15 4 4 15 15 15 15 15 15 4 4 3 3 3 3 3 3 4 4 4 4 4 4 4 4 4 4 4 4
4 4 4 4 4 4 4 4 4 4 4 4 4 4 4 4 4 4 4 4 4 4 4 4 4 4 4 4 4 4 4 4 4 4 4 4 4 4 4 4 4 4 4 4 4 4 4 4 4 4 4 4 4 4 4 4 4 4 4 4 4 4 4 4
4 4 4 4 4 4 4 4 4 4 4 4 4 4 4 4 4 4 4 4 4 4 4 4 4 4 4 4 4 4 4 4 4 4 4 4 4 4 4 4 4 4 4 4 4 4 4 4 4 4 4 4 4 4 4 4 4 4 4 4 4 4 4 4
4 4 4 4 4 4 4 4 4 4 4 4 4 4 4 4 4 4 4 4 4 4 4 4 4 4 4 4 4 4 4 4 4 4 4 4 4 4 4 4 4 4 4 4 4 4 4 4 4 4 4 4 4 4 4 4 4 4 4 4 4 4 4 4
4 4 4 4 4 4 4 4 4 4 4 4 4 4 4 4 4 4 4 4 4 4 4 4 4 4 4 4 4 4 4 4 4 4 4 4 4 4 4 4 4 4 4 4 4 4 4 4 4 4 4 4 4 4 4 4 4 4 4 4 4 4 4 4
4 4 4 4 4 4 4 4 4 4 4 4 4 4 4 4 4 4 4 4 4 4 4 4 4 4 4 4 4 4 4 4 4 4 4 4 4 4 4 4 4 4 4 4 4 4 4 4 4 4 4 4 4 4 4 4 4 4 4 4 4 4 4 4
12 12 12 12 12 12 12 12 12 12 12 12 12 12 12 12 12 12 12 12 12 12 12 12 12 12 12 12 12 12 12 12 12 12 12 12 12 12 12 12 12 12 12 12 12 12 12 12 12 12 12 12 12 12 12 12 11 11 11 11 11 11 11 11
[LEVELS] 4/6
[STATE] NOT_FINISHED
[AVAILABLE] ACTION6
[DIFF] 36 cells: (30,28) 15>14; (31,28) 15>14; (32,28) 15>14; (33,28) 15>14; (34,28) 15>14; (35,28) 15>14; (30,29) 15>14; (31,29) 15>14; (32,29) 15>14; (33,29) 15>14; (34,29) 15>14; (35,29) 15>14; (30,30) 15>14; (31,30) 15>14; (32,30) 15>14; (33,30) 15>14; (34,30) 15>14; (35,30) 15>14; (30,31) 15>14; (31,31) 15>14; (32,31) 15>14; (33,31) 15>14; (34,31) 15>14; (35,31) 15>14; (30,32) 15>14; (31,32) 15>14; (32,32) 15>14; (33,32) 15>14; (34,32) 15>14; (35,32) 15>14; (30,33) 15>14; (31,33) 15>14; (32,33) 15>14; (33,33) 15>14; (34,33) 15>14; (35,33) 15>14

[STEP 59]
[ACTION] ACTION6 x=40 y=38
[BOARD] 1/1 settled
4 4 4 4 4 4 4 4 4 4 4 4 4 4 4 4 4 4 4 4 4 4 4 4 4 4 4 4 4 4 4 4 4 4 4 4 4 4 4 4 4 4 4 4 4 4 4 4 4 4 4 4 4 4 14 14 14 14 4 4 4 4 4 4
4 4 4 4 4 4 4 4 4 4 4 4 4 4 4 4 4 4 4 4 4 4 4 4 4 4 4 4 4 4 4 4 4 4 4 4 4 4 4 4 4 4 4 4 4 4 4 4 4 4 4 4 4 4 14 14 14 14 4 4 4 4 4 4
4 4 4 4 4 4 4 4 4 4 4 4 4 4 4 4 4 4 4 4 4 4 4 4 4 4 4 4 4 4 4 4 4 4 4 4 4 4 4 4 4 4 4 4 4 4 4 4 4 4 4 4 4 4 14 14 14 14 4 4 4 4 4 4
4 4 4 4 4 4 4 4 4 4 4 4 4 4 4 4 4 4 4 4 4 4 4 4 4 4 4 4 4 4 4 4 4 4 4 4 4 4 4 4 4 4 4 4 4 4 4 4 4 4 4 4 4 4 14 14 14 14 4 4 4 4 4 4
4 4 4 4 4 4 4 4 4 4 4 4 4 4 3 3 3 3 3 3 4 4 14 14 14 14 14 14 4 4 15 15 15 15 15 15 4 4 4 4 4 4 4 4 4 4 4 4 4 4 4 4 4 4 15 15 15 15 4 4 4 4 4 4
4 4 4 4 4 4 4 4 4 4 4 4 4 4 3 3 3 3 3 3 4 4 14 14 14 14 14 14 4 4 15 15 15 15 15 15 4 4 4 4 4 4 4 4 4 4 4 4 4 4 4 4 4 4 15 15 15 15 4 4 4 4 4 4
4 4 4 4 4 4 4 4 4 4 4 4 4 4 3 3 14 14 0 0 4 4 14 14 14 14 14 14 4 4 15 15 15 15 15 15 4 4 4 4 4 4 4 4 4 4 4 4 4 4 4 4 4 4 15 15 15 15 4 4 4 4 4 4
4 4 4 4 4 4 4 4 4 4 4 4 4 4 3 3 14 14 0 0 4 4 14 14 14 14 14 14 4 4 15 15 15 15 15 15 4 4 4 4 4 4 4 4 4 4 4 4 4 4 4 4 4 4 15 15 15 15 4 4 4 4 4 4
4 4 4 4 4 4 4 4 4 4 4 4 4 4 3 3 0 0 2 2 4 4 14 14 14 14 14 14 4 4 15 15 15 15 15 15 4 4 4 4 4 4 4 4 4 4 4 4 4 4 4 4 4 4 4 4 4 4 4 4 4 4 4 4
4 4 4 4 4 4 4 4 4 4 4 4 4 4 3 3 0 0 2 2 4 4 14 14 14 14 14 14 4 4 15 15 15 15 15 15 4 4 4 4 4 4 4 4 4 4 4 4 4 4 4 4 4 4 4 4 4 4 4 4 4 4 4 4
4 4 4 4 4 4 4 4 4 4 4 4 4 4 4 4 4 4 4 4 4 4 4 4 4 4 4 4 4 4 4 4 4 4 4 4 4 4 4 4 4 4 4 4 4 4 4 4 4 4 4 4 4 4 4 4 4 4 4 4 4 4 4 4
4 4 4 4 4 4 4 4 4 4 4 4 4 4 4 4 4 4 4 4 4 4 4 4 4 4 4 4 4 4 4 4 4 4 4 4 4 4 4 4 4 4 4 4 4 4 4 4 4 4 4 4 4 4 4 4 4 4 4 4 4 4 4 4
4 4 4 4 4 4 4 4 4 4 4 4 4 4 14 14 14 14 14 14 4 4 15 15 6 6 15 15 4 4 14 14 14 14 14 14 4 4 0 0 3 3 3 3 4 4 4 4 4 4 4 4 4 4 4 4 4 4 4 4 4 4 4 4
4 4 4 4 4 4 4 4 4 4 4 4 4 4 14 14 14 14 14 14 4 4 15 15 6 6 15 15 4 4 14 14 14 14 14 14 4 4 0 0 3 3 3 3 4 4 4 4 4 4 4 4 4 4 4 4 4 4 4 4 4 4 4 4
4 4 4 4 4 4 4 4 4 4 4 4 4 4 14 14 14 14 14 14 4 4 6 6 15 15 6 6 4 4 14 14 14 14 14 14 4 4 2 2 15 15 3 3 4 4 4 4 4 4 4 4 4 4 4 4 4 4 4 4 4 4 4 4
4 4 4 4 4 4 4 4 4 4 4 4 4 4 14 14 14 14 14 14 4 4 6 6 15 15 6 6 4 4 14 14 14 14 14 14 4 4 2 2 15 15 3 3 4 4 4 4 4 4 4 4 4 4 4 4 4 4 4 4 4 4 4 4
4 4 4 4 4 4 4 4 4 4 4 4 4 4 14 14 14 14 14 14 4 4 15 15 6 6 15 15 4 4 14 14 14 14 14 14 4 4 0 0 2 2 0 0 4 4 4 4 4 4 4 4 4 4 4 4 4 4 4 4 4 4 4 4
4 4 4 4 4 4 4 4 4 4 4 4 4 4 14 14 14 14 14 14 4 4 15 15 6 6 15 15 4 4 14 14 14 14 14 14 4 4 0 0 2 2 0 0 4 4 4 4 4 4 4 4 4 4 4 4 4 4 4 4 4 4 4 4
4 4 4 4 4 4 4 4 4 4 4 4 4 4 4 4 4 4 4 4 4 4 4 4 4 4 4 4 4 4 4 4 4 4 4 4 4 4 4 4 4 4 4 4 4 4 4 4 4 4 4 4 4 4 4 4 4 4 4 4 4 4 4 4
4 4 4 4 4 4 4 4 4 4 4 4 4 4 4 4 4 4 4 4 4 4 4 4 4 4 4 4 4 4 4 4 4 4 4 4 4 4 4 4 4 4 4 4 4 4 4 4 4 4 4 4 4 4 4 4 4 4 4 4 4 4 4 4
4 4 4 4 4 4 14 14 14 14 14 14 4 4 15 15 15 15 15 15 4 4 14 14 14 14 14 14 4 4 15 15 15 15 15 15 4 4 14 14 14 14 14 14 4 4 15 15 15 15 15 15 4 4 14 14 14 14 14 14 4 4 4 4
4 4 4 4 4 4 14 14 14 14 14 14 4 4 15 15 15 15 15 15 4 4 14 14 14 14 14 14 4 4 15 15 15 15 15 15 4 4 14 14 14 14 14 14 4 4 15 15 15 15 15 15 4 4 14 14 14 14 14 14 4 4 4 4
4 4 4 4 4 4 14 14 14 14 14 14 4 4 15 15 15 15 15 15 4 4 14 14 14 14 14 14 4 4 15 15 15 15 15 15 4 4 14 14 14 14 14 14 4 4 15 15 15 15 15 15 4 4 14 14 14 14 14 14 4 4 4 4
4 4 4 4 4 4 14 14 14 14 14 14 4 4 15 15 15 15 15 15 4 4 14 14 14 14 14 14 4 4 15 15 15 15 15 15 4 4 14 14 14 14 14 14 4 4 15 15 15 15 15 15 4 4 14 14 14 14 14 14 4 4 4 4
4 4 4 4 4 4 14 14 14 14 14 14 4 4 15 15 15 15 15 15 4 4 14 14 14 14 14 14 4 4 15 15 15 15 15 15 4 4 14 14 14 14 14 14 4 4 15 15 15 15 15 15 4 4 14 14 14 14 14 14 4 4 4 4
4 4 4 4 4 4 14 14 14 14 14 14 4 4 15 15 15 15 15 15 4 4 14 14 14 14 14 14 4 4 15 15 15 15 15 15 4 4 14 14 14 14 14 14 4 4 15 15 15 15 15 15 4 4 14 14 14 14 14 14 4 4 4 4
4 4 4 4 4 4 4 4 4 4 4 4 4 4 4 4 4 4 4 4 4 4 4 4 4 4 4 4 4 4 4 4 4 4 4 4 4 4 4 4 4 4 4 4 4 4 4 4 4 4 4 4 4 4 4 4 4 4 4 4 4 4 4 4
4 4 4 4 4 4 4 4 4 4 4 4 4 4 4 4 4 4 4 4 4 4 4 4 4 4 4 4 4 4 4 4 4 4 4 4 4 4 4 4 4 4 4 4 4 4 4 4 4 4 4 4 4 4 4 4 4 4 4 4 4 4 4 4
4 4 4 4 4 4 3 3 2 2 0 0 4 4 14 14 14 14 14 14 4 4 15 15 6 6 15 15 4 4 14 14 14 14 14 14 4 4 2 2 0 0 2 2 4 4 14 14 14 14 14 14 4 4 2 2 0 0 3 3 4 4 4 4
4 4 4 4 4 4 3 3 2 2 0 0 4 4 14 14 14 14 14 14 4 4 15 15 6 6 15 15 4 4 14 14 14 14 14 14 4 4 2 2 0 0 2 2 4 4 14 14 14 14 14 14 4 4 2 2 0 0 3 3 4 4 4 4
4 4 4 4 4 4 3 3 15 15 2 2 4 4 14 14 14 14 14 14 4 4 6 6 15 15 6 6 4 4 14 14 14 14 14 14 4 4 0 0 14 14 0 0 4 4 14 14 14 14 14 14 4 4 0 0 14 14 3 3 4 4 4 4
4 4 4 4 4 4 3 3 15 15 2 2 4 4 14 14 14 14 14 14 4 4 6 6 15 15 6 6 4 4 14 14 14 14 14 14 4 4 0 0 14 14 0 0 4 4 14 14 14 14 14 14 4 4 0 0 14 14 3 3 4 4 4 4
4 4 4 4 4 4 3 3 2 2 0 0 4 4 14 14 14 14 14 14 4 4 15 15 6 6 15 15 4 4 14 14 14 14 14 14 4 4 2 2 0 0 2 2 4 4 14 14 14 14 14 14 4 4 2 2 0 0 3 3 4 4 4 4
4 4 4 4 4 4 3 3 2 2 0 0 4 4 14 14 14 14 14 14 4 4 15 15 6 6 15 15 4 4 14 14 14 14 14 14 4 4 2 2 0 0 2 2 4 4 14 14 14 14 14 14 4 4 2 2 0 0 3 3 4 4 4 4
4 4 4 4 4 4 4 4 4 4 4 4 4 4 4 4 4 4 4 4 4 4 4 4 4 4 4 4 4 4 4 4 4 4 4 4 4 4 4 4 4 4 4 4 4 4 4 4 4 4 4 4 4 4 4 4 4 4 4 4 4 4 4 4
4 4 4 4 4 4 4 4 4 4 4 4 4 4 4 4 4 4 4 4 4 4 4 4 4 4 4 4 4 4 4 4 4 4 4 4 4 4 4 4 4 4 4 4 4 4 4 4 4 4 4 4 4 4 4 4 4 4 4 4 4 4 4 4
4 4 4 4 4 4 14 14 14 14 14 14 4 4 15 15 15 15 15 15 4 4 0 0 2 2 0 0 4 4 15 15 15 15 15 15 4 4 14 14 14 14 14 14 4 4 15 15 15 15 15 15 4 4 14 14 14 14 14 14 4 4 4 4
4 4 4 4 4 4 14 14 14 14 14 14 4 4 15 15 15 15 15 15 4 4 0 0 2 2 0 0 4 4 15 15 15 15 15 15 4 4 14 14 14 14 14 14 4 4 15 15 15 15 15 15 4 4 14 14 14 14 14 14 4 4 4 4
4 4 4 4 4 4 14 14 14 14 14 14 4 4 15 15 15 15 15 15 4 4 2 2 14 14 2 2 4 4 15 15 15 15 15 15 4 4 14 14 14 14 14 14 4 4 15 15 15 15 15 15 4 4 14 14 14 14 14 14 4 4 4 4
4 4 4 4 4 4 14 14 14 14 14 14 4 4 15 15 15 15 15 15 4 4 2 2 14 14 2 2 4 4 15 15 15 15 15 15 4 4 14 14 14 14 14 14 4 4 15 15 15 15 15 15 4 4 14 14 14 14 14 14 4 4 4 4
4 4 4 4 4 4 14 14 14 14 14 14 4 4 15 15 15 15 15 15 4 4 0 0 3 3 0 0 4 4 15 15 15 15 15 15 4 4 14 14 14 14 14 14 4 4 15 15 15 15 15 15 4 4 14 14 14 14 14 14 4 4 4 4
4 4 4 4 4 4 14 14 14 14 14 14 4 4 15 15 15 15 15 15 4 4 0 0 3 3 0 0 4 4 15 15 15 15 15 15 4 4 14 14 14 14 14 14 4 4 15 15 15 15 15 15 4 4 14 14 14 14 14 14 4 4 4 4
4 4 4 4 4 4 4 4 4 4 4 4 4 4 4 4 4 4 4 4 4 4 4 4 4 4 4 4 4 4 4 4 4 4 4 4 4 4 4 4 4 4 4 4 4 4 4 4 4 4 4 4 4 4 4 4 4 4 4 4 4 4 4 4
4 4 4 4 4 4 4 4 4 4 4 4 4 4 4 4 4 4 4 4 4 4 4 4 4 4 4 4 4 4 4 4 4 4 4 4 4 4 4 4 4 4 4 4 4 4 4 4 4 4 4 4 4 4 4 4 4 4 4 4 4 4 4 4
4 4 4 4 4 4 4 4 4 4 4 4 4 4 14 14 14 14 14 14 4 4 2 2 3 3 2 2 4 4 15 15 15 15 15 15 4 4 15 15 6 6 15 15 4 4 15 15 15 15 15 15 4 4 4 4 4 4 4 4 4 4 4 4
4 4 4 4 4 4 4 4 4 4 4 4 4 4 14 14 14 14 14 14 4 4 2 2 3 3 2 2 4 4 15 15 15 15 15 15 4 4 15 15 6 6 15 15 4 4 15 15 15 15 15 15 4 4 4 4 4 4 4 4 4 4 4 4
4 4 4 4 4 4 4 4 4 4 4 4 4 4 14 14 14 14 14 14 4 4 0 0 14 14 0 0 4 4 15 15 15 15 15 15 4 4 6 6 15 15 6 6 4 4 15 15 15 15 15 15 4 4 4 4 4 4 4 4 4 4 4 4
4 4 4 4 4 4 4 4 4 4 4 4 4 4 14 14 14 14 14 14 4 4 0 0 14 14 0 0 4 4 15 15 15 15 15 15 4 4 6 6 15 15 6 6 4 4 15 15 15 15 15 15 4 4 4 4 4 4 4 4 4 4 4 4
4 4 4 4 4 4 4 4 4 4 4 4 4 4 14 14 14 14 14 14 4 4 2 2 0 0 2 2 4 4 15 15 15 15 15 15 4 4 15 15 6 6 15 15 4 4 15 15 15 15 15 15 4 4 4 4 4 4 4 4 4 4 4 4
4 4 4 4 4 4 4 4 4 4 4 4 4 4 14 14 14 14 14 14 4 4 2 2 0 0 2 2 4 4 15 15 15 15 15 15 4 4 15 15 6 6 15 15 4 4 15 15 15 15 15 15 4 4 4 4 4 4 4 4 4 4 4 4
4 4 4 4 4 4 4 4 4 4 4 4 4 4 4 4 4 4 4 4 4 4 4 4 4 4 4 4 4 4 4 4 4 4 4 4 4 4 4 4 4 4 4 4 4 4 4 4 4 4 4 4 4 4 4 4 4 4 4 4 4 4 4 4
4 4 4 4 4 4 4 4 4 4 4 4 4 4 4 4 4 4 4 4 4 4 4 4 4 4 4 4 4 4 4 4 4 4 4 4 4 4 4 4 4 4 4 4 4 4 4 4 4 4 4 4 4 4 4 4 4 4 4 4 4 4 4 4
4 4 4 4 4 4 4 4 4 4 4 4 4 4 15 15 15 15 15 15 4 4 14 14 14 14 14 14 4 4 15 15 15 15 15 15 4 4 15 15 15 15 15 15 4 4 2 2 0 0 3 3 4 4 4 4 4 4 4 4 4 4 4 4
4 4 4 4 4 4 4 4 4 4 4 4 4 4 15 15 15 15 15 15 4 4 14 14 14 14 14 14 4 4 15 15 15 15 15 15 4 4 15 15 15 15 15 15 4 4 2 2 0 0 3 3 4 4 4 4 4 4 4 4 4 4 4 4
4 4 4 4 4 4 4 4 4 4 4 4 4 4 15 15 15 15 15 15 4 4 14 14 14 14 14 14 4 4 15 15 15 15 15 15 4 4 15 15 15 15 15 15 4 4 0 0 14 14 3 3 4 4 4 4 4 4 4 4 4 4 4 4
4 4 4 4 4 4 4 4 4 4 4 4 4 4 15 15 15 15 15 15 4 4 14 14 14 14 14 14 4 4 15 15 15 15 15 15 4 4 15 15 15 15 15 15 4 4 0 0 14 14 3 3 4 4 4 4 4 4 4 4 4 4 4 4
4 4 4 4 4 4 4 4 4 4 4 4 4 4 15 15 15 15 15 15 4 4 14 14 14 14 14 14 4 4 15 15 15 15 15 15 4 4 15 15 15 15 15 15 4 4 3 3 3 3 3 3 4 4 4 4 4 4 4 4 4 4 4 4
4 4 4 4 4 4 4 4 4 4 4 4 4 4 15 15 15 15 15 15 4 4 14 14 14 14 14 14 4 4 15 15 15 15 15 15 4 4 15 15 15 15 15 15 4 4 3 3 3 3 3 3 4 4 4 4 4 4 4 4 4 4 4 4
4 4 4 4 4 4 4 4 4 4 4 4 4 4 4 4 4 4 4 4 4 4 4 4 4 4 4 4 4 4 4 4 4 4 4 4 4 4 4 4 4 4 4 4 4 4 4 4 4 4 4 4 4 4 4 4 4 4 4 4 4 4 4 4
4 4 4 4 4 4 4 4 4 4 4 4 4 4 4 4 4 4 4 4 4 4 4 4 4 4 4 4 4 4 4 4 4 4 4 4 4 4 4 4 4 4 4 4 4 4 4 4 4 4 4 4 4 4 4 4 4 4 4 4 4 4 4 4
4 4 4 4 4 4 4 4 4 4 4 4 4 4 4 4 4 4 4 4 4 4 4 4 4 4 4 4 4 4 4 4 4 4 4 4 4 4 4 4 4 4 4 4 4 4 4 4 4 4 4 4 4 4 4 4 4 4 4 4 4 4 4 4
4 4 4 4 4 4 4 4 4 4 4 4 4 4 4 4 4 4 4 4 4 4 4 4 4 4 4 4 4 4 4 4 4 4 4 4 4 4 4 4 4 4 4 4 4 4 4 4 4 4 4 4 4 4 4 4 4 4 4 4 4 4 4 4
4 4 4 4 4 4 4 4 4 4 4 4 4 4 4 4 4 4 4 4 4 4 4 4 4 4 4 4 4 4 4 4 4 4 4 4 4 4 4 4 4 4 4 4 4 4 4 4 4 4 4 4 4 4 4 4 4 4 4 4 4 4 4 4
12 12 12 12 12 12 12 12 12 12 12 12 12 12 12 12 12 12 12 12 12 12 12 12 12 12 12 12 12 12 12 12 12 12 12 12 12 12 12 12 12 12 12 12 12 12 12 12 12 12 12 12 12 12 12 11 11 11 11 11 11 11 11 11
[LEVELS] 4/6
[STATE] NOT_FINISHED
[AVAILABLE] ACTION6
[DIFF] 37 cells: (38,36) 15>14; (39,36) 15>14; (40,36) 15>14; (41,36) 15>14; (42,36) 15>14; (43,36) 15>14; (38,37) 15>14; (39,37) 15>14; (40,37) 15>14; (41,37) 15>14; (42,37) 15>14; (43,37) 15>14; (38,38) 15>14; (39,38) 15>14; (40,38) 15>14; (41,38) 15>14; (42,38) 15>14; (43,38) 15>14; (38,39) 15>14; (39,39) 15>14; (40,39) 15>14; (41,39) 15>14; (42,39) 15>14; (43,39) 15>14; (38,40) 15>14; (39,40) 15>14; (40,40) 15>14; (41,40) 15>14; (42,40) 15>14; (43,40) 15>14; (38,41) 15>14; (39,41) 15>14; (40,41) 15>14; (41,41) 15>14; (42,41) 15>14; (43,41) 15>14; (55,63) 12>11

[STEP 60]
[ACTION] ACTION6 x=32 y=46
[BOARD] 1/1 settled
4 4 4 4 4 4 4 4 4 4 4 4 4 4 4 4 4 4 4 4 4 4 4 4 4 4 4 4 4 4 4 4 4 4 4 4 4 4 4 4 4 4 4 4 4 4 4 4 4 4 4 4 4 4 14 14 14 14 4 4 4 4 4 4
4 4 4 4 4 4 4 4 4 4 4 4 4 4 4 4 4 4 4 4 4 4 4 4 4 4 4 4 4 4 4 4 4 4 4 4 4 4 4 4 4 4 4 4 4 4 4 4 4 4 4 4 4 4 14 14 14 14 4 4 4 4 4 4
4 4 4 4 4 4 4 4 4 4 4 4 4 4 4 4 4 4 4 4 4 4 4 4 4 4 4 4 4 4 4 4 4 4 4 4 4 4 4 4 4 4 4 4 4 4 4 4 4 4 4 4 4 4 14 14 14 14 4 4 4 4 4 4
4 4 4 4 4 4 4 4 4 4 4 4 4 4 4 4 4 4 4 4 4 4 4 4 4 4 4 4 4 4 4 4 4 4 4 4 4 4 4 4 4 4 4 4 4 4 4 4 4 4 4 4 4 4 14 14 14 14 4 4 4 4 4 4
4 4 4 4 4 4 4 4 4 4 4 4 4 4 3 3 3 3 3 3 4 4 14 14 14 14 14 14 4 4 15 15 15 15 15 15 4 4 4 4 4 4 4 4 4 4 4 4 4 4 4 4 4 4 15 15 15 15 4 4 4 4 4 4
4 4 4 4 4 4 4 4 4 4 4 4 4 4 3 3 3 3 3 3 4 4 14 14 14 14 14 14 4 4 15 15 15 15 15 15 4 4 4 4 4 4 4 4 4 4 4 4 4 4 4 4 4 4 15 15 15 15 4 4 4 4 4 4
4 4 4 4 4 4 4 4 4 4 4 4 4 4 3 3 14 14 0 0 4 4 14 14 14 14 14 14 4 4 15 15 15 15 15 15 4 4 4 4 4 4 4 4 4 4 4 4 4 4 4 4 4 4 15 15 15 15 4 4 4 4 4 4
4 4 4 4 4 4 4 4 4 4 4 4 4 4 3 3 14 14 0 0 4 4 14 14 14 14 14 14 4 4 15 15 15 15 15 15 4 4 4 4 4 4 4 4 4 4 4 4 4 4 4 4 4 4 15 15 15 15 4 4 4 4 4 4
4 4 4 4 4 4 4 4 4 4 4 4 4 4 3 3 0 0 2 2 4 4 14 14 14 14 14 14 4 4 15 15 15 15 15 15 4 4 4 4 4 4 4 4 4 4 4 4 4 4 4 4 4 4 4 4 4 4 4 4 4 4 4 4
4 4 4 4 4 4 4 4 4 4 4 4 4 4 3 3 0 0 2 2 4 4 14 14 14 14 14 14 4 4 15 15 15 15 15 15 4 4 4 4 4 4 4 4 4 4 4 4 4 4 4 4 4 4 4 4 4 4 4 4 4 4 4 4
4 4 4 4 4 4 4 4 4 4 4 4 4 4 4 4 4 4 4 4 4 4 4 4 4 4 4 4 4 4 4 4 4 4 4 4 4 4 4 4 4 4 4 4 4 4 4 4 4 4 4 4 4 4 4 4 4 4 4 4 4 4 4 4
4 4 4 4 4 4 4 4 4 4 4 4 4 4 4 4 4 4 4 4 4 4 4 4 4 4 4 4 4 4 4 4 4 4 4 4 4 4 4 4 4 4 4 4 4 4 4 4 4 4 4 4 4 4 4 4 4 4 4 4 4 4 4 4
4 4 4 4 4 4 4 4 4 4 4 4 4 4 14 14 14 14 14 14 4 4 15 15 6 6 15 15 4 4 14 14 14 14 14 14 4 4 0 0 3 3 3 3 4 4 4 4 4 4 4 4 4 4 4 4 4 4 4 4 4 4 4 4
4 4 4 4 4 4 4 4 4 4 4 4 4 4 14 14 14 14 14 14 4 4 15 15 6 6 15 15 4 4 14 14 14 14 14 14 4 4 0 0 3 3 3 3 4 4 4 4 4 4 4 4 4 4 4 4 4 4 4 4 4 4 4 4
4 4 4 4 4 4 4 4 4 4 4 4 4 4 14 14 14 14 14 14 4 4 6 6 15 15 6 6 4 4 14 14 14 14 14 14 4 4 2 2 15 15 3 3 4 4 4 4 4 4 4 4 4 4 4 4 4 4 4 4 4 4 4 4
4 4 4 4 4 4 4 4 4 4 4 4 4 4 14 14 14 14 14 14 4 4 6 6 15 15 6 6 4 4 14 14 14 14 14 14 4 4 2 2 15 15 3 3 4 4 4 4 4 4 4 4 4 4 4 4 4 4 4 4 4 4 4 4
4 4 4 4 4 4 4 4 4 4 4 4 4 4 14 14 14 14 14 14 4 4 15 15 6 6 15 15 4 4 14 14 14 14 14 14 4 4 0 0 2 2 0 0 4 4 4 4 4 4 4 4 4 4 4 4 4 4 4 4 4 4 4 4
4 4 4 4 4 4 4 4 4 4 4 4 4 4 14 14 14 14 14 14 4 4 15 15 6 6 15 15 4 4 14 14 14 14 14 14 4 4 0 0 2 2 0 0 4 4 4 4 4 4 4 4 4 4 4 4 4 4 4 4 4 4 4 4
4 4 4 4 4 4 4 4 4 4 4 4 4 4 4 4 4 4 4 4 4 4 4 4 4 4 4 4 4 4 4 4 4 4 4 4 4 4 4 4 4 4 4 4 4 4 4 4 4 4 4 4 4 4 4 4 4 4 4 4 4 4 4 4
4 4 4 4 4 4 4 4 4 4 4 4 4 4 4 4 4 4 4 4 4 4 4 4 4 4 4 4 4 4 4 4 4 4 4 4 4 4 4 4 4 4 4 4 4 4 4 4 4 4 4 4 4 4 4 4 4 4 4 4 4 4 4 4
4 4 4 4 4 4 14 14 14 14 14 14 4 4 15 15 15 15 15 15 4 4 14 14 14 14 14 14 4 4 15 15 15 15 15 15 4 4 14 14 14 14 14 14 4 4 15 15 15 15 15 15 4 4 14 14 14 14 14 14 4 4 4 4
4 4 4 4 4 4 14 14 14 14 14 14 4 4 15 15 15 15 15 15 4 4 14 14 14 14 14 14 4 4 15 15 15 15 15 15 4 4 14 14 14 14 14 14 4 4 15 15 15 15 15 15 4 4 14 14 14 14 14 14 4 4 4 4
4 4 4 4 4 4 14 14 14 14 14 14 4 4 15 15 15 15 15 15 4 4 14 14 14 14 14 14 4 4 15 15 15 15 15 15 4 4 14 14 14 14 14 14 4 4 15 15 15 15 15 15 4 4 14 14 14 14 14 14 4 4 4 4
4 4 4 4 4 4 14 14 14 14 14 14 4 4 15 15 15 15 15 15 4 4 14 14 14 14 14 14 4 4 15 15 15 15 15 15 4 4 14 14 14 14 14 14 4 4 15 15 15 15 15 15 4 4 14 14 14 14 14 14 4 4 4 4
4 4 4 4 4 4 14 14 14 14 14 14 4 4 15 15 15 15 15 15 4 4 14 14 14 14 14 14 4 4 15 15 15 15 15 15 4 4 14 14 14 14 14 14 4 4 15 15 15 15 15 15 4 4 14 14 14 14 14 14 4 4 4 4
4 4 4 4 4 4 14 14 14 14 14 14 4 4 15 15 15 15 15 15 4 4 14 14 14 14 14 14 4 4 15 15 15 15 15 15 4 4 14 14 14 14 14 14 4 4 15 15 15 15 15 15 4 4 14 14 14 14 14 14 4 4 4 4
4 4 4 4 4 4 4 4 4 4 4 4 4 4 4 4 4 4 4 4 4 4 4 4 4 4 4 4 4 4 4 4 4 4 4 4 4 4 4 4 4 4 4 4 4 4 4 4 4 4 4 4 4 4 4 4 4 4 4 4 4 4 4 4
4 4 4 4 4 4 4 4 4 4 4 4 4 4 4 4 4 4 4 4 4 4 4 4 4 4 4 4 4 4 4 4 4 4 4 4 4 4 4 4 4 4 4 4 4 4 4 4 4 4 4 4 4 4 4 4 4 4 4 4 4 4 4 4
4 4 4 4 4 4 3 3 2 2 0 0 4 4 14 14 14 14 14 14 4 4 15 15 6 6 15 15 4 4 14 14 14 14 14 14 4 4 2 2 0 0 2 2 4 4 14 14 14 14 14 14 4 4 2 2 0 0 3 3 4 4 4 4
4 4 4 4 4 4 3 3 2 2 0 0 4 4 14 14 14 14 14 14 4 4 15 15 6 6 15 15 4 4 14 14 14 14 14 14 4 4 2 2 0 0 2 2 4 4 14 14 14 14 14 14 4 4 2 2 0 0 3 3 4 4 4 4
4 4 4 4 4 4 3 3 15 15 2 2 4 4 14 14 14 14 14 14 4 4 6 6 15 15 6 6 4 4 14 14 14 14 14 14 4 4 0 0 14 14 0 0 4 4 14 14 14 14 14 14 4 4 0 0 14 14 3 3 4 4 4 4
4 4 4 4 4 4 3 3 15 15 2 2 4 4 14 14 14 14 14 14 4 4 6 6 15 15 6 6 4 4 14 14 14 14 14 14 4 4 0 0 14 14 0 0 4 4 14 14 14 14 14 14 4 4 0 0 14 14 3 3 4 4 4 4
4 4 4 4 4 4 3 3 2 2 0 0 4 4 14 14 14 14 14 14 4 4 15 15 6 6 15 15 4 4 14 14 14 14 14 14 4 4 2 2 0 0 2 2 4 4 14 14 14 14 14 14 4 4 2 2 0 0 3 3 4 4 4 4
4 4 4 4 4 4 3 3 2 2 0 0 4 4 14 14 14 14 14 14 4 4 15 15 6 6 15 15 4 4 14 14 14 14 14 14 4 4 2 2 0 0 2 2 4 4 14 14 14 14 14 14 4 4 2 2 0 0 3 3 4 4 4 4
4 4 4 4 4 4 4 4 4 4 4 4 4 4 4 4 4 4 4 4 4 4 4 4 4 4 4 4 4 4 4 4 4 4 4 4 4 4 4 4 4 4 4 4 4 4 4 4 4 4 4 4 4 4 4 4 4 4 4 4 4 4 4 4
4 4 4 4 4 4 4 4 4 4 4 4 4 4 4 4 4 4 4 4 4 4 4 4 4 4 4 4 4 4 4 4 4 4 4 4 4 4 4 4 4 4 4 4 4 4 4 4 4 4 4 4 4 4 4 4 4 4 4 4 4 4 4 4
4 4 4 4 4 4 14 14 14 14 14 14 4 4 15 15 15 15 15 15 4 4 0 0 2 2 0 0 4 4 15 15 15 15 15 15 4 4 14 14 14 14 14 14 4 4 15 15 15 15 15 15 4 4 14 14 14 14 14 14 4 4 4 4
4 4 4 4 4 4 14 14 14 14 14 14 4 4 15 15 15 15 15 15 4 4 0 0 2 2 0 0 4 4 15 15 15 15 15 15 4 4 14 14 14 14 14 14 4 4 15 15 15 15 15 15 4 4 14 14 14 14 14 14 4 4 4 4
4 4 4 4 4 4 14 14 14 14 14 14 4 4 15 15 15 15 15 15 4 4 2 2 14 14 2 2 4 4 15 15 15 15 15 15 4 4 14 14 14 14 14 14 4 4 15 15 15 15 15 15 4 4 14 14 14 14 14 14 4 4 4 4
4 4 4 4 4 4 14 14 14 14 14 14 4 4 15 15 15 15 15 15 4 4 2 2 14 14 2 2 4 4 15 15 15 15 15 15 4 4 14 14 14 14 14 14 4 4 15 15 15 15 15 15 4 4 14 14 14 14 14 14 4 4 4 4
4 4 4 4 4 4 14 14 14 14 14 14 4 4 15 15 15 15 15 15 4 4 0 0 3 3 0 0 4 4 15 15 15 15 15 15 4 4 14 14 14 14 14 14 4 4 15 15 15 15 15 15 4 4 14 14 14 14 14 14 4 4 4 4
4 4 4 4 4 4 14 14 14 14 14 14 4 4 15 15 15 15 15 15 4 4 0 0 3 3 0 0 4 4 15 15 15 15 15 15 4 4 14 14 14 14 14 14 4 4 15 15 15 15 15 15 4 4 14 14 14 14 14 14 4 4 4 4
4 4 4 4 4 4 4 4 4 4 4 4 4 4 4 4 4 4 4 4 4 4 4 4 4 4 4 4 4 4 4 4 4 4 4 4 4 4 4 4 4 4 4 4 4 4 4 4 4 4 4 4 4 4 4 4 4 4 4 4 4 4 4 4
4 4 4 4 4 4 4 4 4 4 4 4 4 4 4 4 4 4 4 4 4 4 4 4 4 4 4 4 4 4 4 4 4 4 4 4 4 4 4 4 4 4 4 4 4 4 4 4 4 4 4 4 4 4 4 4 4 4 4 4 4 4 4 4
4 4 4 4 4 4 4 4 4 4 4 4 4 4 14 14 14 14 14 14 4 4 2 2 3 3 2 2 4 4 14 14 14 14 14 14 4 4 15 15 6 6 15 15 4 4 15 15 15 15 15 15 4 4 4 4 4 4 4 4 4 4 4 4
4 4 4 4 4 4 4 4 4 4 4 4 4 4 14 14 14 14 14 14 4 4 2 2 3 3 2 2 4 4 14 14 14 14 14 14 4 4 15 15 6 6 15 15 4 4 15 15 15 15 15 15 4 4 4 4 4 4 4 4 4 4 4 4
4 4 4 4 4 4 4 4 4 4 4 4 4 4 14 14 14 14 14 14 4 4 0 0 14 14 0 0 4 4 14 14 14 14 14 14 4 4 6 6 15 15 6 6 4 4 15 15 15 15 15 15 4 4 4 4 4 4 4 4 4 4 4 4
4 4 4 4 4 4 4 4 4 4 4 4 4 4 14 14 14 14 14 14 4 4 0 0 14 14 0 0 4 4 14 14 14 14 14 14 4 4 6 6 15 15 6 6 4 4 15 15 15 15 15 15 4 4 4 4 4 4 4 4 4 4 4 4
4 4 4 4 4 4 4 4 4 4 4 4 4 4 14 14 14 14 14 14 4 4 2 2 0 0 2 2 4 4 14 14 14 14 14 14 4 4 15 15 6 6 15 15 4 4 15 15 15 15 15 15 4 4 4 4 4 4 4 4 4 4 4 4
4 4 4 4 4 4 4 4 4 4 4 4 4 4 14 14 14 14 14 14 4 4 2 2 0 0 2 2 4 4 14 14 14 14 14 14 4 4 15 15 6 6 15 15 4 4 15 15 15 15 15 15 4 4 4 4 4 4 4 4 4 4 4 4
4 4 4 4 4 4 4 4 4 4 4 4 4 4 4 4 4 4 4 4 4 4 4 4 4 4 4 4 4 4 4 4 4 4 4 4 4 4 4 4 4 4 4 4 4 4 4 4 4 4 4 4 4 4 4 4 4 4 4 4 4 4 4 4
4 4 4 4 4 4 4 4 4 4 4 4 4 4 4 4 4 4 4 4 4 4 4 4 4 4 4 4 4 4 4 4 4 4 4 4 4 4 4 4 4 4 4 4 4 4 4 4 4 4 4 4 4 4 4 4 4 4 4 4 4 4 4 4
4 4 4 4 4 4 4 4 4 4 4 4 4 4 15 15 15 15 15 15 4 4 14 14 14 14 14 14 4 4 15 15 15 15 15 15 4 4 15 15 15 15 15 15 4 4 2 2 0 0 3 3 4 4 4 4 4 4 4 4 4 4 4 4
4 4 4 4 4 4 4 4 4 4 4 4 4 4 15 15 15 15 15 15 4 4 14 14 14 14 14 14 4 4 15 15 15 15 15 15 4 4 15 15 15 15 15 15 4 4 2 2 0 0 3 3 4 4 4 4 4 4 4 4 4 4 4 4
4 4 4 4 4 4 4 4 4 4 4 4 4 4 15 15 15 15 15 15 4 4 14 14 14 14 14 14 4 4 15 15 15 15 15 15 4 4 15 15 15 15 15 15 4 4 0 0 14 14 3 3 4 4 4 4 4 4 4 4 4 4 4 4
4 4 4 4 4 4 4 4 4 4 4 4 4 4 15 15 15 15 15 15 4 4 14 14 14 14 14 14 4 4 15 15 15 15 15 15 4 4 15 15 15 15 15 15 4 4 0 0 14 14 3 3 4 4 4 4 4 4 4 4 4 4 4 4
4 4 4 4 4 4 4 4 4 4 4 4 4 4 15 15 15 15 15 15 4 4 14 14 14 14 14 14 4 4 15 15 15 15 15 15 4 4 15 15 15 15 15 15 4 4 3 3 3 3 3 3 4 4 4 4 4 4 4 4 4 4 4 4
4 4 4 4 4 4 4 4 4 4 4 4 4 4 15 15 15 15 15 15 4 4 14 14 14 14 14 14 4 4 15 15 15 15 15 15 4 4 15 15 15 15 15 15 4 4 3 3 3 3 3 3 4 4 4 4 4 4 4 4 4 4 4 4
4 4 4 4 4 4 4 4 4 4 4 4 4 4 4 4 4 4 4 4 4 4 4 4 4 4 4 4 4 4 4 4 4 4 4 4 4 4 4 4 4 4 4 4 4 4 4 4 4 4 4 4 4 4 4 4 4 4 4 4 4 4 4 4
4 4 4 4 4 4 4 4 4 4 4 4 4 4 4 4 4 4 4 4 4 4 4 4 4 4 4 4 4 4 4 4 4 4 4 4 4 4 4 4 4 4 4 4 4 4 4 4 4 4 4 4 4 4 4 4 4 4 4 4 4 4 4 4
4 4 4 4 4 4 4 4 4 4 4 4 4 4 4 4 4 4 4 4 4 4 4 4 4 4 4 4 4 4 4 4 4 4 4 4 4 4 4 4 4 4 4 4 4 4 4 4 4 4 4 4 4 4 4 4 4 4 4 4 4 4 4 4
4 4 4 4 4 4 4 4 4 4 4 4 4 4 4 4 4 4 4 4 4 4 4 4 4 4 4 4 4 4 4 4 4 4 4 4 4 4 4 4 4 4 4 4 4 4 4 4 4 4 4 4 4 4 4 4 4 4 4 4 4 4 4 4
4 4 4 4 4 4 4 4 4 4 4 4 4 4 4 4 4 4 4 4 4 4 4 4 4 4 4 4 4 4 4 4 4 4 4 4 4 4 4 4 4 4 4 4 4 4 4 4 4 4 4 4 4 4 4 4 4 4 4 4 4 4 4 4
12 12 12 12 12 12 12 12 12 12 12 12 12 12 12 12 12 12 12 12 12 12 12 12 12 12 12 12 12 12 12 12 12 12 12 12 12 12 12 12 12 12 12 12 12 12 12 12 12 12 12 12 12 12 11 11 11 11 11 11 11 11 11 11
[LEVELS] 4/6
[STATE] NOT_FINISHED
[AVAILABLE] ACTION6
[DIFF] 37 cells: (30,44) 15>14; (31,44) 15>14; (32,44) 15>14; (33,44) 15>14; (34,44) 15>14; (35,44) 15>14; (30,45) 15>14; (31,45) 15>14; (32,45) 15>14; (33,45) 15>14; (34,45) 15>14; (35,45) 15>14; (30,46) 15>14; (31,46) 15>14; (32,46) 15>14; (33,46) 15>14; (34,46) 15>14; (35,46) 15>14; (30,47) 15>14; (31,47) 15>14; (32,47) 15>14; (33,47) 15>14; (34,47) 15>14; (35,47) 15>14; (30,48) 15>14; (31,48) 15>14; (32,48) 15>14; (33,48) 15>14; (34,48) 15>14; (35,48) 15>14; (30,49) 15>14; (31,49) 15>14; (32,49) 15>14; (33,49) 15>14; (34,49) 15>14; (35,49) 15>14; (54,63) 12>11

[STEP 61]
[ACTION] ACTION6 x=48 y=46
[BOARD] 1/1 settled
4 4 4 4 4 4 4 4 4 4 4 4 4 4 4 4 4 4 4 4 4 4 4 4 4 4 4 4 4 4 4 4 4 4 4 4 4 4 4 4 4 4 4 4 4 4 4 4 4 4 4 4 4 4 14 14 14 14 4 4 4 4 4 4
4 4 4 4 4 4 4 4 4 4 4 4 4 4 4 4 4 4 4 4 4 4 4 4 4 4 4 4 4 4 4 4 4 4 4 4 4 4 4 4 4 4 4 4 4 4 4 4 4 4 4 4 4 4 14 14 14 14 4 4 4 4 4 4
4 4 4 4 4 4 4 4 4 4 4 4 4 4 4 4 4 4 4 4 4 4 4 4 4 4 4 4 4 4 4 4 4 4 4 4 4 4 4 4 4 4 4 4 4 4 4 4 4 4 4 4 4 4 14 14 14 14 4 4 4 4 4 4
4 4 4 4 4 4 4 4 4 4 4 4 4 4 4 4 4 4 4 4 4 4 4 4 4 4 4 4 4 4 4 4 4 4 4 4 4 4 4 4 4 4 4 4 4 4 4 4 4 4 4 4 4 4 14 14 14 14 4 4 4 4 4 4
4 4 4 4 4 4 4 4 4 4 4 4 4 4 3 3 3 3 3 3 4 4 14 14 14 14 14 14 4 4 15 15 15 15 15 15 4 4 4 4 4 4 4 4 4 4 4 4 4 4 4 4 4 4 15 15 15 15 4 4 4 4 4 4
4 4 4 4 4 4 4 4 4 4 4 4 4 4 3 3 3 3 3 3 4 4 14 14 14 14 14 14 4 4 15 15 15 15 15 15 4 4 4 4 4 4 4 4 4 4 4 4 4 4 4 4 4 4 15 15 15 15 4 4 4 4 4 4
4 4 4 4 4 4 4 4 4 4 4 4 4 4 3 3 14 14 0 0 4 4 14 14 14 14 14 14 4 4 15 15 15 15 15 15 4 4 4 4 4 4 4 4 4 4 4 4 4 4 4 4 4 4 15 15 15 15 4 4 4 4 4 4
4 4 4 4 4 4 4 4 4 4 4 4 4 4 3 3 14 14 0 0 4 4 14 14 14 14 14 14 4 4 15 15 15 15 15 15 4 4 4 4 4 4 4 4 4 4 4 4 4 4 4 4 4 4 15 15 15 15 4 4 4 4 4 4
4 4 4 4 4 4 4 4 4 4 4 4 4 4 3 3 0 0 2 2 4 4 14 14 14 14 14 14 4 4 15 15 15 15 15 15 4 4 4 4 4 4 4 4 4 4 4 4 4 4 4 4 4 4 4 4 4 4 4 4 4 4 4 4
4 4 4 4 4 4 4 4 4 4 4 4 4 4 3 3 0 0 2 2 4 4 14 14 14 14 14 14 4 4 15 15 15 15 15 15 4 4 4 4 4 4 4 4 4 4 4 4 4 4 4 4 4 4 4 4 4 4 4 4 4 4 4 4
4 4 4 4 4 4 4 4 4 4 4 4 4 4 4 4 4 4 4 4 4 4 4 4 4 4 4 4 4 4 4 4 4 4 4 4 4 4 4 4 4 4 4 4 4 4 4 4 4 4 4 4 4 4 4 4 4 4 4 4 4 4 4 4
4 4 4 4 4 4 4 4 4 4 4 4 4 4 4 4 4 4 4 4 4 4 4 4 4 4 4 4 4 4 4 4 4 4 4 4 4 4 4 4 4 4 4 4 4 4 4 4 4 4 4 4 4 4 4 4 4 4 4 4 4 4 4 4
4 4 4 4 4 4 4 4 4 4 4 4 4 4 14 14 14 14 14 14 4 4 15 15 6 6 15 15 4 4 14 14 14 14 14 14 4 4 0 0 3 3 3 3 4 4 4 4 4 4 4 4 4 4 4 4 4 4 4 4 4 4 4 4
4 4 4 4 4 4 4 4 4 4 4 4 4 4 14 14 14 14 14 14 4 4 15 15 6 6 15 15 4 4 14 14 14 14 14 14 4 4 0 0 3 3 3 3 4 4 4 4 4 4 4 4 4 4 4 4 4 4 4 4 4 4 4 4
4 4 4 4 4 4 4 4 4 4 4 4 4 4 14 14 14 14 14 14 4 4 6 6 15 15 6 6 4 4 14 14 14 14 14 14 4 4 2 2 15 15 3 3 4 4 4 4 4 4 4 4 4 4 4 4 4 4 4 4 4 4 4 4
4 4 4 4 4 4 4 4 4 4 4 4 4 4 14 14 14 14 14 14 4 4 6 6 15 15 6 6 4 4 14 14 14 14 14 14 4 4 2 2 15 15 3 3 4 4 4 4 4 4 4 4 4 4 4 4 4 4 4 4 4 4 4 4
4 4 4 4 4 4 4 4 4 4 4 4 4 4 14 14 14 14 14 14 4 4 15 15 6 6 15 15 4 4 14 14 14 14 14 14 4 4 0 0 2 2 0 0 4 4 4 4 4 4 4 4 4 4 4 4 4 4 4 4 4 4 4 4
4 4 4 4 4 4 4 4 4 4 4 4 4 4 14 14 14 14 14 14 4 4 15 15 6 6 15 15 4 4 14 14 14 14 14 14 4 4 0 0 2 2 0 0 4 4 4 4 4 4 4 4 4 4 4 4 4 4 4 4 4 4 4 4
4 4 4 4 4 4 4 4 4 4 4 4 4 4 4 4 4 4 4 4 4 4 4 4 4 4 4 4 4 4 4 4 4 4 4 4 4 4 4 4 4 4 4 4 4 4 4 4 4 4 4 4 4 4 4 4 4 4 4 4 4 4 4 4
4 4 4 4 4 4 4 4 4 4 4 4 4 4 4 4 4 4 4 4 4 4 4 4 4 4 4 4 4 4 4 4 4 4 4 4 4 4 4 4 4 4 4 4 4 4 4 4 4 4 4 4 4 4 4 4 4 4 4 4 4 4 4 4
4 4 4 4 4 4 14 14 14 14 14 14 4 4 15 15 15 15 15 15 4 4 14 14 14 14 14 14 4 4 15 15 15 15 15 15 4 4 14 14 14 14 14 14 4 4 15 15 15 15 15 15 4 4 14 14 14 14 14 14 4 4 4 4
4 4 4 4 4 4 14 14 14 14 14 14 4 4 15 15 15 15 15 15 4 4 14 14 14 14 14 14 4 4 15 15 15 15 15 15 4 4 14 14 14 14 14 14 4 4 15 15 15 15 15 15 4 4 14 14 14 14 14 14 4 4 4 4
4 4 4 4 4 4 14 14 14 14 14 14 4 4 15 15 15 15 15 15 4 4 14 14 14 14 14 14 4 4 15 15 15 15 15 15 4 4 14 14 14 14 14 14 4 4 15 15 15 15 15 15 4 4 14 14 14 14 14 14 4 4 4 4
4 4 4 4 4 4 14 14 14 14 14 14 4 4 15 15 15 15 15 15 4 4 14 14 14 14 14 14 4 4 15 15 15 15 15 15 4 4 14 14 14 14 14 14 4 4 15 15 15 15 15 15 4 4 14 14 14 14 14 14 4 4 4 4
4 4 4 4 4 4 14 14 14 14 14 14 4 4 15 15 15 15 15 15 4 4 14 14 14 14 14 14 4 4 15 15 15 15 15 15 4 4 14 14 14 14 14 14 4 4 15 15 15 15 15 15 4 4 14 14 14 14 14 14 4 4 4 4
4 4 4 4 4 4 14 14 14 14 14 14 4 4 15 15 15 15 15 15 4 4 14 14 14 14 14 14 4 4 15 15 15 15 15 15 4 4 14 14 14 14 14 14 4 4 15 15 15 15 15 15 4 4 14 14 14 14 14 14 4 4 4 4
4 4 4 4 4 4 4 4 4 4 4 4 4 4 4 4 4 4 4 4 4 4 4 4 4 4 4 4 4 4 4 4 4 4 4 4 4 4 4 4 4 4 4 4 4 4 4 4 4 4 4 4 4 4 4 4 4 4 4 4 4 4 4 4
4 4 4 4 4 4 4 4 4 4 4 4 4 4 4 4 4 4 4 4 4 4 4 4 4 4 4 4 4 4 4 4 4 4 4 4 4 4 4 4 4 4 4 4 4 4 4 4 4 4 4 4 4 4 4 4 4 4 4 4 4 4 4 4
4 4 4 4 4 4 3 3 2 2 0 0 4 4 14 14 14 14 14 14 4 4 15 15 6 6 15 15 4 4 14 14 14 14 14 14 4 4 2 2 0 0 2 2 4 4 14 14 14 14 14 14 4 4 2 2 0 0 3 3 4 4 4 4
4 4 4 4 4 4 3 3 2 2 0 0 4 4 14 14 14 14 14 14 4 4 15 15 6 6 15 15 4 4 14 14 14 14 14 14 4 4 2 2 0 0 2 2 4 4 14 14 14 14 14 14 4 4 2 2 0 0 3 3 4 4 4 4
4 4 4 4 4 4 3 3 15 15 2 2 4 4 14 14 14 14 14 14 4 4 6 6 15 15 6 6 4 4 14 14 14 14 14 14 4 4 0 0 14 14 0 0 4 4 14 14 14 14 14 14 4 4 0 0 14 14 3 3 4 4 4 4
4 4 4 4 4 4 3 3 15 15 2 2 4 4 14 14 14 14 14 14 4 4 6 6 15 15 6 6 4 4 14 14 14 14 14 14 4 4 0 0 14 14 0 0 4 4 14 14 14 14 14 14 4 4 0 0 14 14 3 3 4 4 4 4
4 4 4 4 4 4 3 3 2 2 0 0 4 4 14 14 14 14 14 14 4 4 15 15 6 6 15 15 4 4 14 14 14 14 14 14 4 4 2 2 0 0 2 2 4 4 14 14 14 14 14 14 4 4 2 2 0 0 3 3 4 4 4 4
4 4 4 4 4 4 3 3 2 2 0 0 4 4 14 14 14 14 14 14 4 4 15 15 6 6 15 15 4 4 14 14 14 14 14 14 4 4 2 2 0 0 2 2 4 4 14 14 14 14 14 14 4 4 2 2 0 0 3 3 4 4 4 4
4 4 4 4 4 4 4 4 4 4 4 4 4 4 4 4 4 4 4 4 4 4 4 4 4 4 4 4 4 4 4 4 4 4 4 4 4 4 4 4 4 4 4 4 4 4 4 4 4 4 4 4 4 4 4 4 4 4 4 4 4 4 4 4
4 4 4 4 4 4 4 4 4 4 4 4 4 4 4 4 4 4 4 4 4 4 4 4 4 4 4 4 4 4 4 4 4 4 4 4 4 4 4 4 4 4 4 4 4 4 4 4 4 4 4 4 4 4 4 4 4 4 4 4 4 4 4 4
4 4 4 4 4 4 14 14 14 14 14 14 4 4 15 15 15 15 15 15 4 4 0 0 2 2 0 0 4 4 15 15 15 15 15 15 4 4 14 14 14 14 14 14 4 4 15 15 15 15 15 15 4 4 14 14 14 14 14 14 4 4 4 4
4 4 4 4 4 4 14 14 14 14 14 14 4 4 15 15 15 15 15 15 4 4 0 0 2 2 0 0 4 4 15 15 15 15 15 15 4 4 14 14 14 14 14 14 4 4 15 15 15 15 15 15 4 4 14 14 14 14 14 14 4 4 4 4
4 4 4 4 4 4 14 14 14 14 14 14 4 4 15 15 15 15 15 15 4 4 2 2 14 14 2 2 4 4 15 15 15 15 15 15 4 4 14 14 14 14 14 14 4 4 15 15 15 15 15 15 4 4 14 14 14 14 14 14 4 4 4 4
4 4 4 4 4 4 14 14 14 14 14 14 4 4 15 15 15 15 15 15 4 4 2 2 14 14 2 2 4 4 15 15 15 15 15 15 4 4 14 14 14 14 14 14 4 4 15 15 15 15 15 15 4 4 14 14 14 14 14 14 4 4 4 4
4 4 4 4 4 4 14 14 14 14 14 14 4 4 15 15 15 15 15 15 4 4 0 0 3 3 0 0 4 4 15 15 15 15 15 15 4 4 14 14 14 14 14 14 4 4 15 15 15 15 15 15 4 4 14 14 14 14 14 14 4 4 4 4
4 4 4 4 4 4 14 14 14 14 14 14 4 4 15 15 15 15 15 15 4 4 0 0 3 3 0 0 4 4 15 15 15 15 15 15 4 4 14 14 14 14 14 14 4 4 15 15 15 15 15 15 4 4 14 14 14 14 14 14 4 4 4 4
4 4 4 4 4 4 4 4 4 4 4 4 4 4 4 4 4 4 4 4 4 4 4 4 4 4 4 4 4 4 4 4 4 4 4 4 4 4 4 4 4 4 4 4 4 4 4 4 4 4 4 4 4 4 4 4 4 4 4 4 4 4 4 4
4 4 4 4 4 4 4 4 4 4 4 4 4 4 4 4 4 4 4 4 4 4 4 4 4 4 4 4 4 4 4 4 4 4 4 4 4 4 4 4 4 4 4 4 4 4 4 4 4 4 4 4 4 4 4 4 4 4 4 4 4 4 4 4
4 4 4 4 4 4 4 4 4 4 4 4 4 4 14 14 14 14 14 14 4 4 2 2 3 3 2 2 4 4 14 14 14 14 14 14 4 4 15 15 6 6 15 15 4 4 14 14 14 14 14 14 4 4 4 4 4 4 4 4 4 4 4 4
4 4 4 4 4 4 4 4 4 4 4 4 4 4 14 14 14 14 14 14 4 4 2 2 3 3 2 2 4 4 14 14 14 14 14 14 4 4 15 15 6 6 15 15 4 4 14 14 14 14 14 14 4 4 4 4 4 4 4 4 4 4 4 4
4 4 4 4 4 4 4 4 4 4 4 4 4 4 14 14 14 14 14 14 4 4 0 0 14 14 0 0 4 4 14 14 14 14 14 14 4 4 6 6 15 15 6 6 4 4 14 14 14 14 14 14 4 4 4 4 4 4 4 4 4 4 4 4
4 4 4 4 4 4 4 4 4 4 4 4 4 4 14 14 14 14 14 14 4 4 0 0 14 14 0 0 4 4 14 14 14 14 14 14 4 4 6 6 15 15 6 6 4 4 14 14 14 14 14 14 4 4 4 4 4 4 4 4 4 4 4 4
4 4 4 4 4 4 4 4 4 4 4 4 4 4 14 14 14 14 14 14 4 4 2 2 0 0 2 2 4 4 14 14 14 14 14 14 4 4 15 15 6 6 15 15 4 4 14 14 14 14 14 14 4 4 4 4 4 4 4 4 4 4 4 4
4 4 4 4 4 4 4 4 4 4 4 4 4 4 14 14 14 14 14 14 4 4 2 2 0 0 2 2 4 4 14 14 14 14 14 14 4 4 15 15 6 6 15 15 4 4 14 14 14 14 14 14 4 4 4 4 4 4 4 4 4 4 4 4
4 4 4 4 4 4 4 4 4 4 4 4 4 4 4 4 4 4 4 4 4 4 4 4 4 4 4 4 4 4 4 4 4 4 4 4 4 4 4 4 4 4 4 4 4 4 4 4 4 4 4 4 4 4 4 4 4 4 4 4 4 4 4 4
4 4 4 4 4 4 4 4 4 4 4 4 4 4 4 4 4 4 4 4 4 4 4 4 4 4 4 4 4 4 4 4 4 4 4 4 4 4 4 4 4 4 4 4 4 4 4 4 4 4 4 4 4 4 4 4 4 4 4 4 4 4 4 4
4 4 4 4 4 4 4 4 4 4 4 4 4 4 15 15 15 15 15 15 4 4 14 14 14 14 14 14 4 4 15 15 15 15 15 15 4 4 15 15 15 15 15 15 4 4 2 2 0 0 3 3 4 4 4 4 4 4 4 4 4 4 4 4
4 4 4 4 4 4 4 4 4 4 4 4 4 4 15 15 15 15 15 15 4 4 14 14 14 14 14 14 4 4 15 15 15 15 15 15 4 4 15 15 15 15 15 15 4 4 2 2 0 0 3 3 4 4 4 4 4 4 4 4 4 4 4 4
4 4 4 4 4 4 4 4 4 4 4 4 4 4 15 15 15 15 15 15 4 4 14 14 14 14 14 14 4 4 15 15 15 15 15 15 4 4 15 15 15 15 15 15 4 4 0 0 14 14 3 3 4 4 4 4 4 4 4 4 4 4 4 4
4 4 4 4 4 4 4 4 4 4 4 4 4 4 15 15 15 15 15 15 4 4 14 14 14 14 14 14 4 4 15 15 15 15 15 15 4 4 15 15 15 15 15 15 4 4 0 0 14 14 3 3 4 4 4 4 4 4 4 4 4 4 4 4
4 4 4 4 4 4 4 4 4 4 4 4 4 4 15 15 15 15 15 15 4 4 14 14 14 14 14 14 4 4 15 15 15 15 15 15 4 4 15 15 15 15 15 15 4 4 3 3 3 3 3 3 4 4 4 4 4 4 4 4 4 4 4 4
4 4 4 4 4 4 4 4 4 4 4 4 4 4 15 15 15 15 15 15 4 4 14 14 14 14 14 14 4 4 15 15 15 15 15 15 4 4 15 15 15 15 15 15 4 4 3 3 3 3 3 3 4 4 4 4 4 4 4 4 4 4 4 4
4 4 4 4 4 4 4 4 4 4 4 4 4 4 4 4 4 4 4 4 4 4 4 4 4 4 4 4 4 4 4 4 4 4 4 4 4 4 4 4 4 4 4 4 4 4 4 4 4 4 4 4 4 4 4 4 4 4 4 4 4 4 4 4
4 4 4 4 4 4 4 4 4 4 4 4 4 4 4 4 4 4 4 4 4 4 4 4 4 4 4 4 4 4 4 4 4 4 4 4 4 4 4 4 4 4 4 4 4 4 4 4 4 4 4 4 4 4 4 4 4 4 4 4 4 4 4 4
4 4 4 4 4 4 4 4 4 4 4 4 4 4 4 4 4 4 4 4 4 4 4 4 4 4 4 4 4 4 4 4 4 4 4 4 4 4 4 4 4 4 4 4 4 4 4 4 4 4 4 4 4 4 4 4 4 4 4 4 4 4 4 4
4 4 4 4 4 4 4 4 4 4 4 4 4 4 4 4 4 4 4 4 4 4 4 4 4 4 4 4 4 4 4 4 4 4 4 4 4 4 4 4 4 4 4 4 4 4 4 4 4 4 4 4 4 4 4 4 4 4 4 4 4 4 4 4
4 4 4 4 4 4 4 4 4 4 4 4 4 4 4 4 4 4 4 4 4 4 4 4 4 4 4 4 4 4 4 4 4 4 4 4 4 4 4 4 4 4 4 4 4 4 4 4 4 4 4 4 4 4 4 4 4 4 4 4 4 4 4 4
12 12 12 12 12 12 12 12 12 12 12 12 12 12 12 12 12 12 12 12 12 12 12 12 12 12 12 12 12 12 12 12 12 12 12 12 12 12 12 12 12 12 12 12 12 12 12 12 12 12 12 12 12 12 11 11 11 11 11 11 11 11 11 11
[LEVELS] 4/6
[STATE] NOT_FINISHED
[AVAILABLE] ACTION6
[DIFF] 36 cells: (46,44) 15>14; (47,44) 15>14; (48,44) 15>14; (49,44) 15>14; (50,44) 15>14; (51,44) 15>14; (46,45) 15>14; (47,45) 15>14; (48,45) 15>14; (49,45) 15>14; (50,45) 15>14; (51,45) 15>14; (46,46) 15>14; (47,46) 15>14; (48,46) 15>14; (49,46) 15>14; (50,46) 15>14; (51,46) 15>14; (46,47) 15>14; (47,47) 15>14; (48,47) 15>14; (49,47) 15>14; (50,47) 15>14; (51,47) 15>14; (46,48) 15>14; (47,48) 15>14; (48,48) 15>14; (49,48) 15>14; (50,48) 15>14; (51,48) 15>14; (46,49) 15>14; (47,49) 15>14; (48,49) 15>14; (49,49) 15>14; (50,49) 15>14; (51,49) 15>14

[STEP 62]
[ACTION] ACTION6 x=40 y=54
[BOARD] 1/2 intermediate
4 4 4 4 4 4 4 4 4 4 4 4 4 4 4 4 4 4 4 4 4 4 4 4 4 4 4 4 4 4 4 4 4 4 4 4 4 4 4 4 4 4 4 4 4 4 4 4 4 4 4 4 4 4 14 14 14 14 4 4 4 4 4 4
4 4 4 4 4 4 4 4 4 4 4 4 4 4 4 4 4 4 4 4 4 4 4 4 4 4 4 4 4 4 4 4 4 4 4 4 4 4 4 4 4 4 4 4 4 4 4 4 4 4 4 4 4 4 14 14 14 14 4 4 4 4 4 4
4 4 4 4 4 4 4 4 4 4 4 4 4 4 4 4 4 4 4 4 4 4 4 4 4 4 4 4 4 4 4 4 4 4 4 4 4 4 4 4 4 4 4 4 4 4 4 4 4 4 4 4 4 4 14 14 14 14 4 4 4 4 4 4
4 4 4 4 4 4 4 4 4 4 4 4 4 4 4 4 4 4 4 4 4 4 4 4 4 4 4 4 4 4 4 4 4 4 4 4 4 4 4 4 4 4 4 4 4 4 4 4 4 4 4 4 4 4 14 14 14 14 4 4 4 4 4 4
4 4 4 4 4 4 4 4 4 4 4 4 4 4 3 3 3 3 3 3 4 4 14 14 14 14 14 14 4 4 15 15 15 15 15 15 4 4 4 4 4 4 4 4 4 4 4 4 4 4 4 4 4 4 15 15 15 15 4 4 4 4 4 4
4 4 4 4 4 4 4 4 4 4 4 4 4 4 3 3 3 3 3 3 4 4 14 14 14 14 14 14 4 4 15 15 15 15 15 15 4 4 4 4 4 4 4 4 4 4 4 4 4 4 4 4 4 4 15 15 15 15 4 4 4 4 4 4
4 4 4 4 4 4 4 4 4 4 4 4 4 4 3 3 14 14 0 0 4 4 14 14 14 14 14 14 4 4 15 15 15 15 15 15 4 4 4 4 4 4 4 4 4 4 4 4 4 4 4 4 4 4 15 15 15 15 4 4 4 4 4 4
4 4 4 4 4 4 4 4 4 4 4 4 4 4 3 3 14 14 0 0 4 4 14 14 14 14 14 14 4 4 15 15 15 15 15 15 4 4 4 4 4 4 4 4 4 4 4 4 4 4 4 4 4 4 15 15 15 15 4 4 4 4 4 4
4 4 4 4 4 4 4 4 4 4 4 4 4 4 3 3 0 0 2 2 4 4 14 14 14 14 14 14 4 4 15 15 15 15 15 15 4 4 4 4 4 4 4 4 4 4 4 4 4 4 4 4 4 4 4 4 4 4 4 4 4 4 4 4
4 4 4 4 4 4 4 4 4 4 4 4 4 4 3 3 0 0 2 2 4 4 14 14 14 14 14 14 4 4 15 15 15 15 15 15 4 4 4 4 4 4 4 4 4 4 4 4 4 4 4 4 4 4 4 4 4 4 4 4 4 4 4 4
4 4 4 4 4 4 4 4 4 4 4 4 4 4 4 4 4 4 4 4 4 4 4 4 4 4 4 4 4 4 4 4 4 4 4 4 4 4 4 4 4 4 4 4 4 4 4 4 4 4 4 4 4 4 4 4 4 4 4 4 4 4 4 4
4 4 4 4 4 4 4 4 4 4 4 4 4 4 4 4 4 4 4 4 4 4 4 4 4 4 4 4 4 4 4 4 4 4 4 4 4 4 4 4 4 4 4 4 4 4 4 4 4 4 4 4 4 4 4 4 4 4 4 4 4 4 4 4
4 4 4 4 4 4 4 4 4 4 4 4 4 4 14 14 14 14 14 14 4 4 15 15 6 6 15 15 4 4 14 14 14 14 14 14 4 4 0 0 3 3 3 3 4 4 4 4 4 4 4 4 4 4 4 4 4 4 4 4 4 4 4 4
4 4 4 4 4 4 4 4 4 4 4 4 4 4 14 14 14 14 14 14 4 4 15 15 6 6 15 15 4 4 14 14 14 14 14 14 4 4 0 0 3 3 3 3 4 4 4 4 4 4 4 4 4 4 4 4 4 4 4 4 4 4 4 4
4 4 4 4 4 4 4 4 4 4 4 4 4 4 14 14 14 14 14 14 4 4 6 6 15 15 6 6 4 4 14 14 14 14 14 14 4 4 2 2 15 15 3 3 4 4 4 4 4 4 4 4 4 4 4 4 4 4 4 4 4 4 4 4
4 4 4 4 4 4 4 4 4 4 4 4 4 4 14 14 14 14 14 14 4 4 6 6 15 15 6 6 4 4 14 14 14 14 14 14 4 4 2 2 15 15 3 3 4 4 4 4 4 4 4 4 4 4 4 4 4 4 4 4 4 4 4 4
4 4 4 4 4 4 4 4 4 4 4 4 4 4 14 14 14 14 14 14 4 4 15 15 6 6 15 15 4 4 14 14 14 14 14 14 4 4 0 0 2 2 0 0 4 4 4 4 4 4 4 4 4 4 4 4 4 4 4 4 4 4 4 4
4 4 4 4 4 4 4 4 4 4 4 4 4 4 14 14 14 14 14 14 4 4 15 15 6 6 15 15 4 4 14 14 14 14 14 14 4 4 0 0 2 2 0 0 4 4 4 4 4 4 4 4 4 4 4 4 4 4 4 4 4 4 4 4
4 4 4 4 4 4 4 4 4 4 4 4 4 4 4 4 4 4 4 4 4 4 4 4 4 4 4 4 4 4 4 4 4 4 4 4 4 4 4 4 4 4 4 4 4 4 4 4 4 4 4 4 4 4 4 4 4 4 4 4 4 4 4 4
4 4 4 4 4 4 4 4 4 4 4 4 4 4 4 4 4 4 4 4 4 4 4 4 4 4 4 4 4 4 4 4 4 4 4 4 4 4 4 4 4 4 4 4 4 4 4 4 4 4 4 4 4 4 4 4 4 4 4 4 4 4 4 4
4 4 4 4 4 4 14 14 14 14 14 14 4 4 15 15 15 15 15 15 4 4 14 14 14 14 14 14 4 4 15 15 15 15 15 15 4 4 14 14 14 14 14 14 4 4 15 15 15 15 15 15 4 4 14 14 14 14 14 14 4 4 4 4
4 4 4 4 4 4 14 14 14 14 14 14 4 4 15 15 15 15 15 15 4 4 14 14 14 14 14 14 4 4 15 15 15 15 15 15 4 4 14 14 14 14 14 14 4 4 15 15 15 15 15 15 4 4 14 14 14 14 14 14 4 4 4 4
4 4 4 4 4 4 14 14 14 14 14 14 4 4 15 15 15 15 15 15 4 4 14 14 14 14 14 14 4 4 15 15 15 15 15 15 4 4 14 14 14 14 14 14 4 4 15 15 15 15 15 15 4 4 14 14 14 14 14 14 4 4 4 4
4 4 4 4 4 4 14 14 14 14 14 14 4 4 15 15 15 15 15 15 4 4 14 14 14 14 14 14 4 4 15 15 15 15 15 15 4 4 14 14 14 14 14 14 4 4 15 15 15 15 15 15 4 4 14 14 14 14 14 14 4 4 4 4
4 4 4 4 4 4 14 14 14 14 14 14 4 4 15 15 15 15 15 15 4 4 14 14 14 14 14 14 4 4 15 15 15 15 15 15 4 4 14 14 14 14 14 14 4 4 15 15 15 15 15 15 4 4 14 14 14 14 14 14 4 4 4 4
4 4 4 4 4 4 14 14 14 14 14 14 4 4 15 15 15 15 15 15 4 4 14 14 14 14 14 14 4 4 15 15 15 15 15 15 4 4 14 14 14 14 14 14 4 4 15 15 15 15 15 15 4 4 14 14 14 14 14 14 4 4 4 4
4 4 4 4 4 4 4 4 4 4 4 4 4 4 4 4 4 4 4 4 4 4 4 4 4 4 4 4 4 4 4 4 4 4 4 4 4 4 4 4 4 4 4 4 4 4 4 4 4 4 4 4 4 4 4 4 4 4 4 4 4 4 4 4
4 4 4 4 4 4 4 4 4 4 4 4 4 4 4 4 4 4 4 4 4 4 4 4 4 4 4 4 4 4 4 4 4 4 4 4 4 4 4 4 4 4 4 4 4 4 4 4 4 4 4 4 4 4 4 4 4 4 4 4 4 4 4 4
4 4 4 4 4 4 3 3 2 2 0 0 4 4 14 14 14 14 14 14 4 4 15 15 6 6 15 15 4 4 14 14 14 14 14 14 4 4 2 2 0 0 2 2 4 4 14 14 14 14 14 14 4 4 2 2 0 0 3 3 4 4 4 4
4 4 4 4 4 4 3 3 2 2 0 0 4 4 14 14 14 14 14 14 4 4 15 15 6 6 15 15 4 4 14 14 14 14 14 14 4 4 2 2 0 0 2 2 4 4 14 14 14 14 14 14 4 4 2 2 0 0 3 3 4 4 4 4
4 4 4 4 4 4 3 3 15 15 2 2 4 4 14 14 14 14 14 14 4 4 6 6 15 15 6 6 4 4 14 14 14 14 14 14 4 4 0 0 14 14 0 0 4 4 14 14 14 14 14 14 4 4 0 0 14 14 3 3 4 4 4 4
4 4 4 4 4 4 3 3 15 15 2 2 4 4 14 14 14 14 14 14 4 4 6 6 15 15 6 6 4 4 14 14 14 14 14 14 4 4 0 0 14 14 0 0 4 4 14 14 14 14 14 14 4 4 0 0 14 14 3 3 4 4 4 4
4 4 4 4 4 4 3 3 2 2 0 0 4 4 14 14 14 14 14 14 4 4 15 15 6 6 15 15 4 4 14 14 14 14 14 14 4 4 2 2 0 0 2 2 4 4 14 14 14 14 14 14 4 4 2 2 0 0 3 3 4 4 4 4
4 4 4 4 4 4 3 3 2 2 0 0 4 4 14 14 14 14 14 14 4 4 15 15 6 6 15 15 4 4 14 14 14 14 14 14 4 4 2 2 0 0 2 2 4 4 14 14 14 14 14 14 4 4 2 2 0 0 3 3 4 4 4 4
4 4 4 4 4 4 4 4 4 4 4 4 4 4 4 4 4 4 4 4 4 4 4 4 4 4 4 4 4 4 4 4 4 4 4 4 4 4 4 4 4 4 4 4 4 4 4 4 4 4 4 4 4 4 4 4 4 4 4 4 4 4 4 4
4 4 4 4 4 4 4 4 4 4 4 4 4 4 4 4 4 4 4 4 4 4 4 4 4 4 4 4 4 4 4 4 4 4 4 4 4 4 4 4 4 4 4 4 4 4 4 4 4 4 4 4 4 4 4 4 4 4 4 4 4 4 4 4
4 4 4 4 4 4 14 14 14 14 14 14 4 4 15 15 15 15 15 15 4 4 0 0 2 2 0 0 4 4 15 15 15 15 15 15 4 4 14 14 14 14 14 14 4 4 15 15 15 15 15 15 4 4 14 14 14 14 14 14 4 4 4 4
4 4 4 4 4 4 14 14 14 14 14 14 4 4 15 15 15 15 15 15 4 4 0 0 2 2 0 0 4 4 15 15 15 15 15 15 4 4 14 14 14 14 14 14 4 4 15 15 15 15 15 15 4 4 14 14 14 14 14 14 4 4 4 4
4 4 4 4 4 4 14 14 14 14 14 14 4 4 15 15 15 15 15 15 4 4 2 2 14 14 2 2 4 4 15 15 15 15 15 15 4 4 14 14 14 14 14 14 4 4 15 15 15 15 15 15 4 4 14 14 14 14 14 14 4 4 4 4
4 4 4 4 4 4 14 14 14 14 14 14 4 4 15 15 15 15 15 15 4 4 2 2 14 14 2 2 4 4 15 15 15 15 15 15 4 4 14 14 14 14 14 14 4 4 15 15 15 15 15 15 4 4 14 14 14 14 14 14 4 4 4 4
4 4 4 4 4 4 14 14 14 14 14 14 4 4 15 15 15 15 15 15 4 4 0 0 3 3 0 0 4 4 15 15 15 15 15 15 4 4 14 14 14 14 14 14 4 4 15 15 15 15 15 15 4 4 14 14 14 14 14 14 4 4 4 4
4 4 4 4 4 4 14 14 14 14 14 14 4 4 15 15 15 15 15 15 4 4 0 0 3 3 0 0 4 4 15 15 15 15 15 15 4 4 14 14 14 14 14 14 4 4 15 15 15 15 15 15 4 4 14 14 14 14 14 14 4 4 4 4
4 4 4 4 4 4 4 4 4 4 4 4 4 4 4 4 4 4 4 4 4 4 4 4 4 4 4 4 4 4 4 4 4 4 4 4 4 4 4 4 4 4 4 4 4 4 4 4 4 4 4 4 4 4 4 4 4 4 4 4 4 4 4 4
4 4 4 4 4 4 4 4 4 4 4 4 4 4 4 4 4 4 4 4 4 4 4 4 4 4 4 4 4 4 4 4 4 4 4 4 4 4 4 4 4 4 4 4 4 4 4 4 4 4 4 4 4 4 4 4 4 4 4 4 4 4 4 4
4 4 4 4 4 4 4 4 4 4 4 4 4 4 14 14 14 14 14 14 4 4 2 2 3 3 2 2 4 4 14 14 14 14 14 14 4 4 15 15 6 6 15 15 4 4 14 14 14 14 14 14 4 4 4 4 4 4 4 4 4 4 4 4
4 4 4 4 4 4 4 4 4 4 4 4 4 4 14 14 14 14 14 14 4 4 2 2 3 3 2 2 4 4 14 14 14 14 14 14 4 4 15 15 6 6 15 15 4 4 14 14 14 14 14 14 4 4 4 4 4 4 4 4 4 4 4 4
4 4 4 4 4 4 4 4 4 4 4 4 4 4 14 14 14 14 14 14 4 4 0 0 14 14 0 0 4 4 14 14 14 14 14 14 4 4 6 6 15 15 6 6 4 4 14 14 14 14 14 14 4 4 4 4 4 4 4 4 4 4 4 4
4 4 4 4 4 4 4 4 4 4 4 4 4 4 14 14 14 14 14 14 4 4 0 0 14 14 0 0 4 4 14 14 14 14 14 14 4 4 6 6 15 15 6 6 4 4 14 14 14 14 14 14 4 4 4 4 4 4 4 4 4 4 4 4
4 4 4 4 4 4 4 4 4 4 4 4 4 4 14 14 14 14 14 14 4 4 2 2 0 0 2 2 4 4 14 14 14 14 14 14 4 4 15 15 6 6 15 15 4 4 14 14 14 14 14 14 4 4 4 4 4 4 4 4 4 4 4 4
4 4 4 4 4 4 4 4 4 4 4 4 4 4 14 14 14 14 14 14 4 4 2 2 0 0 2 2 4 4 14 14 14 14 14 14 4 4 15 15 6 6 15 15 4 4 14 14 14 14 14 14 4 4 4 4 4 4 4 4 4 4 4 4
4 4 4 4 4 4 4 4 4 4 4 4 4 4 4 4 4 4 4 4 4 4 4 4 4 4 4 4 4 4 4 4 4 4 4 4 4 4 4 4 4 4 4 4 4 4 4 4 4 4 4 4 4 4 4 4 4 4 4 4 4 4 4 4
4 4 4 4 4 4 4 4 4 4 4 4 4 4 4 4 4 4 4 4 4 4 4 4 4 4 4 4 4 4 4 4 4 4 4 4 4 4 4 4 4 4 4 4 4 4 4 4 4 4 4 4 4 4 4 4 4 4 4 4 4 4 4 4
4 4 4 4 4 4 4 4 4 4 4 4 4 4 15 15 15 15 15 15 4 4 14 14 14 14 14 14 4 4 15 15 15 15 15 15 4 4 14 14 14 14 14 14 4 4 2 2 0 0 3 3 4 4 4 4 4 4 4 4 4 4 4 4
4 4 4 4 4 4 4 4 4 4 4 4 4 4 15 15 15 15 15 15 4 4 14 14 14 14 14 14 4 4 15 15 15 15 15 15 4 4 14 14 14 14 14 14 4 4 2 2 0 0 3 3 4 4 4 4 4 4 4 4 4 4 4 4
4 4 4 4 4 4 4 4 4 4 4 4 4 4 15 15 15 15 15 15 4 4 14 14 14 14 14 14 4 4 15 15 15 15 15 15 4 4 14 14 14 14 14 14 4 4 0 0 14 14 3 3 4 4 4 4 4 4 4 4 4 4 4 4
4 4 4 4 4 4 4 4 4 4 4 4 4 4 15 15 15 15 15 15 4 4 14 14 14 14 14 14 4 4 15 15 15 15 15 15 4 4 14 14 14 14 14 14 4 4 0 0 14 14 3 3 4 4 4 4 4 4 4 4 4 4 4 4
4 4 4 4 4 4 4 4 4 4 4 4 4 4 15 15 15 15 15 15 4 4 14 14 14 14 14 14 4 4 15 15 15 15 15 15 4 4 14 14 14 14 14 14 4 4 3 3 3 3 3 3 4 4 4 4 4 4 4 4 4 4 4 4
4 4 4 4 4 4 4 4 4 4 4 4 4 4 15 15 15 15 15 15 4 4 14 14 14 14 14 14 4 4 15 15 15 15 15 15 4 4 14 14 14 14 14 14 4 4 3 3 3 3 3 3 4 4 4 4 4 4 4 4 4 4 4 4
4 4 4 4 4 4 4 4 4 4 4 4 4 4 4 4 4 4 4 4 4 4 4 4 4 4 4 4 4 4 4 4 4 4 4 4 4 4 4 4 4 4 4 4 4 4 4 4 4 4 4 4 4 4 4 4 4 4 4 4 4 4 4 4
4 4 4 4 4 4 4 4 4 4 4 4 4 4 4 4 4 4 4 4 4 4 4 4 4 4 4 4 4 4 4 4 4 4 4 4 4 4 4 4 4 4 4 4 4 4 4 4 4 4 4 4 4 4 4 4 4 4 4 4 4 4 4 4
4 4 4 4 4 4 4 4 4 4 4 4 4 4 4 4 4 4 4 4 4 4 4 4 4 4 4 4 4 4 4 4 4 4 4 4 4 4 4 4 4 4 4 4 4 4 4 4 4 4 4 4 4 4 4 4 4 4 4 4 4 4 4 4
4 4 4 4 4 4 4 4 4 4 4 4 4 4 4 4 4 4 4 4 4 4 4 4 4 4 4 4 4 4 4 4 4 4 4 4 4 4 4 4 4 4 4 4 4 4 4 4 4 4 4 4 4 4 4 4 4 4 4 4 4 4 4 4
4 4 4 4 4 4 4 4 4 4 4 4 4 4 4 4 4 4 4 4 4 4 4 4 4 4 4 4 4 4 4 4 4 4 4 4 4 4 4 4 4 4 4 4 4 4 4 4 4 4 4 4 4 4 4 4 4 4 4 4 4 4 4 4
12 12 12 12 12 12 12 12 12 12 12 12 12 12 12 12 12 12 12 12 12 12 12 12 12 12 12 12 12 12 12 12 12 12 12 12 12 12 12 12 12 12 12 12 12 12 12 12 12 12 12 12 12 12 11 11 11 11 11 11 11 11 11 11
[BOARD] 2/2 settled
4 4 4 4 4 4 4 4 4 4 4 4 4 4 4 4 4 4 4 4 4 4 4 4 4 4 4 4 4 4 4 4 4 4 4 4 4 4 4 4 4 4 4 4 4 4 4 4 4 4 4 4 4 4 4 4 4 4 4 4 11 11 11 11
4 4 4 4 4 4 4 4 4 4 4 4 4 4 4 4 4 4 4 4 4 4 4 4 4 4 4 4 4 4 4 4 4 4 4 4 4 4 4 4 4 4 4 4 4 4 4 4 4 4 4 4 4 4 4 4 4 4 4 4 11 11 11 11
4 4 4 4 4 4 4 4 4 4 4 4 4 4 4 4 4 4 4 4 4 4 4 4 4 4 4 4 4 4 4 4 4 4 4 4 4 4 4 4 4 4 4 4 4 4 4 4 4 4 4 4 4 4 4 4 4 4 4 4 11 11 11 11
4 4 4 4 4 4 4 4 4 4 4 4 4 4 4 4 4 4 4 4 4 4 4 4 4 4 4 4 4 4 4 4 4 4 4 4 4 4 4 4 4 4 4 4 4 4 4 4 4 4 4 4 4 4 4 4 4 4 4 4 11 11 11 11
4 4 4 4 4 4 4 4 4 4 4 4 4 4 4 4 4 4 4 4 4 4 4 4 4 4 4 4 4 4 4 4 4 4 4 4 4 4 4 4 4 4 4 4 4 4 4 4 4 4 4 4 4 4 4 4 4 4 4 4 14 14 14 14
4 4 4 4 4 4 4 4 4 4 4 4 4 4 4 4 4 4 4 4 4 4 4 4 4 4 4 4 4 4 4 4 4 4 4 4 4 4 4 4 4 4 4 4 4 4 4 4 4 4 4 4 4 4 4 4 4 4 4 4 14 14 14 14
4 4 4 4 11 11 6 6 11 11 4 4 3 3 3 3 3 3 4 4 4 4 4 4 4 4 4 4 4 4 4 4 4 4 4 4 4 4 4 4 4 4 4 4 4 4 4 4 4 4 4 4 4 4 4 4 4 4 4 4 14 14 14 14
4 4 4 4 11 11 6 6 11 11 4 4 3 3 3 3 3 3 4 4 4 4 4 4 4 4 4 4 4 4 4 4 4 4 4 4 4 4 4 4 4 4 4 4 4 4 4 4 4 4 4 4 4 4 4 4 4 4 4 4 14 14 14 14
4 4 4 4 11 11 11 11 11 11 4 4 2 2 14 14 3 3 4 4 4 4 4 4 4 4 4 4 4 4 4 4 4 4 4 4 4 4 4 4 4 4 4 4 4 4 4 4 4 4 4 4 4 4 4 4 4 4 4 4 4 4 4 4
4 4 4 4 11 11 11 11 11 11 4 4 2 2 14 14 3 3 4 4 4 4 4 4 4 4 4 4 4 4 4 4 4 4 4 4 4 4 4 4 4 4 4 4 4 4 4 4 4 4 4 4 4 4 4 4 4 4 4 4 4 4 4 4
4 4 4 4 11 11 11 11 11 11 4 4 0 0 0 0 2 2 4 4 4 4 4 4 4 4 4 4 4 4 4 4 4 4 4 4 4 4 4 4 4 4 4 4 4 4 4 4 4 4 4 4 4 4 4 4 4 4 4 4 4 4 4 4
4 4 4 4 11 11 11 11 11 11 4 4 0 0 0 0 2 2 4 4 4 4 4 4 4 4 4 4 4 4 4 4 4 4 4 4 4 4 4 4 4 4 4 4 4 4 4 4 4 4 4 4 4 4 4 4 4 4 4 4 4 4 4 4
4 4 4 4 4 4 4 4 4 4 4 4 4 4 4 4 4 4 4 4 4 4 4 4 4 4 4 4 4 4 4 4 4 4 4 4 4 4 4 4 4 4 4 4 4 4 4 4 4 4 4 4 4 4 4 4 4 4 4 4 4 4 4 4
4 4 4 4 4 4 4 4 4 4 4 4 4 4 4 4 4 4 4 4 4 4 4 4 4 4 4 4 4 4 4 4 4 4 4 4 4 4 4 4 4 4 4 4 4 4 4 4 4 4 4 4 4 4 4 4 4 4 4 4 4 4 4 4
4 4 4 4 11 11 6 6 11 11 4 4 11 11 6 6 11 11 4 4 11 11 6 6 11 11 4 4 11 11 6 6 11 11 4 4 11 11 6 6 11 11 4 4 11 11 6 6 11 11 4 4 4 4 4 4 4 4 4 4 4 4 4 4
4 4 4 4 11 11 6 6 11 11 4 4 11 11 6 6 11 11 4 4 11 11 6 6 11 11 4 4 11 11 6 6 11 11 4 4 11 11 6 6 11 11 4 4 11 11 6 6 11 11 4 4 4 4 4 4 4 4 4 4 4 4 4 4
4 4 4 4 11 11 11 11 11 11 4 4 11 11 11 11 11 11 4 4 11 11 11 11 11 11 4 4 11 11 11 11 11 11 4 4 11 11 11 11 11 11 4 4 11 11 11 11 11 11 4 4 4 4 4 4 4 4 4 4 4 4 4 4
4 4 4 4 11 11 11 11 11 11 4 4 11 11 11 11 11 11 4 4 11 11 11 11 11 11 4 4 11 11 11 11 11 11 4 4 11 11 11 11 11 11 4 4 11 11 11 11 11 11 4 4 4 4 4 4 4 4 4 4 4 4 4 4
4 4 4 4 11 11 11 11 11 11 4 4 11 11 11 11 11 11 4 4 11 11 11 11 11 11 4 4 11 11 11 11 11 11 4 4 11 11 11 11 11 11 4 4 11 11 11 11 11 11 4 4 4 4 4 4 4 4 4 4 4 4 4 4
4 4 4 4 11 11 11 11 11 11 4 4 11 11 11 11 11 11 4 4 11 11 11 11 11 11 4 4 11 11 11 11 11 11 4 4 11 11 11 11 11 11 4 4 11 11 11 11 11 11 4 4 4 4 4 4 4 4 4 4 4 4 4 4
4 4 4 4 4 4 4 4 4 4 4 4 4 4 4 4 4 4 4 4 4 4 4 4 4 4 4 4 4 4 4 4 4 4 4 4 4 4 4 4 4 4 4 4 4 4 4 4 4 4 4 4 4 4 4 4 4 4 4 4 4 4 4 4
4 4 4 4 4 4 4 4 4 4 4 4 4 4 4 4 4 4 4 4 4 4 4 4 4 4 4 4 4 4 4 4 4 4 4 4 4 4 4 4 4 4 4 4 4 4 4 4 4 4 4 4 4 4 4 4 4 4 4 4 4 4 4 4
4 4 4 4 4 4 4 4 4 4 4 4 11 11 6 6 11 11 4 4 11 11 6 6 11 11 4 4 11 11 6 6 11 11 4 4 2 2 0 0 2 2 4 4 11 11 6 6 11 11 4 4 4 4 4 4 4 4 4 4 4 4 4 4
4 4 4 4 4 4 4 4 4 4 4 4 11 11 6 6 11 11 4 4 11 11 6 6 11 11 4 4 11 11 6 6 11 11 4 4 2 2 0 0 2 2 4 4 11 11 6 6 11 11 4 4 4 4 4 4 4 4 4 4 4 4 4 4
4 4 4 4 4 4 4 4 4 4 4 4 11 11 11 11 11 11 4 4 11 11 11 11 11 11 4 4 11 11 11 11 11 11 4 4 0 0 14 14 0 0 4 4 11 11 11 11 11 11 4 4 4 4 4 4 4 4 4 4 4 4 4 4
4 4 4 4 4 4 4 4 4 4 4 4 11 11 11 11 11 11 4 4 11 11 11 11 11 11 4 4 11 11 11 11 11 11 4 4 0 0 14 14 0 0 4 4 11 11 11 11 11 11 4 4 4 4 4 4 4 4 4 4 4 4 4 4
4 4 4 4 4 4 4 4 4 4 4 4 11 11 11 11 11 11 4 4 11 11 11 11 11 11 4 4 11 11 11 11 11 11 4 4 0 0 0 0 2 2 4 4 11 11 11 11 11 11 4 4 4 4 4 4 4 4 4 4 4 4 4 4
4 4 4 4 4 4 4 4 4 4 4 4 11 11 11 11 11 11 4 4 11 11 11 11 11 11 4 4 11 11 11 11 11 11 4 4 0 0 0 0 2 2 4 4 11 11 11 11 11 11 4 4 4 4 4 4 4 4 4 4 4 4 4 4
4 4 4 4 4 4 4 4 4 4 4 4 4 4 4 4 4 4 4 4 4 4 4 4 4 4 4 4 4 4 4 4 4 4 4 4 4 4 4 4 4 4 4 4 4 4 4 4 4 4 4 4 4 4 4 4 4 4 4 4 4 4 4 4
4 4 4 4 4 4 4 4 4 4 4 4 4 4 4 4 4 4 4 4 4 4 4 4 4 4 4 4 4 4 4 4 4 4 4 4 4 4 4 4 4 4 4 4 4 4 4 4 4 4 4 4 4 4 4 4 4 4 4 4 4 4 4 4
4 4 4 4 4 4 4 4 4 4 4 4 11 11 6 6 11 11 4 4 2 2 0 0 0 0 4 4 11 11 6 6 11 11 4 4 11 11 6 6 11 11 4 4 11 11 6 6 11 11 4 4 4 4 4 4 4 4 4 4 4 4 4 4
4 4 4 4 4 4 4 4 4 4 4 4 11 11 6 6 11 11 4 4 2 2 0 0 0 0 4 4 11 11 6 6 11 11 4 4 11 11 6 6 11 11 4 4 11 11 6 6 11 11 4 4 4 4 4 4 4 4 4 4 4 4 4 4
4 4 4 4 4 4 4 4 4 4 4 4 11 11 11 11 11 11 4 4 0 0 14 14 0 0 4 4 11 11 11 11 11 11 4 4 11 11 11 11 11 11 4 4 11 11 11 11 11 11 4 4 4 4 4 4 4 4 4 4 4 4 4 4
4 4 4 4 4 4 4 4 4 4 4 4 11 11 11 11 11 11 4 4 0 0 14 14 0 0 4 4 11 11 11 11 11 11 4 4 11 11 11 11 11 11 4 4 11 11 11 11 11 11 4 4 4 4 4 4 4 4 4 4 4 4 4 4
4 4 4 4 4 4 4 4 4 4 4 4 11 11 11 11 11 11 4 4 2 2 0 0 2 2 4 4 11 11 11 11 11 11 4 4 11 11 11 11 11 11 4 4 11 11 11 11 11 11 4 4 4 4 4 4 4 4 4 4 4 4 4 4
4 4 4 4 4 4 4 4 4 4 4 4 11 11 11 11 11 11 4 4 2 2 0 0 2 2 4 4 11 11 11 11 11 11 4 4 11 11 11 11 11 11 4 4 11 11 11 11 11 11 4 4 4 4 4 4 4 4 4 4 4 4 4 4
4 4 4 4 4 4 4 4 4 4 4 4 4 4 4 4 4 4 4 4 4 4 4 4 4 4 4 4 4 4 4 4 4 4 4 4 4 4 4 4 4 4 4 4 4 4 4 4 4 4 4 4 4 4 4 4 4 4 4 4 4 4 4 4
4 4 4 4 4 4 4 4 4 4 4 4 4 4 4 4 4 4 4 4 4 4 4 4 4 4 4 4 4 4 4 4 4 4 4 4 4 4 4 4 4 4 4 4 4 4 4 4 4 4 4 4 4 4 4 4 4 4 4 4 4 4 4 4
4 4 4 4 4 4 4 4 4 4 4 4 11 11 6 6 11 11 4 4 11 11 6 6 11 11 4 4 11 11 6 6 11 11 4 4 11 11 6 6 11 11 4 4 11 11 6 6 11 11 4 4 11 11 6 6 11 11 4 4 4 4 4 4
4 4 4 4 4 4 4 4 4 4 4 4 11 11 6 6 11 11 4 4 11 11 6 6 11 11 4 4 11 11 6 6 11 11 4 4 11 11 6 6 11 11 4 4 11 11 6 6 11 11 4 4 11 11 6 6 11 11 4 4 4 4 4 4
4 4 4 4 4 4 4 4 4 4 4 4 11 11 11 11 11 11 4 4 11 11 11 11 11 11 4 4 11 11 11 11 11 11 4 4 11 11 11 11 11 11 4 4 11 11 11 11 11 11 4 4 11 11 11 11 11 11 4 4 4 4 4 4
4 4 4 4 4 4 4 4 4 4 4 4 11 11 11 11 11 11 4 4 11 11 11 11 11 11 4 4 11 11 11 11 11 11 4 4 11 11 11 11 11 11 4 4 11 11 11 11 11 11 4 4 11 11 11 11 11 11 4 4 4 4 4 4
4 4 4 4 4 4 4 4 4 4 4 4 11 11 11 11 11 11 4 4 11 11 11 11 11 11 4 4 11 11 11 11 11 11 4 4 11 11 11 11 11 11 4 4 11 11 11 11 11 11 4 4 11 11 11 11 11 11 4 4 4 4 4 4
4 4 4 4 4 4 4 4 4 4 4 4 11 11 11 11 11 11 4 4 11 11 11 11 11 11 4 4 11 11 11 11 11 11 4 4 11 11 11 11 11 11 4 4 11 11 11 11 11 11 4 4 11 11 11 11 11 11 4 4 4 4 4 4
4 4 4 4 4 4 4 4 4 4 4 4 4 4 4 4 4 4 4 4 4 4 4 4 4 4 4 4 4 4 4 4 4 4 4 4 4 4 4 4 4 4 4 4 4 4 4 4 4 4 4 4 4 4 4 4 4 4 4 4 4 4 4 4
4 4 4 4 4 4 4 4 4 4 4 4 4 4 4 4 4 4 4 4 4 4 4 4 4 4 4 4 4 4 4 4 4 4 4 4 4 4 4 4 4 4 4 4 4 4 4 4 4 4 4 4 4 4 4 4 4 4 4 4 4 4 4 4
4 4 4 4 4 4 4 4 4 4 4 4 4 4 4 4 4 4 4 4 4 4 4 4 4 4 4 4 4 4 4 4 4 4 4 4 4 4 4 4 4 4 4 4 2 2 0 0 0 0 4 4 11 11 6 6 11 11 4 4 4 4 4 4
4 4 4 4 4 4 4 4 4 4 4 4 4 4 4 4 4 4 4 4 4 4 4 4 4 4 4 4 4 4 4 4 4 4 4 4 4 4 4 4 4 4 4 4 2 2 0 0 0 0 4 4 11 11 6 6 11 11 4 4 4 4 4 4
4 4 4 4 4 4 4 4 4 4 4 4 4 4 4 4 4 4 4 4 4 4 4 4 4 4 4 4 4 4 4 4 4 4 4 4 4 4 4 4 4 4 4 4 3 3 14 14 2 2 4 4 11 11 11 11 11 11 4 4 4 4 4 4
4 4 4 4 4 4 4 4 4 4 4 4 4 4 4 4 4 4 4 4 4 4 4 4 4 4 4 4 4 4 4 4 4 4 4 4 4 4 4 4 4 4 4 4 3 3 14 14 2 2 4 4 11 11 11 11 11 11 4 4 4 4 4 4
4 4 4 4 4 4 4 4 4 4 4 4 4 4 4 4 4 4 4 4 4 4 4 4 4 4 4 4 4 4 4 4 4 4 4 4 4 4 4 4 4 4 4 4 3 3 3 3 3 3 4 4 11 11 11 11 11 11 4 4 4 4 4 4
4 4 4 4 4 4 4 4 4 4 4 4 4 4 4 4 4 4 4 4 4 4 4 4 4 4 4 4 4 4 4 4 4 4 4 4 4 4 4 4 4 4 4 4 3 3 3 3 3 3 4 4 11 11 11 11 11 11 4 4 4 4 4 4
4 4 4 4 4 4 4 4 4 4 4 4 4 4 4 4 4 4 4 4 4 4 4 4 4 4 4 4 4 4 4 4 4 4 4 4 4 4 4 4 4 4 4 4 4 4 4 4 4 4 4 4 4 4 4 4 4 4 4 4 4 4 4 4
4 4 4 4 4 4 4 4 4 4 4 4 4 4 4 4 4 4 4 4 4 4 4 4 4 4 4 4 4 4 4 4 4 4 4 4 4 4 4 4 4 4 4 4 4 4 4 4 4 4 4 4 4 4 4 4 4 4 4 4 4 4 4 4
4 4 4 4 4 4 4 4 4 4 4 4 4 4 4 4 4 4 4 4 4 4 4 4 4 4 4 4 4 4 4 4 4 4 4 4 4 4 4 4 4 4 4 4 4 4 4 4 4 4 4 4 4 4 4 4 4 4 4 4 4 4 4 4
4 4 4 4 4 4 4 4 4 4 4 4 4 4 4 4 4 4 4 4 4 4 4 4 4 4 4 4 4 4 4 4 4 4 4 4 4 4 4 4 4 4 4 4 4 4 4 4 4 4 4 4 4 4 4 4 4 4 4 4 4 4 4 4
4 4 4 4 4 4 4 4 4 4 4 4 4 4 4 4 4 4 4 4 4 4 4 4 4 4 4 4 4 4 4 4 4 4 4 4 4 4 4 4 4 4 4 4 4 4 4 4 4 4 4 4 4 4 4 4 4 4 4 4 4 4 4 4
4 4 4 4 4 4 4 4 4 4 4 4 4 4 4 4 4 4 4 4 4 4 4 4 4 4 4 4 4 4 4 4 4 4 4 4 4 4 4 4 4 4 4 4 4 4 4 4 4 4 4 4 4 4 4 4 4 4 4 4 4 4 4 4
4 4 4 4 4 4 4 4 4 4 4 4 4 4 4 4 4 4 4 4 4 4 4 4 4 4 4 4 4 4 4 4 4 4 4 4 4 4 4 4 4 4 4 4 4 4 4 4 4 4 4 4 4 4 4 4 4 4 4 4 4 4 4 4
4 4 4 4 4 4 4 4 4 4 4 4 4 4 4 4 4 4 4 4 4 4 4 4 4 4 4 4 4 4 4 4 4 4 4 4 4 4 4 4 4 4 4 4 4 4 4 4 4 4 4 4 4 4 4 4 4 4 4 4 4 4 4 4
4 4 4 4 4 4 4 4 4 4 4 4 4 4 4 4 4 4 4 4 4 4 4 4 4 4 4 4 4 4 4 4 4 4 4 4 4 4 4 4 4 4 4 4 4 4 4 4 4 4 4 4 4 4 4 4 4 4 4 4 4 4 4 4
4 4 4 4 4 4 4 4 4 4 4 4 4 4 4 4 4 4 4 4 4 4 4 4 4 4 4 4 4 4 4 4 4 4 4 4 4 4 4 4 4 4 4 4 4 4 4 4 4 4 4 4 4 4 4 4 4 4 4 4 4 4 4 4
4 4 4 4 4 4 4 4 4 4 4 4 4 4 4 4 4 4 4 4 4 4 4 4 4 4 4 4 4 4 4 4 4 4 4 4 4 4 4 4 4 4 4 4 4 4 4 4 4 4 4 4 4 4 4 4 4 4 4 4 4 4 4 4
12 12 12 12 12 12 12 12 12 12 12 12 12 12 12 12 12 12 12 12 12 12 12 12 12 12 12 12 12 12 12 12 12 12 12 12 12 12 12 12 12 12 12 12 12 12 12 12 12 12 12 12 12 12 12 12 12 12 12 12 12 12 12 12
[LEVELS] 5/6
[STATE] NOT_FINISHED
[AVAILABLE] ACTION6
[DIFF] 2010 cells changed in bbox (4,0)-(63,63)

[PLAN] invocation 11
These are the unique minimum button presses solving all 22 final color constraints under the confirmed self-plus-north toggle rule.
plan: ACTION6(x=6,y=8) ACTION6(x=6,y=16) ACTION6(x=22,y=16) ACTION6(x=38,y=16) ACTION6(x=14,y=24) ACTION6(x=22,y=24) ACTION6(x=14,y=32) ACTION6(x=30,y=32) ACTION6(x=38,y=32) ACTION6(x=46,y=32) ACTION6(x=22,y=40) ACTION6(x=46,y=40) ACTION6(x=54,y=40)
[END PLAN]

[STEP 63]
[ACTION] ACTION6 x=6 y=8
[BOARD] 1/1 settled
4 4 4 4 4 4 4 4 4 4 4 4 4 4 4 4 4 4 4 4 4 4 4 4 4 4 4 4 4 4 4 4 4 4 4 4 4 4 4 4 4 4 4 4 4 4 4 4 4 4 4 4 4 4 4 4 4 4 4 4 11 11 11 11
4 4 4 4 4 4 4 4 4 4 4 4 4 4 4 4 4 4 4 4 4 4 4 4 4 4 4 4 4 4 4 4 4 4 4 4 4 4 4 4 4 4 4 4 4 4 4 4 4 4 4 4 4 4 4 4 4 4 4 4 11 11 11 11
4 4 4 4 4 4 4 4 4 4 4 4 4 4 4 4 4 4 4 4 4 4 4 4 4 4 4 4 4 4 4 4 4 4 4 4 4 4 4 4 4 4 4 4 4 4 4 4 4 4 4 4 4 4 4 4 4 4 4 4 11 11 11 11
4 4 4 4 4 4 4 4 4 4 4 4 4 4 4 4 4 4 4 4 4 4 4 4 4 4 4 4 4 4 4 4 4 4 4 4 4 4 4 4 4 4 4 4 4 4 4 4 4 4 4 4 4 4 4 4 4 4 4 4 11 11 11 11
4 4 4 4 4 4 4 4 4 4 4 4 4 4 4 4 4 4 4 4 4 4 4 4 4 4 4 4 4 4 4 4 4 4 4 4 4 4 4 4 4 4 4 4 4 4 4 4 4 4 4 4 4 4 4 4 4 4 4 4 14 14 14 14
4 4 4 4 4 4 4 4 4 4 4 4 4 4 4 4 4 4 4 4 4 4 4 4 4 4 4 4 4 4 4 4 4 4 4 4 4 4 4 4 4 4 4 4 4 4 4 4 4 4 4 4 4 4 4 4 4 4 4 4 14 14 14 14
4 4 4 4 14 14 6 6 14 14 4 4 3 3 3 3 3 3 4 4 4 4 4 4 4 4 4 4 4 4 4 4 4 4 4 4 4 4 4 4 4 4 4 4 4 4 4 4 4 4 4 4 4 4 4 4 4 4 4 4 14 14 14 14
4 4 4 4 14 14 6 6 14 14 4 4 3 3 3 3 3 3 4 4 4 4 4 4 4 4 4 4 4 4 4 4 4 4 4 4 4 4 4 4 4 4 4 4 4 4 4 4 4 4 4 4 4 4 4 4 4 4 4 4 14 14 14 14
4 4 4 4 14 14 14 14 14 14 4 4 2 2 14 14 3 3 4 4 4 4 4 4 4 4 4 4 4 4 4 4 4 4 4 4 4 4 4 4 4 4 4 4 4 4 4 4 4 4 4 4 4 4 4 4 4 4 4 4 4 4 4 4
4 4 4 4 14 14 14 14 14 14 4 4 2 2 14 14 3 3 4 4 4 4 4 4 4 4 4 4 4 4 4 4 4 4 4 4 4 4 4 4 4 4 4 4 4 4 4 4 4 4 4 4 4 4 4 4 4 4 4 4 4 4 4 4
4 4 4 4 14 14 14 14 14 14 4 4 0 0 0 0 2 2 4 4 4 4 4 4 4 4 4 4 4 4 4 4 4 4 4 4 4 4 4 4 4 4 4 4 4 4 4 4 4 4 4 4 4 4 4 4 4 4 4 4 4 4 4 4
4 4 4 4 14 14 14 14 14 14 4 4 0 0 0 0 2 2 4 4 4 4 4 4 4 4 4 4 4 4 4 4 4 4 4 4 4 4 4 4 4 4 4 4 4 4 4 4 4 4 4 4 4 4 4 4 4 4 4 4 4 4 4 4
4 4 4 4 4 4 4 4 4 4 4 4 4 4 4 4 4 4 4 4 4 4 4 4 4 4 4 4 4 4 4 4 4 4 4 4 4 4 4 4 4 4 4 4 4 4 4 4 4 4 4 4 4 4 4 4 4 4 4 4 4 4 4 4
4 4 4 4 4 4 4 4 4 4 4 4 4 4 4 4 4 4 4 4 4 4 4 4 4 4 4 4 4 4 4 4 4 4 4 4 4 4 4 4 4 4 4 4 4 4 4 4 4 4 4 4 4 4 4 4 4 4 4 4 4 4 4 4
4 4 4 4 11 11 6 6 11 11 4 4 11 11 6 6 11 11 4 4 11 11 6 6 11 11 4 4 11 11 6 6 11 11 4 4 11 11 6 6 11 11 4 4 11 11 6 6 11 11 4 4 4 4 4 4 4 4 4 4 4 4 4 4
4 4 4 4 11 11 6 6 11 11 4 4 11 11 6 6 11 11 4 4 11 11 6 6 11 11 4 4 11 11 6 6 11 11 4 4 11 11 6 6 11 11 4 4 11 11 6 6 11 11 4 4 4 4 4 4 4 4 4 4 4 4 4 4
4 4 4 4 11 11 11 11 11 11 4 4 11 11 11 11 11 11 4 4 11 11 11 11 11 11 4 4 11 11 11 11 11 11 4 4 11 11 11 11 11 11 4 4 11 11 11 11 11 11 4 4 4 4 4 4 4 4 4 4 4 4 4 4
4 4 4 4 11 11 11 11 11 11 4 4 11 11 11 11 11 11 4 4 11 11 11 11 11 11 4 4 11 11 11 11 11 11 4 4 11 11 11 11 11 11 4 4 11 11 11 11 11 11 4 4 4 4 4 4 4 4 4 4 4 4 4 4
4 4 4 4 11 11 11 11 11 11 4 4 11 11 11 11 11 11 4 4 11 11 11 11 11 11 4 4 11 11 11 11 11 11 4 4 11 11 11 11 11 11 4 4 11 11 11 11 11 11 4 4 4 4 4 4 4 4 4 4 4 4 4 4
4 4 4 4 11 11 11 11 11 11 4 4 11 11 11 11 11 11 4 4 11 11 11 11 11 11 4 4 11 11 11 11 11 11 4 4 11 11 11 11 11 11 4 4 11 11 11 11 11 11 4 4 4 4 4 4 4 4 4 4 4 4 4 4
4 4 4 4 4 4 4 4 4 4 4 4 4 4 4 4 4 4 4 4 4 4 4 4 4 4 4 4 4 4 4 4 4 4 4 4 4 4 4 4 4 4 4 4 4 4 4 4 4 4 4 4 4 4 4 4 4 4 4 4 4 4 4 4
4 4 4 4 4 4 4 4 4 4 4 4 4 4 4 4 4 4 4 4 4 4 4 4 4 4 4 4 4 4 4 4 4 4 4 4 4 4 4 4 4 4 4 4 4 4 4 4 4 4 4 4 4 4 4 4 4 4 4 4 4 4 4 4
4 4 4 4 4 4 4 4 4 4 4 4 11 11 6 6 11 11 4 4 11 11 6 6 11 11 4 4 11 11 6 6 11 11 4 4 2 2 0 0 2 2 4 4 11 11 6 6 11 11 4 4 4 4 4 4 4 4 4 4 4 4 4 4
4 4 4 4 4 4 4 4 4 4 4 4 11 11 6 6 11 11 4 4 11 11 6 6 11 11 4 4 11 11 6 6 11 11 4 4 2 2 0 0 2 2 4 4 11 11 6 6 11 11 4 4 4 4 4 4 4 4 4 4 4 4 4 4
4 4 4 4 4 4 4 4 4 4 4 4 11 11 11 11 11 11 4 4 11 11 11 11 11 11 4 4 11 11 11 11 11 11 4 4 0 0 14 14 0 0 4 4 11 11 11 11 11 11 4 4 4 4 4 4 4 4 4 4 4 4 4 4
4 4 4 4 4 4 4 4 4 4 4 4 11 11 11 11 11 11 4 4 11 11 11 11 11 11 4 4 11 11 11 11 11 11 4 4 0 0 14 14 0 0 4 4 11 11 11 11 11 11 4 4 4 4 4 4 4 4 4 4 4 4 4 4
4 4 4 4 4 4 4 4 4 4 4 4 11 11 11 11 11 11 4 4 11 11 11 11 11 11 4 4 11 11 11 11 11 11 4 4 0 0 0 0 2 2 4 4 11 11 11 11 11 11 4 4 4 4 4 4 4 4 4 4 4 4 4 4
4 4 4 4 4 4 4 4 4 4 4 4 11 11 11 11 11 11 4 4 11 11 11 11 11 11 4 4 11 11 11 11 11 11 4 4 0 0 0 0 2 2 4 4 11 11 11 11 11 11 4 4 4 4 4 4 4 4 4 4 4 4 4 4
4 4 4 4 4 4 4 4 4 4 4 4 4 4 4 4 4 4 4 4 4 4 4 4 4 4 4 4 4 4 4 4 4 4 4 4 4 4 4 4 4 4 4 4 4 4 4 4 4 4 4 4 4 4 4 4 4 4 4 4 4 4 4 4
4 4 4 4 4 4 4 4 4 4 4 4 4 4 4 4 4 4 4 4 4 4 4 4 4 4 4 4 4 4 4 4 4 4 4 4 4 4 4 4 4 4 4 4 4 4 4 4 4 4 4 4 4 4 4 4 4 4 4 4 4 4 4 4
4 4 4 4 4 4 4 4 4 4 4 4 11 11 6 6 11 11 4 4 2 2 0 0 0 0 4 4 11 11 6 6 11 11 4 4 11 11 6 6 11 11 4 4 11 11 6 6 11 11 4 4 4 4 4 4 4 4 4 4 4 4 4 4
4 4 4 4 4 4 4 4 4 4 4 4 11 11 6 6 11 11 4 4 2 2 0 0 0 0 4 4 11 11 6 6 11 11 4 4 11 11 6 6 11 11 4 4 11 11 6 6 11 11 4 4 4 4 4 4 4 4 4 4 4 4 4 4
4 4 4 4 4 4 4 4 4 4 4 4 11 11 11 11 11 11 4 4 0 0 14 14 0 0 4 4 11 11 11 11 11 11 4 4 11 11 11 11 11 11 4 4 11 11 11 11 11 11 4 4 4 4 4 4 4 4 4 4 4 4 4 4
4 4 4 4 4 4 4 4 4 4 4 4 11 11 11 11 11 11 4 4 0 0 14 14 0 0 4 4 11 11 11 11 11 11 4 4 11 11 11 11 11 11 4 4 11 11 11 11 11 11 4 4 4 4 4 4 4 4 4 4 4 4 4 4
4 4 4 4 4 4 4 4 4 4 4 4 11 11 11 11 11 11 4 4 2 2 0 0 2 2 4 4 11 11 11 11 11 11 4 4 11 11 11 11 11 11 4 4 11 11 11 11 11 11 4 4 4 4 4 4 4 4 4 4 4 4 4 4
4 4 4 4 4 4 4 4 4 4 4 4 11 11 11 11 11 11 4 4 2 2 0 0 2 2 4 4 11 11 11 11 11 11 4 4 11 11 11 11 11 11 4 4 11 11 11 11 11 11 4 4 4 4 4 4 4 4 4 4 4 4 4 4
4 4 4 4 4 4 4 4 4 4 4 4 4 4 4 4 4 4 4 4 4 4 4 4 4 4 4 4 4 4 4 4 4 4 4 4 4 4 4 4 4 4 4 4 4 4 4 4 4 4 4 4 4 4 4 4 4 4 4 4 4 4 4 4
4 4 4 4 4 4 4 4 4 4 4 4 4 4 4 4 4 4 4 4 4 4 4 4 4 4 4 4 4 4 4 4 4 4 4 4 4 4 4 4 4 4 4 4 4 4 4 4 4 4 4 4 4 4 4 4 4 4 4 4 4 4 4 4
4 4 4 4 4 4 4 4 4 4 4 4 11 11 6 6 11 11 4 4 11 11 6 6 11 11 4 4 11 11 6 6 11 11 4 4 11 11 6 6 11 11 4 4 11 11 6 6 11 11 4 4 11 11 6 6 11 11 4 4 4 4 4 4
4 4 4 4 4 4 4 4 4 4 4 4 11 11 6 6 11 11 4 4 11 11 6 6 11 11 4 4 11 11 6 6 11 11 4 4 11 11 6 6 11 11 4 4 11 11 6 6 11 11 4 4 11 11 6 6 11 11 4 4 4 4 4 4
4 4 4 4 4 4 4 4 4 4 4 4 11 11 11 11 11 11 4 4 11 11 11 11 11 11 4 4 11 11 11 11 11 11 4 4 11 11 11 11 11 11 4 4 11 11 11 11 11 11 4 4 11 11 11 11 11 11 4 4 4 4 4 4
4 4 4 4 4 4 4 4 4 4 4 4 11 11 11 11 11 11 4 4 11 11 11 11 11 11 4 4 11 11 11 11 11 11 4 4 11 11 11 11 11 11 4 4 11 11 11 11 11 11 4 4 11 11 11 11 11 11 4 4 4 4 4 4
4 4 4 4 4 4 4 4 4 4 4 4 11 11 11 11 11 11 4 4 11 11 11 11 11 11 4 4 11 11 11 11 11 11 4 4 11 11 11 11 11 11 4 4 11 11 11 11 11 11 4 4 11 11 11 11 11 11 4 4 4 4 4 4
4 4 4 4 4 4 4 4 4 4 4 4 11 11 11 11 11 11 4 4 11 11 11 11 11 11 4 4 11 11 11 11 11 11 4 4 11 11 11 11 11 11 4 4 11 11 11 11 11 11 4 4 11 11 11 11 11 11 4 4 4 4 4 4
4 4 4 4 4 4 4 4 4 4 4 4 4 4 4 4 4 4 4 4 4 4 4 4 4 4 4 4 4 4 4 4 4 4 4 4 4 4 4 4 4 4 4 4 4 4 4 4 4 4 4 4 4 4 4 4 4 4 4 4 4 4 4 4
4 4 4 4 4 4 4 4 4 4 4 4 4 4 4 4 4 4 4 4 4 4 4 4 4 4 4 4 4 4 4 4 4 4 4 4 4 4 4 4 4 4 4 4 4 4 4 4 4 4 4 4 4 4 4 4 4 4 4 4 4 4 4 4
4 4 4 4 4 4 4 4 4 4 4 4 4 4 4 4 4 4 4 4 4 4 4 4 4 4 4 4 4 4 4 4 4 4 4 4 4 4 4 4 4 4 4 4 2 2 0 0 0 0 4 4 11 11 6 6 11 11 4 4 4 4 4 4
4 4 4 4 4 4 4 4 4 4 4 4 4 4 4 4 4 4 4 4 4 4 4 4 4 4 4 4 4 4 4 4 4 4 4 4 4 4 4 4 4 4 4 4 2 2 0 0 0 0 4 4 11 11 6 6 11 11 4 4 4 4 4 4
4 4 4 4 4 4 4 4 4 4 4 4 4 4 4 4 4 4 4 4 4 4 4 4 4 4 4 4 4 4 4 4 4 4 4 4 4 4 4 4 4 4 4 4 3 3 14 14 2 2 4 4 11 11 11 11 11 11 4 4 4 4 4 4
4 4 4 4 4 4 4 4 4 4 4 4 4 4 4 4 4 4 4 4 4 4 4 4 4 4 4 4 4 4 4 4 4 4 4 4 4 4 4 4 4 4 4 4 3 3 14 14 2 2 4 4 11 11 11 11 11 11 4 4 4 4 4 4
4 4 4 4 4 4 4 4 4 4 4 4 4 4 4 4 4 4 4 4 4 4 4 4 4 4 4 4 4 4 4 4 4 4 4 4 4 4 4 4 4 4 4 4 3 3 3 3 3 3 4 4 11 11 11 11 11 11 4 4 4 4 4 4
4 4 4 4 4 4 4 4 4 4 4 4 4 4 4 4 4 4 4 4 4 4 4 4 4 4 4 4 4 4 4 4 4 4 4 4 4 4 4 4 4 4 4 4 3 3 3 3 3 3 4 4 11 11 11 11 11 11 4 4 4 4 4 4
4 4 4 4 4 4 4 4 4 4 4 4 4 4 4 4 4 4 4 4 4 4 4 4 4 4 4 4 4 4 4 4 4 4 4 4 4 4 4 4 4 4 4 4 4 4 4 4 4 4 4 4 4 4 4 4 4 4 4 4 4 4 4 4
4 4 4 4 4 4 4 4 4 4 4 4 4 4 4 4 4 4 4 4 4 4 4 4 4 4 4 4 4 4 4 4 4 4 4 4 4 4 4 4 4 4 4 4 4 4 4 4 4 4 4 4 4 4 4 4 4 4 4 4 4 4 4 4
4 4 4 4 4 4 4 4 4 4 4 4 4 4 4 4 4 4 4 4 4 4 4 4 4 4 4 4 4 4 4 4 4 4 4 4 4 4 4 4 4 4 4 4 4 4 4 4 4 4 4 4 4 4 4 4 4 4 4 4 4 4 4 4
4 4 4 4 4 4 4 4 4 4 4 4 4 4 4 4 4 4 4 4 4 4 4 4 4 4 4 4 4 4 4 4 4 4 4 4 4 4 4 4 4 4 4 4 4 4 4 4 4 4 4 4 4 4 4 4 4 4 4 4 4 4 4 4
4 4 4 4 4 4 4 4 4 4 4 4 4 4 4 4 4 4 4 4 4 4 4 4 4 4 4 4 4 4 4 4 4 4 4 4 4 4 4 4 4 4 4 4 4 4 4 4 4 4 4 4 4 4 4 4 4 4 4 4 4 4 4 4
4 4 4 4 4 4 4 4 4 4 4 4 4 4 4 4 4 4 4 4 4 4 4 4 4 4 4 4 4 4 4 4 4 4 4 4 4 4 4 4 4 4 4 4 4 4 4 4 4 4 4 4 4 4 4 4 4 4 4 4 4 4 4 4
4 4 4 4 4 4 4 4 4 4 4 4 4 4 4 4 4 4 4 4 4 4 4 4 4 4 4 4 4 4 4 4 4 4 4 4 4 4 4 4 4 4 4 4 4 4 4 4 4 4 4 4 4 4 4 4 4 4 4 4 4 4 4 4
4 4 4 4 4 4 4 4 4 4 4 4 4 4 4 4 4 4 4 4 4 4 4 4 4 4 4 4 4 4 4 4 4 4 4 4 4 4 4 4 4 4 4 4 4 4 4 4 4 4 4 4 4 4 4 4 4 4 4 4 4 4 4 4
4 4 4 4 4 4 4 4 4 4 4 4 4 4 4 4 4 4 4 4 4 4 4 4 4 4 4 4 4 4 4 4 4 4 4 4 4 4 4 4 4 4 4 4 4 4 4 4 4 4 4 4 4 4 4 4 4 4 4 4 4 4 4 4
4 4 4 4 4 4 4 4 4 4 4 4 4 4 4 4 4 4 4 4 4 4 4 4 4 4 4 4 4 4 4 4 4 4 4 4 4 4 4 4 4 4 4 4 4 4 4 4 4 4 4 4 4 4 4 4 4 4 4 4 4 4 4 4
4 4 4 4 4 4 4 4 4 4 4 4 4 4 4 4 4 4 4 4 4 4 4 4 4 4 4 4 4 4 4 4 4 4 4 4 4 4 4 4 4 4 4 4 4 4 4 4 4 4 4 4 4 4 4 4 4 4 4 4 4 4 4 4
12 12 12 12 12 12 12 12 12 12 12 12 12 12 12 12 12 12 12 12 12 12 12 12 12 12 12 12 12 12 12 12 12 12 12 12 12 12 12 12 12 12 12 12 12 12 12 12 12 12 12 12 12 12 12 12 12 12 12 12 12 12 12 12
[LEVELS] 5/6
[STATE] NOT_FINISHED
[AVAILABLE] ACTION6
[DIFF] 32 cells: (4,6) 11>14; (5,6) 11>14; (8,6) 11>14; (9,6) 11>14; (4,7) 11>14; (5,7) 11>14; (8,7) 11>14; (9,7) 11>14; (4,8) 11>14; (5,8) 11>14; (6,8) 11>14; (7,8) 11>14; (8,8) 11>14; (9,8) 11>14; (4,9) 11>14; (5,9) 11>14; (6,9) 11>14; (7,9) 11>14; (8,9) 11>14; (9,9) 11>14; (4,10) 11>14; (5,10) 11>14; (6,10) 11>14; (7,10) 11>14; (8,10) 11>14; (9,10) 11>14; (4,11) 11>14; (5,11) 11>14; (6,11) 11>14; (7,11) 11>14; (8,11) 11>14; (9,11) 11>14

[STEP 64]
[ACTION] ACTION6 x=6 y=16
[BOARD] 1/1 settled
4 4 4 4 4 4 4 4 4 4 4 4 4 4 4 4 4 4 4 4 4 4 4 4 4 4 4 4 4 4 4 4 4 4 4 4 4 4 4 4 4 4 4 4 4 4 4 4 4 4 4 4 4 4 4 4 4 4 4 4 11 11 11 11
4 4 4 4 4 4 4 4 4 4 4 4 4 4 4 4 4 4 4 4 4 4 4 4 4 4 4 4 4 4 4 4 4 4 4 4 4 4 4 4 4 4 4 4 4 4 4 4 4 4 4 4 4 4 4 4 4 4 4 4 11 11 11 11
4 4 4 4 4 4 4 4 4 4 4 4 4 4 4 4 4 4 4 4 4 4 4 4 4 4 4 4 4 4 4 4 4 4 4 4 4 4 4 4 4 4 4 4 4 4 4 4 4 4 4 4 4 4 4 4 4 4 4 4 11 11 11 11
4 4 4 4 4 4 4 4 4 4 4 4 4 4 4 4 4 4 4 4 4 4 4 4 4 4 4 4 4 4 4 4 4 4 4 4 4 4 4 4 4 4 4 4 4 4 4 4 4 4 4 4 4 4 4 4 4 4 4 4 11 11 11 11
4 4 4 4 4 4 4 4 4 4 4 4 4 4 4 4 4 4 4 4 4 4 4 4 4 4 4 4 4 4 4 4 4 4 4 4 4 4 4 4 4 4 4 4 4 4 4 4 4 4 4 4 4 4 4 4 4 4 4 4 14 14 14 14
4 4 4 4 4 4 4 4 4 4 4 4 4 4 4 4 4 4 4 4 4 4 4 4 4 4 4 4 4 4 4 4 4 4 4 4 4 4 4 4 4 4 4 4 4 4 4 4 4 4 4 4 4 4 4 4 4 4 4 4 14 14 14 14
4 4 4 4 11 11 6 6 11 11 4 4 3 3 3 3 3 3 4 4 4 4 4 4 4 4 4 4 4 4 4 4 4 4 4 4 4 4 4 4 4 4 4 4 4 4 4 4 4 4 4 4 4 4 4 4 4 4 4 4 14 14 14 14
4 4 4 4 11 11 6 6 11 11 4 4 3 3 3 3 3 3 4 4 4 4 4 4 4 4 4 4 4 4 4 4 4 4 4 4 4 4 4 4 4 4 4 4 4 4 4 4 4 4 4 4 4 4 4 4 4 4 4 4 14 14 14 14
4 4 4 4 11 11 11 11 11 11 4 4 2 2 14 14 3 3 4 4 4 4 4 4 4 4 4 4 4 4 4 4 4 4 4 4 4 4 4 4 4 4 4 4 4 4 4 4 4 4 4 4 4 4 4 4 4 4 4 4 4 4 4 4
4 4 4 4 11 11 11 11 11 11 4 4 2 2 14 14 3 3 4 4 4 4 4 4 4 4 4 4 4 4 4 4 4 4 4 4 4 4 4 4 4 4 4 4 4 4 4 4 4 4 4 4 4 4 4 4 4 4 4 4 4 4 4 4
4 4 4 4 11 11 11 11 11 11 4 4 0 0 0 0 2 2 4 4 4 4 4 4 4 4 4 4 4 4 4 4 4 4 4 4 4 4 4 4 4 4 4 4 4 4 4 4 4 4 4 4 4 4 4 4 4 4 4 4 4 4 4 4
4 4 4 4 11 11 11 11 11 11 4 4 0 0 0 0 2 2 4 4 4 4 4 4 4 4 4 4 4 4 4 4 4 4 4 4 4 4 4 4 4 4 4 4 4 4 4 4 4 4 4 4 4 4 4 4 4 4 4 4 4 4 4 4
4 4 4 4 4 4 4 4 4 4 4 4 4 4 4 4 4 4 4 4 4 4 4 4 4 4 4 4 4 4 4 4 4 4 4 4 4 4 4 4 4 4 4 4 4 4 4 4 4 4 4 4 4 4 4 4 4 4 4 4 4 4 4 4
4 4 4 4 4 4 4 4 4 4 4 4 4 4 4 4 4 4 4 4 4 4 4 4 4 4 4 4 4 4 4 4 4 4 4 4 4 4 4 4 4 4 4 4 4 4 4 4 4 4 4 4 4 4 4 4 4 4 4 4 4 4 4 4
4 4 4 4 14 14 6 6 14 14 4 4 11 11 6 6 11 11 4 4 11 11 6 6 11 11 4 4 11 11 6 6 11 11 4 4 11 11 6 6 11 11 4 4 11 11 6 6 11 11 4 4 4 4 4 4 4 4 4 4 4 4 4 4
4 4 4 4 14 14 6 6 14 14 4 4 11 11 6 6 11 11 4 4 11 11 6 6 11 11 4 4 11 11 6 6 11 11 4 4 11 11 6 6 11 11 4 4 11 11 6 6 11 11 4 4 4 4 4 4 4 4 4 4 4 4 4 4
4 4 4 4 14 14 14 14 14 14 4 4 11 11 11 11 11 11 4 4 11 11 11 11 11 11 4 4 11 11 11 11 11 11 4 4 11 11 11 11 11 11 4 4 11 11 11 11 11 11 4 4 4 4 4 4 4 4 4 4 4 4 4 4
4 4 4 4 14 14 14 14 14 14 4 4 11 11 11 11 11 11 4 4 11 11 11 11 11 11 4 4 11 11 11 11 11 11 4 4 11 11 11 11 11 11 4 4 11 11 11 11 11 11 4 4 4 4 4 4 4 4 4 4 4 4 4 4
4 4 4 4 14 14 14 14 14 14 4 4 11 11 11 11 11 11 4 4 11 11 11 11 11 11 4 4 11 11 11 11 11 11 4 4 11 11 11 11 11 11 4 4 11 11 11 11 11 11 4 4 4 4 4 4 4 4 4 4 4 4 4 4
4 4 4 4 14 14 14 14 14 14 4 4 11 11 11 11 11 11 4 4 11 11 11 11 11 11 4 4 11 11 11 11 11 11 4 4 11 11 11 11 11 11 4 4 11 11 11 11 11 11 4 4 4 4 4 4 4 4 4 4 4 4 4 4
4 4 4 4 4 4 4 4 4 4 4 4 4 4 4 4 4 4 4 4 4 4 4 4 4 4 4 4 4 4 4 4 4 4 4 4 4 4 4 4 4 4 4 4 4 4 4 4 4 4 4 4 4 4 4 4 4 4 4 4 4 4 4 4
4 4 4 4 4 4 4 4 4 4 4 4 4 4 4 4 4 4 4 4 4 4 4 4 4 4 4 4 4 4 4 4 4 4 4 4 4 4 4 4 4 4 4 4 4 4 4 4 4 4 4 4 4 4 4 4 4 4 4 4 4 4 4 4
4 4 4 4 4 4 4 4 4 4 4 4 11 11 6 6 11 11 4 4 11 11 6 6 11 11 4 4 11 11 6 6 11 11 4 4 2 2 0 0 2 2 4 4 11 11 6 6 11 11 4 4 4 4 4 4 4 4 4 4 4 4 4 4
4 4 4 4 4 4 4 4 4 4 4 4 11 11 6 6 11 11 4 4 11 11 6 6 11 11 4 4 11 11 6 6 11 11 4 4 2 2 0 0 2 2 4 4 11 11 6 6 11 11 4 4 4 4 4 4 4 4 4 4 4 4 4 4
4 4 4 4 4 4 4 4 4 4 4 4 11 11 11 11 11 11 4 4 11 11 11 11 11 11 4 4 11 11 11 11 11 11 4 4 0 0 14 14 0 0 4 4 11 11 11 11 11 11 4 4 4 4 4 4 4 4 4 4 4 4 4 4
4 4 4 4 4 4 4 4 4 4 4 4 11 11 11 11 11 11 4 4 11 11 11 11 11 11 4 4 11 11 11 11 11 11 4 4 0 0 14 14 0 0 4 4 11 11 11 11 11 11 4 4 4 4 4 4 4 4 4 4 4 4 4 4
4 4 4 4 4 4 4 4 4 4 4 4 11 11 11 11 11 11 4 4 11 11 11 11 11 11 4 4 11 11 11 11 11 11 4 4 0 0 0 0 2 2 4 4 11 11 11 11 11 11 4 4 4 4 4 4 4 4 4 4 4 4 4 4
4 4 4 4 4 4 4 4 4 4 4 4 11 11 11 11 11 11 4 4 11 11 11 11 11 11 4 4 11 11 11 11 11 11 4 4 0 0 0 0 2 2 4 4 11 11 11 11 11 11 4 4 4 4 4 4 4 4 4 4 4 4 4 4
4 4 4 4 4 4 4 4 4 4 4 4 4 4 4 4 4 4 4 4 4 4 4 4 4 4 4 4 4 4 4 4 4 4 4 4 4 4 4 4 4 4 4 4 4 4 4 4 4 4 4 4 4 4 4 4 4 4 4 4 4 4 4 4
4 4 4 4 4 4 4 4 4 4 4 4 4 4 4 4 4 4 4 4 4 4 4 4 4 4 4 4 4 4 4 4 4 4 4 4 4 4 4 4 4 4 4 4 4 4 4 4 4 4 4 4 4 4 4 4 4 4 4 4 4 4 4 4
4 4 4 4 4 4 4 4 4 4 4 4 11 11 6 6 11 11 4 4 2 2 0 0 0 0 4 4 11 11 6 6 11 11 4 4 11 11 6 6 11 11 4 4 11 11 6 6 11 11 4 4 4 4 4 4 4 4 4 4 4 4 4 4
4 4 4 4 4 4 4 4 4 4 4 4 11 11 6 6 11 11 4 4 2 2 0 0 0 0 4 4 11 11 6 6 11 11 4 4 11 11 6 6 11 11 4 4 11 11 6 6 11 11 4 4 4 4 4 4 4 4 4 4 4 4 4 4
4 4 4 4 4 4 4 4 4 4 4 4 11 11 11 11 11 11 4 4 0 0 14 14 0 0 4 4 11 11 11 11 11 11 4 4 11 11 11 11 11 11 4 4 11 11 11 11 11 11 4 4 4 4 4 4 4 4 4 4 4 4 4 4
4 4 4 4 4 4 4 4 4 4 4 4 11 11 11 11 11 11 4 4 0 0 14 14 0 0 4 4 11 11 11 11 11 11 4 4 11 11 11 11 11 11 4 4 11 11 11 11 11 11 4 4 4 4 4 4 4 4 4 4 4 4 4 4
4 4 4 4 4 4 4 4 4 4 4 4 11 11 11 11 11 11 4 4 2 2 0 0 2 2 4 4 11 11 11 11 11 11 4 4 11 11 11 11 11 11 4 4 11 11 11 11 11 11 4 4 4 4 4 4 4 4 4 4 4 4 4 4
4 4 4 4 4 4 4 4 4 4 4 4 11 11 11 11 11 11 4 4 2 2 0 0 2 2 4 4 11 11 11 11 11 11 4 4 11 11 11 11 11 11 4 4 11 11 11 11 11 11 4 4 4 4 4 4 4 4 4 4 4 4 4 4
4 4 4 4 4 4 4 4 4 4 4 4 4 4 4 4 4 4 4 4 4 4 4 4 4 4 4 4 4 4 4 4 4 4 4 4 4 4 4 4 4 4 4 4 4 4 4 4 4 4 4 4 4 4 4 4 4 4 4 4 4 4 4 4
4 4 4 4 4 4 4 4 4 4 4 4 4 4 4 4 4 4 4 4 4 4 4 4 4 4 4 4 4 4 4 4 4 4 4 4 4 4 4 4 4 4 4 4 4 4 4 4 4 4 4 4 4 4 4 4 4 4 4 4 4 4 4 4
4 4 4 4 4 4 4 4 4 4 4 4 11 11 6 6 11 11 4 4 11 11 6 6 11 11 4 4 11 11 6 6 11 11 4 4 11 11 6 6 11 11 4 4 11 11 6 6 11 11 4 4 11 11 6 6 11 11 4 4 4 4 4 4
4 4 4 4 4 4 4 4 4 4 4 4 11 11 6 6 11 11 4 4 11 11 6 6 11 11 4 4 11 11 6 6 11 11 4 4 11 11 6 6 11 11 4 4 11 11 6 6 11 11 4 4 11 11 6 6 11 11 4 4 4 4 4 4
4 4 4 4 4 4 4 4 4 4 4 4 11 11 11 11 11 11 4 4 11 11 11 11 11 11 4 4 11 11 11 11 11 11 4 4 11 11 11 11 11 11 4 4 11 11 11 11 11 11 4 4 11 11 11 11 11 11 4 4 4 4 4 4
4 4 4 4 4 4 4 4 4 4 4 4 11 11 11 11 11 11 4 4 11 11 11 11 11 11 4 4 11 11 11 11 11 11 4 4 11 11 11 11 11 11 4 4 11 11 11 11 11 11 4 4 11 11 11 11 11 11 4 4 4 4 4 4
4 4 4 4 4 4 4 4 4 4 4 4 11 11 11 11 11 11 4 4 11 11 11 11 11 11 4 4 11 11 11 11 11 11 4 4 11 11 11 11 11 11 4 4 11 11 11 11 11 11 4 4 11 11 11 11 11 11 4 4 4 4 4 4
4 4 4 4 4 4 4 4 4 4 4 4 11 11 11 11 11 11 4 4 11 11 11 11 11 11 4 4 11 11 11 11 11 11 4 4 11 11 11 11 11 11 4 4 11 11 11 11 11 11 4 4 11 11 11 11 11 11 4 4 4 4 4 4
4 4 4 4 4 4 4 4 4 4 4 4 4 4 4 4 4 4 4 4 4 4 4 4 4 4 4 4 4 4 4 4 4 4 4 4 4 4 4 4 4 4 4 4 4 4 4 4 4 4 4 4 4 4 4 4 4 4 4 4 4 4 4 4
4 4 4 4 4 4 4 4 4 4 4 4 4 4 4 4 4 4 4 4 4 4 4 4 4 4 4 4 4 4 4 4 4 4 4 4 4 4 4 4 4 4 4 4 4 4 4 4 4 4 4 4 4 4 4 4 4 4 4 4 4 4 4 4
4 4 4 4 4 4 4 4 4 4 4 4 4 4 4 4 4 4 4 4 4 4 4 4 4 4 4 4 4 4 4 4 4 4 4 4 4 4 4 4 4 4 4 4 2 2 0 0 0 0 4 4 11 11 6 6 11 11 4 4 4 4 4 4
4 4 4 4 4 4 4 4 4 4 4 4 4 4 4 4 4 4 4 4 4 4 4 4 4 4 4 4 4 4 4 4 4 4 4 4 4 4 4 4 4 4 4 4 2 2 0 0 0 0 4 4 11 11 6 6 11 11 4 4 4 4 4 4
4 4 4 4 4 4 4 4 4 4 4 4 4 4 4 4 4 4 4 4 4 4 4 4 4 4 4 4 4 4 4 4 4 4 4 4 4 4 4 4 4 4 4 4 3 3 14 14 2 2 4 4 11 11 11 11 11 11 4 4 4 4 4 4
4 4 4 4 4 4 4 4 4 4 4 4 4 4 4 4 4 4 4 4 4 4 4 4 4 4 4 4 4 4 4 4 4 4 4 4 4 4 4 4 4 4 4 4 3 3 14 14 2 2 4 4 11 11 11 11 11 11 4 4 4 4 4 4
4 4 4 4 4 4 4 4 4 4 4 4 4 4 4 4 4 4 4 4 4 4 4 4 4 4 4 4 4 4 4 4 4 4 4 4 4 4 4 4 4 4 4 4 3 3 3 3 3 3 4 4 11 11 11 11 11 11 4 4 4 4 4 4
4 4 4 4 4 4 4 4 4 4 4 4 4 4 4 4 4 4 4 4 4 4 4 4 4 4 4 4 4 4 4 4 4 4 4 4 4 4 4 4 4 4 4 4 3 3 3 3 3 3 4 4 11 11 11 11 11 11 4 4 4 4 4 4
4 4 4 4 4 4 4 4 4 4 4 4 4 4 4 4 4 4 4 4 4 4 4 4 4 4 4 4 4 4 4 4 4 4 4 4 4 4 4 4 4 4 4 4 4 4 4 4 4 4 4 4 4 4 4 4 4 4 4 4 4 4 4 4
4 4 4 4 4 4 4 4 4 4 4 4 4 4 4 4 4 4 4 4 4 4 4 4 4 4 4 4 4 4 4 4 4 4 4 4 4 4 4 4 4 4 4 4 4 4 4 4 4 4 4 4 4 4 4 4 4 4 4 4 4 4 4 4
4 4 4 4 4 4 4 4 4 4 4 4 4 4 4 4 4 4 4 4 4 4 4 4 4 4 4 4 4 4 4 4 4 4 4 4 4 4 4 4 4 4 4 4 4 4 4 4 4 4 4 4 4 4 4 4 4 4 4 4 4 4 4 4
4 4 4 4 4 4 4 4 4 4 4 4 4 4 4 4 4 4 4 4 4 4 4 4 4 4 4 4 4 4 4 4 4 4 4 4 4 4 4 4 4 4 4 4 4 4 4 4 4 4 4 4 4 4 4 4 4 4 4 4 4 4 4 4
4 4 4 4 4 4 4 4 4 4 4 4 4 4 4 4 4 4 4 4 4 4 4 4 4 4 4 4 4 4 4 4 4 4 4 4 4 4 4 4 4 4 4 4 4 4 4 4 4 4 4 4 4 4 4 4 4 4 4 4 4 4 4 4
4 4 4 4 4 4 4 4 4 4 4 4 4 4 4 4 4 4 4 4 4 4 4 4 4 4 4 4 4 4 4 4 4 4 4 4 4 4 4 4 4 4 4 4 4 4 4 4 4 4 4 4 4 4 4 4 4 4 4 4 4 4 4 4
4 4 4 4 4 4 4 4 4 4 4 4 4 4 4 4 4 4 4 4 4 4 4 4 4 4 4 4 4 4 4 4 4 4 4 4 4 4 4 4 4 4 4 4 4 4 4 4 4 4 4 4 4 4 4 4 4 4 4 4 4 4 4 4
4 4 4 4 4 4 4 4 4 4 4 4 4 4 4 4 4 4 4 4 4 4 4 4 4 4 4 4 4 4 4 4 4 4 4 4 4 4 4 4 4 4 4 4 4 4 4 4 4 4 4 4 4 4 4 4 4 4 4 4 4 4 4 4
4 4 4 4 4 4 4 4 4 4 4 4 4 4 4 4 4 4 4 4 4 4 4 4 4 4 4 4 4 4 4 4 4 4 4 4 4 4 4 4 4 4 4 4 4 4 4 4 4 4 4 4 4 4 4 4 4 4 4 4 4 4 4 4
4 4 4 4 4 4 4 4 4 4 4 4 4 4 4 4 4 4 4 4 4 4 4 4 4 4 4 4 4 4 4 4 4 4 4 4 4 4 4 4 4 4 4 4 4 4 4 4 4 4 4 4 4 4 4 4 4 4 4 4 4 4 4 4
4 4 4 4 4 4 4 4 4 4 4 4 4 4 4 4 4 4 4 4 4 4 4 4 4 4 4 4 4 4 4 4 4 4 4 4 4 4 4 4 4 4 4 4 4 4 4 4 4 4 4 4 4 4 4 4 4 4 4 4 4 4 4 4
12 12 12 12 12 12 12 12 12 12 12 12 12 12 12 12 12 12 12 12 12 12 12 12 12 12 12 12 12 12 12 12 12 12 12 12 12 12 12 12 12 12 12 12 12 12 12 12 12 12 12 12 12 12 12 12 12 12 12 12 12 12 12 11
[LEVELS] 5/6
[STATE] NOT_FINISHED
[AVAILABLE] ACTION6
[DIFF] 65 cells changed in bbox (4,6)-(63,63)

[STEP 65]
[ACTION] ACTION6 x=22 y=16
[BOARD] 1/1 settled
4 4 4 4 4 4 4 4 4 4 4 4 4 4 4 4 4 4 4 4 4 4 4 4 4 4 4 4 4 4 4 4 4 4 4 4 4 4 4 4 4 4 4 4 4 4 4 4 4 4 4 4 4 4 4 4 4 4 4 4 11 11 11 11
4 4 4 4 4 4 4 4 4 4 4 4 4 4 4 4 4 4 4 4 4 4 4 4 4 4 4 4 4 4 4 4 4 4 4 4 4 4 4 4 4 4 4 4 4 4 4 4 4 4 4 4 4 4 4 4 4 4 4 4 11 11 11 11
4 4 4 4 4 4 4 4 4 4 4 4 4 4 4 4 4 4 4 4 4 4 4 4 4 4 4 4 4 4 4 4 4 4 4 4 4 4 4 4 4 4 4 4 4 4 4 4 4 4 4 4 4 4 4 4 4 4 4 4 11 11 11 11
4 4 4 4 4 4 4 4 4 4 4 4 4 4 4 4 4 4 4 4 4 4 4 4 4 4 4 4 4 4 4 4 4 4 4 4 4 4 4 4 4 4 4 4 4 4 4 4 4 4 4 4 4 4 4 4 4 4 4 4 11 11 11 11
4 4 4 4 4 4 4 4 4 4 4 4 4 4 4 4 4 4 4 4 4 4 4 4 4 4 4 4 4 4 4 4 4 4 4 4 4 4 4 4 4 4 4 4 4 4 4 4 4 4 4 4 4 4 4 4 4 4 4 4 14 14 14 14
4 4 4 4 4 4 4 4 4 4 4 4 4 4 4 4 4 4 4 4 4 4 4 4 4 4 4 4 4 4 4 4 4 4 4 4 4 4 4 4 4 4 4 4 4 4 4 4 4 4 4 4 4 4 4 4 4 4 4 4 14 14 14 14
4 4 4 4 11 11 6 6 11 11 4 4 3 3 3 3 3 3 4 4 4 4 4 4 4 4 4 4 4 4 4 4 4 4 4 4 4 4 4 4 4 4 4 4 4 4 4 4 4 4 4 4 4 4 4 4 4 4 4 4 14 14 14 14
4 4 4 4 11 11 6 6 11 11 4 4 3 3 3 3 3 3 4 4 4 4 4 4 4 4 4 4 4 4 4 4 4 4 4 4 4 4 4 4 4 4 4 4 4 4 4 4 4 4 4 4 4 4 4 4 4 4 4 4 14 14 14 14
4 4 4 4 11 11 11 11 11 11 4 4 2 2 14 14 3 3 4 4 4 4 4 4 4 4 4 4 4 4 4 4 4 4 4 4 4 4 4 4 4 4 4 4 4 4 4 4 4 4 4 4 4 4 4 4 4 4 4 4 4 4 4 4
4 4 4 4 11 11 11 11 11 11 4 4 2 2 14 14 3 3 4 4 4 4 4 4 4 4 4 4 4 4 4 4 4 4 4 4 4 4 4 4 4 4 4 4 4 4 4 4 4 4 4 4 4 4 4 4 4 4 4 4 4 4 4 4
4 4 4 4 11 11 11 11 11 11 4 4 0 0 0 0 2 2 4 4 4 4 4 4 4 4 4 4 4 4 4 4 4 4 4 4 4 4 4 4 4 4 4 4 4 4 4 4 4 4 4 4 4 4 4 4 4 4 4 4 4 4 4 4
4 4 4 4 11 11 11 11 11 11 4 4 0 0 0 0 2 2 4 4 4 4 4 4 4 4 4 4 4 4 4 4 4 4 4 4 4 4 4 4 4 4 4 4 4 4 4 4 4 4 4 4 4 4 4 4 4 4 4 4 4 4 4 4
4 4 4 4 4 4 4 4 4 4 4 4 4 4 4 4 4 4 4 4 4 4 4 4 4 4 4 4 4 4 4 4 4 4 4 4 4 4 4 4 4 4 4 4 4 4 4 4 4 4 4 4 4 4 4 4 4 4 4 4 4 4 4 4
4 4 4 4 4 4 4 4 4 4 4 4 4 4 4 4 4 4 4 4 4 4 4 4 4 4 4 4 4 4 4 4 4 4 4 4 4 4 4 4 4 4 4 4 4 4 4 4 4 4 4 4 4 4 4 4 4 4 4 4 4 4 4 4
4 4 4 4 14 14 6 6 14 14 4 4 11 11 6 6 11 11 4 4 14 14 6 6 14 14 4 4 11 11 6 6 11 11 4 4 11 11 6 6 11 11 4 4 11 11 6 6 11 11 4 4 4 4 4 4 4 4 4 4 4 4 4 4
4 4 4 4 14 14 6 6 14 14 4 4 11 11 6 6 11 11 4 4 14 14 6 6 14 14 4 4 11 11 6 6 11 11 4 4 11 11 6 6 11 11 4 4 11 11 6 6 11 11 4 4 4 4 4 4 4 4 4 4 4 4 4 4
4 4 4 4 14 14 14 14 14 14 4 4 11 11 11 11 11 11 4 4 14 14 14 14 14 14 4 4 11 11 11 11 11 11 4 4 11 11 11 11 11 11 4 4 11 11 11 11 11 11 4 4 4 4 4 4 4 4 4 4 4 4 4 4
4 4 4 4 14 14 14 14 14 14 4 4 11 11 11 11 11 11 4 4 14 14 14 14 14 14 4 4 11 11 11 11 11 11 4 4 11 11 11 11 11 11 4 4 11 11 11 11 11 11 4 4 4 4 4 4 4 4 4 4 4 4 4 4
4 4 4 4 14 14 14 14 14 14 4 4 11 11 11 11 11 11 4 4 14 14 14 14 14 14 4 4 11 11 11 11 11 11 4 4 11 11 11 11 11 11 4 4 11 11 11 11 11 11 4 4 4 4 4 4 4 4 4 4 4 4 4 4
4 4 4 4 14 14 14 14 14 14 4 4 11 11 11 11 11 11 4 4 14 14 14 14 14 14 4 4 11 11 11 11 11 11 4 4 11 11 11 11 11 11 4 4 11 11 11 11 11 11 4 4 4 4 4 4 4 4 4 4 4 4 4 4
4 4 4 4 4 4 4 4 4 4 4 4 4 4 4 4 4 4 4 4 4 4 4 4 4 4 4 4 4 4 4 4 4 4 4 4 4 4 4 4 4 4 4 4 4 4 4 4 4 4 4 4 4 4 4 4 4 4 4 4 4 4 4 4
4 4 4 4 4 4 4 4 4 4 4 4 4 4 4 4 4 4 4 4 4 4 4 4 4 4 4 4 4 4 4 4 4 4 4 4 4 4 4 4 4 4 4 4 4 4 4 4 4 4 4 4 4 4 4 4 4 4 4 4 4 4 4 4
4 4 4 4 4 4 4 4 4 4 4 4 11 11 6 6 11 11 4 4 11 11 6 6 11 11 4 4 11 11 6 6 11 11 4 4 2 2 0 0 2 2 4 4 11 11 6 6 11 11 4 4 4 4 4 4 4 4 4 4 4 4 4 4
4 4 4 4 4 4 4 4 4 4 4 4 11 11 6 6 11 11 4 4 11 11 6 6 11 11 4 4 11 11 6 6 11 11 4 4 2 2 0 0 2 2 4 4 11 11 6 6 11 11 4 4 4 4 4 4 4 4 4 4 4 4 4 4
4 4 4 4 4 4 4 4 4 4 4 4 11 11 11 11 11 11 4 4 11 11 11 11 11 11 4 4 11 11 11 11 11 11 4 4 0 0 14 14 0 0 4 4 11 11 11 11 11 11 4 4 4 4 4 4 4 4 4 4 4 4 4 4
4 4 4 4 4 4 4 4 4 4 4 4 11 11 11 11 11 11 4 4 11 11 11 11 11 11 4 4 11 11 11 11 11 11 4 4 0 0 14 14 0 0 4 4 11 11 11 11 11 11 4 4 4 4 4 4 4 4 4 4 4 4 4 4
4 4 4 4 4 4 4 4 4 4 4 4 11 11 11 11 11 11 4 4 11 11 11 11 11 11 4 4 11 11 11 11 11 11 4 4 0 0 0 0 2 2 4 4 11 11 11 11 11 11 4 4 4 4 4 4 4 4 4 4 4 4 4 4
4 4 4 4 4 4 4 4 4 4 4 4 11 11 11 11 11 11 4 4 11 11 11 11 11 11 4 4 11 11 11 11 11 11 4 4 0 0 0 0 2 2 4 4 11 11 11 11 11 11 4 4 4 4 4 4 4 4 4 4 4 4 4 4
4 4 4 4 4 4 4 4 4 4 4 4 4 4 4 4 4 4 4 4 4 4 4 4 4 4 4 4 4 4 4 4 4 4 4 4 4 4 4 4 4 4 4 4 4 4 4 4 4 4 4 4 4 4 4 4 4 4 4 4 4 4 4 4
4 4 4 4 4 4 4 4 4 4 4 4 4 4 4 4 4 4 4 4 4 4 4 4 4 4 4 4 4 4 4 4 4 4 4 4 4 4 4 4 4 4 4 4 4 4 4 4 4 4 4 4 4 4 4 4 4 4 4 4 4 4 4 4
4 4 4 4 4 4 4 4 4 4 4 4 11 11 6 6 11 11 4 4 2 2 0 0 0 0 4 4 11 11 6 6 11 11 4 4 11 11 6 6 11 11 4 4 11 11 6 6 11 11 4 4 4 4 4 4 4 4 4 4 4 4 4 4
4 4 4 4 4 4 4 4 4 4 4 4 11 11 6 6 11 11 4 4 2 2 0 0 0 0 4 4 11 11 6 6 11 11 4 4 11 11 6 6 11 11 4 4 11 11 6 6 11 11 4 4 4 4 4 4 4 4 4 4 4 4 4 4
4 4 4 4 4 4 4 4 4 4 4 4 11 11 11 11 11 11 4 4 0 0 14 14 0 0 4 4 11 11 11 11 11 11 4 4 11 11 11 11 11 11 4 4 11 11 11 11 11 11 4 4 4 4 4 4 4 4 4 4 4 4 4 4
4 4 4 4 4 4 4 4 4 4 4 4 11 11 11 11 11 11 4 4 0 0 14 14 0 0 4 4 11 11 11 11 11 11 4 4 11 11 11 11 11 11 4 4 11 11 11 11 11 11 4 4 4 4 4 4 4 4 4 4 4 4 4 4
4 4 4 4 4 4 4 4 4 4 4 4 11 11 11 11 11 11 4 4 2 2 0 0 2 2 4 4 11 11 11 11 11 11 4 4 11 11 11 11 11 11 4 4 11 11 11 11 11 11 4 4 4 4 4 4 4 4 4 4 4 4 4 4
4 4 4 4 4 4 4 4 4 4 4 4 11 11 11 11 11 11 4 4 2 2 0 0 2 2 4 4 11 11 11 11 11 11 4 4 11 11 11 11 11 11 4 4 11 11 11 11 11 11 4 4 4 4 4 4 4 4 4 4 4 4 4 4
4 4 4 4 4 4 4 4 4 4 4 4 4 4 4 4 4 4 4 4 4 4 4 4 4 4 4 4 4 4 4 4 4 4 4 4 4 4 4 4 4 4 4 4 4 4 4 4 4 4 4 4 4 4 4 4 4 4 4 4 4 4 4 4
4 4 4 4 4 4 4 4 4 4 4 4 4 4 4 4 4 4 4 4 4 4 4 4 4 4 4 4 4 4 4 4 4 4 4 4 4 4 4 4 4 4 4 4 4 4 4 4 4 4 4 4 4 4 4 4 4 4 4 4 4 4 4 4
4 4 4 4 4 4 4 4 4 4 4 4 11 11 6 6 11 11 4 4 11 11 6 6 11 11 4 4 11 11 6 6 11 11 4 4 11 11 6 6 11 11 4 4 11 11 6 6 11 11 4 4 11 11 6 6 11 11 4 4 4 4 4 4
4 4 4 4 4 4 4 4 4 4 4 4 11 11 6 6 11 11 4 4 11 11 6 6 11 11 4 4 11 11 6 6 11 11 4 4 11 11 6 6 11 11 4 4 11 11 6 6 11 11 4 4 11 11 6 6 11 11 4 4 4 4 4 4
4 4 4 4 4 4 4 4 4 4 4 4 11 11 11 11 11 11 4 4 11 11 11 11 11 11 4 4 11 11 11 11 11 11 4 4 11 11 11 11 11 11 4 4 11 11 11 11 11 11 4 4 11 11 11 11 11 11 4 4 4 4 4 4
4 4 4 4 4 4 4 4 4 4 4 4 11 11 11 11 11 11 4 4 11 11 11 11 11 11 4 4 11 11 11 11 11 11 4 4 11 11 11 11 11 11 4 4 11 11 11 11 11 11 4 4 11 11 11 11 11 11 4 4 4 4 4 4
4 4 4 4 4 4 4 4 4 4 4 4 11 11 11 11 11 11 4 4 11 11 11 11 11 11 4 4 11 11 11 11 11 11 4 4 11 11 11 11 11 11 4 4 11 11 11 11 11 11 4 4 11 11 11 11 11 11 4 4 4 4 4 4
4 4 4 4 4 4 4 4 4 4 4 4 11 11 11 11 11 11 4 4 11 11 11 11 11 11 4 4 11 11 11 11 11 11 4 4 11 11 11 11 11 11 4 4 11 11 11 11 11 11 4 4 11 11 11 11 11 11 4 4 4 4 4 4
4 4 4 4 4 4 4 4 4 4 4 4 4 4 4 4 4 4 4 4 4 4 4 4 4 4 4 4 4 4 4 4 4 4 4 4 4 4 4 4 4 4 4 4 4 4 4 4 4 4 4 4 4 4 4 4 4 4 4 4 4 4 4 4
4 4 4 4 4 4 4 4 4 4 4 4 4 4 4 4 4 4 4 4 4 4 4 4 4 4 4 4 4 4 4 4 4 4 4 4 4 4 4 4 4 4 4 4 4 4 4 4 4 4 4 4 4 4 4 4 4 4 4 4 4 4 4 4
4 4 4 4 4 4 4 4 4 4 4 4 4 4 4 4 4 4 4 4 4 4 4 4 4 4 4 4 4 4 4 4 4 4 4 4 4 4 4 4 4 4 4 4 2 2 0 0 0 0 4 4 11 11 6 6 11 11 4 4 4 4 4 4
4 4 4 4 4 4 4 4 4 4 4 4 4 4 4 4 4 4 4 4 4 4 4 4 4 4 4 4 4 4 4 4 4 4 4 4 4 4 4 4 4 4 4 4 2 2 0 0 0 0 4 4 11 11 6 6 11 11 4 4 4 4 4 4
4 4 4 4 4 4 4 4 4 4 4 4 4 4 4 4 4 4 4 4 4 4 4 4 4 4 4 4 4 4 4 4 4 4 4 4 4 4 4 4 4 4 4 4 3 3 14 14 2 2 4 4 11 11 11 11 11 11 4 4 4 4 4 4
4 4 4 4 4 4 4 4 4 4 4 4 4 4 4 4 4 4 4 4 4 4 4 4 4 4 4 4 4 4 4 4 4 4 4 4 4 4 4 4 4 4 4 4 3 3 14 14 2 2 4 4 11 11 11 11 11 11 4 4 4 4 4 4
4 4 4 4 4 4 4 4 4 4 4 4 4 4 4 4 4 4 4 4 4 4 4 4 4 4 4 4 4 4 4 4 4 4 4 4 4 4 4 4 4 4 4 4 3 3 3 3 3 3 4 4 11 11 11 11 11 11 4 4 4 4 4 4
4 4 4 4 4 4 4 4 4 4 4 4 4 4 4 4 4 4 4 4 4 4 4 4 4 4 4 4 4 4 4 4 4 4 4 4 4 4 4 4 4 4 4 4 3 3 3 3 3 3 4 4 11 11 11 11 11 11 4 4 4 4 4 4
4 4 4 4 4 4 4 4 4 4 4 4 4 4 4 4 4 4 4 4 4 4 4 4 4 4 4 4 4 4 4 4 4 4 4 4 4 4 4 4 4 4 4 4 4 4 4 4 4 4 4 4 4 4 4 4 4 4 4 4 4 4 4 4
4 4 4 4 4 4 4 4 4 4 4 4 4 4 4 4 4 4 4 4 4 4 4 4 4 4 4 4 4 4 4 4 4 4 4 4 4 4 4 4 4 4 4 4 4 4 4 4 4 4 4 4 4 4 4 4 4 4 4 4 4 4 4 4
4 4 4 4 4 4 4 4 4 4 4 4 4 4 4 4 4 4 4 4 4 4 4 4 4 4 4 4 4 4 4 4 4 4 4 4 4 4 4 4 4 4 4 4 4 4 4 4 4 4 4 4 4 4 4 4 4 4 4 4 4 4 4 4
4 4 4 4 4 4 4 4 4 4 4 4 4 4 4 4 4 4 4 4 4 4 4 4 4 4 4 4 4 4 4 4 4 4 4 4 4 4 4 4 4 4 4 4 4 4 4 4 4 4 4 4 4 4 4 4 4 4 4 4 4 4 4 4
4 4 4 4 4 4 4 4 4 4 4 4 4 4 4 4 4 4 4 4 4 4 4 4 4 4 4 4 4 4 4 4 4 4 4 4 4 4 4 4 4 4 4 4 4 4 4 4 4 4 4 4 4 4 4 4 4 4 4 4 4 4 4 4
4 4 4 4 4 4 4 4 4 4 4 4 4 4 4 4 4 4 4 4 4 4 4 4 4 4 4 4 4 4 4 4 4 4 4 4 4 4 4 4 4 4 4 4 4 4 4 4 4 4 4 4 4 4 4 4 4 4 4 4 4 4 4 4
4 4 4 4 4 4 4 4 4 4 4 4 4 4 4 4 4 4 4 4 4 4 4 4 4 4 4 4 4 4 4 4 4 4 4 4 4 4 4 4 4 4 4 4 4 4 4 4 4 4 4 4 4 4 4 4 4 4 4 4 4 4 4 4
4 4 4 4 4 4 4 4 4 4 4 4 4 4 4 4 4 4 4 4 4 4 4 4 4 4 4 4 4 4 4 4 4 4 4 4 4 4 4 4 4 4 4 4 4 4 4 4 4 4 4 4 4 4 4 4 4 4 4 4 4 4 4 4
4 4 4 4 4 4 4 4 4 4 4 4 4 4 4 4 4 4 4 4 4 4 4 4 4 4 4 4 4 4 4 4 4 4 4 4 4 4 4 4 4 4 4 4 4 4 4 4 4 4 4 4 4 4 4 4 4 4 4 4 4 4 4 4
4 4 4 4 4 4 4 4 4 4 4 4 4 4 4 4 4 4 4 4 4 4 4 4 4 4 4 4 4 4 4 4 4 4 4 4 4 4 4 4 4 4 4 4 4 4 4 4 4 4 4 4 4 4 4 4 4 4 4 4 4 4 4 4
4 4 4 4 4 4 4 4 4 4 4 4 4 4 4 4 4 4 4 4 4 4 4 4 4 4 4 4 4 4 4 4 4 4 4 4 4 4 4 4 4 4 4 4 4 4 4 4 4 4 4 4 4 4 4 4 4 4 4 4 4 4 4 4
12 12 12 12 12 12 12 12 12 12 12 12 12 12 12 12 12 12 12 12 12 12 12 12 12 12 12 12 12 12 12 12 12 12 12 12 12 12 12 12 12 12 12 12 12 12 12 12 12 12 12 12 12 12 12 12 12 12 12 12 12 12 11 11
[LEVELS] 5/6
[STATE] NOT_FINISHED
[AVAILABLE] ACTION6
[DIFF] 33 cells: (20,14) 11>14; (21,14) 11>14; (24,14) 11>14; (25,14) 11>14; (20,15) 11>14; (21,15) 11>14; (24,15) 11>14; (25,15) 11>14; (20,16) 11>14; (21,16) 11>14; (22,16) 11>14; (23,16) 11>14; (24,16) 11>14; (25,16) 11>14; (20,17) 11>14; (21,17) 11>14; (22,17) 11>14; (23,17) 11>14; (24,17) 11>14; (25,17) 11>14; (20,18) 11>14; (21,18) 11>14; (22,18) 11>14; (23,18) 11>14; (24,18) 11>14; (25,18) 11>14; (20,19) 11>14; (21,19) 11>14; (22,19) 11>14; (23,19) 11>14; (24,19) 11>14; (25,19) 11>14; (62,63) 12>11

[STEP 66]
[ACTION] ACTION6 x=38 y=16
[BOARD] 1/1 settled
4 4 4 4 4 4 4 4 4 4 4 4 4 4 4 4 4 4 4 4 4 4 4 4 4 4 4 4 4 4 4 4 4 4 4 4 4 4 4 4 4 4 4 4 4 4 4 4 4 4 4 4 4 4 4 4 4 4 4 4 11 11 11 11
4 4 4 4 4 4 4 4 4 4 4 4 4 4 4 4 4 4 4 4 4 4 4 4 4 4 4 4 4 4 4 4 4 4 4 4 4 4 4 4 4 4 4 4 4 4 4 4 4 4 4 4 4 4 4 4 4 4 4 4 11 11 11 11
4 4 4 4 4 4 4 4 4 4 4 4 4 4 4 4 4 4 4 4 4 4 4 4 4 4 4 4 4 4 4 4 4 4 4 4 4 4 4 4 4 4 4 4 4 4 4 4 4 4 4 4 4 4 4 4 4 4 4 4 11 11 11 11
4 4 4 4 4 4 4 4 4 4 4 4 4 4 4 4 4 4 4 4 4 4 4 4 4 4 4 4 4 4 4 4 4 4 4 4 4 4 4 4 4 4 4 4 4 4 4 4 4 4 4 4 4 4 4 4 4 4 4 4 11 11 11 11
4 4 4 4 4 4 4 4 4 4 4 4 4 4 4 4 4 4 4 4 4 4 4 4 4 4 4 4 4 4 4 4 4 4 4 4 4 4 4 4 4 4 4 4 4 4 4 4 4 4 4 4 4 4 4 4 4 4 4 4 14 14 14 14
4 4 4 4 4 4 4 4 4 4 4 4 4 4 4 4 4 4 4 4 4 4 4 4 4 4 4 4 4 4 4 4 4 4 4 4 4 4 4 4 4 4 4 4 4 4 4 4 4 4 4 4 4 4 4 4 4 4 4 4 14 14 14 14
4 4 4 4 11 11 6 6 11 11 4 4 3 3 3 3 3 3 4 4 4 4 4 4 4 4 4 4 4 4 4 4 4 4 4 4 4 4 4 4 4 4 4 4 4 4 4 4 4 4 4 4 4 4 4 4 4 4 4 4 14 14 14 14
4 4 4 4 11 11 6 6 11 11 4 4 3 3 3 3 3 3 4 4 4 4 4 4 4 4 4 4 4 4 4 4 4 4 4 4 4 4 4 4 4 4 4 4 4 4 4 4 4 4 4 4 4 4 4 4 4 4 4 4 14 14 14 14
4 4 4 4 11 11 11 11 11 11 4 4 2 2 14 14 3 3 4 4 4 4 4 4 4 4 4 4 4 4 4 4 4 4 4 4 4 4 4 4 4 4 4 4 4 4 4 4 4 4 4 4 4 4 4 4 4 4 4 4 4 4 4 4
4 4 4 4 11 11 11 11 11 11 4 4 2 2 14 14 3 3 4 4 4 4 4 4 4 4 4 4 4 4 4 4 4 4 4 4 4 4 4 4 4 4 4 4 4 4 4 4 4 4 4 4 4 4 4 4 4 4 4 4 4 4 4 4
4 4 4 4 11 11 11 11 11 11 4 4 0 0 0 0 2 2 4 4 4 4 4 4 4 4 4 4 4 4 4 4 4 4 4 4 4 4 4 4 4 4 4 4 4 4 4 4 4 4 4 4 4 4 4 4 4 4 4 4 4 4 4 4
4 4 4 4 11 11 11 11 11 11 4 4 0 0 0 0 2 2 4 4 4 4 4 4 4 4 4 4 4 4 4 4 4 4 4 4 4 4 4 4 4 4 4 4 4 4 4 4 4 4 4 4 4 4 4 4 4 4 4 4 4 4 4 4
4 4 4 4 4 4 4 4 4 4 4 4 4 4 4 4 4 4 4 4 4 4 4 4 4 4 4 4 4 4 4 4 4 4 4 4 4 4 4 4 4 4 4 4 4 4 4 4 4 4 4 4 4 4 4 4 4 4 4 4 4 4 4 4
4 4 4 4 4 4 4 4 4 4 4 4 4 4 4 4 4 4 4 4 4 4 4 4 4 4 4 4 4 4 4 4 4 4 4 4 4 4 4 4 4 4 4 4 4 4 4 4 4 4 4 4 4 4 4 4 4 4 4 4 4 4 4 4
4 4 4 4 14 14 6 6 14 14 4 4 11 11 6 6 11 11 4 4 14 14 6 6 14 14 4 4 11 11 6 6 11 11 4 4 14 14 6 6 14 14 4 4 11 11 6 6 11 11 4 4 4 4 4 4 4 4 4 4 4 4 4 4
4 4 4 4 14 14 6 6 14 14 4 4 11 11 6 6 11 11 4 4 14 14 6 6 14 14 4 4 11 11 6 6 11 11 4 4 14 14 6 6 14 14 4 4 11 11 6 6 11 11 4 4 4 4 4 4 4 4 4 4 4 4 4 4
4 4 4 4 14 14 14 14 14 14 4 4 11 11 11 11 11 11 4 4 14 14 14 14 14 14 4 4 11 11 11 11 11 11 4 4 14 14 14 14 14 14 4 4 11 11 11 11 11 11 4 4 4 4 4 4 4 4 4 4 4 4 4 4
4 4 4 4 14 14 14 14 14 14 4 4 11 11 11 11 11 11 4 4 14 14 14 14 14 14 4 4 11 11 11 11 11 11 4 4 14 14 14 14 14 14 4 4 11 11 11 11 11 11 4 4 4 4 4 4 4 4 4 4 4 4 4 4
4 4 4 4 14 14 14 14 14 14 4 4 11 11 11 11 11 11 4 4 14 14 14 14 14 14 4 4 11 11 11 11 11 11 4 4 14 14 14 14 14 14 4 4 11 11 11 11 11 11 4 4 4 4 4 4 4 4 4 4 4 4 4 4
4 4 4 4 14 14 14 14 14 14 4 4 11 11 11 11 11 11 4 4 14 14 14 14 14 14 4 4 11 11 11 11 11 11 4 4 14 14 14 14 14 14 4 4 11 11 11 11 11 11 4 4 4 4 4 4 4 4 4 4 4 4 4 4
4 4 4 4 4 4 4 4 4 4 4 4 4 4 4 4 4 4 4 4 4 4 4 4 4 4 4 4 4 4 4 4 4 4 4 4 4 4 4 4 4 4 4 4 4 4 4 4 4 4 4 4 4 4 4 4 4 4 4 4 4 4 4 4
4 4 4 4 4 4 4 4 4 4 4 4 4 4 4 4 4 4 4 4 4 4 4 4 4 4 4 4 4 4 4 4 4 4 4 4 4 4 4 4 4 4 4 4 4 4 4 4 4 4 4 4 4 4 4 4 4 4 4 4 4 4 4 4
4 4 4 4 4 4 4 4 4 4 4 4 11 11 6 6 11 11 4 4 11 11 6 6 11 11 4 4 11 11 6 6 11 11 4 4 2 2 0 0 2 2 4 4 11 11 6 6 11 11 4 4 4 4 4 4 4 4 4 4 4 4 4 4
4 4 4 4 4 4 4 4 4 4 4 4 11 11 6 6 11 11 4 4 11 11 6 6 11 11 4 4 11 11 6 6 11 11 4 4 2 2 0 0 2 2 4 4 11 11 6 6 11 11 4 4 4 4 4 4 4 4 4 4 4 4 4 4
4 4 4 4 4 4 4 4 4 4 4 4 11 11 11 11 11 11 4 4 11 11 11 11 11 11 4 4 11 11 11 11 11 11 4 4 0 0 14 14 0 0 4 4 11 11 11 11 11 11 4 4 4 4 4 4 4 4 4 4 4 4 4 4
4 4 4 4 4 4 4 4 4 4 4 4 11 11 11 11 11 11 4 4 11 11 11 11 11 11 4 4 11 11 11 11 11 11 4 4 0 0 14 14 0 0 4 4 11 11 11 11 11 11 4 4 4 4 4 4 4 4 4 4 4 4 4 4
4 4 4 4 4 4 4 4 4 4 4 4 11 11 11 11 11 11 4 4 11 11 11 11 11 11 4 4 11 11 11 11 11 11 4 4 0 0 0 0 2 2 4 4 11 11 11 11 11 11 4 4 4 4 4 4 4 4 4 4 4 4 4 4
4 4 4 4 4 4 4 4 4 4 4 4 11 11 11 11 11 11 4 4 11 11 11 11 11 11 4 4 11 11 11 11 11 11 4 4 0 0 0 0 2 2 4 4 11 11 11 11 11 11 4 4 4 4 4 4 4 4 4 4 4 4 4 4
4 4 4 4 4 4 4 4 4 4 4 4 4 4 4 4 4 4 4 4 4 4 4 4 4 4 4 4 4 4 4 4 4 4 4 4 4 4 4 4 4 4 4 4 4 4 4 4 4 4 4 4 4 4 4 4 4 4 4 4 4 4 4 4
4 4 4 4 4 4 4 4 4 4 4 4 4 4 4 4 4 4 4 4 4 4 4 4 4 4 4 4 4 4 4 4 4 4 4 4 4 4 4 4 4 4 4 4 4 4 4 4 4 4 4 4 4 4 4 4 4 4 4 4 4 4 4 4
4 4 4 4 4 4 4 4 4 4 4 4 11 11 6 6 11 11 4 4 2 2 0 0 0 0 4 4 11 11 6 6 11 11 4 4 11 11 6 6 11 11 4 4 11 11 6 6 11 11 4 4 4 4 4 4 4 4 4 4 4 4 4 4
4 4 4 4 4 4 4 4 4 4 4 4 11 11 6 6 11 11 4 4 2 2 0 0 0 0 4 4 11 11 6 6 11 11 4 4 11 11 6 6 11 11 4 4 11 11 6 6 11 11 4 4 4 4 4 4 4 4 4 4 4 4 4 4
4 4 4 4 4 4 4 4 4 4 4 4 11 11 11 11 11 11 4 4 0 0 14 14 0 0 4 4 11 11 11 11 11 11 4 4 11 11 11 11 11 11 4 4 11 11 11 11 11 11 4 4 4 4 4 4 4 4 4 4 4 4 4 4
4 4 4 4 4 4 4 4 4 4 4 4 11 11 11 11 11 11 4 4 0 0 14 14 0 0 4 4 11 11 11 11 11 11 4 4 11 11 11 11 11 11 4 4 11 11 11 11 11 11 4 4 4 4 4 4 4 4 4 4 4 4 4 4
4 4 4 4 4 4 4 4 4 4 4 4 11 11 11 11 11 11 4 4 2 2 0 0 2 2 4 4 11 11 11 11 11 11 4 4 11 11 11 11 11 11 4 4 11 11 11 11 11 11 4 4 4 4 4 4 4 4 4 4 4 4 4 4
4 4 4 4 4 4 4 4 4 4 4 4 11 11 11 11 11 11 4 4 2 2 0 0 2 2 4 4 11 11 11 11 11 11 4 4 11 11 11 11 11 11 4 4 11 11 11 11 11 11 4 4 4 4 4 4 4 4 4 4 4 4 4 4
4 4 4 4 4 4 4 4 4 4 4 4 4 4 4 4 4 4 4 4 4 4 4 4 4 4 4 4 4 4 4 4 4 4 4 4 4 4 4 4 4 4 4 4 4 4 4 4 4 4 4 4 4 4 4 4 4 4 4 4 4 4 4 4
4 4 4 4 4 4 4 4 4 4 4 4 4 4 4 4 4 4 4 4 4 4 4 4 4 4 4 4 4 4 4 4 4 4 4 4 4 4 4 4 4 4 4 4 4 4 4 4 4 4 4 4 4 4 4 4 4 4 4 4 4 4 4 4
4 4 4 4 4 4 4 4 4 4 4 4 11 11 6 6 11 11 4 4 11 11 6 6 11 11 4 4 11 11 6 6 11 11 4 4 11 11 6 6 11 11 4 4 11 11 6 6 11 11 4 4 11 11 6 6 11 11 4 4 4 4 4 4
4 4 4 4 4 4 4 4 4 4 4 4 11 11 6 6 11 11 4 4 11 11 6 6 11 11 4 4 11 11 6 6 11 11 4 4 11 11 6 6 11 11 4 4 11 11 6 6 11 11 4 4 11 11 6 6 11 11 4 4 4 4 4 4
4 4 4 4 4 4 4 4 4 4 4 4 11 11 11 11 11 11 4 4 11 11 11 11 11 11 4 4 11 11 11 11 11 11 4 4 11 11 11 11 11 11 4 4 11 11 11 11 11 11 4 4 11 11 11 11 11 11 4 4 4 4 4 4
4 4 4 4 4 4 4 4 4 4 4 4 11 11 11 11 11 11 4 4 11 11 11 11 11 11 4 4 11 11 11 11 11 11 4 4 11 11 11 11 11 11 4 4 11 11 11 11 11 11 4 4 11 11 11 11 11 11 4 4 4 4 4 4
4 4 4 4 4 4 4 4 4 4 4 4 11 11 11 11 11 11 4 4 11 11 11 11 11 11 4 4 11 11 11 11 11 11 4 4 11 11 11 11 11 11 4 4 11 11 11 11 11 11 4 4 11 11 11 11 11 11 4 4 4 4 4 4
4 4 4 4 4 4 4 4 4 4 4 4 11 11 11 11 11 11 4 4 11 11 11 11 11 11 4 4 11 11 11 11 11 11 4 4 11 11 11 11 11 11 4 4 11 11 11 11 11 11 4 4 11 11 11 11 11 11 4 4 4 4 4 4
4 4 4 4 4 4 4 4 4 4 4 4 4 4 4 4 4 4 4 4 4 4 4 4 4 4 4 4 4 4 4 4 4 4 4 4 4 4 4 4 4 4 4 4 4 4 4 4 4 4 4 4 4 4 4 4 4 4 4 4 4 4 4 4
4 4 4 4 4 4 4 4 4 4 4 4 4 4 4 4 4 4 4 4 4 4 4 4 4 4 4 4 4 4 4 4 4 4 4 4 4 4 4 4 4 4 4 4 4 4 4 4 4 4 4 4 4 4 4 4 4 4 4 4 4 4 4 4
4 4 4 4 4 4 4 4 4 4 4 4 4 4 4 4 4 4 4 4 4 4 4 4 4 4 4 4 4 4 4 4 4 4 4 4 4 4 4 4 4 4 4 4 2 2 0 0 0 0 4 4 11 11 6 6 11 11 4 4 4 4 4 4
4 4 4 4 4 4 4 4 4 4 4 4 4 4 4 4 4 4 4 4 4 4 4 4 4 4 4 4 4 4 4 4 4 4 4 4 4 4 4 4 4 4 4 4 2 2 0 0 0 0 4 4 11 11 6 6 11 11 4 4 4 4 4 4
4 4 4 4 4 4 4 4 4 4 4 4 4 4 4 4 4 4 4 4 4 4 4 4 4 4 4 4 4 4 4 4 4 4 4 4 4 4 4 4 4 4 4 4 3 3 14 14 2 2 4 4 11 11 11 11 11 11 4 4 4 4 4 4
4 4 4 4 4 4 4 4 4 4 4 4 4 4 4 4 4 4 4 4 4 4 4 4 4 4 4 4 4 4 4 4 4 4 4 4 4 4 4 4 4 4 4 4 3 3 14 14 2 2 4 4 11 11 11 11 11 11 4 4 4 4 4 4
4 4 4 4 4 4 4 4 4 4 4 4 4 4 4 4 4 4 4 4 4 4 4 4 4 4 4 4 4 4 4 4 4 4 4 4 4 4 4 4 4 4 4 4 3 3 3 3 3 3 4 4 11 11 11 11 11 11 4 4 4 4 4 4
4 4 4 4 4 4 4 4 4 4 4 4 4 4 4 4 4 4 4 4 4 4 4 4 4 4 4 4 4 4 4 4 4 4 4 4 4 4 4 4 4 4 4 4 3 3 3 3 3 3 4 4 11 11 11 11 11 11 4 4 4 4 4 4
4 4 4 4 4 4 4 4 4 4 4 4 4 4 4 4 4 4 4 4 4 4 4 4 4 4 4 4 4 4 4 4 4 4 4 4 4 4 4 4 4 4 4 4 4 4 4 4 4 4 4 4 4 4 4 4 4 4 4 4 4 4 4 4
4 4 4 4 4 4 4 4 4 4 4 4 4 4 4 4 4 4 4 4 4 4 4 4 4 4 4 4 4 4 4 4 4 4 4 4 4 4 4 4 4 4 4 4 4 4 4 4 4 4 4 4 4 4 4 4 4 4 4 4 4 4 4 4
4 4 4 4 4 4 4 4 4 4 4 4 4 4 4 4 4 4 4 4 4 4 4 4 4 4 4 4 4 4 4 4 4 4 4 4 4 4 4 4 4 4 4 4 4 4 4 4 4 4 4 4 4 4 4 4 4 4 4 4 4 4 4 4
4 4 4 4 4 4 4 4 4 4 4 4 4 4 4 4 4 4 4 4 4 4 4 4 4 4 4 4 4 4 4 4 4 4 4 4 4 4 4 4 4 4 4 4 4 4 4 4 4 4 4 4 4 4 4 4 4 4 4 4 4 4 4 4
4 4 4 4 4 4 4 4 4 4 4 4 4 4 4 4 4 4 4 4 4 4 4 4 4 4 4 4 4 4 4 4 4 4 4 4 4 4 4 4 4 4 4 4 4 4 4 4 4 4 4 4 4 4 4 4 4 4 4 4 4 4 4 4
4 4 4 4 4 4 4 4 4 4 4 4 4 4 4 4 4 4 4 4 4 4 4 4 4 4 4 4 4 4 4 4 4 4 4 4 4 4 4 4 4 4 4 4 4 4 4 4 4 4 4 4 4 4 4 4 4 4 4 4 4 4 4 4
4 4 4 4 4 4 4 4 4 4 4 4 4 4 4 4 4 4 4 4 4 4 4 4 4 4 4 4 4 4 4 4 4 4 4 4 4 4 4 4 4 4 4 4 4 4 4 4 4 4 4 4 4 4 4 4 4 4 4 4 4 4 4 4
4 4 4 4 4 4 4 4 4 4 4 4 4 4 4 4 4 4 4 4 4 4 4 4 4 4 4 4 4 4 4 4 4 4 4 4 4 4 4 4 4 4 4 4 4 4 4 4 4 4 4 4 4 4 4 4 4 4 4 4 4 4 4 4
4 4 4 4 4 4 4 4 4 4 4 4 4 4 4 4 4 4 4 4 4 4 4 4 4 4 4 4 4 4 4 4 4 4 4 4 4 4 4 4 4 4 4 4 4 4 4 4 4 4 4 4 4 4 4 4 4 4 4 4 4 4 4 4
4 4 4 4 4 4 4 4 4 4 4 4 4 4 4 4 4 4 4 4 4 4 4 4 4 4 4 4 4 4 4 4 4 4 4 4 4 4 4 4 4 4 4 4 4 4 4 4 4 4 4 4 4 4 4 4 4 4 4 4 4 4 4 4
4 4 4 4 4 4 4 4 4 4 4 4 4 4 4 4 4 4 4 4 4 4 4 4 4 4 4 4 4 4 4 4 4 4 4 4 4 4 4 4 4 4 4 4 4 4 4 4 4 4 4 4 4 4 4 4 4 4 4 4 4 4 4 4
12 12 12 12 12 12 12 12 12 12 12 12 12 12 12 12 12 12 12 12 12 12 12 12 12 12 12 12 12 12 12 12 12 12 12 12 12 12 12 12 12 12 12 12 12 12 12 12 12 12 12 12 12 12 12 12 12 12 12 12 12 12 11 11
[LEVELS] 5/6
[STATE] NOT_FINISHED
[AVAILABLE] ACTION6
[DIFF] 32 cells: (36,14) 11>14; (37,14) 11>14; (40,14) 11>14; (41,14) 11>14; (36,15) 11>14; (37,15) 11>14; (40,15) 11>14; (41,15) 11>14; (36,16) 11>14; (37,16) 11>14; (38,16) 11>14; (39,16) 11>14; (40,16) 11>14; (41,16) 11>14; (36,17) 11>14; (37,17) 11>14; (38,17) 11>14; (39,17) 11>14; (40,17) 11>14; (41,17) 11>14; (36,18) 11>14; (37,18) 11>14; (38,18) 11>14; (39,18) 11>14; (40,18) 11>14; (41,18) 11>14; (36,19) 11>14; (37,19) 11>14; (38,19) 11>14; (39,19) 11>14; (40,19) 11>14; (41,19) 11>14

[STEP 67]
[ACTION] ACTION6 x=14 y=24
[BOARD] 1/1 settled
4 4 4 4 4 4 4 4 4 4 4 4 4 4 4 4 4 4 4 4 4 4 4 4 4 4 4 4 4 4 4 4 4 4 4 4 4 4 4 4 4 4 4 4 4 4 4 4 4 4 4 4 4 4 4 4 4 4 4 4 11 11 11 11
4 4 4 4 4 4 4 4 4 4 4 4 4 4 4 4 4 4 4 4 4 4 4 4 4 4 4 4 4 4 4 4 4 4 4 4 4 4 4 4 4 4 4 4 4 4 4 4 4 4 4 4 4 4 4 4 4 4 4 4 11 11 11 11
4 4 4 4 4 4 4 4 4 4 4 4 4 4 4 4 4 4 4 4 4 4 4 4 4 4 4 4 4 4 4 4 4 4 4 4 4 4 4 4 4 4 4 4 4 4 4 4 4 4 4 4 4 4 4 4 4 4 4 4 11 11 11 11
4 4 4 4 4 4 4 4 4 4 4 4 4 4 4 4 4 4 4 4 4 4 4 4 4 4 4 4 4 4 4 4 4 4 4 4 4 4 4 4 4 4 4 4 4 4 4 4 4 4 4 4 4 4 4 4 4 4 4 4 11 11 11 11
4 4 4 4 4 4 4 4 4 4 4 4 4 4 4 4 4 4 4 4 4 4 4 4 4 4 4 4 4 4 4 4 4 4 4 4 4 4 4 4 4 4 4 4 4 4 4 4 4 4 4 4 4 4 4 4 4 4 4 4 14 14 14 14
4 4 4 4 4 4 4 4 4 4 4 4 4 4 4 4 4 4 4 4 4 4 4 4 4 4 4 4 4 4 4 4 4 4 4 4 4 4 4 4 4 4 4 4 4 4 4 4 4 4 4 4 4 4 4 4 4 4 4 4 14 14 14 14
4 4 4 4 11 11 6 6 11 11 4 4 3 3 3 3 3 3 4 4 4 4 4 4 4 4 4 4 4 4 4 4 4 4 4 4 4 4 4 4 4 4 4 4 4 4 4 4 4 4 4 4 4 4 4 4 4 4 4 4 14 14 14 14
4 4 4 4 11 11 6 6 11 11 4 4 3 3 3 3 3 3 4 4 4 4 4 4 4 4 4 4 4 4 4 4 4 4 4 4 4 4 4 4 4 4 4 4 4 4 4 4 4 4 4 4 4 4 4 4 4 4 4 4 14 14 14 14
4 4 4 4 11 11 11 11 11 11 4 4 2 2 14 14 3 3 4 4 4 4 4 4 4 4 4 4 4 4 4 4 4 4 4 4 4 4 4 4 4 4 4 4 4 4 4 4 4 4 4 4 4 4 4 4 4 4 4 4 4 4 4 4
4 4 4 4 11 11 11 11 11 11 4 4 2 2 14 14 3 3 4 4 4 4 4 4 4 4 4 4 4 4 4 4 4 4 4 4 4 4 4 4 4 4 4 4 4 4 4 4 4 4 4 4 4 4 4 4 4 4 4 4 4 4 4 4
4 4 4 4 11 11 11 11 11 11 4 4 0 0 0 0 2 2 4 4 4 4 4 4 4 4 4 4 4 4 4 4 4 4 4 4 4 4 4 4 4 4 4 4 4 4 4 4 4 4 4 4 4 4 4 4 4 4 4 4 4 4 4 4
4 4 4 4 11 11 11 11 11 11 4 4 0 0 0 0 2 2 4 4 4 4 4 4 4 4 4 4 4 4 4 4 4 4 4 4 4 4 4 4 4 4 4 4 4 4 4 4 4 4 4 4 4 4 4 4 4 4 4 4 4 4 4 4
4 4 4 4 4 4 4 4 4 4 4 4 4 4 4 4 4 4 4 4 4 4 4 4 4 4 4 4 4 4 4 4 4 4 4 4 4 4 4 4 4 4 4 4 4 4 4 4 4 4 4 4 4 4 4 4 4 4 4 4 4 4 4 4
4 4 4 4 4 4 4 4 4 4 4 4 4 4 4 4 4 4 4 4 4 4 4 4 4 4 4 4 4 4 4 4 4 4 4 4 4 4 4 4 4 4 4 4 4 4 4 4 4 4 4 4 4 4 4 4 4 4 4 4 4 4 4 4
4 4 4 4 14 14 6 6 14 14 4 4 14 14 6 6 14 14 4 4 14 14 6 6 14 14 4 4 11 11 6 6 11 11 4 4 14 14 6 6 14 14 4 4 11 11 6 6 11 11 4 4 4 4 4 4 4 4 4 4 4 4 4 4
4 4 4 4 14 14 6 6 14 14 4 4 14 14 6 6 14 14 4 4 14 14 6 6 14 14 4 4 11 11 6 6 11 11 4 4 14 14 6 6 14 14 4 4 11 11 6 6 11 11 4 4 4 4 4 4 4 4 4 4 4 4 4 4
4 4 4 4 14 14 14 14 14 14 4 4 14 14 14 14 14 14 4 4 14 14 14 14 14 14 4 4 11 11 11 11 11 11 4 4 14 14 14 14 14 14 4 4 11 11 11 11 11 11 4 4 4 4 4 4 4 4 4 4 4 4 4 4
4 4 4 4 14 14 14 14 14 14 4 4 14 14 14 14 14 14 4 4 14 14 14 14 14 14 4 4 11 11 11 11 11 11 4 4 14 14 14 14 14 14 4 4 11 11 11 11 11 11 4 4 4 4 4 4 4 4 4 4 4 4 4 4
4 4 4 4 14 14 14 14 14 14 4 4 14 14 14 14 14 14 4 4 14 14 14 14 14 14 4 4 11 11 11 11 11 11 4 4 14 14 14 14 14 14 4 4 11 11 11 11 11 11 4 4 4 4 4 4 4 4 4 4 4 4 4 4
4 4 4 4 14 14 14 14 14 14 4 4 14 14 14 14 14 14 4 4 14 14 14 14 14 14 4 4 11 11 11 11 11 11 4 4 14 14 14 14 14 14 4 4 11 11 11 11 11 11 4 4 4 4 4 4 4 4 4 4 4 4 4 4
4 4 4 4 4 4 4 4 4 4 4 4 4 4 4 4 4 4 4 4 4 4 4 4 4 4 4 4 4 4 4 4 4 4 4 4 4 4 4 4 4 4 4 4 4 4 4 4 4 4 4 4 4 4 4 4 4 4 4 4 4 4 4 4
4 4 4 4 4 4 4 4 4 4 4 4 4 4 4 4 4 4 4 4 4 4 4 4 4 4 4 4 4 4 4 4 4 4 4 4 4 4 4 4 4 4 4 4 4 4 4 4 4 4 4 4 4 4 4 4 4 4 4 4 4 4 4 4
4 4 4 4 4 4 4 4 4 4 4 4 14 14 6 6 14 14 4 4 11 11 6 6 11 11 4 4 11 11 6 6 11 11 4 4 2 2 0 0 2 2 4 4 11 11 6 6 11 11 4 4 4 4 4 4 4 4 4 4 4 4 4 4
4 4 4 4 4 4 4 4 4 4 4 4 14 14 6 6 14 14 4 4 11 11 6 6 11 11 4 4 11 11 6 6 11 11 4 4 2 2 0 0 2 2 4 4 11 11 6 6 11 11 4 4 4 4 4 4 4 4 4 4 4 4 4 4
4 4 4 4 4 4 4 4 4 4 4 4 14 14 14 14 14 14 4 4 11 11 11 11 11 11 4 4 11 11 11 11 11 11 4 4 0 0 14 14 0 0 4 4 11 11 11 11 11 11 4 4 4 4 4 4 4 4 4 4 4 4 4 4
4 4 4 4 4 4 4 4 4 4 4 4 14 14 14 14 14 14 4 4 11 11 11 11 11 11 4 4 11 11 11 11 11 11 4 4 0 0 14 14 0 0 4 4 11 11 11 11 11 11 4 4 4 4 4 4 4 4 4 4 4 4 4 4
4 4 4 4 4 4 4 4 4 4 4 4 14 14 14 14 14 14 4 4 11 11 11 11 11 11 4 4 11 11 11 11 11 11 4 4 0 0 0 0 2 2 4 4 11 11 11 11 11 11 4 4 4 4 4 4 4 4 4 4 4 4 4 4
4 4 4 4 4 4 4 4 4 4 4 4 14 14 14 14 14 14 4 4 11 11 11 11 11 11 4 4 11 11 11 11 11 11 4 4 0 0 0 0 2 2 4 4 11 11 11 11 11 11 4 4 4 4 4 4 4 4 4 4 4 4 4 4
4 4 4 4 4 4 4 4 4 4 4 4 4 4 4 4 4 4 4 4 4 4 4 4 4 4 4 4 4 4 4 4 4 4 4 4 4 4 4 4 4 4 4 4 4 4 4 4 4 4 4 4 4 4 4 4 4 4 4 4 4 4 4 4
4 4 4 4 4 4 4 4 4 4 4 4 4 4 4 4 4 4 4 4 4 4 4 4 4 4 4 4 4 4 4 4 4 4 4 4 4 4 4 4 4 4 4 4 4 4 4 4 4 4 4 4 4 4 4 4 4 4 4 4 4 4 4 4
4 4 4 4 4 4 4 4 4 4 4 4 11 11 6 6 11 11 4 4 2 2 0 0 0 0 4 4 11 11 6 6 11 11 4 4 11 11 6 6 11 11 4 4 11 11 6 6 11 11 4 4 4 4 4 4 4 4 4 4 4 4 4 4
4 4 4 4 4 4 4 4 4 4 4 4 11 11 6 6 11 11 4 4 2 2 0 0 0 0 4 4 11 11 6 6 11 11 4 4 11 11 6 6 11 11 4 4 11 11 6 6 11 11 4 4 4 4 4 4 4 4 4 4 4 4 4 4
4 4 4 4 4 4 4 4 4 4 4 4 11 11 11 11 11 11 4 4 0 0 14 14 0 0 4 4 11 11 11 11 11 11 4 4 11 11 11 11 11 11 4 4 11 11 11 11 11 11 4 4 4 4 4 4 4 4 4 4 4 4 4 4
4 4 4 4 4 4 4 4 4 4 4 4 11 11 11 11 11 11 4 4 0 0 14 14 0 0 4 4 11 11 11 11 11 11 4 4 11 11 11 11 11 11 4 4 11 11 11 11 11 11 4 4 4 4 4 4 4 4 4 4 4 4 4 4
4 4 4 4 4 4 4 4 4 4 4 4 11 11 11 11 11 11 4 4 2 2 0 0 2 2 4 4 11 11 11 11 11 11 4 4 11 11 11 11 11 11 4 4 11 11 11 11 11 11 4 4 4 4 4 4 4 4 4 4 4 4 4 4
4 4 4 4 4 4 4 4 4 4 4 4 11 11 11 11 11 11 4 4 2 2 0 0 2 2 4 4 11 11 11 11 11 11 4 4 11 11 11 11 11 11 4 4 11 11 11 11 11 11 4 4 4 4 4 4 4 4 4 4 4 4 4 4
4 4 4 4 4 4 4 4 4 4 4 4 4 4 4 4 4 4 4 4 4 4 4 4 4 4 4 4 4 4 4 4 4 4 4 4 4 4 4 4 4 4 4 4 4 4 4 4 4 4 4 4 4 4 4 4 4 4 4 4 4 4 4 4
4 4 4 4 4 4 4 4 4 4 4 4 4 4 4 4 4 4 4 4 4 4 4 4 4 4 4 4 4 4 4 4 4 4 4 4 4 4 4 4 4 4 4 4 4 4 4 4 4 4 4 4 4 4 4 4 4 4 4 4 4 4 4 4
4 4 4 4 4 4 4 4 4 4 4 4 11 11 6 6 11 11 4 4 11 11 6 6 11 11 4 4 11 11 6 6 11 11 4 4 11 11 6 6 11 11 4 4 11 11 6 6 11 11 4 4 11 11 6 6 11 11 4 4 4 4 4 4
4 4 4 4 4 4 4 4 4 4 4 4 11 11 6 6 11 11 4 4 11 11 6 6 11 11 4 4 11 11 6 6 11 11 4 4 11 11 6 6 11 11 4 4 11 11 6 6 11 11 4 4 11 11 6 6 11 11 4 4 4 4 4 4
4 4 4 4 4 4 4 4 4 4 4 4 11 11 11 11 11 11 4 4 11 11 11 11 11 11 4 4 11 11 11 11 11 11 4 4 11 11 11 11 11 11 4 4 11 11 11 11 11 11 4 4 11 11 11 11 11 11 4 4 4 4 4 4
4 4 4 4 4 4 4 4 4 4 4 4 11 11 11 11 11 11 4 4 11 11 11 11 11 11 4 4 11 11 11 11 11 11 4 4 11 11 11 11 11 11 4 4 11 11 11 11 11 11 4 4 11 11 11 11 11 11 4 4 4 4 4 4
4 4 4 4 4 4 4 4 4 4 4 4 11 11 11 11 11 11 4 4 11 11 11 11 11 11 4 4 11 11 11 11 11 11 4 4 11 11 11 11 11 11 4 4 11 11 11 11 11 11 4 4 11 11 11 11 11 11 4 4 4 4 4 4
4 4 4 4 4 4 4 4 4 4 4 4 11 11 11 11 11 11 4 4 11 11 11 11 11 11 4 4 11 11 11 11 11 11 4 4 11 11 11 11 11 11 4 4 11 11 11 11 11 11 4 4 11 11 11 11 11 11 4 4 4 4 4 4
4 4 4 4 4 4 4 4 4 4 4 4 4 4 4 4 4 4 4 4 4 4 4 4 4 4 4 4 4 4 4 4 4 4 4 4 4 4 4 4 4 4 4 4 4 4 4 4 4 4 4 4 4 4 4 4 4 4 4 4 4 4 4 4
4 4 4 4 4 4 4 4 4 4 4 4 4 4 4 4 4 4 4 4 4 4 4 4 4 4 4 4 4 4 4 4 4 4 4 4 4 4 4 4 4 4 4 4 4 4 4 4 4 4 4 4 4 4 4 4 4 4 4 4 4 4 4 4
4 4 4 4 4 4 4 4 4 4 4 4 4 4 4 4 4 4 4 4 4 4 4 4 4 4 4 4 4 4 4 4 4 4 4 4 4 4 4 4 4 4 4 4 2 2 0 0 0 0 4 4 11 11 6 6 11 11 4 4 4 4 4 4
4 4 4 4 4 4 4 4 4 4 4 4 4 4 4 4 4 4 4 4 4 4 4 4 4 4 4 4 4 4 4 4 4 4 4 4 4 4 4 4 4 4 4 4 2 2 0 0 0 0 4 4 11 11 6 6 11 11 4 4 4 4 4 4
4 4 4 4 4 4 4 4 4 4 4 4 4 4 4 4 4 4 4 4 4 4 4 4 4 4 4 4 4 4 4 4 4 4 4 4 4 4 4 4 4 4 4 4 3 3 14 14 2 2 4 4 11 11 11 11 11 11 4 4 4 4 4 4
4 4 4 4 4 4 4 4 4 4 4 4 4 4 4 4 4 4 4 4 4 4 4 4 4 4 4 4 4 4 4 4 4 4 4 4 4 4 4 4 4 4 4 4 3 3 14 14 2 2 4 4 11 11 11 11 11 11 4 4 4 4 4 4
4 4 4 4 4 4 4 4 4 4 4 4 4 4 4 4 4 4 4 4 4 4 4 4 4 4 4 4 4 4 4 4 4 4 4 4 4 4 4 4 4 4 4 4 3 3 3 3 3 3 4 4 11 11 11 11 11 11 4 4 4 4 4 4
4 4 4 4 4 4 4 4 4 4 4 4 4 4 4 4 4 4 4 4 4 4 4 4 4 4 4 4 4 4 4 4 4 4 4 4 4 4 4 4 4 4 4 4 3 3 3 3 3 3 4 4 11 11 11 11 11 11 4 4 4 4 4 4
4 4 4 4 4 4 4 4 4 4 4 4 4 4 4 4 4 4 4 4 4 4 4 4 4 4 4 4 4 4 4 4 4 4 4 4 4 4 4 4 4 4 4 4 4 4 4 4 4 4 4 4 4 4 4 4 4 4 4 4 4 4 4 4
4 4 4 4 4 4 4 4 4 4 4 4 4 4 4 4 4 4 4 4 4 4 4 4 4 4 4 4 4 4 4 4 4 4 4 4 4 4 4 4 4 4 4 4 4 4 4 4 4 4 4 4 4 4 4 4 4 4 4 4 4 4 4 4
4 4 4 4 4 4 4 4 4 4 4 4 4 4 4 4 4 4 4 4 4 4 4 4 4 4 4 4 4 4 4 4 4 4 4 4 4 4 4 4 4 4 4 4 4 4 4 4 4 4 4 4 4 4 4 4 4 4 4 4 4 4 4 4
4 4 4 4 4 4 4 4 4 4 4 4 4 4 4 4 4 4 4 4 4 4 4 4 4 4 4 4 4 4 4 4 4 4 4 4 4 4 4 4 4 4 4 4 4 4 4 4 4 4 4 4 4 4 4 4 4 4 4 4 4 4 4 4
4 4 4 4 4 4 4 4 4 4 4 4 4 4 4 4 4 4 4 4 4 4 4 4 4 4 4 4 4 4 4 4 4 4 4 4 4 4 4 4 4 4 4 4 4 4 4 4 4 4 4 4 4 4 4 4 4 4 4 4 4 4 4 4
4 4 4 4 4 4 4 4 4 4 4 4 4 4 4 4 4 4 4 4 4 4 4 4 4 4 4 4 4 4 4 4 4 4 4 4 4 4 4 4 4 4 4 4 4 4 4 4 4 4 4 4 4 4 4 4 4 4 4 4 4 4 4 4
4 4 4 4 4 4 4 4 4 4 4 4 4 4 4 4 4 4 4 4 4 4 4 4 4 4 4 4 4 4 4 4 4 4 4 4 4 4 4 4 4 4 4 4 4 4 4 4 4 4 4 4 4 4 4 4 4 4 4 4 4 4 4 4
4 4 4 4 4 4 4 4 4 4 4 4 4 4 4 4 4 4 4 4 4 4 4 4 4 4 4 4 4 4 4 4 4 4 4 4 4 4 4 4 4 4 4 4 4 4 4 4 4 4 4 4 4 4 4 4 4 4 4 4 4 4 4 4
4 4 4 4 4 4 4 4 4 4 4 4 4 4 4 4 4 4 4 4 4 4 4 4 4 4 4 4 4 4 4 4 4 4 4 4 4 4 4 4 4 4 4 4 4 4 4 4 4 4 4 4 4 4 4 4 4 4 4 4 4 4 4 4
4 4 4 4 4 4 4 4 4 4 4 4 4 4 4 4 4 4 4 4 4 4 4 4 4 4 4 4 4 4 4 4 4 4 4 4 4 4 4 4 4 4 4 4 4 4 4 4 4 4 4 4 4 4 4 4 4 4 4 4 4 4 4 4
4 4 4 4 4 4 4 4 4 4 4 4 4 4 4 4 4 4 4 4 4 4 4 4 4 4 4 4 4 4 4 4 4 4 4 4 4 4 4 4 4 4 4 4 4 4 4 4 4 4 4 4 4 4 4 4 4 4 4 4 4 4 4 4
12 12 12 12 12 12 12 12 12 12 12 12 12 12 12 12 12 12 12 12 12 12 12 12 12 12 12 12 12 12 12 12 12 12 12 12 12 12 12 12 12 12 12 12 12 12 12 12 12 12 12 12 12 12 12 12 12 12 12 12 12 12 11 11
[LEVELS] 5/6
[STATE] NOT_FINISHED
[AVAILABLE] ACTION6
[DIFF] 64 cells changed in bbox (12,14)-(17,27)

[STEP 68]
[ACTION] ACTION6 x=22 y=24
[BOARD] 1/1 settled
4 4 4 4 4 4 4 4 4 4 4 4 4 4 4 4 4 4 4 4 4 4 4 4 4 4 4 4 4 4 4 4 4 4 4 4 4 4 4 4 4 4 4 4 4 4 4 4 4 4 4 4 4 4 4 4 4 4 4 4 11 11 11 11
4 4 4 4 4 4 4 4 4 4 4 4 4 4 4 4 4 4 4 4 4 4 4 4 4 4 4 4 4 4 4 4 4 4 4 4 4 4 4 4 4 4 4 4 4 4 4 4 4 4 4 4 4 4 4 4 4 4 4 4 11 11 11 11
4 4 4 4 4 4 4 4 4 4 4 4 4 4 4 4 4 4 4 4 4 4 4 4 4 4 4 4 4 4 4 4 4 4 4 4 4 4 4 4 4 4 4 4 4 4 4 4 4 4 4 4 4 4 4 4 4 4 4 4 11 11 11 11
4 4 4 4 4 4 4 4 4 4 4 4 4 4 4 4 4 4 4 4 4 4 4 4 4 4 4 4 4 4 4 4 4 4 4 4 4 4 4 4 4 4 4 4 4 4 4 4 4 4 4 4 4 4 4 4 4 4 4 4 11 11 11 11
4 4 4 4 4 4 4 4 4 4 4 4 4 4 4 4 4 4 4 4 4 4 4 4 4 4 4 4 4 4 4 4 4 4 4 4 4 4 4 4 4 4 4 4 4 4 4 4 4 4 4 4 4 4 4 4 4 4 4 4 14 14 14 14
4 4 4 4 4 4 4 4 4 4 4 4 4 4 4 4 4 4 4 4 4 4 4 4 4 4 4 4 4 4 4 4 4 4 4 4 4 4 4 4 4 4 4 4 4 4 4 4 4 4 4 4 4 4 4 4 4 4 4 4 14 14 14 14
4 4 4 4 11 11 6 6 11 11 4 4 3 3 3 3 3 3 4 4 4 4 4 4 4 4 4 4 4 4 4 4 4 4 4 4 4 4 4 4 4 4 4 4 4 4 4 4 4 4 4 4 4 4 4 4 4 4 4 4 14 14 14 14
4 4 4 4 11 11 6 6 11 11 4 4 3 3 3 3 3 3 4 4 4 4 4 4 4 4 4 4 4 4 4 4 4 4 4 4 4 4 4 4 4 4 4 4 4 4 4 4 4 4 4 4 4 4 4 4 4 4 4 4 14 14 14 14
4 4 4 4 11 11 11 11 11 11 4 4 2 2 14 14 3 3 4 4 4 4 4 4 4 4 4 4 4 4 4 4 4 4 4 4 4 4 4 4 4 4 4 4 4 4 4 4 4 4 4 4 4 4 4 4 4 4 4 4 4 4 4 4
4 4 4 4 11 11 11 11 11 11 4 4 2 2 14 14 3 3 4 4 4 4 4 4 4 4 4 4 4 4 4 4 4 4 4 4 4 4 4 4 4 4 4 4 4 4 4 4 4 4 4 4 4 4 4 4 4 4 4 4 4 4 4 4
4 4 4 4 11 11 11 11 11 11 4 4 0 0 0 0 2 2 4 4 4 4 4 4 4 4 4 4 4 4 4 4 4 4 4 4 4 4 4 4 4 4 4 4 4 4 4 4 4 4 4 4 4 4 4 4 4 4 4 4 4 4 4 4
4 4 4 4 11 11 11 11 11 11 4 4 0 0 0 0 2 2 4 4 4 4 4 4 4 4 4 4 4 4 4 4 4 4 4 4 4 4 4 4 4 4 4 4 4 4 4 4 4 4 4 4 4 4 4 4 4 4 4 4 4 4 4 4
4 4 4 4 4 4 4 4 4 4 4 4 4 4 4 4 4 4 4 4 4 4 4 4 4 4 4 4 4 4 4 4 4 4 4 4 4 4 4 4 4 4 4 4 4 4 4 4 4 4 4 4 4 4 4 4 4 4 4 4 4 4 4 4
4 4 4 4 4 4 4 4 4 4 4 4 4 4 4 4 4 4 4 4 4 4 4 4 4 4 4 4 4 4 4 4 4 4 4 4 4 4 4 4 4 4 4 4 4 4 4 4 4 4 4 4 4 4 4 4 4 4 4 4 4 4 4 4
4 4 4 4 14 14 6 6 14 14 4 4 14 14 6 6 14 14 4 4 11 11 6 6 11 11 4 4 11 11 6 6 11 11 4 4 14 14 6 6 14 14 4 4 11 11 6 6 11 11 4 4 4 4 4 4 4 4 4 4 4 4 4 4
4 4 4 4 14 14 6 6 14 14 4 4 14 14 6 6 14 14 4 4 11 11 6 6 11 11 4 4 11 11 6 6 11 11 4 4 14 14 6 6 14 14 4 4 11 11 6 6 11 11 4 4 4 4 4 4 4 4 4 4 4 4 4 4
4 4 4 4 14 14 14 14 14 14 4 4 14 14 14 14 14 14 4 4 11 11 11 11 11 11 4 4 11 11 11 11 11 11 4 4 14 14 14 14 14 14 4 4 11 11 11 11 11 11 4 4 4 4 4 4 4 4 4 4 4 4 4 4
4 4 4 4 14 14 14 14 14 14 4 4 14 14 14 14 14 14 4 4 11 11 11 11 11 11 4 4 11 11 11 11 11 11 4 4 14 14 14 14 14 14 4 4 11 11 11 11 11 11 4 4 4 4 4 4 4 4 4 4 4 4 4 4
4 4 4 4 14 14 14 14 14 14 4 4 14 14 14 14 14 14 4 4 11 11 11 11 11 11 4 4 11 11 11 11 11 11 4 4 14 14 14 14 14 14 4 4 11 11 11 11 11 11 4 4 4 4 4 4 4 4 4 4 4 4 4 4
4 4 4 4 14 14 14 14 14 14 4 4 14 14 14 14 14 14 4 4 11 11 11 11 11 11 4 4 11 11 11 11 11 11 4 4 14 14 14 14 14 14 4 4 11 11 11 11 11 11 4 4 4 4 4 4 4 4 4 4 4 4 4 4
4 4 4 4 4 4 4 4 4 4 4 4 4 4 4 4 4 4 4 4 4 4 4 4 4 4 4 4 4 4 4 4 4 4 4 4 4 4 4 4 4 4 4 4 4 4 4 4 4 4 4 4 4 4 4 4 4 4 4 4 4 4 4 4
4 4 4 4 4 4 4 4 4 4 4 4 4 4 4 4 4 4 4 4 4 4 4 4 4 4 4 4 4 4 4 4 4 4 4 4 4 4 4 4 4 4 4 4 4 4 4 4 4 4 4 4 4 4 4 4 4 4 4 4 4 4 4 4
4 4 4 4 4 4 4 4 4 4 4 4 14 14 6 6 14 14 4 4 14 14 6 6 14 14 4 4 11 11 6 6 11 11 4 4 2 2 0 0 2 2 4 4 11 11 6 6 11 11 4 4 4 4 4 4 4 4 4 4 4 4 4 4
4 4 4 4 4 4 4 4 4 4 4 4 14 14 6 6 14 14 4 4 14 14 6 6 14 14 4 4 11 11 6 6 11 11 4 4 2 2 0 0 2 2 4 4 11 11 6 6 11 11 4 4 4 4 4 4 4 4 4 4 4 4 4 4
4 4 4 4 4 4 4 4 4 4 4 4 14 14 14 14 14 14 4 4 14 14 14 14 14 14 4 4 11 11 11 11 11 11 4 4 0 0 14 14 0 0 4 4 11 11 11 11 11 11 4 4 4 4 4 4 4 4 4 4 4 4 4 4
4 4 4 4 4 4 4 4 4 4 4 4 14 14 14 14 14 14 4 4 14 14 14 14 14 14 4 4 11 11 11 11 11 11 4 4 0 0 14 14 0 0 4 4 11 11 11 11 11 11 4 4 4 4 4 4 4 4 4 4 4 4 4 4
4 4 4 4 4 4 4 4 4 4 4 4 14 14 14 14 14 14 4 4 14 14 14 14 14 14 4 4 11 11 11 11 11 11 4 4 0 0 0 0 2 2 4 4 11 11 11 11 11 11 4 4 4 4 4 4 4 4 4 4 4 4 4 4
4 4 4 4 4 4 4 4 4 4 4 4 14 14 14 14 14 14 4 4 14 14 14 14 14 14 4 4 11 11 11 11 11 11 4 4 0 0 0 0 2 2 4 4 11 11 11 11 11 11 4 4 4 4 4 4 4 4 4 4 4 4 4 4
4 4 4 4 4 4 4 4 4 4 4 4 4 4 4 4 4 4 4 4 4 4 4 4 4 4 4 4 4 4 4 4 4 4 4 4 4 4 4 4 4 4 4 4 4 4 4 4 4 4 4 4 4 4 4 4 4 4 4 4 4 4 4 4
4 4 4 4 4 4 4 4 4 4 4 4 4 4 4 4 4 4 4 4 4 4 4 4 4 4 4 4 4 4 4 4 4 4 4 4 4 4 4 4 4 4 4 4 4 4 4 4 4 4 4 4 4 4 4 4 4 4 4 4 4 4 4 4
4 4 4 4 4 4 4 4 4 4 4 4 11 11 6 6 11 11 4 4 2 2 0 0 0 0 4 4 11 11 6 6 11 11 4 4 11 11 6 6 11 11 4 4 11 11 6 6 11 11 4 4 4 4 4 4 4 4 4 4 4 4 4 4
4 4 4 4 4 4 4 4 4 4 4 4 11 11 6 6 11 11 4 4 2 2 0 0 0 0 4 4 11 11 6 6 11 11 4 4 11 11 6 6 11 11 4 4 11 11 6 6 11 11 4 4 4 4 4 4 4 4 4 4 4 4 4 4
4 4 4 4 4 4 4 4 4 4 4 4 11 11 11 11 11 11 4 4 0 0 14 14 0 0 4 4 11 11 11 11 11 11 4 4 11 11 11 11 11 11 4 4 11 11 11 11 11 11 4 4 4 4 4 4 4 4 4 4 4 4 4 4
4 4 4 4 4 4 4 4 4 4 4 4 11 11 11 11 11 11 4 4 0 0 14 14 0 0 4 4 11 11 11 11 11 11 4 4 11 11 11 11 11 11 4 4 11 11 11 11 11 11 4 4 4 4 4 4 4 4 4 4 4 4 4 4
4 4 4 4 4 4 4 4 4 4 4 4 11 11 11 11 11 11 4 4 2 2 0 0 2 2 4 4 11 11 11 11 11 11 4 4 11 11 11 11 11 11 4 4 11 11 11 11 11 11 4 4 4 4 4 4 4 4 4 4 4 4 4 4
4 4 4 4 4 4 4 4 4 4 4 4 11 11 11 11 11 11 4 4 2 2 0 0 2 2 4 4 11 11 11 11 11 11 4 4 11 11 11 11 11 11 4 4 11 11 11 11 11 11 4 4 4 4 4 4 4 4 4 4 4 4 4 4
4 4 4 4 4 4 4 4 4 4 4 4 4 4 4 4 4 4 4 4 4 4 4 4 4 4 4 4 4 4 4 4 4 4 4 4 4 4 4 4 4 4 4 4 4 4 4 4 4 4 4 4 4 4 4 4 4 4 4 4 4 4 4 4
4 4 4 4 4 4 4 4 4 4 4 4 4 4 4 4 4 4 4 4 4 4 4 4 4 4 4 4 4 4 4 4 4 4 4 4 4 4 4 4 4 4 4 4 4 4 4 4 4 4 4 4 4 4 4 4 4 4 4 4 4 4 4 4
4 4 4 4 4 4 4 4 4 4 4 4 11 11 6 6 11 11 4 4 11 11 6 6 11 11 4 4 11 11 6 6 11 11 4 4 11 11 6 6 11 11 4 4 11 11 6 6 11 11 4 4 11 11 6 6 11 11 4 4 4 4 4 4
4 4 4 4 4 4 4 4 4 4 4 4 11 11 6 6 11 11 4 4 11 11 6 6 11 11 4 4 11 11 6 6 11 11 4 4 11 11 6 6 11 11 4 4 11 11 6 6 11 11 4 4 11 11 6 6 11 11 4 4 4 4 4 4
4 4 4 4 4 4 4 4 4 4 4 4 11 11 11 11 11 11 4 4 11 11 11 11 11 11 4 4 11 11 11 11 11 11 4 4 11 11 11 11 11 11 4 4 11 11 11 11 11 11 4 4 11 11 11 11 11 11 4 4 4 4 4 4
4 4 4 4 4 4 4 4 4 4 4 4 11 11 11 11 11 11 4 4 11 11 11 11 11 11 4 4 11 11 11 11 11 11 4 4 11 11 11 11 11 11 4 4 11 11 11 11 11 11 4 4 11 11 11 11 11 11 4 4 4 4 4 4
4 4 4 4 4 4 4 4 4 4 4 4 11 11 11 11 11 11 4 4 11 11 11 11 11 11 4 4 11 11 11 11 11 11 4 4 11 11 11 11 11 11 4 4 11 11 11 11 11 11 4 4 11 11 11 11 11 11 4 4 4 4 4 4
4 4 4 4 4 4 4 4 4 4 4 4 11 11 11 11 11 11 4 4 11 11 11 11 11 11 4 4 11 11 11 11 11 11 4 4 11 11 11 11 11 11 4 4 11 11 11 11 11 11 4 4 11 11 11 11 11 11 4 4 4 4 4 4
4 4 4 4 4 4 4 4 4 4 4 4 4 4 4 4 4 4 4 4 4 4 4 4 4 4 4 4 4 4 4 4 4 4 4 4 4 4 4 4 4 4 4 4 4 4 4 4 4 4 4 4 4 4 4 4 4 4 4 4 4 4 4 4
4 4 4 4 4 4 4 4 4 4 4 4 4 4 4 4 4 4 4 4 4 4 4 4 4 4 4 4 4 4 4 4 4 4 4 4 4 4 4 4 4 4 4 4 4 4 4 4 4 4 4 4 4 4 4 4 4 4 4 4 4 4 4 4
4 4 4 4 4 4 4 4 4 4 4 4 4 4 4 4 4 4 4 4 4 4 4 4 4 4 4 4 4 4 4 4 4 4 4 4 4 4 4 4 4 4 4 4 2 2 0 0 0 0 4 4 11 11 6 6 11 11 4 4 4 4 4 4
4 4 4 4 4 4 4 4 4 4 4 4 4 4 4 4 4 4 4 4 4 4 4 4 4 4 4 4 4 4 4 4 4 4 4 4 4 4 4 4 4 4 4 4 2 2 0 0 0 0 4 4 11 11 6 6 11 11 4 4 4 4 4 4
4 4 4 4 4 4 4 4 4 4 4 4 4 4 4 4 4 4 4 4 4 4 4 4 4 4 4 4 4 4 4 4 4 4 4 4 4 4 4 4 4 4 4 4 3 3 14 14 2 2 4 4 11 11 11 11 11 11 4 4 4 4 4 4
4 4 4 4 4 4 4 4 4 4 4 4 4 4 4 4 4 4 4 4 4 4 4 4 4 4 4 4 4 4 4 4 4 4 4 4 4 4 4 4 4 4 4 4 3 3 14 14 2 2 4 4 11 11 11 11 11 11 4 4 4 4 4 4
4 4 4 4 4 4 4 4 4 4 4 4 4 4 4 4 4 4 4 4 4 4 4 4 4 4 4 4 4 4 4 4 4 4 4 4 4 4 4 4 4 4 4 4 3 3 3 3 3 3 4 4 11 11 11 11 11 11 4 4 4 4 4 4
4 4 4 4 4 4 4 4 4 4 4 4 4 4 4 4 4 4 4 4 4 4 4 4 4 4 4 4 4 4 4 4 4 4 4 4 4 4 4 4 4 4 4 4 3 3 3 3 3 3 4 4 11 11 11 11 11 11 4 4 4 4 4 4
4 4 4 4 4 4 4 4 4 4 4 4 4 4 4 4 4 4 4 4 4 4 4 4 4 4 4 4 4 4 4 4 4 4 4 4 4 4 4 4 4 4 4 4 4 4 4 4 4 4 4 4 4 4 4 4 4 4 4 4 4 4 4 4
4 4 4 4 4 4 4 4 4 4 4 4 4 4 4 4 4 4 4 4 4 4 4 4 4 4 4 4 4 4 4 4 4 4 4 4 4 4 4 4 4 4 4 4 4 4 4 4 4 4 4 4 4 4 4 4 4 4 4 4 4 4 4 4
4 4 4 4 4 4 4 4 4 4 4 4 4 4 4 4 4 4 4 4 4 4 4 4 4 4 4 4 4 4 4 4 4 4 4 4 4 4 4 4 4 4 4 4 4 4 4 4 4 4 4 4 4 4 4 4 4 4 4 4 4 4 4 4
4 4 4 4 4 4 4 4 4 4 4 4 4 4 4 4 4 4 4 4 4 4 4 4 4 4 4 4 4 4 4 4 4 4 4 4 4 4 4 4 4 4 4 4 4 4 4 4 4 4 4 4 4 4 4 4 4 4 4 4 4 4 4 4
4 4 4 4 4 4 4 4 4 4 4 4 4 4 4 4 4 4 4 4 4 4 4 4 4 4 4 4 4 4 4 4 4 4 4 4 4 4 4 4 4 4 4 4 4 4 4 4 4 4 4 4 4 4 4 4 4 4 4 4 4 4 4 4
4 4 4 4 4 4 4 4 4 4 4 4 4 4 4 4 4 4 4 4 4 4 4 4 4 4 4 4 4 4 4 4 4 4 4 4 4 4 4 4 4 4 4 4 4 4 4 4 4 4 4 4 4 4 4 4 4 4 4 4 4 4 4 4
4 4 4 4 4 4 4 4 4 4 4 4 4 4 4 4 4 4 4 4 4 4 4 4 4 4 4 4 4 4 4 4 4 4 4 4 4 4 4 4 4 4 4 4 4 4 4 4 4 4 4 4 4 4 4 4 4 4 4 4 4 4 4 4
4 4 4 4 4 4 4 4 4 4 4 4 4 4 4 4 4 4 4 4 4 4 4 4 4 4 4 4 4 4 4 4 4 4 4 4 4 4 4 4 4 4 4 4 4 4 4 4 4 4 4 4 4 4 4 4 4 4 4 4 4 4 4 4
4 4 4 4 4 4 4 4 4 4 4 4 4 4 4 4 4 4 4 4 4 4 4 4 4 4 4 4 4 4 4 4 4 4 4 4 4 4 4 4 4 4 4 4 4 4 4 4 4 4 4 4 4 4 4 4 4 4 4 4 4 4 4 4
4 4 4 4 4 4 4 4 4 4 4 4 4 4 4 4 4 4 4 4 4 4 4 4 4 4 4 4 4 4 4 4 4 4 4 4 4 4 4 4 4 4 4 4 4 4 4 4 4 4 4 4 4 4 4 4 4 4 4 4 4 4 4 4
4 4 4 4 4 4 4 4 4 4 4 4 4 4 4 4 4 4 4 4 4 4 4 4 4 4 4 4 4 4 4 4 4 4 4 4 4 4 4 4 4 4 4 4 4 4 4 4 4 4 4 4 4 4 4 4 4 4 4 4 4 4 4 4
12 12 12 12 12 12 12 12 12 12 12 12 12 12 12 12 12 12 12 12 12 12 12 12 12 12 12 12 12 12 12 12 12 12 12 12 12 12 12 12 12 12 12 12 12 12 12 12 12 12 12 12 12 12 12 12 12 12 12 12 12 11 11 11
[LEVELS] 5/6
[STATE] NOT_FINISHED
[AVAILABLE] ACTION6
[DIFF] 65 cells changed in bbox (20,14)-(61,63)

[STEP 69]
[ACTION] ACTION6 x=14 y=32
[BOARD] 1/1 settled
4 4 4 4 4 4 4 4 4 4 4 4 4 4 4 4 4 4 4 4 4 4 4 4 4 4 4 4 4 4 4 4 4 4 4 4 4 4 4 4 4 4 4 4 4 4 4 4 4 4 4 4 4 4 4 4 4 4 4 4 11 11 11 11
4 4 4 4 4 4 4 4 4 4 4 4 4 4 4 4 4 4 4 4 4 4 4 4 4 4 4 4 4 4 4 4 4 4 4 4 4 4 4 4 4 4 4 4 4 4 4 4 4 4 4 4 4 4 4 4 4 4 4 4 11 11 11 11
4 4 4 4 4 4 4 4 4 4 4 4 4 4 4 4 4 4 4 4 4 4 4 4 4 4 4 4 4 4 4 4 4 4 4 4 4 4 4 4 4 4 4 4 4 4 4 4 4 4 4 4 4 4 4 4 4 4 4 4 11 11 11 11
4 4 4 4 4 4 4 4 4 4 4 4 4 4 4 4 4 4 4 4 4 4 4 4 4 4 4 4 4 4 4 4 4 4 4 4 4 4 4 4 4 4 4 4 4 4 4 4 4 4 4 4 4 4 4 4 4 4 4 4 11 11 11 11
4 4 4 4 4 4 4 4 4 4 4 4 4 4 4 4 4 4 4 4 4 4 4 4 4 4 4 4 4 4 4 4 4 4 4 4 4 4 4 4 4 4 4 4 4 4 4 4 4 4 4 4 4 4 4 4 4 4 4 4 14 14 14 14
4 4 4 4 4 4 4 4 4 4 4 4 4 4 4 4 4 4 4 4 4 4 4 4 4 4 4 4 4 4 4 4 4 4 4 4 4 4 4 4 4 4 4 4 4 4 4 4 4 4 4 4 4 4 4 4 4 4 4 4 14 14 14 14
4 4 4 4 11 11 6 6 11 11 4 4 3 3 3 3 3 3 4 4 4 4 4 4 4 4 4 4 4 4 4 4 4 4 4 4 4 4 4 4 4 4 4 4 4 4 4 4 4 4 4 4 4 4 4 4 4 4 4 4 14 14 14 14
4 4 4 4 11 11 6 6 11 11 4 4 3 3 3 3 3 3 4 4 4 4 4 4 4 4 4 4 4 4 4 4 4 4 4 4 4 4 4 4 4 4 4 4 4 4 4 4 4 4 4 4 4 4 4 4 4 4 4 4 14 14 14 14
4 4 4 4 11 11 11 11 11 11 4 4 2 2 14 14 3 3 4 4 4 4 4 4 4 4 4 4 4 4 4 4 4 4 4 4 4 4 4 4 4 4 4 4 4 4 4 4 4 4 4 4 4 4 4 4 4 4 4 4 4 4 4 4
4 4 4 4 11 11 11 11 11 11 4 4 2 2 14 14 3 3 4 4 4 4 4 4 4 4 4 4 4 4 4 4 4 4 4 4 4 4 4 4 4 4 4 4 4 4 4 4 4 4 4 4 4 4 4 4 4 4 4 4 4 4 4 4
4 4 4 4 11 11 11 11 11 11 4 4 0 0 0 0 2 2 4 4 4 4 4 4 4 4 4 4 4 4 4 4 4 4 4 4 4 4 4 4 4 4 4 4 4 4 4 4 4 4 4 4 4 4 4 4 4 4 4 4 4 4 4 4
4 4 4 4 11 11 11 11 11 11 4 4 0 0 0 0 2 2 4 4 4 4 4 4 4 4 4 4 4 4 4 4 4 4 4 4 4 4 4 4 4 4 4 4 4 4 4 4 4 4 4 4 4 4 4 4 4 4 4 4 4 4 4 4
4 4 4 4 4 4 4 4 4 4 4 4 4 4 4 4 4 4 4 4 4 4 4 4 4 4 4 4 4 4 4 4 4 4 4 4 4 4 4 4 4 4 4 4 4 4 4 4 4 4 4 4 4 4 4 4 4 4 4 4 4 4 4 4
4 4 4 4 4 4 4 4 4 4 4 4 4 4 4 4 4 4 4 4 4 4 4 4 4 4 4 4 4 4 4 4 4 4 4 4 4 4 4 4 4 4 4 4 4 4 4 4 4 4 4 4 4 4 4 4 4 4 4 4 4 4 4 4
4 4 4 4 14 14 6 6 14 14 4 4 14 14 6 6 14 14 4 4 11 11 6 6 11 11 4 4 11 11 6 6 11 11 4 4 14 14 6 6 14 14 4 4 11 11 6 6 11 11 4 4 4 4 4 4 4 4 4 4 4 4 4 4
4 4 4 4 14 14 6 6 14 14 4 4 14 14 6 6 14 14 4 4 11 11 6 6 11 11 4 4 11 11 6 6 11 11 4 4 14 14 6 6 14 14 4 4 11 11 6 6 11 11 4 4 4 4 4 4 4 4 4 4 4 4 4 4
4 4 4 4 14 14 14 14 14 14 4 4 14 14 14 14 14 14 4 4 11 11 11 11 11 11 4 4 11 11 11 11 11 11 4 4 14 14 14 14 14 14 4 4 11 11 11 11 11 11 4 4 4 4 4 4 4 4 4 4 4 4 4 4
4 4 4 4 14 14 14 14 14 14 4 4 14 14 14 14 14 14 4 4 11 11 11 11 11 11 4 4 11 11 11 11 11 11 4 4 14 14 14 14 14 14 4 4 11 11 11 11 11 11 4 4 4 4 4 4 4 4 4 4 4 4 4 4
4 4 4 4 14 14 14 14 14 14 4 4 14 14 14 14 14 14 4 4 11 11 11 11 11 11 4 4 11 11 11 11 11 11 4 4 14 14 14 14 14 14 4 4 11 11 11 11 11 11 4 4 4 4 4 4 4 4 4 4 4 4 4 4
4 4 4 4 14 14 14 14 14 14 4 4 14 14 14 14 14 14 4 4 11 11 11 11 11 11 4 4 11 11 11 11 11 11 4 4 14 14 14 14 14 14 4 4 11 11 11 11 11 11 4 4 4 4 4 4 4 4 4 4 4 4 4 4
4 4 4 4 4 4 4 4 4 4 4 4 4 4 4 4 4 4 4 4 4 4 4 4 4 4 4 4 4 4 4 4 4 4 4 4 4 4 4 4 4 4 4 4 4 4 4 4 4 4 4 4 4 4 4 4 4 4 4 4 4 4 4 4
4 4 4 4 4 4 4 4 4 4 4 4 4 4 4 4 4 4 4 4 4 4 4 4 4 4 4 4 4 4 4 4 4 4 4 4 4 4 4 4 4 4 4 4 4 4 4 4 4 4 4 4 4 4 4 4 4 4 4 4 4 4 4 4
4 4 4 4 4 4 4 4 4 4 4 4 11 11 6 6 11 11 4 4 14 14 6 6 14 14 4 4 11 11 6 6 11 11 4 4 2 2 0 0 2 2 4 4 11 11 6 6 11 11 4 4 4 4 4 4 4 4 4 4 4 4 4 4
4 4 4 4 4 4 4 4 4 4 4 4 11 11 6 6 11 11 4 4 14 14 6 6 14 14 4 4 11 11 6 6 11 11 4 4 2 2 0 0 2 2 4 4 11 11 6 6 11 11 4 4 4 4 4 4 4 4 4 4 4 4 4 4
4 4 4 4 4 4 4 4 4 4 4 4 11 11 11 11 11 11 4 4 14 14 14 14 14 14 4 4 11 11 11 11 11 11 4 4 0 0 14 14 0 0 4 4 11 11 11 11 11 11 4 4 4 4 4 4 4 4 4 4 4 4 4 4
4 4 4 4 4 4 4 4 4 4 4 4 11 11 11 11 11 11 4 4 14 14 14 14 14 14 4 4 11 11 11 11 11 11 4 4 0 0 14 14 0 0 4 4 11 11 11 11 11 11 4 4 4 4 4 4 4 4 4 4 4 4 4 4
4 4 4 4 4 4 4 4 4 4 4 4 11 11 11 11 11 11 4 4 14 14 14 14 14 14 4 4 11 11 11 11 11 11 4 4 0 0 0 0 2 2 4 4 11 11 11 11 11 11 4 4 4 4 4 4 4 4 4 4 4 4 4 4
4 4 4 4 4 4 4 4 4 4 4 4 11 11 11 11 11 11 4 4 14 14 14 14 14 14 4 4 11 11 11 11 11 11 4 4 0 0 0 0 2 2 4 4 11 11 11 11 11 11 4 4 4 4 4 4 4 4 4 4 4 4 4 4
4 4 4 4 4 4 4 4 4 4 4 4 4 4 4 4 4 4 4 4 4 4 4 4 4 4 4 4 4 4 4 4 4 4 4 4 4 4 4 4 4 4 4 4 4 4 4 4 4 4 4 4 4 4 4 4 4 4 4 4 4 4 4 4
4 4 4 4 4 4 4 4 4 4 4 4 4 4 4 4 4 4 4 4 4 4 4 4 4 4 4 4 4 4 4 4 4 4 4 4 4 4 4 4 4 4 4 4 4 4 4 4 4 4 4 4 4 4 4 4 4 4 4 4 4 4 4 4
4 4 4 4 4 4 4 4 4 4 4 4 14 14 6 6 14 14 4 4 2 2 0 0 0 0 4 4 11 11 6 6 11 11 4 4 11 11 6 6 11 11 4 4 11 11 6 6 11 11 4 4 4 4 4 4 4 4 4 4 4 4 4 4
4 4 4 4 4 4 4 4 4 4 4 4 14 14 6 6 14 14 4 4 2 2 0 0 0 0 4 4 11 11 6 6 11 11 4 4 11 11 6 6 11 11 4 4 11 11 6 6 11 11 4 4 4 4 4 4 4 4 4 4 4 4 4 4
4 4 4 4 4 4 4 4 4 4 4 4 14 14 14 14 14 14 4 4 0 0 14 14 0 0 4 4 11 11 11 11 11 11 4 4 11 11 11 11 11 11 4 4 11 11 11 11 11 11 4 4 4 4 4 4 4 4 4 4 4 4 4 4
4 4 4 4 4 4 4 4 4 4 4 4 14 14 14 14 14 14 4 4 0 0 14 14 0 0 4 4 11 11 11 11 11 11 4 4 11 11 11 11 11 11 4 4 11 11 11 11 11 11 4 4 4 4 4 4 4 4 4 4 4 4 4 4
4 4 4 4 4 4 4 4 4 4 4 4 14 14 14 14 14 14 4 4 2 2 0 0 2 2 4 4 11 11 11 11 11 11 4 4 11 11 11 11 11 11 4 4 11 11 11 11 11 11 4 4 4 4 4 4 4 4 4 4 4 4 4 4
4 4 4 4 4 4 4 4 4 4 4 4 14 14 14 14 14 14 4 4 2 2 0 0 2 2 4 4 11 11 11 11 11 11 4 4 11 11 11 11 11 11 4 4 11 11 11 11 11 11 4 4 4 4 4 4 4 4 4 4 4 4 4 4
4 4 4 4 4 4 4 4 4 4 4 4 4 4 4 4 4 4 4 4 4 4 4 4 4 4 4 4 4 4 4 4 4 4 4 4 4 4 4 4 4 4 4 4 4 4 4 4 4 4 4 4 4 4 4 4 4 4 4 4 4 4 4 4
4 4 4 4 4 4 4 4 4 4 4 4 4 4 4 4 4 4 4 4 4 4 4 4 4 4 4 4 4 4 4 4 4 4 4 4 4 4 4 4 4 4 4 4 4 4 4 4 4 4 4 4 4 4 4 4 4 4 4 4 4 4 4 4
4 4 4 4 4 4 4 4 4 4 4 4 11 11 6 6 11 11 4 4 11 11 6 6 11 11 4 4 11 11 6 6 11 11 4 4 11 11 6 6 11 11 4 4 11 11 6 6 11 11 4 4 11 11 6 6 11 11 4 4 4 4 4 4
4 4 4 4 4 4 4 4 4 4 4 4 11 11 6 6 11 11 4 4 11 11 6 6 11 11 4 4 11 11 6 6 11 11 4 4 11 11 6 6 11 11 4 4 11 11 6 6 11 11 4 4 11 11 6 6 11 11 4 4 4 4 4 4
4 4 4 4 4 4 4 4 4 4 4 4 11 11 11 11 11 11 4 4 11 11 11 11 11 11 4 4 11 11 11 11 11 11 4 4 11 11 11 11 11 11 4 4 11 11 11 11 11 11 4 4 11 11 11 11 11 11 4 4 4 4 4 4
4 4 4 4 4 4 4 4 4 4 4 4 11 11 11 11 11 11 4 4 11 11 11 11 11 11 4 4 11 11 11 11 11 11 4 4 11 11 11 11 11 11 4 4 11 11 11 11 11 11 4 4 11 11 11 11 11 11 4 4 4 4 4 4
4 4 4 4 4 4 4 4 4 4 4 4 11 11 11 11 11 11 4 4 11 11 11 11 11 11 4 4 11 11 11 11 11 11 4 4 11 11 11 11 11 11 4 4 11 11 11 11 11 11 4 4 11 11 11 11 11 11 4 4 4 4 4 4
4 4 4 4 4 4 4 4 4 4 4 4 11 11 11 11 11 11 4 4 11 11 11 11 11 11 4 4 11 11 11 11 11 11 4 4 11 11 11 11 11 11 4 4 11 11 11 11 11 11 4 4 11 11 11 11 11 11 4 4 4 4 4 4
4 4 4 4 4 4 4 4 4 4 4 4 4 4 4 4 4 4 4 4 4 4 4 4 4 4 4 4 4 4 4 4 4 4 4 4 4 4 4 4 4 4 4 4 4 4 4 4 4 4 4 4 4 4 4 4 4 4 4 4 4 4 4 4
4 4 4 4 4 4 4 4 4 4 4 4 4 4 4 4 4 4 4 4 4 4 4 4 4 4 4 4 4 4 4 4 4 4 4 4 4 4 4 4 4 4 4 4 4 4 4 4 4 4 4 4 4 4 4 4 4 4 4 4 4 4 4 4
4 4 4 4 4 4 4 4 4 4 4 4 4 4 4 4 4 4 4 4 4 4 4 4 4 4 4 4 4 4 4 4 4 4 4 4 4 4 4 4 4 4 4 4 2 2 0 0 0 0 4 4 11 11 6 6 11 11 4 4 4 4 4 4
4 4 4 4 4 4 4 4 4 4 4 4 4 4 4 4 4 4 4 4 4 4 4 4 4 4 4 4 4 4 4 4 4 4 4 4 4 4 4 4 4 4 4 4 2 2 0 0 0 0 4 4 11 11 6 6 11 11 4 4 4 4 4 4
4 4 4 4 4 4 4 4 4 4 4 4 4 4 4 4 4 4 4 4 4 4 4 4 4 4 4 4 4 4 4 4 4 4 4 4 4 4 4 4 4 4 4 4 3 3 14 14 2 2 4 4 11 11 11 11 11 11 4 4 4 4 4 4
4 4 4 4 4 4 4 4 4 4 4 4 4 4 4 4 4 4 4 4 4 4 4 4 4 4 4 4 4 4 4 4 4 4 4 4 4 4 4 4 4 4 4 4 3 3 14 14 2 2 4 4 11 11 11 11 11 11 4 4 4 4 4 4
4 4 4 4 4 4 4 4 4 4 4 4 4 4 4 4 4 4 4 4 4 4 4 4 4 4 4 4 4 4 4 4 4 4 4 4 4 4 4 4 4 4 4 4 3 3 3 3 3 3 4 4 11 11 11 11 11 11 4 4 4 4 4 4
4 4 4 4 4 4 4 4 4 4 4 4 4 4 4 4 4 4 4 4 4 4 4 4 4 4 4 4 4 4 4 4 4 4 4 4 4 4 4 4 4 4 4 4 3 3 3 3 3 3 4 4 11 11 11 11 11 11 4 4 4 4 4 4
4 4 4 4 4 4 4 4 4 4 4 4 4 4 4 4 4 4 4 4 4 4 4 4 4 4 4 4 4 4 4 4 4 4 4 4 4 4 4 4 4 4 4 4 4 4 4 4 4 4 4 4 4 4 4 4 4 4 4 4 4 4 4 4
4 4 4 4 4 4 4 4 4 4 4 4 4 4 4 4 4 4 4 4 4 4 4 4 4 4 4 4 4 4 4 4 4 4 4 4 4 4 4 4 4 4 4 4 4 4 4 4 4 4 4 4 4 4 4 4 4 4 4 4 4 4 4 4
4 4 4 4 4 4 4 4 4 4 4 4 4 4 4 4 4 4 4 4 4 4 4 4 4 4 4 4 4 4 4 4 4 4 4 4 4 4 4 4 4 4 4 4 4 4 4 4 4 4 4 4 4 4 4 4 4 4 4 4 4 4 4 4
4 4 4 4 4 4 4 4 4 4 4 4 4 4 4 4 4 4 4 4 4 4 4 4 4 4 4 4 4 4 4 4 4 4 4 4 4 4 4 4 4 4 4 4 4 4 4 4 4 4 4 4 4 4 4 4 4 4 4 4 4 4 4 4
4 4 4 4 4 4 4 4 4 4 4 4 4 4 4 4 4 4 4 4 4 4 4 4 4 4 4 4 4 4 4 4 4 4 4 4 4 4 4 4 4 4 4 4 4 4 4 4 4 4 4 4 4 4 4 4 4 4 4 4 4 4 4 4
4 4 4 4 4 4 4 4 4 4 4 4 4 4 4 4 4 4 4 4 4 4 4 4 4 4 4 4 4 4 4 4 4 4 4 4 4 4 4 4 4 4 4 4 4 4 4 4 4 4 4 4 4 4 4 4 4 4 4 4 4 4 4 4
4 4 4 4 4 4 4 4 4 4 4 4 4 4 4 4 4 4 4 4 4 4 4 4 4 4 4 4 4 4 4 4 4 4 4 4 4 4 4 4 4 4 4 4 4 4 4 4 4 4 4 4 4 4 4 4 4 4 4 4 4 4 4 4
4 4 4 4 4 4 4 4 4 4 4 4 4 4 4 4 4 4 4 4 4 4 4 4 4 4 4 4 4 4 4 4 4 4 4 4 4 4 4 4 4 4 4 4 4 4 4 4 4 4 4 4 4 4 4 4 4 4 4 4 4 4 4 4
4 4 4 4 4 4 4 4 4 4 4 4 4 4 4 4 4 4 4 4 4 4 4 4 4 4 4 4 4 4 4 4 4 4 4 4 4 4 4 4 4 4 4 4 4 4 4 4 4 4 4 4 4 4 4 4 4 4 4 4 4 4 4 4
4 4 4 4 4 4 4 4 4 4 4 4 4 4 4 4 4 4 4 4 4 4 4 4 4 4 4 4 4 4 4 4 4 4 4 4 4 4 4 4 4 4 4 4 4 4 4 4 4 4 4 4 4 4 4 4 4 4 4 4 4 4 4 4
4 4 4 4 4 4 4 4 4 4 4 4 4 4 4 4 4 4 4 4 4 4 4 4 4 4 4 4 4 4 4 4 4 4 4 4 4 4 4 4 4 4 4 4 4 4 4 4 4 4 4 4 4 4 4 4 4 4 4 4 4 4 4 4
12 12 12 12 12 12 12 12 12 12 12 12 12 12 12 12 12 12 12 12 12 12 12 12 12 12 12 12 12 12 12 12 12 12 12 12 12 12 12 12 12 12 12 12 12 12 12 12 12 12 12 12 12 12 12 12 12 12 12 12 11 11 11 11
[LEVELS] 5/6
[STATE] NOT_FINISHED
[AVAILABLE] ACTION6
[DIFF] 65 cells changed in bbox (12,22)-(60,63)

[STEP 70]
[ACTION] ACTION6 x=30 y=32
[BOARD] 1/1 settled
4 4 4 4 4 4 4 4 4 4 4 4 4 4 4 4 4 4 4 4 4 4 4 4 4 4 4 4 4 4 4 4 4 4 4 4 4 4 4 4 4 4 4 4 4 4 4 4 4 4 4 4 4 4 4 4 4 4 4 4 11 11 11 11
4 4 4 4 4 4 4 4 4 4 4 4 4 4 4 4 4 4 4 4 4 4 4 4 4 4 4 4 4 4 4 4 4 4 4 4 4 4 4 4 4 4 4 4 4 4 4 4 4 4 4 4 4 4 4 4 4 4 4 4 11 11 11 11
4 4 4 4 4 4 4 4 4 4 4 4 4 4 4 4 4 4 4 4 4 4 4 4 4 4 4 4 4 4 4 4 4 4 4 4 4 4 4 4 4 4 4 4 4 4 4 4 4 4 4 4 4 4 4 4 4 4 4 4 11 11 11 11
4 4 4 4 4 4 4 4 4 4 4 4 4 4 4 4 4 4 4 4 4 4 4 4 4 4 4 4 4 4 4 4 4 4 4 4 4 4 4 4 4 4 4 4 4 4 4 4 4 4 4 4 4 4 4 4 4 4 4 4 11 11 11 11
4 4 4 4 4 4 4 4 4 4 4 4 4 4 4 4 4 4 4 4 4 4 4 4 4 4 4 4 4 4 4 4 4 4 4 4 4 4 4 4 4 4 4 4 4 4 4 4 4 4 4 4 4 4 4 4 4 4 4 4 14 14 14 14
4 4 4 4 4 4 4 4 4 4 4 4 4 4 4 4 4 4 4 4 4 4 4 4 4 4 4 4 4 4 4 4 4 4 4 4 4 4 4 4 4 4 4 4 4 4 4 4 4 4 4 4 4 4 4 4 4 4 4 4 14 14 14 14
4 4 4 4 11 11 6 6 11 11 4 4 3 3 3 3 3 3 4 4 4 4 4 4 4 4 4 4 4 4 4 4 4 4 4 4 4 4 4 4 4 4 4 4 4 4 4 4 4 4 4 4 4 4 4 4 4 4 4 4 14 14 14 14
4 4 4 4 11 11 6 6 11 11 4 4 3 3 3 3 3 3 4 4 4 4 4 4 4 4 4 4 4 4 4 4 4 4 4 4 4 4 4 4 4 4 4 4 4 4 4 4 4 4 4 4 4 4 4 4 4 4 4 4 14 14 14 14
4 4 4 4 11 11 11 11 11 11 4 4 2 2 14 14 3 3 4 4 4 4 4 4 4 4 4 4 4 4 4 4 4 4 4 4 4 4 4 4 4 4 4 4 4 4 4 4 4 4 4 4 4 4 4 4 4 4 4 4 4 4 4 4
4 4 4 4 11 11 11 11 11 11 4 4 2 2 14 14 3 3 4 4 4 4 4 4 4 4 4 4 4 4 4 4 4 4 4 4 4 4 4 4 4 4 4 4 4 4 4 4 4 4 4 4 4 4 4 4 4 4 4 4 4 4 4 4
4 4 4 4 11 11 11 11 11 11 4 4 0 0 0 0 2 2 4 4 4 4 4 4 4 4 4 4 4 4 4 4 4 4 4 4 4 4 4 4 4 4 4 4 4 4 4 4 4 4 4 4 4 4 4 4 4 4 4 4 4 4 4 4
4 4 4 4 11 11 11 11 11 11 4 4 0 0 0 0 2 2 4 4 4 4 4 4 4 4 4 4 4 4 4 4 4 4 4 4 4 4 4 4 4 4 4 4 4 4 4 4 4 4 4 4 4 4 4 4 4 4 4 4 4 4 4 4
4 4 4 4 4 4 4 4 4 4 4 4 4 4 4 4 4 4 4 4 4 4 4 4 4 4 4 4 4 4 4 4 4 4 4 4 4 4 4 4 4 4 4 4 4 4 4 4 4 4 4 4 4 4 4 4 4 4 4 4 4 4 4 4
4 4 4 4 4 4 4 4 4 4 4 4 4 4 4 4 4 4 4 4 4 4 4 4 4 4 4 4 4 4 4 4 4 4 4 4 4 4 4 4 4 4 4 4 4 4 4 4 4 4 4 4 4 4 4 4 4 4 4 4 4 4 4 4
4 4 4 4 14 14 6 6 14 14 4 4 14 14 6 6 14 14 4 4 11 11 6 6 11 11 4 4 11 11 6 6 11 11 4 4 14 14 6 6 14 14 4 4 11 11 6 6 11 11 4 4 4 4 4 4 4 4 4 4 4 4 4 4
4 4 4 4 14 14 6 6 14 14 4 4 14 14 6 6 14 14 4 4 11 11 6 6 11 11 4 4 11 11 6 6 11 11 4 4 14 14 6 6 14 14 4 4 11 11 6 6 11 11 4 4 4 4 4 4 4 4 4 4 4 4 4 4
4 4 4 4 14 14 14 14 14 14 4 4 14 14 14 14 14 14 4 4 11 11 11 11 11 11 4 4 11 11 11 11 11 11 4 4 14 14 14 14 14 14 4 4 11 11 11 11 11 11 4 4 4 4 4 4 4 4 4 4 4 4 4 4
4 4 4 4 14 14 14 14 14 14 4 4 14 14 14 14 14 14 4 4 11 11 11 11 11 11 4 4 11 11 11 11 11 11 4 4 14 14 14 14 14 14 4 4 11 11 11 11 11 11 4 4 4 4 4 4 4 4 4 4 4 4 4 4
4 4 4 4 14 14 14 14 14 14 4 4 14 14 14 14 14 14 4 4 11 11 11 11 11 11 4 4 11 11 11 11 11 11 4 4 14 14 14 14 14 14 4 4 11 11 11 11 11 11 4 4 4 4 4 4 4 4 4 4 4 4 4 4
4 4 4 4 14 14 14 14 14 14 4 4 14 14 14 14 14 14 4 4 11 11 11 11 11 11 4 4 11 11 11 11 11 11 4 4 14 14 14 14 14 14 4 4 11 11 11 11 11 11 4 4 4 4 4 4 4 4 4 4 4 4 4 4
4 4 4 4 4 4 4 4 4 4 4 4 4 4 4 4 4 4 4 4 4 4 4 4 4 4 4 4 4 4 4 4 4 4 4 4 4 4 4 4 4 4 4 4 4 4 4 4 4 4 4 4 4 4 4 4 4 4 4 4 4 4 4 4
4 4 4 4 4 4 4 4 4 4 4 4 4 4 4 4 4 4 4 4 4 4 4 4 4 4 4 4 4 4 4 4 4 4 4 4 4 4 4 4 4 4 4 4 4 4 4 4 4 4 4 4 4 4 4 4 4 4 4 4 4 4 4 4
4 4 4 4 4 4 4 4 4 4 4 4 11 11 6 6 11 11 4 4 14 14 6 6 14 14 4 4 14 14 6 6 14 14 4 4 2 2 0 0 2 2 4 4 11 11 6 6 11 11 4 4 4 4 4 4 4 4 4 4 4 4 4 4
4 4 4 4 4 4 4 4 4 4 4 4 11 11 6 6 11 11 4 4 14 14 6 6 14 14 4 4 14 14 6 6 14 14 4 4 2 2 0 0 2 2 4 4 11 11 6 6 11 11 4 4 4 4 4 4 4 4 4 4 4 4 4 4
4 4 4 4 4 4 4 4 4 4 4 4 11 11 11 11 11 11 4 4 14 14 14 14 14 14 4 4 14 14 14 14 14 14 4 4 0 0 14 14 0 0 4 4 11 11 11 11 11 11 4 4 4 4 4 4 4 4 4 4 4 4 4 4
4 4 4 4 4 4 4 4 4 4 4 4 11 11 11 11 11 11 4 4 14 14 14 14 14 14 4 4 14 14 14 14 14 14 4 4 0 0 14 14 0 0 4 4 11 11 11 11 11 11 4 4 4 4 4 4 4 4 4 4 4 4 4 4
4 4 4 4 4 4 4 4 4 4 4 4 11 11 11 11 11 11 4 4 14 14 14 14 14 14 4 4 14 14 14 14 14 14 4 4 0 0 0 0 2 2 4 4 11 11 11 11 11 11 4 4 4 4 4 4 4 4 4 4 4 4 4 4
4 4 4 4 4 4 4 4 4 4 4 4 11 11 11 11 11 11 4 4 14 14 14 14 14 14 4 4 14 14 14 14 14 14 4 4 0 0 0 0 2 2 4 4 11 11 11 11 11 11 4 4 4 4 4 4 4 4 4 4 4 4 4 4
4 4 4 4 4 4 4 4 4 4 4 4 4 4 4 4 4 4 4 4 4 4 4 4 4 4 4 4 4 4 4 4 4 4 4 4 4 4 4 4 4 4 4 4 4 4 4 4 4 4 4 4 4 4 4 4 4 4 4 4 4 4 4 4
4 4 4 4 4 4 4 4 4 4 4 4 4 4 4 4 4 4 4 4 4 4 4 4 4 4 4 4 4 4 4 4 4 4 4 4 4 4 4 4 4 4 4 4 4 4 4 4 4 4 4 4 4 4 4 4 4 4 4 4 4 4 4 4
4 4 4 4 4 4 4 4 4 4 4 4 14 14 6 6 14 14 4 4 2 2 0 0 0 0 4 4 14 14 6 6 14 14 4 4 11 11 6 6 11 11 4 4 11 11 6 6 11 11 4 4 4 4 4 4 4 4 4 4 4 4 4 4
4 4 4 4 4 4 4 4 4 4 4 4 14 14 6 6 14 14 4 4 2 2 0 0 0 0 4 4 14 14 6 6 14 14 4 4 11 11 6 6 11 11 4 4 11 11 6 6 11 11 4 4 4 4 4 4 4 4 4 4 4 4 4 4
4 4 4 4 4 4 4 4 4 4 4 4 14 14 14 14 14 14 4 4 0 0 14 14 0 0 4 4 14 14 14 14 14 14 4 4 11 11 11 11 11 11 4 4 11 11 11 11 11 11 4 4 4 4 4 4 4 4 4 4 4 4 4 4
4 4 4 4 4 4 4 4 4 4 4 4 14 14 14 14 14 14 4 4 0 0 14 14 0 0 4 4 14 14 14 14 14 14 4 4 11 11 11 11 11 11 4 4 11 11 11 11 11 11 4 4 4 4 4 4 4 4 4 4 4 4 4 4
4 4 4 4 4 4 4 4 4 4 4 4 14 14 14 14 14 14 4 4 2 2 0 0 2 2 4 4 14 14 14 14 14 14 4 4 11 11 11 11 11 11 4 4 11 11 11 11 11 11 4 4 4 4 4 4 4 4 4 4 4 4 4 4
4 4 4 4 4 4 4 4 4 4 4 4 14 14 14 14 14 14 4 4 2 2 0 0 2 2 4 4 14 14 14 14 14 14 4 4 11 11 11 11 11 11 4 4 11 11 11 11 11 11 4 4 4 4 4 4 4 4 4 4 4 4 4 4
4 4 4 4 4 4 4 4 4 4 4 4 4 4 4 4 4 4 4 4 4 4 4 4 4 4 4 4 4 4 4 4 4 4 4 4 4 4 4 4 4 4 4 4 4 4 4 4 4 4 4 4 4 4 4 4 4 4 4 4 4 4 4 4
4 4 4 4 4 4 4 4 4 4 4 4 4 4 4 4 4 4 4 4 4 4 4 4 4 4 4 4 4 4 4 4 4 4 4 4 4 4 4 4 4 4 4 4 4 4 4 4 4 4 4 4 4 4 4 4 4 4 4 4 4 4 4 4
4 4 4 4 4 4 4 4 4 4 4 4 11 11 6 6 11 11 4 4 11 11 6 6 11 11 4 4 11 11 6 6 11 11 4 4 11 11 6 6 11 11 4 4 11 11 6 6 11 11 4 4 11 11 6 6 11 11 4 4 4 4 4 4
4 4 4 4 4 4 4 4 4 4 4 4 11 11 6 6 11 11 4 4 11 11 6 6 11 11 4 4 11 11 6 6 11 11 4 4 11 11 6 6 11 11 4 4 11 11 6 6 11 11 4 4 11 11 6 6 11 11 4 4 4 4 4 4
4 4 4 4 4 4 4 4 4 4 4 4 11 11 11 11 11 11 4 4 11 11 11 11 11 11 4 4 11 11 11 11 11 11 4 4 11 11 11 11 11 11 4 4 11 11 11 11 11 11 4 4 11 11 11 11 11 11 4 4 4 4 4 4
4 4 4 4 4 4 4 4 4 4 4 4 11 11 11 11 11 11 4 4 11 11 11 11 11 11 4 4 11 11 11 11 11 11 4 4 11 11 11 11 11 11 4 4 11 11 11 11 11 11 4 4 11 11 11 11 11 11 4 4 4 4 4 4
4 4 4 4 4 4 4 4 4 4 4 4 11 11 11 11 11 11 4 4 11 11 11 11 11 11 4 4 11 11 11 11 11 11 4 4 11 11 11 11 11 11 4 4 11 11 11 11 11 11 4 4 11 11 11 11 11 11 4 4 4 4 4 4
4 4 4 4 4 4 4 4 4 4 4 4 11 11 11 11 11 11 4 4 11 11 11 11 11 11 4 4 11 11 11 11 11 11 4 4 11 11 11 11 11 11 4 4 11 11 11 11 11 11 4 4 11 11 11 11 11 11 4 4 4 4 4 4
4 4 4 4 4 4 4 4 4 4 4 4 4 4 4 4 4 4 4 4 4 4 4 4 4 4 4 4 4 4 4 4 4 4 4 4 4 4 4 4 4 4 4 4 4 4 4 4 4 4 4 4 4 4 4 4 4 4 4 4 4 4 4 4
4 4 4 4 4 4 4 4 4 4 4 4 4 4 4 4 4 4 4 4 4 4 4 4 4 4 4 4 4 4 4 4 4 4 4 4 4 4 4 4 4 4 4 4 4 4 4 4 4 4 4 4 4 4 4 4 4 4 4 4 4 4 4 4
4 4 4 4 4 4 4 4 4 4 4 4 4 4 4 4 4 4 4 4 4 4 4 4 4 4 4 4 4 4 4 4 4 4 4 4 4 4 4 4 4 4 4 4 2 2 0 0 0 0 4 4 11 11 6 6 11 11 4 4 4 4 4 4
4 4 4 4 4 4 4 4 4 4 4 4 4 4 4 4 4 4 4 4 4 4 4 4 4 4 4 4 4 4 4 4 4 4 4 4 4 4 4 4 4 4 4 4 2 2 0 0 0 0 4 4 11 11 6 6 11 11 4 4 4 4 4 4
4 4 4 4 4 4 4 4 4 4 4 4 4 4 4 4 4 4 4 4 4 4 4 4 4 4 4 4 4 4 4 4 4 4 4 4 4 4 4 4 4 4 4 4 3 3 14 14 2 2 4 4 11 11 11 11 11 11 4 4 4 4 4 4
4 4 4 4 4 4 4 4 4 4 4 4 4 4 4 4 4 4 4 4 4 4 4 4 4 4 4 4 4 4 4 4 4 4 4 4 4 4 4 4 4 4 4 4 3 3 14 14 2 2 4 4 11 11 11 11 11 11 4 4 4 4 4 4
4 4 4 4 4 4 4 4 4 4 4 4 4 4 4 4 4 4 4 4 4 4 4 4 4 4 4 4 4 4 4 4 4 4 4 4 4 4 4 4 4 4 4 4 3 3 3 3 3 3 4 4 11 11 11 11 11 11 4 4 4 4 4 4
4 4 4 4 4 4 4 4 4 4 4 4 4 4 4 4 4 4 4 4 4 4 4 4 4 4 4 4 4 4 4 4 4 4 4 4 4 4 4 4 4 4 4 4 3 3 3 3 3 3 4 4 11 11 11 11 11 11 4 4 4 4 4 4
4 4 4 4 4 4 4 4 4 4 4 4 4 4 4 4 4 4 4 4 4 4 4 4 4 4 4 4 4 4 4 4 4 4 4 4 4 4 4 4 4 4 4 4 4 4 4 4 4 4 4 4 4 4 4 4 4 4 4 4 4 4 4 4
4 4 4 4 4 4 4 4 4 4 4 4 4 4 4 4 4 4 4 4 4 4 4 4 4 4 4 4 4 4 4 4 4 4 4 4 4 4 4 4 4 4 4 4 4 4 4 4 4 4 4 4 4 4 4 4 4 4 4 4 4 4 4 4
4 4 4 4 4 4 4 4 4 4 4 4 4 4 4 4 4 4 4 4 4 4 4 4 4 4 4 4 4 4 4 4 4 4 4 4 4 4 4 4 4 4 4 4 4 4 4 4 4 4 4 4 4 4 4 4 4 4 4 4 4 4 4 4
4 4 4 4 4 4 4 4 4 4 4 4 4 4 4 4 4 4 4 4 4 4 4 4 4 4 4 4 4 4 4 4 4 4 4 4 4 4 4 4 4 4 4 4 4 4 4 4 4 4 4 4 4 4 4 4 4 4 4 4 4 4 4 4
4 4 4 4 4 4 4 4 4 4 4 4 4 4 4 4 4 4 4 4 4 4 4 4 4 4 4 4 4 4 4 4 4 4 4 4 4 4 4 4 4 4 4 4 4 4 4 4 4 4 4 4 4 4 4 4 4 4 4 4 4 4 4 4
4 4 4 4 4 4 4 4 4 4 4 4 4 4 4 4 4 4 4 4 4 4 4 4 4 4 4 4 4 4 4 4 4 4 4 4 4 4 4 4 4 4 4 4 4 4 4 4 4 4 4 4 4 4 4 4 4 4 4 4 4 4 4 4
4 4 4 4 4 4 4 4 4 4 4 4 4 4 4 4 4 4 4 4 4 4 4 4 4 4 4 4 4 4 4 4 4 4 4 4 4 4 4 4 4 4 4 4 4 4 4 4 4 4 4 4 4 4 4 4 4 4 4 4 4 4 4 4
4 4 4 4 4 4 4 4 4 4 4 4 4 4 4 4 4 4 4 4 4 4 4 4 4 4 4 4 4 4 4 4 4 4 4 4 4 4 4 4 4 4 4 4 4 4 4 4 4 4 4 4 4 4 4 4 4 4 4 4 4 4 4 4
4 4 4 4 4 4 4 4 4 4 4 4 4 4 4 4 4 4 4 4 4 4 4 4 4 4 4 4 4 4 4 4 4 4 4 4 4 4 4 4 4 4 4 4 4 4 4 4 4 4 4 4 4 4 4 4 4 4 4 4 4 4 4 4
4 4 4 4 4 4 4 4 4 4 4 4 4 4 4 4 4 4 4 4 4 4 4 4 4 4 4 4 4 4 4 4 4 4 4 4 4 4 4 4 4 4 4 4 4 4 4 4 4 4 4 4 4 4 4 4 4 4 4 4 4 4 4 4
4 4 4 4 4 4 4 4 4 4 4 4 4 4 4 4 4 4 4 4 4 4 4 4 4 4 4 4 4 4 4 4 4 4 4 4 4 4 4 4 4 4 4 4 4 4 4 4 4 4 4 4 4 4 4 4 4 4 4 4 4 4 4 4
12 12 12 12 12 12 12 12 12 12 12 12 12 12 12 12 12 12 12 12 12 12 12 12 12 12 12 12 12 12 12 12 12 12 12 12 12 12 12 12 12 12 12 12 12 12 12 12 12 12 12 12 12 12 12 12 12 12 12 12 11 11 11 11
[LEVELS] 5/6
[STATE] NOT_FINISHED
[AVAILABLE] ACTION6
[DIFF] 64 cells changed in bbox (28,22)-(33,35)

[STEP 71]
[ACTION] ACTION6 x=38 y=32
[BOARD] 1/1 settled
4 4 4 4 4 4 4 4 4 4 4 4 4 4 4 4 4 4 4 4 4 4 4 4 4 4 4 4 4 4 4 4 4 4 4 4 4 4 4 4 4 4 4 4 4 4 4 4 4 4 4 4 4 4 4 4 4 4 4 4 11 11 11 11
4 4 4 4 4 4 4 4 4 4 4 4 4 4 4 4 4 4 4 4 4 4 4 4 4 4 4 4 4 4 4 4 4 4 4 4 4 4 4 4 4 4 4 4 4 4 4 4 4 4 4 4 4 4 4 4 4 4 4 4 11 11 11 11
4 4 4 4 4 4 4 4 4 4 4 4 4 4 4 4 4 4 4 4 4 4 4 4 4 4 4 4 4 4 4 4 4 4 4 4 4 4 4 4 4 4 4 4 4 4 4 4 4 4 4 4 4 4 4 4 4 4 4 4 11 11 11 11
4 4 4 4 4 4 4 4 4 4 4 4 4 4 4 4 4 4 4 4 4 4 4 4 4 4 4 4 4 4 4 4 4 4 4 4 4 4 4 4 4 4 4 4 4 4 4 4 4 4 4 4 4 4 4 4 4 4 4 4 11 11 11 11
4 4 4 4 4 4 4 4 4 4 4 4 4 4 4 4 4 4 4 4 4 4 4 4 4 4 4 4 4 4 4 4 4 4 4 4 4 4 4 4 4 4 4 4 4 4 4 4 4 4 4 4 4 4 4 4 4 4 4 4 14 14 14 14
4 4 4 4 4 4 4 4 4 4 4 4 4 4 4 4 4 4 4 4 4 4 4 4 4 4 4 4 4 4 4 4 4 4 4 4 4 4 4 4 4 4 4 4 4 4 4 4 4 4 4 4 4 4 4 4 4 4 4 4 14 14 14 14
4 4 4 4 11 11 6 6 11 11 4 4 3 3 3 3 3 3 4 4 4 4 4 4 4 4 4 4 4 4 4 4 4 4 4 4 4 4 4 4 4 4 4 4 4 4 4 4 4 4 4 4 4 4 4 4 4 4 4 4 14 14 14 14
4 4 4 4 11 11 6 6 11 11 4 4 3 3 3 3 3 3 4 4 4 4 4 4 4 4 4 4 4 4 4 4 4 4 4 4 4 4 4 4 4 4 4 4 4 4 4 4 4 4 4 4 4 4 4 4 4 4 4 4 14 14 14 14
4 4 4 4 11 11 11 11 11 11 4 4 2 2 14 14 3 3 4 4 4 4 4 4 4 4 4 4 4 4 4 4 4 4 4 4 4 4 4 4 4 4 4 4 4 4 4 4 4 4 4 4 4 4 4 4 4 4 4 4 4 4 4 4
4 4 4 4 11 11 11 11 11 11 4 4 2 2 14 14 3 3 4 4 4 4 4 4 4 4 4 4 4 4 4 4 4 4 4 4 4 4 4 4 4 4 4 4 4 4 4 4 4 4 4 4 4 4 4 4 4 4 4 4 4 4 4 4
4 4 4 4 11 11 11 11 11 11 4 4 0 0 0 0 2 2 4 4 4 4 4 4 4 4 4 4 4 4 4 4 4 4 4 4 4 4 4 4 4 4 4 4 4 4 4 4 4 4 4 4 4 4 4 4 4 4 4 4 4 4 4 4
4 4 4 4 11 11 11 11 11 11 4 4 0 0 0 0 2 2 4 4 4 4 4 4 4 4 4 4 4 4 4 4 4 4 4 4 4 4 4 4 4 4 4 4 4 4 4 4 4 4 4 4 4 4 4 4 4 4 4 4 4 4 4 4
4 4 4 4 4 4 4 4 4 4 4 4 4 4 4 4 4 4 4 4 4 4 4 4 4 4 4 4 4 4 4 4 4 4 4 4 4 4 4 4 4 4 4 4 4 4 4 4 4 4 4 4 4 4 4 4 4 4 4 4 4 4 4 4
4 4 4 4 4 4 4 4 4 4 4 4 4 4 4 4 4 4 4 4 4 4 4 4 4 4 4 4 4 4 4 4 4 4 4 4 4 4 4 4 4 4 4 4 4 4 4 4 4 4 4 4 4 4 4 4 4 4 4 4 4 4 4 4
4 4 4 4 14 14 6 6 14 14 4 4 14 14 6 6 14 14 4 4 11 11 6 6 11 11 4 4 11 11 6 6 11 11 4 4 14 14 6 6 14 14 4 4 11 11 6 6 11 11 4 4 4 4 4 4 4 4 4 4 4 4 4 4
4 4 4 4 14 14 6 6 14 14 4 4 14 14 6 6 14 14 4 4 11 11 6 6 11 11 4 4 11 11 6 6 11 11 4 4 14 14 6 6 14 14 4 4 11 11 6 6 11 11 4 4 4 4 4 4 4 4 4 4 4 4 4 4
4 4 4 4 14 14 14 14 14 14 4 4 14 14 14 14 14 14 4 4 11 11 11 11 11 11 4 4 11 11 11 11 11 11 4 4 14 14 14 14 14 14 4 4 11 11 11 11 11 11 4 4 4 4 4 4 4 4 4 4 4 4 4 4
4 4 4 4 14 14 14 14 14 14 4 4 14 14 14 14 14 14 4 4 11 11 11 11 11 11 4 4 11 11 11 11 11 11 4 4 14 14 14 14 14 14 4 4 11 11 11 11 11 11 4 4 4 4 4 4 4 4 4 4 4 4 4 4
4 4 4 4 14 14 14 14 14 14 4 4 14 14 14 14 14 14 4 4 11 11 11 11 11 11 4 4 11 11 11 11 11 11 4 4 14 14 14 14 14 14 4 4 11 11 11 11 11 11 4 4 4 4 4 4 4 4 4 4 4 4 4 4
4 4 4 4 14 14 14 14 14 14 4 4 14 14 14 14 14 14 4 4 11 11 11 11 11 11 4 4 11 11 11 11 11 11 4 4 14 14 14 14 14 14 4 4 11 11 11 11 11 11 4 4 4 4 4 4 4 4 4 4 4 4 4 4
4 4 4 4 4 4 4 4 4 4 4 4 4 4 4 4 4 4 4 4 4 4 4 4 4 4 4 4 4 4 4 4 4 4 4 4 4 4 4 4 4 4 4 4 4 4 4 4 4 4 4 4 4 4 4 4 4 4 4 4 4 4 4 4
4 4 4 4 4 4 4 4 4 4 4 4 4 4 4 4 4 4 4 4 4 4 4 4 4 4 4 4 4 4 4 4 4 4 4 4 4 4 4 4 4 4 4 4 4 4 4 4 4 4 4 4 4 4 4 4 4 4 4 4 4 4 4 4
4 4 4 4 4 4 4 4 4 4 4 4 11 11 6 6 11 11 4 4 14 14 6 6 14 14 4 4 14 14 6 6 14 14 4 4 2 2 0 0 2 2 4 4 11 11 6 6 11 11 4 4 4 4 4 4 4 4 4 4 4 4 4 4
4 4 4 4 4 4 4 4 4 4 4 4 11 11 6 6 11 11 4 4 14 14 6 6 14 14 4 4 14 14 6 6 14 14 4 4 2 2 0 0 2 2 4 4 11 11 6 6 11 11 4 4 4 4 4 4 4 4 4 4 4 4 4 4
4 4 4 4 4 4 4 4 4 4 4 4 11 11 11 11 11 11 4 4 14 14 14 14 14 14 4 4 14 14 14 14 14 14 4 4 0 0 14 14 0 0 4 4 11 11 11 11 11 11 4 4 4 4 4 4 4 4 4 4 4 4 4 4
4 4 4 4 4 4 4 4 4 4 4 4 11 11 11 11 11 11 4 4 14 14 14 14 14 14 4 4 14 14 14 14 14 14 4 4 0 0 14 14 0 0 4 4 11 11 11 11 11 11 4 4 4 4 4 4 4 4 4 4 4 4 4 4
4 4 4 4 4 4 4 4 4 4 4 4 11 11 11 11 11 11 4 4 14 14 14 14 14 14 4 4 14 14 14 14 14 14 4 4 0 0 0 0 2 2 4 4 11 11 11 11 11 11 4 4 4 4 4 4 4 4 4 4 4 4 4 4
4 4 4 4 4 4 4 4 4 4 4 4 11 11 11 11 11 11 4 4 14 14 14 14 14 14 4 4 14 14 14 14 14 14 4 4 0 0 0 0 2 2 4 4 11 11 11 11 11 11 4 4 4 4 4 4 4 4 4 4 4 4 4 4
4 4 4 4 4 4 4 4 4 4 4 4 4 4 4 4 4 4 4 4 4 4 4 4 4 4 4 4 4 4 4 4 4 4 4 4 4 4 4 4 4 4 4 4 4 4 4 4 4 4 4 4 4 4 4 4 4 4 4 4 4 4 4 4
4 4 4 4 4 4 4 4 4 4 4 4 4 4 4 4 4 4 4 4 4 4 4 4 4 4 4 4 4 4 4 4 4 4 4 4 4 4 4 4 4 4 4 4 4 4 4 4 4 4 4 4 4 4 4 4 4 4 4 4 4 4 4 4
4 4 4 4 4 4 4 4 4 4 4 4 14 14 6 6 14 14 4 4 2 2 0 0 0 0 4 4 14 14 6 6 14 14 4 4 14 14 6 6 14 14 4 4 11 11 6 6 11 11 4 4 4 4 4 4 4 4 4 4 4 4 4 4
4 4 4 4 4 4 4 4 4 4 4 4 14 14 6 6 14 14 4 4 2 2 0 0 0 0 4 4 14 14 6 6 14 14 4 4 14 14 6 6 14 14 4 4 11 11 6 6 11 11 4 4 4 4 4 4 4 4 4 4 4 4 4 4
4 4 4 4 4 4 4 4 4 4 4 4 14 14 14 14 14 14 4 4 0 0 14 14 0 0 4 4 14 14 14 14 14 14 4 4 14 14 14 14 14 14 4 4 11 11 11 11 11 11 4 4 4 4 4 4 4 4 4 4 4 4 4 4
4 4 4 4 4 4 4 4 4 4 4 4 14 14 14 14 14 14 4 4 0 0 14 14 0 0 4 4 14 14 14 14 14 14 4 4 14 14 14 14 14 14 4 4 11 11 11 11 11 11 4 4 4 4 4 4 4 4 4 4 4 4 4 4
4 4 4 4 4 4 4 4 4 4 4 4 14 14 14 14 14 14 4 4 2 2 0 0 2 2 4 4 14 14 14 14 14 14 4 4 14 14 14 14 14 14 4 4 11 11 11 11 11 11 4 4 4 4 4 4 4 4 4 4 4 4 4 4
4 4 4 4 4 4 4 4 4 4 4 4 14 14 14 14 14 14 4 4 2 2 0 0 2 2 4 4 14 14 14 14 14 14 4 4 14 14 14 14 14 14 4 4 11 11 11 11 11 11 4 4 4 4 4 4 4 4 4 4 4 4 4 4
4 4 4 4 4 4 4 4 4 4 4 4 4 4 4 4 4 4 4 4 4 4 4 4 4 4 4 4 4 4 4 4 4 4 4 4 4 4 4 4 4 4 4 4 4 4 4 4 4 4 4 4 4 4 4 4 4 4 4 4 4 4 4 4
4 4 4 4 4 4 4 4 4 4 4 4 4 4 4 4 4 4 4 4 4 4 4 4 4 4 4 4 4 4 4 4 4 4 4 4 4 4 4 4 4 4 4 4 4 4 4 4 4 4 4 4 4 4 4 4 4 4 4 4 4 4 4 4
4 4 4 4 4 4 4 4 4 4 4 4 11 11 6 6 11 11 4 4 11 11 6 6 11 11 4 4 11 11 6 6 11 11 4 4 11 11 6 6 11 11 4 4 11 11 6 6 11 11 4 4 11 11 6 6 11 11 4 4 4 4 4 4
4 4 4 4 4 4 4 4 4 4 4 4 11 11 6 6 11 11 4 4 11 11 6 6 11 11 4 4 11 11 6 6 11 11 4 4 11 11 6 6 11 11 4 4 11 11 6 6 11 11 4 4 11 11 6 6 11 11 4 4 4 4 4 4
4 4 4 4 4 4 4 4 4 4 4 4 11 11 11 11 11 11 4 4 11 11 11 11 11 11 4 4 11 11 11 11 11 11 4 4 11 11 11 11 11 11 4 4 11 11 11 11 11 11 4 4 11 11 11 11 11 11 4 4 4 4 4 4
4 4 4 4 4 4 4 4 4 4 4 4 11 11 11 11 11 11 4 4 11 11 11 11 11 11 4 4 11 11 11 11 11 11 4 4 11 11 11 11 11 11 4 4 11 11 11 11 11 11 4 4 11 11 11 11 11 11 4 4 4 4 4 4
4 4 4 4 4 4 4 4 4 4 4 4 11 11 11 11 11 11 4 4 11 11 11 11 11 11 4 4 11 11 11 11 11 11 4 4 11 11 11 11 11 11 4 4 11 11 11 11 11 11 4 4 11 11 11 11 11 11 4 4 4 4 4 4
4 4 4 4 4 4 4 4 4 4 4 4 11 11 11 11 11 11 4 4 11 11 11 11 11 11 4 4 11 11 11 11 11 11 4 4 11 11 11 11 11 11 4 4 11 11 11 11 11 11 4 4 11 11 11 11 11 11 4 4 4 4 4 4
4 4 4 4 4 4 4 4 4 4 4 4 4 4 4 4 4 4 4 4 4 4 4 4 4 4 4 4 4 4 4 4 4 4 4 4 4 4 4 4 4 4 4 4 4 4 4 4 4 4 4 4 4 4 4 4 4 4 4 4 4 4 4 4
4 4 4 4 4 4 4 4 4 4 4 4 4 4 4 4 4 4 4 4 4 4 4 4 4 4 4 4 4 4 4 4 4 4 4 4 4 4 4 4 4 4 4 4 4 4 4 4 4 4 4 4 4 4 4 4 4 4 4 4 4 4 4 4
4 4 4 4 4 4 4 4 4 4 4 4 4 4 4 4 4 4 4 4 4 4 4 4 4 4 4 4 4 4 4 4 4 4 4 4 4 4 4 4 4 4 4 4 2 2 0 0 0 0 4 4 11 11 6 6 11 11 4 4 4 4 4 4
4 4 4 4 4 4 4 4 4 4 4 4 4 4 4 4 4 4 4 4 4 4 4 4 4 4 4 4 4 4 4 4 4 4 4 4 4 4 4 4 4 4 4 4 2 2 0 0 0 0 4 4 11 11 6 6 11 11 4 4 4 4 4 4
4 4 4 4 4 4 4 4 4 4 4 4 4 4 4 4 4 4 4 4 4 4 4 4 4 4 4 4 4 4 4 4 4 4 4 4 4 4 4 4 4 4 4 4 3 3 14 14 2 2 4 4 11 11 11 11 11 11 4 4 4 4 4 4
4 4 4 4 4 4 4 4 4 4 4 4 4 4 4 4 4 4 4 4 4 4 4 4 4 4 4 4 4 4 4 4 4 4 4 4 4 4 4 4 4 4 4 4 3 3 14 14 2 2 4 4 11 11 11 11 11 11 4 4 4 4 4 4
4 4 4 4 4 4 4 4 4 4 4 4 4 4 4 4 4 4 4 4 4 4 4 4 4 4 4 4 4 4 4 4 4 4 4 4 4 4 4 4 4 4 4 4 3 3 3 3 3 3 4 4 11 11 11 11 11 11 4 4 4 4 4 4
4 4 4 4 4 4 4 4 4 4 4 4 4 4 4 4 4 4 4 4 4 4 4 4 4 4 4 4 4 4 4 4 4 4 4 4 4 4 4 4 4 4 4 4 3 3 3 3 3 3 4 4 11 11 11 11 11 11 4 4 4 4 4 4
4 4 4 4 4 4 4 4 4 4 4 4 4 4 4 4 4 4 4 4 4 4 4 4 4 4 4 4 4 4 4 4 4 4 4 4 4 4 4 4 4 4 4 4 4 4 4 4 4 4 4 4 4 4 4 4 4 4 4 4 4 4 4 4
4 4 4 4 4 4 4 4 4 4 4 4 4 4 4 4 4 4 4 4 4 4 4 4 4 4 4 4 4 4 4 4 4 4 4 4 4 4 4 4 4 4 4 4 4 4 4 4 4 4 4 4 4 4 4 4 4 4 4 4 4 4 4 4
4 4 4 4 4 4 4 4 4 4 4 4 4 4 4 4 4 4 4 4 4 4 4 4 4 4 4 4 4 4 4 4 4 4 4 4 4 4 4 4 4 4 4 4 4 4 4 4 4 4 4 4 4 4 4 4 4 4 4 4 4 4 4 4
4 4 4 4 4 4 4 4 4 4 4 4 4 4 4 4 4 4 4 4 4 4 4 4 4 4 4 4 4 4 4 4 4 4 4 4 4 4 4 4 4 4 4 4 4 4 4 4 4 4 4 4 4 4 4 4 4 4 4 4 4 4 4 4
4 4 4 4 4 4 4 4 4 4 4 4 4 4 4 4 4 4 4 4 4 4 4 4 4 4 4 4 4 4 4 4 4 4 4 4 4 4 4 4 4 4 4 4 4 4 4 4 4 4 4 4 4 4 4 4 4 4 4 4 4 4 4 4
4 4 4 4 4 4 4 4 4 4 4 4 4 4 4 4 4 4 4 4 4 4 4 4 4 4 4 4 4 4 4 4 4 4 4 4 4 4 4 4 4 4 4 4 4 4 4 4 4 4 4 4 4 4 4 4 4 4 4 4 4 4 4 4
4 4 4 4 4 4 4 4 4 4 4 4 4 4 4 4 4 4 4 4 4 4 4 4 4 4 4 4 4 4 4 4 4 4 4 4 4 4 4 4 4 4 4 4 4 4 4 4 4 4 4 4 4 4 4 4 4 4 4 4 4 4 4 4
4 4 4 4 4 4 4 4 4 4 4 4 4 4 4 4 4 4 4 4 4 4 4 4 4 4 4 4 4 4 4 4 4 4 4 4 4 4 4 4 4 4 4 4 4 4 4 4 4 4 4 4 4 4 4 4 4 4 4 4 4 4 4 4
4 4 4 4 4 4 4 4 4 4 4 4 4 4 4 4 4 4 4 4 4 4 4 4 4 4 4 4 4 4 4 4 4 4 4 4 4 4 4 4 4 4 4 4 4 4 4 4 4 4 4 4 4 4 4 4 4 4 4 4 4 4 4 4
4 4 4 4 4 4 4 4 4 4 4 4 4 4 4 4 4 4 4 4 4 4 4 4 4 4 4 4 4 4 4 4 4 4 4 4 4 4 4 4 4 4 4 4 4 4 4 4 4 4 4 4 4 4 4 4 4 4 4 4 4 4 4 4
4 4 4 4 4 4 4 4 4 4 4 4 4 4 4 4 4 4 4 4 4 4 4 4 4 4 4 4 4 4 4 4 4 4 4 4 4 4 4 4 4 4 4 4 4 4 4 4 4 4 4 4 4 4 4 4 4 4 4 4 4 4 4 4
12 12 12 12 12 12 12 12 12 12 12 12 12 12 12 12 12 12 12 12 12 12 12 12 12 12 12 12 12 12 12 12 12 12 12 12 12 12 12 12 12 12 12 12 12 12 12 12 12 12 12 12 12 12 12 12 12 12 12 12 11 11 11 11
[LEVELS] 5/6
[STATE] NOT_FINISHED
[AVAILABLE] ACTION6
[DIFF] 32 cells: (36,30) 11>14; (37,30) 11>14; (40,30) 11>14; (41,30) 11>14; (36,31) 11>14; (37,31) 11>14; (40,31) 11>14; (41,31) 11>14; (36,32) 11>14; (37,32) 11>14; (38,32) 11>14; (39,32) 11>14; (40,32) 11>14; (41,32) 11>14; (36,33) 11>14; (37,33) 11>14; (38,33) 11>14; (39,33) 11>14; (40,33) 11>14; (41,33) 11>14; (36,34) 11>14; (37,34) 11>14; (38,34) 11>14; (39,34) 11>14; (40,34) 11>14; (41,34) 11>14; (36,35) 11>14; (37,35) 11>14; (38,35) 11>14; (39,35) 11>14; (40,35) 11>14; (41,35) 11>14

[STEP 72]
[ACTION] ACTION6 x=46 y=32
[BOARD] 1/1 settled
4 4 4 4 4 4 4 4 4 4 4 4 4 4 4 4 4 4 4 4 4 4 4 4 4 4 4 4 4 4 4 4 4 4 4 4 4 4 4 4 4 4 4 4 4 4 4 4 4 4 4 4 4 4 4 4 4 4 4 4 11 11 11 11
4 4 4 4 4 4 4 4 4 4 4 4 4 4 4 4 4 4 4 4 4 4 4 4 4 4 4 4 4 4 4 4 4 4 4 4 4 4 4 4 4 4 4 4 4 4 4 4 4 4 4 4 4 4 4 4 4 4 4 4 11 11 11 11
4 4 4 4 4 4 4 4 4 4 4 4 4 4 4 4 4 4 4 4 4 4 4 4 4 4 4 4 4 4 4 4 4 4 4 4 4 4 4 4 4 4 4 4 4 4 4 4 4 4 4 4 4 4 4 4 4 4 4 4 11 11 11 11
4 4 4 4 4 4 4 4 4 4 4 4 4 4 4 4 4 4 4 4 4 4 4 4 4 4 4 4 4 4 4 4 4 4 4 4 4 4 4 4 4 4 4 4 4 4 4 4 4 4 4 4 4 4 4 4 4 4 4 4 11 11 11 11
4 4 4 4 4 4 4 4 4 4 4 4 4 4 4 4 4 4 4 4 4 4 4 4 4 4 4 4 4 4 4 4 4 4 4 4 4 4 4 4 4 4 4 4 4 4 4 4 4 4 4 4 4 4 4 4 4 4 4 4 14 14 14 14
4 4 4 4 4 4 4 4 4 4 4 4 4 4 4 4 4 4 4 4 4 4 4 4 4 4 4 4 4 4 4 4 4 4 4 4 4 4 4 4 4 4 4 4 4 4 4 4 4 4 4 4 4 4 4 4 4 4 4 4 14 14 14 14
4 4 4 4 11 11 6 6 11 11 4 4 3 3 3 3 3 3 4 4 4 4 4 4 4 4 4 4 4 4 4 4 4 4 4 4 4 4 4 4 4 4 4 4 4 4 4 4 4 4 4 4 4 4 4 4 4 4 4 4 14 14 14 14
4 4 4 4 11 11 6 6 11 11 4 4 3 3 3 3 3 3 4 4 4 4 4 4 4 4 4 4 4 4 4 4 4 4 4 4 4 4 4 4 4 4 4 4 4 4 4 4 4 4 4 4 4 4 4 4 4 4 4 4 14 14 14 14
4 4 4 4 11 11 11 11 11 11 4 4 2 2 14 14 3 3 4 4 4 4 4 4 4 4 4 4 4 4 4 4 4 4 4 4 4 4 4 4 4 4 4 4 4 4 4 4 4 4 4 4 4 4 4 4 4 4 4 4 4 4 4 4
4 4 4 4 11 11 11 11 11 11 4 4 2 2 14 14 3 3 4 4 4 4 4 4 4 4 4 4 4 4 4 4 4 4 4 4 4 4 4 4 4 4 4 4 4 4 4 4 4 4 4 4 4 4 4 4 4 4 4 4 4 4 4 4
4 4 4 4 11 11 11 11 11 11 4 4 0 0 0 0 2 2 4 4 4 4 4 4 4 4 4 4 4 4 4 4 4 4 4 4 4 4 4 4 4 4 4 4 4 4 4 4 4 4 4 4 4 4 4 4 4 4 4 4 4 4 4 4
4 4 4 4 11 11 11 11 11 11 4 4 0 0 0 0 2 2 4 4 4 4 4 4 4 4 4 4 4 4 4 4 4 4 4 4 4 4 4 4 4 4 4 4 4 4 4 4 4 4 4 4 4 4 4 4 4 4 4 4 4 4 4 4
4 4 4 4 4 4 4 4 4 4 4 4 4 4 4 4 4 4 4 4 4 4 4 4 4 4 4 4 4 4 4 4 4 4 4 4 4 4 4 4 4 4 4 4 4 4 4 4 4 4 4 4 4 4 4 4 4 4 4 4 4 4 4 4
4 4 4 4 4 4 4 4 4 4 4 4 4 4 4 4 4 4 4 4 4 4 4 4 4 4 4 4 4 4 4 4 4 4 4 4 4 4 4 4 4 4 4 4 4 4 4 4 4 4 4 4 4 4 4 4 4 4 4 4 4 4 4 4
4 4 4 4 14 14 6 6 14 14 4 4 14 14 6 6 14 14 4 4 11 11 6 6 11 11 4 4 11 11 6 6 11 11 4 4 14 14 6 6 14 14 4 4 11 11 6 6 11 11 4 4 4 4 4 4 4 4 4 4 4 4 4 4
4 4 4 4 14 14 6 6 14 14 4 4 14 14 6 6 14 14 4 4 11 11 6 6 11 11 4 4 11 11 6 6 11 11 4 4 14 14 6 6 14 14 4 4 11 11 6 6 11 11 4 4 4 4 4 4 4 4 4 4 4 4 4 4
4 4 4 4 14 14 14 14 14 14 4 4 14 14 14 14 14 14 4 4 11 11 11 11 11 11 4 4 11 11 11 11 11 11 4 4 14 14 14 14 14 14 4 4 11 11 11 11 11 11 4 4 4 4 4 4 4 4 4 4 4 4 4 4
4 4 4 4 14 14 14 14 14 14 4 4 14 14 14 14 14 14 4 4 11 11 11 11 11 11 4 4 11 11 11 11 11 11 4 4 14 14 14 14 14 14 4 4 11 11 11 11 11 11 4 4 4 4 4 4 4 4 4 4 4 4 4 4
4 4 4 4 14 14 14 14 14 14 4 4 14 14 14 14 14 14 4 4 11 11 11 11 11 11 4 4 11 11 11 11 11 11 4 4 14 14 14 14 14 14 4 4 11 11 11 11 11 11 4 4 4 4 4 4 4 4 4 4 4 4 4 4
4 4 4 4 14 14 14 14 14 14 4 4 14 14 14 14 14 14 4 4 11 11 11 11 11 11 4 4 11 11 11 11 11 11 4 4 14 14 14 14 14 14 4 4 11 11 11 11 11 11 4 4 4 4 4 4 4 4 4 4 4 4 4 4
4 4 4 4 4 4 4 4 4 4 4 4 4 4 4 4 4 4 4 4 4 4 4 4 4 4 4 4 4 4 4 4 4 4 4 4 4 4 4 4 4 4 4 4 4 4 4 4 4 4 4 4 4 4 4 4 4 4 4 4 4 4 4 4
4 4 4 4 4 4 4 4 4 4 4 4 4 4 4 4 4 4 4 4 4 4 4 4 4 4 4 4 4 4 4 4 4 4 4 4 4 4 4 4 4 4 4 4 4 4 4 4 4 4 4 4 4 4 4 4 4 4 4 4 4 4 4 4
4 4 4 4 4 4 4 4 4 4 4 4 11 11 6 6 11 11 4 4 14 14 6 6 14 14 4 4 14 14 6 6 14 14 4 4 2 2 0 0 2 2 4 4 14 14 6 6 14 14 4 4 4 4 4 4 4 4 4 4 4 4 4 4
4 4 4 4 4 4 4 4 4 4 4 4 11 11 6 6 11 11 4 4 14 14 6 6 14 14 4 4 14 14 6 6 14 14 4 4 2 2 0 0 2 2 4 4 14 14 6 6 14 14 4 4 4 4 4 4 4 4 4 4 4 4 4 4
4 4 4 4 4 4 4 4 4 4 4 4 11 11 11 11 11 11 4 4 14 14 14 14 14 14 4 4 14 14 14 14 14 14 4 4 0 0 14 14 0 0 4 4 14 14 14 14 14 14 4 4 4 4 4 4 4 4 4 4 4 4 4 4
4 4 4 4 4 4 4 4 4 4 4 4 11 11 11 11 11 11 4 4 14 14 14 14 14 14 4 4 14 14 14 14 14 14 4 4 0 0 14 14 0 0 4 4 14 14 14 14 14 14 4 4 4 4 4 4 4 4 4 4 4 4 4 4
4 4 4 4 4 4 4 4 4 4 4 4 11 11 11 11 11 11 4 4 14 14 14 14 14 14 4 4 14 14 14 14 14 14 4 4 0 0 0 0 2 2 4 4 14 14 14 14 14 14 4 4 4 4 4 4 4 4 4 4 4 4 4 4
4 4 4 4 4 4 4 4 4 4 4 4 11 11 11 11 11 11 4 4 14 14 14 14 14 14 4 4 14 14 14 14 14 14 4 4 0 0 0 0 2 2 4 4 14 14 14 14 14 14 4 4 4 4 4 4 4 4 4 4 4 4 4 4
4 4 4 4 4 4 4 4 4 4 4 4 4 4 4 4 4 4 4 4 4 4 4 4 4 4 4 4 4 4 4 4 4 4 4 4 4 4 4 4 4 4 4 4 4 4 4 4 4 4 4 4 4 4 4 4 4 4 4 4 4 4 4 4
4 4 4 4 4 4 4 4 4 4 4 4 4 4 4 4 4 4 4 4 4 4 4 4 4 4 4 4 4 4 4 4 4 4 4 4 4 4 4 4 4 4 4 4 4 4 4 4 4 4 4 4 4 4 4 4 4 4 4 4 4 4 4 4
4 4 4 4 4 4 4 4 4 4 4 4 14 14 6 6 14 14 4 4 2 2 0 0 0 0 4 4 14 14 6 6 14 14 4 4 14 14 6 6 14 14 4 4 14 14 6 6 14 14 4 4 4 4 4 4 4 4 4 4 4 4 4 4
4 4 4 4 4 4 4 4 4 4 4 4 14 14 6 6 14 14 4 4 2 2 0 0 0 0 4 4 14 14 6 6 14 14 4 4 14 14 6 6 14 14 4 4 14 14 6 6 14 14 4 4 4 4 4 4 4 4 4 4 4 4 4 4
4 4 4 4 4 4 4 4 4 4 4 4 14 14 14 14 14 14 4 4 0 0 14 14 0 0 4 4 14 14 14 14 14 14 4 4 14 14 14 14 14 14 4 4 14 14 14 14 14 14 4 4 4 4 4 4 4 4 4 4 4 4 4 4
4 4 4 4 4 4 4 4 4 4 4 4 14 14 14 14 14 14 4 4 0 0 14 14 0 0 4 4 14 14 14 14 14 14 4 4 14 14 14 14 14 14 4 4 14 14 14 14 14 14 4 4 4 4 4 4 4 4 4 4 4 4 4 4
4 4 4 4 4 4 4 4 4 4 4 4 14 14 14 14 14 14 4 4 2 2 0 0 2 2 4 4 14 14 14 14 14 14 4 4 14 14 14 14 14 14 4 4 14 14 14 14 14 14 4 4 4 4 4 4 4 4 4 4 4 4 4 4
4 4 4 4 4 4 4 4 4 4 4 4 14 14 14 14 14 14 4 4 2 2 0 0 2 2 4 4 14 14 14 14 14 14 4 4 14 14 14 14 14 14 4 4 14 14 14 14 14 14 4 4 4 4 4 4 4 4 4 4 4 4 4 4
4 4 4 4 4 4 4 4 4 4 4 4 4 4 4 4 4 4 4 4 4 4 4 4 4 4 4 4 4 4 4 4 4 4 4 4 4 4 4 4 4 4 4 4 4 4 4 4 4 4 4 4 4 4 4 4 4 4 4 4 4 4 4 4
4 4 4 4 4 4 4 4 4 4 4 4 4 4 4 4 4 4 4 4 4 4 4 4 4 4 4 4 4 4 4 4 4 4 4 4 4 4 4 4 4 4 4 4 4 4 4 4 4 4 4 4 4 4 4 4 4 4 4 4 4 4 4 4
4 4 4 4 4 4 4 4 4 4 4 4 11 11 6 6 11 11 4 4 11 11 6 6 11 11 4 4 11 11 6 6 11 11 4 4 11 11 6 6 11 11 4 4 11 11 6 6 11 11 4 4 11 11 6 6 11 11 4 4 4 4 4 4
4 4 4 4 4 4 4 4 4 4 4 4 11 11 6 6 11 11 4 4 11 11 6 6 11 11 4 4 11 11 6 6 11 11 4 4 11 11 6 6 11 11 4 4 11 11 6 6 11 11 4 4 11 11 6 6 11 11 4 4 4 4 4 4
4 4 4 4 4 4 4 4 4 4 4 4 11 11 11 11 11 11 4 4 11 11 11 11 11 11 4 4 11 11 11 11 11 11 4 4 11 11 11 11 11 11 4 4 11 11 11 11 11 11 4 4 11 11 11 11 11 11 4 4 4 4 4 4
4 4 4 4 4 4 4 4 4 4 4 4 11 11 11 11 11 11 4 4 11 11 11 11 11 11 4 4 11 11 11 11 11 11 4 4 11 11 11 11 11 11 4 4 11 11 11 11 11 11 4 4 11 11 11 11 11 11 4 4 4 4 4 4
4 4 4 4 4 4 4 4 4 4 4 4 11 11 11 11 11 11 4 4 11 11 11 11 11 11 4 4 11 11 11 11 11 11 4 4 11 11 11 11 11 11 4 4 11 11 11 11 11 11 4 4 11 11 11 11 11 11 4 4 4 4 4 4
4 4 4 4 4 4 4 4 4 4 4 4 11 11 11 11 11 11 4 4 11 11 11 11 11 11 4 4 11 11 11 11 11 11 4 4 11 11 11 11 11 11 4 4 11 11 11 11 11 11 4 4 11 11 11 11 11 11 4 4 4 4 4 4
4 4 4 4 4 4 4 4 4 4 4 4 4 4 4 4 4 4 4 4 4 4 4 4 4 4 4 4 4 4 4 4 4 4 4 4 4 4 4 4 4 4 4 4 4 4 4 4 4 4 4 4 4 4 4 4 4 4 4 4 4 4 4 4
4 4 4 4 4 4 4 4 4 4 4 4 4 4 4 4 4 4 4 4 4 4 4 4 4 4 4 4 4 4 4 4 4 4 4 4 4 4 4 4 4 4 4 4 4 4 4 4 4 4 4 4 4 4 4 4 4 4 4 4 4 4 4 4
4 4 4 4 4 4 4 4 4 4 4 4 4 4 4 4 4 4 4 4 4 4 4 4 4 4 4 4 4 4 4 4 4 4 4 4 4 4 4 4 4 4 4 4 2 2 0 0 0 0 4 4 11 11 6 6 11 11 4 4 4 4 4 4
4 4 4 4 4 4 4 4 4 4 4 4 4 4 4 4 4 4 4 4 4 4 4 4 4 4 4 4 4 4 4 4 4 4 4 4 4 4 4 4 4 4 4 4 2 2 0 0 0 0 4 4 11 11 6 6 11 11 4 4 4 4 4 4
4 4 4 4 4 4 4 4 4 4 4 4 4 4 4 4 4 4 4 4 4 4 4 4 4 4 4 4 4 4 4 4 4 4 4 4 4 4 4 4 4 4 4 4 3 3 14 14 2 2 4 4 11 11 11 11 11 11 4 4 4 4 4 4
4 4 4 4 4 4 4 4 4 4 4 4 4 4 4 4 4 4 4 4 4 4 4 4 4 4 4 4 4 4 4 4 4 4 4 4 4 4 4 4 4 4 4 4 3 3 14 14 2 2 4 4 11 11 11 11 11 11 4 4 4 4 4 4
4 4 4 4 4 4 4 4 4 4 4 4 4 4 4 4 4 4 4 4 4 4 4 4 4 4 4 4 4 4 4 4 4 4 4 4 4 4 4 4 4 4 4 4 3 3 3 3 3 3 4 4 11 11 11 11 11 11 4 4 4 4 4 4
4 4 4 4 4 4 4 4 4 4 4 4 4 4 4 4 4 4 4 4 4 4 4 4 4 4 4 4 4 4 4 4 4 4 4 4 4 4 4 4 4 4 4 4 3 3 3 3 3 3 4 4 11 11 11 11 11 11 4 4 4 4 4 4
4 4 4 4 4 4 4 4 4 4 4 4 4 4 4 4 4 4 4 4 4 4 4 4 4 4 4 4 4 4 4 4 4 4 4 4 4 4 4 4 4 4 4 4 4 4 4 4 4 4 4 4 4 4 4 4 4 4 4 4 4 4 4 4
4 4 4 4 4 4 4 4 4 4 4 4 4 4 4 4 4 4 4 4 4 4 4 4 4 4 4 4 4 4 4 4 4 4 4 4 4 4 4 4 4 4 4 4 4 4 4 4 4 4 4 4 4 4 4 4 4 4 4 4 4 4 4 4
4 4 4 4 4 4 4 4 4 4 4 4 4 4 4 4 4 4 4 4 4 4 4 4 4 4 4 4 4 4 4 4 4 4 4 4 4 4 4 4 4 4 4 4 4 4 4 4 4 4 4 4 4 4 4 4 4 4 4 4 4 4 4 4
4 4 4 4 4 4 4 4 4 4 4 4 4 4 4 4 4 4 4 4 4 4 4 4 4 4 4 4 4 4 4 4 4 4 4 4 4 4 4 4 4 4 4 4 4 4 4 4 4 4 4 4 4 4 4 4 4 4 4 4 4 4 4 4
4 4 4 4 4 4 4 4 4 4 4 4 4 4 4 4 4 4 4 4 4 4 4 4 4 4 4 4 4 4 4 4 4 4 4 4 4 4 4 4 4 4 4 4 4 4 4 4 4 4 4 4 4 4 4 4 4 4 4 4 4 4 4 4
4 4 4 4 4 4 4 4 4 4 4 4 4 4 4 4 4 4 4 4 4 4 4 4 4 4 4 4 4 4 4 4 4 4 4 4 4 4 4 4 4 4 4 4 4 4 4 4 4 4 4 4 4 4 4 4 4 4 4 4 4 4 4 4
4 4 4 4 4 4 4 4 4 4 4 4 4 4 4 4 4 4 4 4 4 4 4 4 4 4 4 4 4 4 4 4 4 4 4 4 4 4 4 4 4 4 4 4 4 4 4 4 4 4 4 4 4 4 4 4 4 4 4 4 4 4 4 4
4 4 4 4 4 4 4 4 4 4 4 4 4 4 4 4 4 4 4 4 4 4 4 4 4 4 4 4 4 4 4 4 4 4 4 4 4 4 4 4 4 4 4 4 4 4 4 4 4 4 4 4 4 4 4 4 4 4 4 4 4 4 4 4
4 4 4 4 4 4 4 4 4 4 4 4 4 4 4 4 4 4 4 4 4 4 4 4 4 4 4 4 4 4 4 4 4 4 4 4 4 4 4 4 4 4 4 4 4 4 4 4 4 4 4 4 4 4 4 4 4 4 4 4 4 4 4 4
4 4 4 4 4 4 4 4 4 4 4 4 4 4 4 4 4 4 4 4 4 4 4 4 4 4 4 4 4 4 4 4 4 4 4 4 4 4 4 4 4 4 4 4 4 4 4 4 4 4 4 4 4 4 4 4 4 4 4 4 4 4 4 4
4 4 4 4 4 4 4 4 4 4 4 4 4 4 4 4 4 4 4 4 4 4 4 4 4 4 4 4 4 4 4 4 4 4 4 4 4 4 4 4 4 4 4 4 4 4 4 4 4 4 4 4 4 4 4 4 4 4 4 4 4 4 4 4
12 12 12 12 12 12 12 12 12 12 12 12 12 12 12 12 12 12 12 12 12 12 12 12 12 12 12 12 12 12 12 12 12 12 12 12 12 12 12 12 12 12 12 12 12 12 12 12 12 12 12 12 12 12 12 12 12 12 12 11 11 11 11 11
[LEVELS] 5/6
[STATE] NOT_FINISHED
[AVAILABLE] ACTION6
[DIFF] 65 cells changed in bbox (44,22)-(59,63)

[STEP 73]
[ACTION] ACTION6 x=22 y=40
[BOARD] 1/1 settled
4 4 4 4 4 4 4 4 4 4 4 4 4 4 4 4 4 4 4 4 4 4 4 4 4 4 4 4 4 4 4 4 4 4 4 4 4 4 4 4 4 4 4 4 4 4 4 4 4 4 4 4 4 4 4 4 4 4 4 4 11 11 11 11
4 4 4 4 4 4 4 4 4 4 4 4 4 4 4 4 4 4 4 4 4 4 4 4 4 4 4 4 4 4 4 4 4 4 4 4 4 4 4 4 4 4 4 4 4 4 4 4 4 4 4 4 4 4 4 4 4 4 4 4 11 11 11 11
4 4 4 4 4 4 4 4 4 4 4 4 4 4 4 4 4 4 4 4 4 4 4 4 4 4 4 4 4 4 4 4 4 4 4 4 4 4 4 4 4 4 4 4 4 4 4 4 4 4 4 4 4 4 4 4 4 4 4 4 11 11 11 11
4 4 4 4 4 4 4 4 4 4 4 4 4 4 4 4 4 4 4 4 4 4 4 4 4 4 4 4 4 4 4 4 4 4 4 4 4 4 4 4 4 4 4 4 4 4 4 4 4 4 4 4 4 4 4 4 4 4 4 4 11 11 11 11
4 4 4 4 4 4 4 4 4 4 4 4 4 4 4 4 4 4 4 4 4 4 4 4 4 4 4 4 4 4 4 4 4 4 4 4 4 4 4 4 4 4 4 4 4 4 4 4 4 4 4 4 4 4 4 4 4 4 4 4 14 14 14 14
4 4 4 4 4 4 4 4 4 4 4 4 4 4 4 4 4 4 4 4 4 4 4 4 4 4 4 4 4 4 4 4 4 4 4 4 4 4 4 4 4 4 4 4 4 4 4 4 4 4 4 4 4 4 4 4 4 4 4 4 14 14 14 14
4 4 4 4 11 11 6 6 11 11 4 4 3 3 3 3 3 3 4 4 4 4 4 4 4 4 4 4 4 4 4 4 4 4 4 4 4 4 4 4 4 4 4 4 4 4 4 4 4 4 4 4 4 4 4 4 4 4 4 4 14 14 14 14
4 4 4 4 11 11 6 6 11 11 4 4 3 3 3 3 3 3 4 4 4 4 4 4 4 4 4 4 4 4 4 4 4 4 4 4 4 4 4 4 4 4 4 4 4 4 4 4 4 4 4 4 4 4 4 4 4 4 4 4 14 14 14 14
4 4 4 4 11 11 11 11 11 11 4 4 2 2 14 14 3 3 4 4 4 4 4 4 4 4 4 4 4 4 4 4 4 4 4 4 4 4 4 4 4 4 4 4 4 4 4 4 4 4 4 4 4 4 4 4 4 4 4 4 4 4 4 4
4 4 4 4 11 11 11 11 11 11 4 4 2 2 14 14 3 3 4 4 4 4 4 4 4 4 4 4 4 4 4 4 4 4 4 4 4 4 4 4 4 4 4 4 4 4 4 4 4 4 4 4 4 4 4 4 4 4 4 4 4 4 4 4
4 4 4 4 11 11 11 11 11 11 4 4 0 0 0 0 2 2 4 4 4 4 4 4 4 4 4 4 4 4 4 4 4 4 4 4 4 4 4 4 4 4 4 4 4 4 4 4 4 4 4 4 4 4 4 4 4 4 4 4 4 4 4 4
4 4 4 4 11 11 11 11 11 11 4 4 0 0 0 0 2 2 4 4 4 4 4 4 4 4 4 4 4 4 4 4 4 4 4 4 4 4 4 4 4 4 4 4 4 4 4 4 4 4 4 4 4 4 4 4 4 4 4 4 4 4 4 4
4 4 4 4 4 4 4 4 4 4 4 4 4 4 4 4 4 4 4 4 4 4 4 4 4 4 4 4 4 4 4 4 4 4 4 4 4 4 4 4 4 4 4 4 4 4 4 4 4 4 4 4 4 4 4 4 4 4 4 4 4 4 4 4
4 4 4 4 4 4 4 4 4 4 4 4 4 4 4 4 4 4 4 4 4 4 4 4 4 4 4 4 4 4 4 4 4 4 4 4 4 4 4 4 4 4 4 4 4 4 4 4 4 4 4 4 4 4 4 4 4 4 4 4 4 4 4 4
4 4 4 4 14 14 6 6 14 14 4 4 14 14 6 6 14 14 4 4 11 11 6 6 11 11 4 4 11 11 6 6 11 11 4 4 14 14 6 6 14 14 4 4 11 11 6 6 11 11 4 4 4 4 4 4 4 4 4 4 4 4 4 4
4 4 4 4 14 14 6 6 14 14 4 4 14 14 6 6 14 14 4 4 11 11 6 6 11 11 4 4 11 11 6 6 11 11 4 4 14 14 6 6 14 14 4 4 11 11 6 6 11 11 4 4 4 4 4 4 4 4 4 4 4 4 4 4
4 4 4 4 14 14 14 14 14 14 4 4 14 14 14 14 14 14 4 4 11 11 11 11 11 11 4 4 11 11 11 11 11 11 4 4 14 14 14 14 14 14 4 4 11 11 11 11 11 11 4 4 4 4 4 4 4 4 4 4 4 4 4 4
4 4 4 4 14 14 14 14 14 14 4 4 14 14 14 14 14 14 4 4 11 11 11 11 11 11 4 4 11 11 11 11 11 11 4 4 14 14 14 14 14 14 4 4 11 11 11 11 11 11 4 4 4 4 4 4 4 4 4 4 4 4 4 4
4 4 4 4 14 14 14 14 14 14 4 4 14 14 14 14 14 14 4 4 11 11 11 11 11 11 4 4 11 11 11 11 11 11 4 4 14 14 14 14 14 14 4 4 11 11 11 11 11 11 4 4 4 4 4 4 4 4 4 4 4 4 4 4
4 4 4 4 14 14 14 14 14 14 4 4 14 14 14 14 14 14 4 4 11 11 11 11 11 11 4 4 11 11 11 11 11 11 4 4 14 14 14 14 14 14 4 4 11 11 11 11 11 11 4 4 4 4 4 4 4 4 4 4 4 4 4 4
4 4 4 4 4 4 4 4 4 4 4 4 4 4 4 4 4 4 4 4 4 4 4 4 4 4 4 4 4 4 4 4 4 4 4 4 4 4 4 4 4 4 4 4 4 4 4 4 4 4 4 4 4 4 4 4 4 4 4 4 4 4 4 4
4 4 4 4 4 4 4 4 4 4 4 4 4 4 4 4 4 4 4 4 4 4 4 4 4 4 4 4 4 4 4 4 4 4 4 4 4 4 4 4 4 4 4 4 4 4 4 4 4 4 4 4 4 4 4 4 4 4 4 4 4 4 4 4
4 4 4 4 4 4 4 4 4 4 4 4 11 11 6 6 11 11 4 4 14 14 6 6 14 14 4 4 14 14 6 6 14 14 4 4 2 2 0 0 2 2 4 4 14 14 6 6 14 14 4 4 4 4 4 4 4 4 4 4 4 4 4 4
4 4 4 4 4 4 4 4 4 4 4 4 11 11 6 6 11 11 4 4 14 14 6 6 14 14 4 4 14 14 6 6 14 14 4 4 2 2 0 0 2 2 4 4 14 14 6 6 14 14 4 4 4 4 4 4 4 4 4 4 4 4 4 4
4 4 4 4 4 4 4 4 4 4 4 4 11 11 11 11 11 11 4 4 14 14 14 14 14 14 4 4 14 14 14 14 14 14 4 4 0 0 14 14 0 0 4 4 14 14 14 14 14 14 4 4 4 4 4 4 4 4 4 4 4 4 4 4
4 4 4 4 4 4 4 4 4 4 4 4 11 11 11 11 11 11 4 4 14 14 14 14 14 14 4 4 14 14 14 14 14 14 4 4 0 0 14 14 0 0 4 4 14 14 14 14 14 14 4 4 4 4 4 4 4 4 4 4 4 4 4 4
4 4 4 4 4 4 4 4 4 4 4 4 11 11 11 11 11 11 4 4 14 14 14 14 14 14 4 4 14 14 14 14 14 14 4 4 0 0 0 0 2 2 4 4 14 14 14 14 14 14 4 4 4 4 4 4 4 4 4 4 4 4 4 4
4 4 4 4 4 4 4 4 4 4 4 4 11 11 11 11 11 11 4 4 14 14 14 14 14 14 4 4 14 14 14 14 14 14 4 4 0 0 0 0 2 2 4 4 14 14 14 14 14 14 4 4 4 4 4 4 4 4 4 4 4 4 4 4
4 4 4 4 4 4 4 4 4 4 4 4 4 4 4 4 4 4 4 4 4 4 4 4 4 4 4 4 4 4 4 4 4 4 4 4 4 4 4 4 4 4 4 4 4 4 4 4 4 4 4 4 4 4 4 4 4 4 4 4 4 4 4 4
4 4 4 4 4 4 4 4 4 4 4 4 4 4 4 4 4 4 4 4 4 4 4 4 4 4 4 4 4 4 4 4 4 4 4 4 4 4 4 4 4 4 4 4 4 4 4 4 4 4 4 4 4 4 4 4 4 4 4 4 4 4 4 4
4 4 4 4 4 4 4 4 4 4 4 4 14 14 6 6 14 14 4 4 2 2 0 0 0 0 4 4 14 14 6 6 14 14 4 4 14 14 6 6 14 14 4 4 14 14 6 6 14 14 4 4 4 4 4 4 4 4 4 4 4 4 4 4
4 4 4 4 4 4 4 4 4 4 4 4 14 14 6 6 14 14 4 4 2 2 0 0 0 0 4 4 14 14 6 6 14 14 4 4 14 14 6 6 14 14 4 4 14 14 6 6 14 14 4 4 4 4 4 4 4 4 4 4 4 4 4 4
4 4 4 4 4 4 4 4 4 4 4 4 14 14 14 14 14 14 4 4 0 0 14 14 0 0 4 4 14 14 14 14 14 14 4 4 14 14 14 14 14 14 4 4 14 14 14 14 14 14 4 4 4 4 4 4 4 4 4 4 4 4 4 4
4 4 4 4 4 4 4 4 4 4 4 4 14 14 14 14 14 14 4 4 0 0 14 14 0 0 4 4 14 14 14 14 14 14 4 4 14 14 14 14 14 14 4 4 14 14 14 14 14 14 4 4 4 4 4 4 4 4 4 4 4 4 4 4
4 4 4 4 4 4 4 4 4 4 4 4 14 14 14 14 14 14 4 4 2 2 0 0 2 2 4 4 14 14 14 14 14 14 4 4 14 14 14 14 14 14 4 4 14 14 14 14 14 14 4 4 4 4 4 4 4 4 4 4 4 4 4 4
4 4 4 4 4 4 4 4 4 4 4 4 14 14 14 14 14 14 4 4 2 2 0 0 2 2 4 4 14 14 14 14 14 14 4 4 14 14 14 14 14 14 4 4 14 14 14 14 14 14 4 4 4 4 4 4 4 4 4 4 4 4 4 4
4 4 4 4 4 4 4 4 4 4 4 4 4 4 4 4 4 4 4 4 4 4 4 4 4 4 4 4 4 4 4 4 4 4 4 4 4 4 4 4 4 4 4 4 4 4 4 4 4 4 4 4 4 4 4 4 4 4 4 4 4 4 4 4
4 4 4 4 4 4 4 4 4 4 4 4 4 4 4 4 4 4 4 4 4 4 4 4 4 4 4 4 4 4 4 4 4 4 4 4 4 4 4 4 4 4 4 4 4 4 4 4 4 4 4 4 4 4 4 4 4 4 4 4 4 4 4 4
4 4 4 4 4 4 4 4 4 4 4 4 11 11 6 6 11 11 4 4 14 14 6 6 14 14 4 4 11 11 6 6 11 11 4 4 11 11 6 6 11 11 4 4 11 11 6 6 11 11 4 4 11 11 6 6 11 11 4 4 4 4 4 4
4 4 4 4 4 4 4 4 4 4 4 4 11 11 6 6 11 11 4 4 14 14 6 6 14 14 4 4 11 11 6 6 11 11 4 4 11 11 6 6 11 11 4 4 11 11 6 6 11 11 4 4 11 11 6 6 11 11 4 4 4 4 4 4
4 4 4 4 4 4 4 4 4 4 4 4 11 11 11 11 11 11 4 4 14 14 14 14 14 14 4 4 11 11 11 11 11 11 4 4 11 11 11 11 11 11 4 4 11 11 11 11 11 11 4 4 11 11 11 11 11 11 4 4 4 4 4 4
4 4 4 4 4 4 4 4 4 4 4 4 11 11 11 11 11 11 4 4 14 14 14 14 14 14 4 4 11 11 11 11 11 11 4 4 11 11 11 11 11 11 4 4 11 11 11 11 11 11 4 4 11 11 11 11 11 11 4 4 4 4 4 4
4 4 4 4 4 4 4 4 4 4 4 4 11 11 11 11 11 11 4 4 14 14 14 14 14 14 4 4 11 11 11 11 11 11 4 4 11 11 11 11 11 11 4 4 11 11 11 11 11 11 4 4 11 11 11 11 11 11 4 4 4 4 4 4
4 4 4 4 4 4 4 4 4 4 4 4 11 11 11 11 11 11 4 4 14 14 14 14 14 14 4 4 11 11 11 11 11 11 4 4 11 11 11 11 11 11 4 4 11 11 11 11 11 11 4 4 11 11 11 11 11 11 4 4 4 4 4 4
4 4 4 4 4 4 4 4 4 4 4 4 4 4 4 4 4 4 4 4 4 4 4 4 4 4 4 4 4 4 4 4 4 4 4 4 4 4 4 4 4 4 4 4 4 4 4 4 4 4 4 4 4 4 4 4 4 4 4 4 4 4 4 4
4 4 4 4 4 4 4 4 4 4 4 4 4 4 4 4 4 4 4 4 4 4 4 4 4 4 4 4 4 4 4 4 4 4 4 4 4 4 4 4 4 4 4 4 4 4 4 4 4 4 4 4 4 4 4 4 4 4 4 4 4 4 4 4
4 4 4 4 4 4 4 4 4 4 4 4 4 4 4 4 4 4 4 4 4 4 4 4 4 4 4 4 4 4 4 4 4 4 4 4 4 4 4 4 4 4 4 4 2 2 0 0 0 0 4 4 11 11 6 6 11 11 4 4 4 4 4 4
4 4 4 4 4 4 4 4 4 4 4 4 4 4 4 4 4 4 4 4 4 4 4 4 4 4 4 4 4 4 4 4 4 4 4 4 4 4 4 4 4 4 4 4 2 2 0 0 0 0 4 4 11 11 6 6 11 11 4 4 4 4 4 4
4 4 4 4 4 4 4 4 4 4 4 4 4 4 4 4 4 4 4 4 4 4 4 4 4 4 4 4 4 4 4 4 4 4 4 4 4 4 4 4 4 4 4 4 3 3 14 14 2 2 4 4 11 11 11 11 11 11 4 4 4 4 4 4
4 4 4 4 4 4 4 4 4 4 4 4 4 4 4 4 4 4 4 4 4 4 4 4 4 4 4 4 4 4 4 4 4 4 4 4 4 4 4 4 4 4 4 4 3 3 14 14 2 2 4 4 11 11 11 11 11 11 4 4 4 4 4 4
4 4 4 4 4 4 4 4 4 4 4 4 4 4 4 4 4 4 4 4 4 4 4 4 4 4 4 4 4 4 4 4 4 4 4 4 4 4 4 4 4 4 4 4 3 3 3 3 3 3 4 4 11 11 11 11 11 11 4 4 4 4 4 4
4 4 4 4 4 4 4 4 4 4 4 4 4 4 4 4 4 4 4 4 4 4 4 4 4 4 4 4 4 4 4 4 4 4 4 4 4 4 4 4 4 4 4 4 3 3 3 3 3 3 4 4 11 11 11 11 11 11 4 4 4 4 4 4
4 4 4 4 4 4 4 4 4 4 4 4 4 4 4 4 4 4 4 4 4 4 4 4 4 4 4 4 4 4 4 4 4 4 4 4 4 4 4 4 4 4 4 4 4 4 4 4 4 4 4 4 4 4 4 4 4 4 4 4 4 4 4 4
4 4 4 4 4 4 4 4 4 4 4 4 4 4 4 4 4 4 4 4 4 4 4 4 4 4 4 4 4 4 4 4 4 4 4 4 4 4 4 4 4 4 4 4 4 4 4 4 4 4 4 4 4 4 4 4 4 4 4 4 4 4 4 4
4 4 4 4 4 4 4 4 4 4 4 4 4 4 4 4 4 4 4 4 4 4 4 4 4 4 4 4 4 4 4 4 4 4 4 4 4 4 4 4 4 4 4 4 4 4 4 4 4 4 4 4 4 4 4 4 4 4 4 4 4 4 4 4
4 4 4 4 4 4 4 4 4 4 4 4 4 4 4 4 4 4 4 4 4 4 4 4 4 4 4 4 4 4 4 4 4 4 4 4 4 4 4 4 4 4 4 4 4 4 4 4 4 4 4 4 4 4 4 4 4 4 4 4 4 4 4 4
4 4 4 4 4 4 4 4 4 4 4 4 4 4 4 4 4 4 4 4 4 4 4 4 4 4 4 4 4 4 4 4 4 4 4 4 4 4 4 4 4 4 4 4 4 4 4 4 4 4 4 4 4 4 4 4 4 4 4 4 4 4 4 4
4 4 4 4 4 4 4 4 4 4 4 4 4 4 4 4 4 4 4 4 4 4 4 4 4 4 4 4 4 4 4 4 4 4 4 4 4 4 4 4 4 4 4 4 4 4 4 4 4 4 4 4 4 4 4 4 4 4 4 4 4 4 4 4
4 4 4 4 4 4 4 4 4 4 4 4 4 4 4 4 4 4 4 4 4 4 4 4 4 4 4 4 4 4 4 4 4 4 4 4 4 4 4 4 4 4 4 4 4 4 4 4 4 4 4 4 4 4 4 4 4 4 4 4 4 4 4 4
4 4 4 4 4 4 4 4 4 4 4 4 4 4 4 4 4 4 4 4 4 4 4 4 4 4 4 4 4 4 4 4 4 4 4 4 4 4 4 4 4 4 4 4 4 4 4 4 4 4 4 4 4 4 4 4 4 4 4 4 4 4 4 4
4 4 4 4 4 4 4 4 4 4 4 4 4 4 4 4 4 4 4 4 4 4 4 4 4 4 4 4 4 4 4 4 4 4 4 4 4 4 4 4 4 4 4 4 4 4 4 4 4 4 4 4 4 4 4 4 4 4 4 4 4 4 4 4
4 4 4 4 4 4 4 4 4 4 4 4 4 4 4 4 4 4 4 4 4 4 4 4 4 4 4 4 4 4 4 4 4 4 4 4 4 4 4 4 4 4 4 4 4 4 4 4 4 4 4 4 4 4 4 4 4 4 4 4 4 4 4 4
4 4 4 4 4 4 4 4 4 4 4 4 4 4 4 4 4 4 4 4 4 4 4 4 4 4 4 4 4 4 4 4 4 4 4 4 4 4 4 4 4 4 4 4 4 4 4 4 4 4 4 4 4 4 4 4 4 4 4 4 4 4 4 4
12 12 12 12 12 12 12 12 12 12 12 12 12 12 12 12 12 12 12 12 12 12 12 12 12 12 12 12 12 12 12 12 12 12 12 12 12 12 12 12 12 12 12 12 12 12 12 12 12 12 12 12 12 12 12 12 12 12 11 11 11 11 11 11
[LEVELS] 5/6
[STATE] NOT_FINISHED
[AVAILABLE] ACTION6
[DIFF] 33 cells: (20,38) 11>14; (21,38) 11>14; (24,38) 11>14; (25,38) 11>14; (20,39) 11>14; (21,39) 11>14; (24,39) 11>14; (25,39) 11>14; (20,40) 11>14; (21,40) 11>14; (22,40) 11>14; (23,40) 11>14; (24,40) 11>14; (25,40) 11>14; (20,41) 11>14; (21,41) 11>14; (22,41) 11>14; (23,41) 11>14; (24,41) 11>14; (25,41) 11>14; (20,42) 11>14; (21,42) 11>14; (22,42) 11>14; (23,42) 11>14; (24,42) 11>14; (25,42) 11>14; (20,43) 11>14; (21,43) 11>14; (22,43) 11>14; (23,43) 11>14; (24,43) 11>14; (25,43) 11>14; (58,63) 12>11

[STEP 74]
[ACTION] ACTION6 x=46 y=40
[BOARD] 1/1 settled
4 4 4 4 4 4 4 4 4 4 4 4 4 4 4 4 4 4 4 4 4 4 4 4 4 4 4 4 4 4 4 4 4 4 4 4 4 4 4 4 4 4 4 4 4 4 4 4 4 4 4 4 4 4 4 4 4 4 4 4 11 11 11 11
4 4 4 4 4 4 4 4 4 4 4 4 4 4 4 4 4 4 4 4 4 4 4 4 4 4 4 4 4 4 4 4 4 4 4 4 4 4 4 4 4 4 4 4 4 4 4 4 4 4 4 4 4 4 4 4 4 4 4 4 11 11 11 11
4 4 4 4 4 4 4 4 4 4 4 4 4 4 4 4 4 4 4 4 4 4 4 4 4 4 4 4 4 4 4 4 4 4 4 4 4 4 4 4 4 4 4 4 4 4 4 4 4 4 4 4 4 4 4 4 4 4 4 4 11 11 11 11
4 4 4 4 4 4 4 4 4 4 4 4 4 4 4 4 4 4 4 4 4 4 4 4 4 4 4 4 4 4 4 4 4 4 4 4 4 4 4 4 4 4 4 4 4 4 4 4 4 4 4 4 4 4 4 4 4 4 4 4 11 11 11 11
4 4 4 4 4 4 4 4 4 4 4 4 4 4 4 4 4 4 4 4 4 4 4 4 4 4 4 4 4 4 4 4 4 4 4 4 4 4 4 4 4 4 4 4 4 4 4 4 4 4 4 4 4 4 4 4 4 4 4 4 14 14 14 14
4 4 4 4 4 4 4 4 4 4 4 4 4 4 4 4 4 4 4 4 4 4 4 4 4 4 4 4 4 4 4 4 4 4 4 4 4 4 4 4 4 4 4 4 4 4 4 4 4 4 4 4 4 4 4 4 4 4 4 4 14 14 14 14
4 4 4 4 11 11 6 6 11 11 4 4 3 3 3 3 3 3 4 4 4 4 4 4 4 4 4 4 4 4 4 4 4 4 4 4 4 4 4 4 4 4 4 4 4 4 4 4 4 4 4 4 4 4 4 4 4 4 4 4 14 14 14 14
4 4 4 4 11 11 6 6 11 11 4 4 3 3 3 3 3 3 4 4 4 4 4 4 4 4 4 4 4 4 4 4 4 4 4 4 4 4 4 4 4 4 4 4 4 4 4 4 4 4 4 4 4 4 4 4 4 4 4 4 14 14 14 14
4 4 4 4 11 11 11 11 11 11 4 4 2 2 14 14 3 3 4 4 4 4 4 4 4 4 4 4 4 4 4 4 4 4 4 4 4 4 4 4 4 4 4 4 4 4 4 4 4 4 4 4 4 4 4 4 4 4 4 4 4 4 4 4
4 4 4 4 11 11 11 11 11 11 4 4 2 2 14 14 3 3 4 4 4 4 4 4 4 4 4 4 4 4 4 4 4 4 4 4 4 4 4 4 4 4 4 4 4 4 4 4 4 4 4 4 4 4 4 4 4 4 4 4 4 4 4 4
4 4 4 4 11 11 11 11 11 11 4 4 0 0 0 0 2 2 4 4 4 4 4 4 4 4 4 4 4 4 4 4 4 4 4 4 4 4 4 4 4 4 4 4 4 4 4 4 4 4 4 4 4 4 4 4 4 4 4 4 4 4 4 4
4 4 4 4 11 11 11 11 11 11 4 4 0 0 0 0 2 2 4 4 4 4 4 4 4 4 4 4 4 4 4 4 4 4 4 4 4 4 4 4 4 4 4 4 4 4 4 4 4 4 4 4 4 4 4 4 4 4 4 4 4 4 4 4
4 4 4 4 4 4 4 4 4 4 4 4 4 4 4 4 4 4 4 4 4 4 4 4 4 4 4 4 4 4 4 4 4 4 4 4 4 4 4 4 4 4 4 4 4 4 4 4 4 4 4 4 4 4 4 4 4 4 4 4 4 4 4 4
4 4 4 4 4 4 4 4 4 4 4 4 4 4 4 4 4 4 4 4 4 4 4 4 4 4 4 4 4 4 4 4 4 4 4 4 4 4 4 4 4 4 4 4 4 4 4 4 4 4 4 4 4 4 4 4 4 4 4 4 4 4 4 4
4 4 4 4 14 14 6 6 14 14 4 4 14 14 6 6 14 14 4 4 11 11 6 6 11 11 4 4 11 11 6 6 11 11 4 4 14 14 6 6 14 14 4 4 11 11 6 6 11 11 4 4 4 4 4 4 4 4 4 4 4 4 4 4
4 4 4 4 14 14 6 6 14 14 4 4 14 14 6 6 14 14 4 4 11 11 6 6 11 11 4 4 11 11 6 6 11 11 4 4 14 14 6 6 14 14 4 4 11 11 6 6 11 11 4 4 4 4 4 4 4 4 4 4 4 4 4 4
4 4 4 4 14 14 14 14 14 14 4 4 14 14 14 14 14 14 4 4 11 11 11 11 11 11 4 4 11 11 11 11 11 11 4 4 14 14 14 14 14 14 4 4 11 11 11 11 11 11 4 4 4 4 4 4 4 4 4 4 4 4 4 4
4 4 4 4 14 14 14 14 14 14 4 4 14 14 14 14 14 14 4 4 11 11 11 11 11 11 4 4 11 11 11 11 11 11 4 4 14 14 14 14 14 14 4 4 11 11 11 11 11 11 4 4 4 4 4 4 4 4 4 4 4 4 4 4
4 4 4 4 14 14 14 14 14 14 4 4 14 14 14 14 14 14 4 4 11 11 11 11 11 11 4 4 11 11 11 11 11 11 4 4 14 14 14 14 14 14 4 4 11 11 11 11 11 11 4 4 4 4 4 4 4 4 4 4 4 4 4 4
4 4 4 4 14 14 14 14 14 14 4 4 14 14 14 14 14 14 4 4 11 11 11 11 11 11 4 4 11 11 11 11 11 11 4 4 14 14 14 14 14 14 4 4 11 11 11 11 11 11 4 4 4 4 4 4 4 4 4 4 4 4 4 4
4 4 4 4 4 4 4 4 4 4 4 4 4 4 4 4 4 4 4 4 4 4 4 4 4 4 4 4 4 4 4 4 4 4 4 4 4 4 4 4 4 4 4 4 4 4 4 4 4 4 4 4 4 4 4 4 4 4 4 4 4 4 4 4
4 4 4 4 4 4 4 4 4 4 4 4 4 4 4 4 4 4 4 4 4 4 4 4 4 4 4 4 4 4 4 4 4 4 4 4 4 4 4 4 4 4 4 4 4 4 4 4 4 4 4 4 4 4 4 4 4 4 4 4 4 4 4 4
4 4 4 4 4 4 4 4 4 4 4 4 11 11 6 6 11 11 4 4 14 14 6 6 14 14 4 4 14 14 6 6 14 14 4 4 2 2 0 0 2 2 4 4 14 14 6 6 14 14 4 4 4 4 4 4 4 4 4 4 4 4 4 4
4 4 4 4 4 4 4 4 4 4 4 4 11 11 6 6 11 11 4 4 14 14 6 6 14 14 4 4 14 14 6 6 14 14 4 4 2 2 0 0 2 2 4 4 14 14 6 6 14 14 4 4 4 4 4 4 4 4 4 4 4 4 4 4
4 4 4 4 4 4 4 4 4 4 4 4 11 11 11 11 11 11 4 4 14 14 14 14 14 14 4 4 14 14 14 14 14 14 4 4 0 0 14 14 0 0 4 4 14 14 14 14 14 14 4 4 4 4 4 4 4 4 4 4 4 4 4 4
4 4 4 4 4 4 4 4 4 4 4 4 11 11 11 11 11 11 4 4 14 14 14 14 14 14 4 4 14 14 14 14 14 14 4 4 0 0 14 14 0 0 4 4 14 14 14 14 14 14 4 4 4 4 4 4 4 4 4 4 4 4 4 4
4 4 4 4 4 4 4 4 4 4 4 4 11 11 11 11 11 11 4 4 14 14 14 14 14 14 4 4 14 14 14 14 14 14 4 4 0 0 0 0 2 2 4 4 14 14 14 14 14 14 4 4 4 4 4 4 4 4 4 4 4 4 4 4
4 4 4 4 4 4 4 4 4 4 4 4 11 11 11 11 11 11 4 4 14 14 14 14 14 14 4 4 14 14 14 14 14 14 4 4 0 0 0 0 2 2 4 4 14 14 14 14 14 14 4 4 4 4 4 4 4 4 4 4 4 4 4 4
4 4 4 4 4 4 4 4 4 4 4 4 4 4 4 4 4 4 4 4 4 4 4 4 4 4 4 4 4 4 4 4 4 4 4 4 4 4 4 4 4 4 4 4 4 4 4 4 4 4 4 4 4 4 4 4 4 4 4 4 4 4 4 4
4 4 4 4 4 4 4 4 4 4 4 4 4 4 4 4 4 4 4 4 4 4 4 4 4 4 4 4 4 4 4 4 4 4 4 4 4 4 4 4 4 4 4 4 4 4 4 4 4 4 4 4 4 4 4 4 4 4 4 4 4 4 4 4
4 4 4 4 4 4 4 4 4 4 4 4 14 14 6 6 14 14 4 4 2 2 0 0 0 0 4 4 14 14 6 6 14 14 4 4 14 14 6 6 14 14 4 4 11 11 6 6 11 11 4 4 4 4 4 4 4 4 4 4 4 4 4 4
4 4 4 4 4 4 4 4 4 4 4 4 14 14 6 6 14 14 4 4 2 2 0 0 0 0 4 4 14 14 6 6 14 14 4 4 14 14 6 6 14 14 4 4 11 11 6 6 11 11 4 4 4 4 4 4 4 4 4 4 4 4 4 4
4 4 4 4 4 4 4 4 4 4 4 4 14 14 14 14 14 14 4 4 0 0 14 14 0 0 4 4 14 14 14 14 14 14 4 4 14 14 14 14 14 14 4 4 11 11 11 11 11 11 4 4 4 4 4 4 4 4 4 4 4 4 4 4
4 4 4 4 4 4 4 4 4 4 4 4 14 14 14 14 14 14 4 4 0 0 14 14 0 0 4 4 14 14 14 14 14 14 4 4 14 14 14 14 14 14 4 4 11 11 11 11 11 11 4 4 4 4 4 4 4 4 4 4 4 4 4 4
4 4 4 4 4 4 4 4 4 4 4 4 14 14 14 14 14 14 4 4 2 2 0 0 2 2 4 4 14 14 14 14 14 14 4 4 14 14 14 14 14 14 4 4 11 11 11 11 11 11 4 4 4 4 4 4 4 4 4 4 4 4 4 4
4 4 4 4 4 4 4 4 4 4 4 4 14 14 14 14 14 14 4 4 2 2 0 0 2 2 4 4 14 14 14 14 14 14 4 4 14 14 14 14 14 14 4 4 11 11 11 11 11 11 4 4 4 4 4 4 4 4 4 4 4 4 4 4
4 4 4 4 4 4 4 4 4 4 4 4 4 4 4 4 4 4 4 4 4 4 4 4 4 4 4 4 4 4 4 4 4 4 4 4 4 4 4 4 4 4 4 4 4 4 4 4 4 4 4 4 4 4 4 4 4 4 4 4 4 4 4 4
4 4 4 4 4 4 4 4 4 4 4 4 4 4 4 4 4 4 4 4 4 4 4 4 4 4 4 4 4 4 4 4 4 4 4 4 4 4 4 4 4 4 4 4 4 4 4 4 4 4 4 4 4 4 4 4 4 4 4 4 4 4 4 4
4 4 4 4 4 4 4 4 4 4 4 4 11 11 6 6 11 11 4 4 14 14 6 6 14 14 4 4 11 11 6 6 11 11 4 4 11 11 6 6 11 11 4 4 14 14 6 6 14 14 4 4 11 11 6 6 11 11 4 4 4 4 4 4
4 4 4 4 4 4 4 4 4 4 4 4 11 11 6 6 11 11 4 4 14 14 6 6 14 14 4 4 11 11 6 6 11 11 4 4 11 11 6 6 11 11 4 4 14 14 6 6 14 14 4 4 11 11 6 6 11 11 4 4 4 4 4 4
4 4 4 4 4 4 4 4 4 4 4 4 11 11 11 11 11 11 4 4 14 14 14 14 14 14 4 4 11 11 11 11 11 11 4 4 11 11 11 11 11 11 4 4 14 14 14 14 14 14 4 4 11 11 11 11 11 11 4 4 4 4 4 4
4 4 4 4 4 4 4 4 4 4 4 4 11 11 11 11 11 11 4 4 14 14 14 14 14 14 4 4 11 11 11 11 11 11 4 4 11 11 11 11 11 11 4 4 14 14 14 14 14 14 4 4 11 11 11 11 11 11 4 4 4 4 4 4
4 4 4 4 4 4 4 4 4 4 4 4 11 11 11 11 11 11 4 4 14 14 14 14 14 14 4 4 11 11 11 11 11 11 4 4 11 11 11 11 11 11 4 4 14 14 14 14 14 14 4 4 11 11 11 11 11 11 4 4 4 4 4 4
4 4 4 4 4 4 4 4 4 4 4 4 11 11 11 11 11 11 4 4 14 14 14 14 14 14 4 4 11 11 11 11 11 11 4 4 11 11 11 11 11 11 4 4 14 14 14 14 14 14 4 4 11 11 11 11 11 11 4 4 4 4 4 4
4 4 4 4 4 4 4 4 4 4 4 4 4 4 4 4 4 4 4 4 4 4 4 4 4 4 4 4 4 4 4 4 4 4 4 4 4 4 4 4 4 4 4 4 4 4 4 4 4 4 4 4 4 4 4 4 4 4 4 4 4 4 4 4
4 4 4 4 4 4 4 4 4 4 4 4 4 4 4 4 4 4 4 4 4 4 4 4 4 4 4 4 4 4 4 4 4 4 4 4 4 4 4 4 4 4 4 4 4 4 4 4 4 4 4 4 4 4 4 4 4 4 4 4 4 4 4 4
4 4 4 4 4 4 4 4 4 4 4 4 4 4 4 4 4 4 4 4 4 4 4 4 4 4 4 4 4 4 4 4 4 4 4 4 4 4 4 4 4 4 4 4 2 2 0 0 0 0 4 4 11 11 6 6 11 11 4 4 4 4 4 4
4 4 4 4 4 4 4 4 4 4 4 4 4 4 4 4 4 4 4 4 4 4 4 4 4 4 4 4 4 4 4 4 4 4 4 4 4 4 4 4 4 4 4 4 2 2 0 0 0 0 4 4 11 11 6 6 11 11 4 4 4 4 4 4
4 4 4 4 4 4 4 4 4 4 4 4 4 4 4 4 4 4 4 4 4 4 4 4 4 4 4 4 4 4 4 4 4 4 4 4 4 4 4 4 4 4 4 4 3 3 14 14 2 2 4 4 11 11 11 11 11 11 4 4 4 4 4 4
4 4 4 4 4 4 4 4 4 4 4 4 4 4 4 4 4 4 4 4 4 4 4 4 4 4 4 4 4 4 4 4 4 4 4 4 4 4 4 4 4 4 4 4 3 3 14 14 2 2 4 4 11 11 11 11 11 11 4 4 4 4 4 4
4 4 4 4 4 4 4 4 4 4 4 4 4 4 4 4 4 4 4 4 4 4 4 4 4 4 4 4 4 4 4 4 4 4 4 4 4 4 4 4 4 4 4 4 3 3 3 3 3 3 4 4 11 11 11 11 11 11 4 4 4 4 4 4
4 4 4 4 4 4 4 4 4 4 4 4 4 4 4 4 4 4 4 4 4 4 4 4 4 4 4 4 4 4 4 4 4 4 4 4 4 4 4 4 4 4 4 4 3 3 3 3 3 3 4 4 11 11 11 11 11 11 4 4 4 4 4 4
4 4 4 4 4 4 4 4 4 4 4 4 4 4 4 4 4 4 4 4 4 4 4 4 4 4 4 4 4 4 4 4 4 4 4 4 4 4 4 4 4 4 4 4 4 4 4 4 4 4 4 4 4 4 4 4 4 4 4 4 4 4 4 4
4 4 4 4 4 4 4 4 4 4 4 4 4 4 4 4 4 4 4 4 4 4 4 4 4 4 4 4 4 4 4 4 4 4 4 4 4 4 4 4 4 4 4 4 4 4 4 4 4 4 4 4 4 4 4 4 4 4 4 4 4 4 4 4
4 4 4 4 4 4 4 4 4 4 4 4 4 4 4 4 4 4 4 4 4 4 4 4 4 4 4 4 4 4 4 4 4 4 4 4 4 4 4 4 4 4 4 4 4 4 4 4 4 4 4 4 4 4 4 4 4 4 4 4 4 4 4 4
4 4 4 4 4 4 4 4 4 4 4 4 4 4 4 4 4 4 4 4 4 4 4 4 4 4 4 4 4 4 4 4 4 4 4 4 4 4 4 4 4 4 4 4 4 4 4 4 4 4 4 4 4 4 4 4 4 4 4 4 4 4 4 4
4 4 4 4 4 4 4 4 4 4 4 4 4 4 4 4 4 4 4 4 4 4 4 4 4 4 4 4 4 4 4 4 4 4 4 4 4 4 4 4 4 4 4 4 4 4 4 4 4 4 4 4 4 4 4 4 4 4 4 4 4 4 4 4
4 4 4 4 4 4 4 4 4 4 4 4 4 4 4 4 4 4 4 4 4 4 4 4 4 4 4 4 4 4 4 4 4 4 4 4 4 4 4 4 4 4 4 4 4 4 4 4 4 4 4 4 4 4 4 4 4 4 4 4 4 4 4 4
4 4 4 4 4 4 4 4 4 4 4 4 4 4 4 4 4 4 4 4 4 4 4 4 4 4 4 4 4 4 4 4 4 4 4 4 4 4 4 4 4 4 4 4 4 4 4 4 4 4 4 4 4 4 4 4 4 4 4 4 4 4 4 4
4 4 4 4 4 4 4 4 4 4 4 4 4 4 4 4 4 4 4 4 4 4 4 4 4 4 4 4 4 4 4 4 4 4 4 4 4 4 4 4 4 4 4 4 4 4 4 4 4 4 4 4 4 4 4 4 4 4 4 4 4 4 4 4
4 4 4 4 4 4 4 4 4 4 4 4 4 4 4 4 4 4 4 4 4 4 4 4 4 4 4 4 4 4 4 4 4 4 4 4 4 4 4 4 4 4 4 4 4 4 4 4 4 4 4 4 4 4 4 4 4 4 4 4 4 4 4 4
4 4 4 4 4 4 4 4 4 4 4 4 4 4 4 4 4 4 4 4 4 4 4 4 4 4 4 4 4 4 4 4 4 4 4 4 4 4 4 4 4 4 4 4 4 4 4 4 4 4 4 4 4 4 4 4 4 4 4 4 4 4 4 4
4 4 4 4 4 4 4 4 4 4 4 4 4 4 4 4 4 4 4 4 4 4 4 4 4 4 4 4 4 4 4 4 4 4 4 4 4 4 4 4 4 4 4 4 4 4 4 4 4 4 4 4 4 4 4 4 4 4 4 4 4 4 4 4
12 12 12 12 12 12 12 12 12 12 12 12 12 12 12 12 12 12 12 12 12 12 12 12 12 12 12 12 12 12 12 12 12 12 12 12 12 12 12 12 12 12 12 12 12 12 12 12 12 12 12 12 12 12 12 12 12 12 11 11 11 11 11 11
[LEVELS] 5/6
[STATE] NOT_FINISHED
[AVAILABLE] ACTION6
[DIFF] 64 cells changed in bbox (44,30)-(49,43)

[STEP 75]
[ACTION] ACTION6 x=54 y=40
[BOARD] 1/1 settled
4 4 4 4 4 4 4 4 4 4 4 4 4 4 4 4 4 4 4 4 4 4 4 4 4 4 4 4 4 4 4 4 4 4 4 4 4 4 4 4 4 4 4 4 4 4 4 4 4 4 4 4 4 4 4 4 4 4 4 4 11 11 11 11
4 4 4 4 4 4 4 4 4 4 4 4 4 4 4 4 4 4 4 4 4 4 4 4 4 4 4 4 4 4 4 4 4 4 4 4 4 4 4 4 4 4 4 4 4 4 4 4 4 4 4 4 4 4 4 4 4 4 4 4 11 11 11 11
4 4 4 4 4 4 4 4 4 4 4 4 4 4 4 4 4 4 4 4 4 4 4 4 4 4 4 4 4 4 4 4 4 4 4 4 4 4 4 4 4 4 4 4 4 4 4 4 4 4 4 4 4 4 4 4 4 4 4 4 11 11 11 11
4 4 4 4 4 4 4 4 4 4 4 4 4 4 4 4 4 4 4 4 4 4 4 4 4 4 4 4 4 4 4 4 4 4 4 4 4 4 4 4 4 4 4 4 4 4 4 4 4 4 4 4 4 4 4 4 4 4 4 4 11 11 11 11
4 4 4 4 4 4 4 4 4 4 4 4 4 4 4 4 4 4 4 4 4 4 4 4 4 4 4 4 4 4 4 4 4 4 4 4 4 4 4 4 4 4 4 4 4 4 4 4 4 4 4 4 4 4 4 4 4 4 4 4 14 14 14 14
4 4 4 4 4 4 4 4 4 4 4 4 4 4 4 4 4 4 4 4 4 4 4 4 4 4 4 4 4 4 4 4 4 4 4 4 4 4 4 4 4 4 4 4 4 4 4 4 4 4 4 4 4 4 4 4 4 4 4 4 14 14 14 14
4 4 4 4 11 11 6 6 11 11 4 4 3 3 3 3 3 3 4 4 4 4 4 4 4 4 4 4 4 4 4 4 4 4 4 4 4 4 4 4 4 4 4 4 4 4 4 4 4 4 4 4 4 4 4 4 4 4 4 4 14 14 14 14
4 4 4 4 11 11 6 6 11 11 4 4 3 3 3 3 3 3 4 4 4 4 4 4 4 4 4 4 4 4 4 4 4 4 4 4 4 4 4 4 4 4 4 4 4 4 4 4 4 4 4 4 4 4 4 4 4 4 4 4 14 14 14 14
4 4 4 4 11 11 11 11 11 11 4 4 2 2 14 14 3 3 4 4 4 4 4 4 4 4 4 4 4 4 4 4 4 4 4 4 4 4 4 4 4 4 4 4 4 4 4 4 4 4 4 4 4 4 4 4 4 4 4 4 4 4 4 4
4 4 4 4 11 11 11 11 11 11 4 4 2 2 14 14 3 3 4 4 4 4 4 4 4 4 4 4 4 4 4 4 4 4 4 4 4 4 4 4 4 4 4 4 4 4 4 4 4 4 4 4 4 4 4 4 4 4 4 4 4 4 4 4
4 4 4 4 11 11 11 11 11 11 4 4 0 0 0 0 2 2 4 4 4 4 4 4 4 4 4 4 4 4 4 4 4 4 4 4 4 4 4 4 4 4 4 4 4 4 4 4 4 4 4 4 4 4 4 4 4 4 4 4 4 4 4 4
4 4 4 4 11 11 11 11 11 11 4 4 0 0 0 0 2 2 4 4 4 4 4 4 4 4 4 4 4 4 4 4 4 4 4 4 4 4 4 4 4 4 4 4 4 4 4 4 4 4 4 4 4 4 4 4 4 4 4 4 4 4 4 4
4 4 4 4 4 4 4 4 4 4 4 4 4 4 4 4 4 4 4 4 4 4 4 4 4 4 4 4 4 4 4 4 4 4 4 4 4 4 4 4 4 4 4 4 4 4 4 4 4 4 4 4 4 4 4 4 4 4 4 4 4 4 4 4
4 4 4 4 4 4 4 4 4 4 4 4 4 4 4 4 4 4 4 4 4 4 4 4 4 4 4 4 4 4 4 4 4 4 4 4 4 4 4 4 4 4 4 4 4 4 4 4 4 4 4 4 4 4 4 4 4 4 4 4 4 4 4 4
4 4 4 4 14 14 6 6 14 14 4 4 14 14 6 6 14 14 4 4 11 11 6 6 11 11 4 4 11 11 6 6 11 11 4 4 14 14 6 6 14 14 4 4 11 11 6 6 11 11 4 4 4 4 4 4 4 4 4 4 4 4 4 4
4 4 4 4 14 14 6 6 14 14 4 4 14 14 6 6 14 14 4 4 11 11 6 6 11 11 4 4 11 11 6 6 11 11 4 4 14 14 6 6 14 14 4 4 11 11 6 6 11 11 4 4 4 4 4 4 4 4 4 4 4 4 4 4
4 4 4 4 14 14 14 14 14 14 4 4 14 14 14 14 14 14 4 4 11 11 11 11 11 11 4 4 11 11 11 11 11 11 4 4 14 14 14 14 14 14 4 4 11 11 11 11 11 11 4 4 4 4 4 4 4 4 4 4 4 4 4 4
4 4 4 4 14 14 14 14 14 14 4 4 14 14 14 14 14 14 4 4 11 11 11 11 11 11 4 4 11 11 11 11 11 11 4 4 14 14 14 14 14 14 4 4 11 11 11 11 11 11 4 4 4 4 4 4 4 4 4 4 4 4 4 4
4 4 4 4 14 14 14 14 14 14 4 4 14 14 14 14 14 14 4 4 11 11 11 11 11 11 4 4 11 11 11 11 11 11 4 4 14 14 14 14 14 14 4 4 11 11 11 11 11 11 4 4 4 4 4 4 4 4 4 4 4 4 4 4
4 4 4 4 14 14 14 14 14 14 4 4 14 14 14 14 14 14 4 4 11 11 11 11 11 11 4 4 11 11 11 11 11 11 4 4 14 14 14 14 14 14 4 4 11 11 11 11 11 11 4 4 4 4 4 4 4 4 4 4 4 4 4 4
4 4 4 4 4 4 4 4 4 4 4 4 4 4 4 4 4 4 4 4 4 4 4 4 4 4 4 4 4 4 4 4 4 4 4 4 4 4 4 4 4 4 4 4 4 4 4 4 4 4 4 4 4 4 4 4 4 4 4 4 4 4 4 4
4 4 4 4 4 4 4 4 4 4 4 4 4 4 4 4 4 4 4 4 4 4 4 4 4 4 4 4 4 4 4 4 4 4 4 4 4 4 4 4 4 4 4 4 4 4 4 4 4 4 4 4 4 4 4 4 4 4 4 4 4 4 4 4
4 4 4 4 4 4 4 4 4 4 4 4 11 11 6 6 11 11 4 4 14 14 6 6 14 14 4 4 14 14 6 6 14 14 4 4 2 2 0 0 2 2 4 4 14 14 6 6 14 14 4 4 4 4 4 4 4 4 4 4 4 4 4 4
4 4 4 4 4 4 4 4 4 4 4 4 11 11 6 6 11 11 4 4 14 14 6 6 14 14 4 4 14 14 6 6 14 14 4 4 2 2 0 0 2 2 4 4 14 14 6 6 14 14 4 4 4 4 4 4 4 4 4 4 4 4 4 4
4 4 4 4 4 4 4 4 4 4 4 4 11 11 11 11 11 11 4 4 14 14 14 14 14 14 4 4 14 14 14 14 14 14 4 4 0 0 14 14 0 0 4 4 14 14 14 14 14 14 4 4 4 4 4 4 4 4 4 4 4 4 4 4
4 4 4 4 4 4 4 4 4 4 4 4 11 11 11 11 11 11 4 4 14 14 14 14 14 14 4 4 14 14 14 14 14 14 4 4 0 0 14 14 0 0 4 4 14 14 14 14 14 14 4 4 4 4 4 4 4 4 4 4 4 4 4 4
4 4 4 4 4 4 4 4 4 4 4 4 11 11 11 11 11 11 4 4 14 14 14 14 14 14 4 4 14 14 14 14 14 14 4 4 0 0 0 0 2 2 4 4 14 14 14 14 14 14 4 4 4 4 4 4 4 4 4 4 4 4 4 4
4 4 4 4 4 4 4 4 4 4 4 4 11 11 11 11 11 11 4 4 14 14 14 14 14 14 4 4 14 14 14 14 14 14 4 4 0 0 0 0 2 2 4 4 14 14 14 14 14 14 4 4 4 4 4 4 4 4 4 4 4 4 4 4
4 4 4 4 4 4 4 4 4 4 4 4 4 4 4 4 4 4 4 4 4 4 4 4 4 4 4 4 4 4 4 4 4 4 4 4 4 4 4 4 4 4 4 4 4 4 4 4 4 4 4 4 4 4 4 4 4 4 4 4 4 4 4 4
4 4 4 4 4 4 4 4 4 4 4 4 4 4 4 4 4 4 4 4 4 4 4 4 4 4 4 4 4 4 4 4 4 4 4 4 4 4 4 4 4 4 4 4 4 4 4 4 4 4 4 4 4 4 4 4 4 4 4 4 4 4 4 4
4 4 4 4 4 4 4 4 4 4 4 4 14 14 6 6 14 14 4 4 2 2 0 0 0 0 4 4 14 14 6 6 14 14 4 4 14 14 6 6 14 14 4 4 11 11 6 6 11 11 4 4 4 4 4 4 4 4 4 4 4 4 4 4
4 4 4 4 4 4 4 4 4 4 4 4 14 14 6 6 14 14 4 4 2 2 0 0 0 0 4 4 14 14 6 6 14 14 4 4 14 14 6 6 14 14 4 4 11 11 6 6 11 11 4 4 4 4 4 4 4 4 4 4 4 4 4 4
4 4 4 4 4 4 4 4 4 4 4 4 14 14 14 14 14 14 4 4 0 0 14 14 0 0 4 4 14 14 14 14 14 14 4 4 14 14 14 14 14 14 4 4 11 11 11 11 11 11 4 4 4 4 4 4 4 4 4 4 4 4 4 4
4 4 4 4 4 4 4 4 4 4 4 4 14 14 14 14 14 14 4 4 0 0 14 14 0 0 4 4 14 14 14 14 14 14 4 4 14 14 14 14 14 14 4 4 11 11 11 11 11 11 4 4 4 4 4 4 4 4 4 4 4 4 4 4
4 4 4 4 4 4 4 4 4 4 4 4 14 14 14 14 14 14 4 4 2 2 0 0 2 2 4 4 14 14 14 14 14 14 4 4 14 14 14 14 14 14 4 4 11 11 11 11 11 11 4 4 4 4 4 4 4 4 4 4 4 4 4 4
4 4 4 4 4 4 4 4 4 4 4 4 14 14 14 14 14 14 4 4 2 2 0 0 2 2 4 4 14 14 14 14 14 14 4 4 14 14 14 14 14 14 4 4 11 11 11 11 11 11 4 4 4 4 4 4 4 4 4 4 4 4 4 4
4 4 4 4 4 4 4 4 4 4 4 4 4 4 4 4 4 4 4 4 4 4 4 4 4 4 4 4 4 4 4 4 4 4 4 4 4 4 4 4 4 4 4 4 4 4 4 4 4 4 4 4 4 4 4 4 4 4 4 4 4 4 4 4
4 4 4 4 4 4 4 4 4 4 4 4 4 4 4 4 4 4 4 4 4 4 4 4 4 4 4 4 4 4 4 4 4 4 4 4 4 4 4 4 4 4 4 4 4 4 4 4 4 4 4 4 4 4 4 4 4 4 4 4 4 4 4 4
4 4 4 4 4 4 4 4 4 4 4 4 11 11 6 6 11 11 4 4 14 14 6 6 14 14 4 4 11 11 6 6 11 11 4 4 11 11 6 6 11 11 4 4 14 14 6 6 14 14 4 4 14 14 6 6 14 14 4 4 4 4 4 4
4 4 4 4 4 4 4 4 4 4 4 4 11 11 6 6 11 11 4 4 14 14 6 6 14 14 4 4 11 11 6 6 11 11 4 4 11 11 6 6 11 11 4 4 14 14 6 6 14 14 4 4 14 14 6 6 14 14 4 4 4 4 4 4
4 4 4 4 4 4 4 4 4 4 4 4 11 11 11 11 11 11 4 4 14 14 14 14 14 14 4 4 11 11 11 11 11 11 4 4 11 11 11 11 11 11 4 4 14 14 14 14 14 14 4 4 14 14 14 14 14 14 4 4 4 4 4 4
4 4 4 4 4 4 4 4 4 4 4 4 11 11 11 11 11 11 4 4 14 14 14 14 14 14 4 4 11 11 11 11 11 11 4 4 11 11 11 11 11 11 4 4 14 14 14 14 14 14 4 4 14 14 14 14 14 14 4 4 4 4 4 4
4 4 4 4 4 4 4 4 4 4 4 4 11 11 11 11 11 11 4 4 14 14 14 14 14 14 4 4 11 11 11 11 11 11 4 4 11 11 11 11 11 11 4 4 14 14 14 14 14 14 4 4 14 14 14 14 14 14 4 4 4 4 4 4
4 4 4 4 4 4 4 4 4 4 4 4 11 11 11 11 11 11 4 4 14 14 14 14 14 14 4 4 11 11 11 11 11 11 4 4 11 11 11 11 11 11 4 4 14 14 14 14 14 14 4 4 14 14 14 14 14 14 4 4 4 4 4 4
4 4 4 4 4 4 4 4 4 4 4 4 4 4 4 4 4 4 4 4 4 4 4 4 4 4 4 4 4 4 4 4 4 4 4 4 4 4 4 4 4 4 4 4 4 4 4 4 4 4 4 4 4 4 4 4 4 4 4 4 4 4 4 4
4 4 4 4 4 4 4 4 4 4 4 4 4 4 4 4 4 4 4 4 4 4 4 4 4 4 4 4 4 4 4 4 4 4 4 4 4 4 4 4 4 4 4 4 4 4 4 4 4 4 4 4 4 4 4 4 4 4 4 4 4 4 4 4
4 4 4 4 4 4 4 4 4 4 4 4 4 4 4 4 4 4 4 4 4 4 4 4 4 4 4 4 4 4 4 4 4 4 4 4 4 4 4 4 4 4 4 4 2 2 0 0 0 0 4 4 11 11 6 6 11 11 4 4 4 4 4 4
4 4 4 4 4 4 4 4 4 4 4 4 4 4 4 4 4 4 4 4 4 4 4 4 4 4 4 4 4 4 4 4 4 4 4 4 4 4 4 4 4 4 4 4 2 2 0 0 0 0 4 4 11 11 6 6 11 11 4 4 4 4 4 4
4 4 4 4 4 4 4 4 4 4 4 4 4 4 4 4 4 4 4 4 4 4 4 4 4 4 4 4 4 4 4 4 4 4 4 4 4 4 4 4 4 4 4 4 3 3 14 14 2 2 4 4 11 11 11 11 11 11 4 4 4 4 4 4
4 4 4 4 4 4 4 4 4 4 4 4 4 4 4 4 4 4 4 4 4 4 4 4 4 4 4 4 4 4 4 4 4 4 4 4 4 4 4 4 4 4 4 4 3 3 14 14 2 2 4 4 11 11 11 11 11 11 4 4 4 4 4 4
4 4 4 4 4 4 4 4 4 4 4 4 4 4 4 4 4 4 4 4 4 4 4 4 4 4 4 4 4 4 4 4 4 4 4 4 4 4 4 4 4 4 4 4 3 3 3 3 3 3 4 4 11 11 11 11 11 11 4 4 4 4 4 4
4 4 4 4 4 4 4 4 4 4 4 4 4 4 4 4 4 4 4 4 4 4 4 4 4 4 4 4 4 4 4 4 4 4 4 4 4 4 4 4 4 4 4 4 3 3 3 3 3 3 4 4 11 11 11 11 11 11 4 4 4 4 4 4
4 4 4 4 4 4 4 4 4 4 4 4 4 4 4 4 4 4 4 4 4 4 4 4 4 4 4 4 4 4 4 4 4 4 4 4 4 4 4 4 4 4 4 4 4 4 4 4 4 4 4 4 4 4 4 4 4 4 4 4 4 4 4 4
4 4 4 4 4 4 4 4 4 4 4 4 4 4 4 4 4 4 4 4 4 4 4 4 4 4 4 4 4 4 4 4 4 4 4 4 4 4 4 4 4 4 4 4 4 4 4 4 4 4 4 4 4 4 4 4 4 4 4 4 4 4 4 4
4 4 4 4 4 4 4 4 4 4 4 4 4 4 4 4 4 4 4 4 4 4 4 4 4 4 4 4 4 4 4 4 4 4 4 4 4 4 4 4 4 4 4 4 4 4 4 4 4 4 4 4 4 4 4 4 4 4 4 4 4 4 4 4
4 4 4 4 4 4 4 4 4 4 4 4 4 4 4 4 4 4 4 4 4 4 4 4 4 4 4 4 4 4 4 4 4 4 4 4 4 4 4 4 4 4 4 4 4 4 4 4 4 4 4 4 4 4 4 4 4 4 4 4 4 4 4 4
4 4 4 4 4 4 4 4 4 4 4 4 4 4 4 4 4 4 4 4 4 4 4 4 4 4 4 4 4 4 4 4 4 4 4 4 4 4 4 4 4 4 4 4 4 4 4 4 4 4 4 4 4 4 4 4 4 4 4 4 4 4 4 4
4 4 4 4 4 4 4 4 4 4 4 4 4 4 4 4 4 4 4 4 4 4 4 4 4 4 4 4 4 4 4 4 4 4 4 4 4 4 4 4 4 4 4 4 4 4 4 4 4 4 4 4 4 4 4 4 4 4 4 4 4 4 4 4
4 4 4 4 4 4 4 4 4 4 4 4 4 4 4 4 4 4 4 4 4 4 4 4 4 4 4 4 4 4 4 4 4 4 4 4 4 4 4 4 4 4 4 4 4 4 4 4 4 4 4 4 4 4 4 4 4 4 4 4 4 4 4 4
4 4 4 4 4 4 4 4 4 4 4 4 4 4 4 4 4 4 4 4 4 4 4 4 4 4 4 4 4 4 4 4 4 4 4 4 4 4 4 4 4 4 4 4 4 4 4 4 4 4 4 4 4 4 4 4 4 4 4 4 4 4 4 4
4 4 4 4 4 4 4 4 4 4 4 4 4 4 4 4 4 4 4 4 4 4 4 4 4 4 4 4 4 4 4 4 4 4 4 4 4 4 4 4 4 4 4 4 4 4 4 4 4 4 4 4 4 4 4 4 4 4 4 4 4 4 4 4
4 4 4 4 4 4 4 4 4 4 4 4 4 4 4 4 4 4 4 4 4 4 4 4 4 4 4 4 4 4 4 4 4 4 4 4 4 4 4 4 4 4 4 4 4 4 4 4 4 4 4 4 4 4 4 4 4 4 4 4 4 4 4 4
4 4 4 4 4 4 4 4 4 4 4 4 4 4 4 4 4 4 4 4 4 4 4 4 4 4 4 4 4 4 4 4 4 4 4 4 4 4 4 4 4 4 4 4 4 4 4 4 4 4 4 4 4 4 4 4 4 4 4 4 4 4 4 4
12 12 12 12 12 12 12 12 12 12 12 12 12 12 12 12 12 12 12 12 12 12 12 12 12 12 12 12 12 12 12 12 12 12 12 12 12 12 12 12 12 12 12 12 12 12 12 12 12 12 12 12 12 12 12 12 12 12 11 11 11 11 11 11
[LEVELS] 6/6
[STATE] WIN
[AVAILABLE] ACTION6
[DIFF] 32 cells: (52,38) 11>14; (53,38) 11>14; (56,38) 11>14; (57,38) 11>14; (52,39) 11>14; (53,39) 11>14; (56,39) 11>14; (57,39) 11>14; (52,40) 11>14; (53,40) 11>14; (54,40) 11>14; (55,40) 11>14; (56,40) 11>14; (57,40) 11>14; (52,41) 11>14; (53,41) 11>14; (54,41) 11>14; (55,41) 11>14; (56,41) 11>14; (57,41) 11>14; (52,42) 11>14; (53,42) 11>14; (54,42) 11>14; (55,42) 11>14; (56,42) 11>14; (57,42) 11>14; (52,43) 11>14; (53,43) 11>14; (54,43) 11>14; (55,43) 11>14; (56,43) 11>14; (57,43) 11>14

